orbit_abs_deg,orbit_signed_deg,world_spin_delta_deg,world_phase_deg,swing_joint_delta_deg,support_joint_delta_deg,center_x_over_R,center_y_over_R,centerline_gap_over_R
0.0,-0.0,0.0,30.0,0.0,-0.0,-1.7320508075688772,2.1211504774498136e-16,0.8660254037841228
0.01,-0.01,1.5989873814591758e-32,30.0,-0.01,-0.01,-1.7320507811882349,-0.0003022998925040418,0.865763591207867
0.02,-0.02,3.1979747629183515e-32,30.0,-0.02,-0.02,-1.7320507020463087,-0.0006045997758004837,0.8655017522584081
0.03,-0.03,4.7969621443775267e-32,30.0,-0.03,-0.03,-1.732050570143101,-0.0009068996406782247,0.8652398869442595
0.04,-0.04,6.395949525836703e-32,30.0,-0.04,-0.04,-1.732050385478616,-0.0012091994779309923,0.8649779952733961
0.05,-0.05,7.994936907295879e-32,30.0,-0.05,-0.05,-1.7320501480528592,-0.0015114992783502065,0.8647160772537957
0.06,-0.06,9.593924288755053e-32,30.0,-0.06,-0.06,-1.7320498578658376,-0.0018137990327249814,0.8644541328934388
0.07,-0.07,1.119291167021423e-31,30.0,-0.07,-0.07,-1.7320495149175605,-0.002116098731849048,0.8641921622003023
0.08,-0.08,1.2791899051673406e-31,30.0,-0.08,-0.08,-1.732049119208038,-0.0024183983665138297,0.8639301651823665
0.09,-0.09,1.439088643313258e-31,30.0,-0.09,-0.09,-1.7320486707372824,-0.0027206979275092155,0.863668141847614
0.1,-0.1,1.5989873814591758e-31,30.0,-0.1,-0.1,-1.7320481695053072,-0.003022997405626634,0.8634060922040259
0.11,-0.11,1.7588861196050933e-31,30.0,-0.11,-0.11,-1.7320476155121276,-0.0033252967916598247,0.8631440162595828
0.12,-0.12,1.9187848577510107e-31,30.0,-0.12,-0.12,-1.7320470087577606,-0.003627596076397913,0.8628819140222703
0.13,-0.13,2.0786835958969283e-31,30.0,-0.13,-0.13,-1.7320463492422247,-0.003929895250632337,0.8626197855000722
0.14,-0.14,2.238582334042846e-31,30.0,-0.14,-0.14,-1.73204563696554,-0.004232194305156076,0.8623576307009724
0.15,-0.15,2.3984810721887634e-31,30.0,-0.15,-0.15,-1.7320448719277282,-0.004534493230760573,0.862095449632956
0.16,-0.16,2.558379810334681e-31,30.0,-0.16,-0.16,-1.7320440541288122,-0.004836792018234969,0.8618332423040121
0.17,-0.17,2.718278548480599e-31,30.0,-0.17,-0.17,-1.7320431835688177,-0.0051390906583730234,0.8615710087221258
0.18,-0.18,2.878177286626516e-31,30.0,-0.18,-0.18,-1.7320422602477705,-0.0054413891419661945,0.8613087488952851
0.19,-0.19,3.0380760247724337e-31,30.0,-0.19,-0.19,-1.732041284165699,-0.005743687459804405,0.8610464628314801
0.2,-0.2,3.1979747629183515e-31,30.0,-0.2,-0.2,-1.732040255322633,-0.006045985602679121,0.8607841505387008
0.21,-0.21,3.357873501064269e-31,30.0,-0.21,-0.21,-1.7320391737186038,-0.006348283561384123,0.8605218120249355
0.22,-0.22,3.5177722392101867e-31,30.0,-0.22,-0.22,-1.7320380393536443,-0.00665058132670858,0.8602594472981774
0.23,-0.23,3.677670977356104e-31,30.0,-0.23,-0.23,-1.7320368522277891,-0.006952878889443976,0.8599970563664189
0.24,-0.24,3.8375697155020214e-31,30.0,-0.24,-0.24,-1.7320356123410743,-0.007255176240384108,0.8597346392376504
0.25,-0.25,3.997468453647939e-31,30.0,-0.25,-0.25,-1.732034319693538,-0.007557473370318164,0.8594721959198683
0.26,-0.26,4.1573671917938565e-31,30.0,-0.26,-0.26,-1.7320329742852187,-0.007859770270037649,0.8592097264210664
0.27,-0.27,4.317265929939775e-31,30.0,-0.27,-0.27,-1.7320315761161587,-0.00816206693033638,0.8589472307492385
0.28,-0.28,4.477164668085692e-31,30.0,-0.28,-0.28,-1.7320301251863994,-0.008464363342003563,0.8586847089123821
0.29,-0.29,4.6370634062316095e-31,30.0,-0.29,-0.29,-1.7320286214959855,-0.008766659495831495,0.858422160918494
0.3,-0.3,4.796962144377527e-31,30.0,-0.3,-0.3,-1.7320270650449627,-0.00906895538261171,0.8581595867755715
0.31,-0.31,4.956860882523444e-31,30.0,-0.31,-0.31,-1.7320254558333787,-0.009371250993135745,0.8578969864916131
0.32,-0.32,5.116759620669362e-31,30.0,-0.32,-0.32,-1.7320237938612824,-0.00967354631819515,0.857634360074618
0.33,-0.33,5.27665835881528e-31,30.0,-0.33,-0.33,-1.732022079128724,-0.009975841348581486,0.8573717075325865
0.34,-0.34,5.436557096961198e-31,30.0,-0.34,-0.34,-1.732020311635756,-0.010278136075086316,0.8571090288735193
0.35,-0.35,5.5964558351071145e-31,30.0,-0.35,-0.35,-1.7320184913824326,-0.01058043048850122,0.8568463241054182
0.36,-0.36,5.756354573253032e-31,30.0,-0.36,-0.36,-1.7320166183688088,-0.010882724579618547,0.8565835932362849
0.37,-0.37,5.91625331139895e-31,30.0,-0.37,-0.37,-1.7320146925949418,-0.011185018339227592,0.8563208362741243
0.38,-0.38,6.076152049544867e-31,30.0,-0.38,-0.38,-1.7320127140608903,-0.011487311758122261,0.8560580532269388
0.39,-0.39,6.236050787690786e-31,30.0,-0.39,-0.39,-1.7320106827667145,-0.011789604827093406,0.855795244102734
0.4,-0.4,6.395949525836703e-31,30.0,-0.4,-0.4,-1.7320085987124763,-0.012091897536932652,0.8555324089095154
0.41,-0.41,6.5558482639826195e-31,30.0,-0.41,-0.41,-1.7320064618982394,-0.012394189878431635,0.8552695476552892
0.42,-0.42,6.715747002128538e-31,30.0,-0.42,-0.42,-1.7320042723240685,-0.012696481842382005,0.855006660348063
0.43,-0.43,6.875645740274455e-31,30.0,-0.43,-0.43,-1.7320020299900305,-0.012998773419575423,0.8547437469958443
0.44,-0.44,7.035544478420373e-31,30.0,-0.44,-0.44,-1.7319997348961935,-0.01330106460080356,0.8544808076066422
0.45,-0.45,7.195443216566291e-31,30.0,-0.45,-0.45,-1.7319973870426277,-0.013603355376858098,0.8542178421884665
0.46,-0.46,7.355341954712208e-31,30.0,-0.46,-0.46,-1.7319949864294046,-0.013905645738531508,0.8539548507493266
0.47,-0.47,7.515240692858125e-31,30.0,-0.47,-0.47,-1.7319925330565975,-0.014207935676613185,0.8536918332972359
0.48,-0.48,7.675139431004043e-31,30.0,-0.48,-0.48,-1.7319900269242805,-0.014510225181897164,0.8534287898402041
0.49,-0.49,7.835038169149961e-31,30.0,-0.49,-0.49,-1.7319874680325307,-0.014812514245175178,0.8531657203862442
0.5,-0.5,7.994936907295878e-31,30.0,-0.5,-0.5,-1.7319848563814253,-0.015114802857236664,0.8529026249433713
0.51,-0.51,8.154835645441796e-31,30.0,-0.51,-0.51,-1.7319821919710443,-0.0154170910088757,0.8526395035195985
0.52,-0.52,8.314734383587713e-31,30.0,-0.52,-0.52,-1.731979474801469,-0.015719378690884054,0.8523763561229406
0.53,-0.53,8.474633121733632e-31,30.0,-0.53,-0.53,-1.7319767048727817,-0.016021665894051216,0.8521131827614149
0.54,-0.54,8.63453185987955e-31,30.0,-0.54,-0.54,-1.7319738821850672,-0.016323952609171296,0.8518499834430373
0.55,-0.55,8.794430598025467e-31,30.0,-0.55,-0.55,-1.7319710067384113,-0.016626238827036115,0.8515867581758245
0.56,-0.56,8.954329336171384e-31,30.0,-0.56,-0.56,-1.7319680785329017,-0.016928524538435966,0.8513235069677962
0.57,-0.57,9.1142280743173e-31,30.0,-0.57,-0.57,-1.7319650975686274,-0.017230809734162703,0.8510602298269719
0.58,-0.58,9.274126812463219e-31,30.0,-0.58,-0.58,-1.7319620638456792,-0.0175330944050105,0.850796926761369
0.59,-0.59,9.434025550609136e-31,30.0,-0.59,-0.59,-1.73195897736415,-0.01783537854176893,0.8505335977790106
0.6,-0.6,9.593924288755054e-31,30.0,-0.6,-0.6,-1.731955838124133,-0.018137662135229896,0.8502702428879176
0.61,-0.61,9.753823026900971e-31,30.0,-0.61,-0.61,-1.7319526461257244,-0.018439945176187616,0.8500068620961106
0.62,-0.62,9.913721765046888e-31,30.0,-0.62,-0.62,-1.7319494013690215,-0.018742227655431716,0.849743455411615
0.63,-0.63,1.0073620503192807e-30,30.0,-0.63,-0.63,-1.7319461038541228,-0.019044509563754915,0.8494800228424533
0.64,-0.64,1.0233519241338725e-30,30.0,-0.64,-0.64,-1.731942753581129,-0.01934679089194841,0.849216564396651
0.65,-0.65,1.0393417979484642e-30,30.0,-0.65,-0.65,-1.7319393505501417,-0.019649071630806494,0.8489530800822317
0.66,-0.66,1.055331671763056e-30,30.0,-0.66,-0.66,-1.7319358947612653,-0.019951351771118855,0.8486895699072234
0.67,-0.67,1.0713215455776477e-30,30.0,-0.67,-0.67,-1.7319323862146048,-0.020253631303677522,0.8484260338796533
0.68,-0.68,1.0873114193922396e-30,30.0,-0.68,-0.68,-1.7319288249102667,-0.02055591021927684,0.8481624720075467
0.69,-0.69,1.1033012932068312e-30,30.0,-0.69,-0.69,-1.7319252108483596,-0.020858188508706556,0.8478988842989346
0.7,-0.7,1.1192911670214229e-30,30.0,-0.7,-0.7,-1.731921544028994,-0.021160466162758747,0.8476352707618461
0.71,-0.71,1.1352810408360146e-30,30.0,-0.71,-0.71,-1.7319178244522813,-0.021462743172227818,0.8473716314043096
0.72,-0.72,1.1512709146506064e-30,30.0,-0.72,-0.72,-1.7319140521183347,-0.021765019527903575,0.8471079662343578
0.73,-0.73,1.1672607884651983e-30,30.0,-0.73,-0.73,-1.7319102270272693,-0.022067295220578927,0.8468442752600217
0.74,-0.74,1.18325066227979e-30,30.0,-0.74,-0.74,-1.7319063491792017,-0.02236957024104603,0.846580558489334
0.75,-0.75,1.1992405360943817e-30,30.0,-0.75,-0.75,-1.7319024185742495,-0.02267184458009705,0.8463168159303275
0.76,-0.76,1.2152304099089735e-30,30.0,-0.76,-0.76,-1.7318984352125333,-0.022974118228524198,0.8460530475910368
0.77,-0.77,1.2312202837235652e-30,30.0,-0.77,-0.77,-1.7318943990941738,-0.023276391177119684,0.8457892534794966
0.78,-0.78,1.2472101575381571e-30,30.0,-0.78,-0.78,-1.731890310219294,-0.02357866341667575,0.8455254336037423
0.79,-0.79,1.2632000313527489e-30,30.0,-0.79,-0.79,-1.7318861685880187,-0.023880934937984658,0.8452615879718107
0.8,-0.8,1.2791899051673406e-30,30.0,-0.8,-0.8,-1.731881974200474,-0.024183205731839456,0.8449977165917378
0.81,-0.81,1.2951797789819323e-30,30.0,-0.81,-0.81,-1.7318777270567873,-0.024485475789030146,0.8447338194715641
0.82,-0.82,1.3111696527965239e-30,30.0,-0.82,-0.82,-1.7318734271570888,-0.024787745100351363,0.8444698966193261
0.83,-0.83,1.3271595266111158e-30,30.0,-0.83,-0.83,-1.7318690745015086,-0.025090013656595453,0.8442059480430635
0.84,-0.84,1.3431494004257075e-30,30.0,-0.84,-0.84,-1.7318646690901796,-0.025392281448552486,0.8439419737508184
0.85,-0.85,1.3591392742402993e-30,30.0,-0.85,-0.85,-1.7318602109232362,-0.025694548467017162,0.84367797375063
0.86,-0.86,1.375129148054891e-30,30.0,-0.86,-0.86,-1.731855700000814,-0.025996814702781906,0.8434139480505403
0.87,-0.87,1.3911190218694828e-30,30.0,-0.87,-0.87,-1.7318511363230502,-0.026299080146636854,0.843149896658594
0.88,-0.88,1.4071088956840747e-30,30.0,-0.88,-0.88,-1.7318465198900843,-0.026601344789376775,0.8428858195828322
0.89,-0.89,1.4230987694986664e-30,30.0,-0.89,-0.89,-1.7318418507020568,-0.0269036086217934,0.8426217168313004
0.9,-0.9,1.4390886433132581e-30,30.0,-0.9,-0.9,-1.7318371287591097,-0.02720587163468001,0.8423575884120428
0.91,-0.91,1.4550785171278499e-30,30.0,-0.91,-0.91,-1.731832354061387,-0.02750813381882684,0.8420934343331069
0.92,-0.92,1.4710683909424416e-30,30.0,-0.92,-0.92,-1.7318275266090342,-0.027810395165028767,0.8418292546025375
0.93,-0.93,1.4870582647570335e-30,30.0,-0.93,-0.93,-1.731822646402198,-0.02811265566407839,0.841565049228382
0.94,-0.94,1.503048138571625e-30,30.0,-0.94,-0.94,-1.7318177134410275,-0.028414915306766007,0.8413008182186905
0.95,-0.95,1.5190380123862168e-30,30.0,-0.95,-0.95,-1.731812727725673,-0.02871717408388658,0.8410365615815099
0.96,-0.96,1.5350278862008085e-30,30.0,-0.96,-0.96,-1.7318076892562857,-0.029019431986232774,0.8407722793248898
0.97,-0.97,1.5510177600154003e-30,30.0,-0.97,-0.97,-1.7318025980330198,-0.029321689004594986,0.8405079714568832
0.98,-0.98,1.5670076338299922e-30,30.0,-0.98,-0.98,-1.7317974540560301,-0.029623945129768244,0.8402436379855388
0.99,-0.99,1.582997507644584e-30,30.0,-0.99,-0.99,-1.7317922573254734,-0.029926200352545295,0.8399792789189089
1.0,-1.0,1.5989873814591757e-30,30.0,-1.0,-1.0,-1.731787007841508,-0.030228454663717392,0.8397148942650479
1.01,-1.01,5.7034526363738084e-27,30.0,-1.01,-1.01,-1.7317817056042937,-0.030530708054077337,0.8394504840320091
1.02,-1.02,1.1405306285366158e-26,30.0,-1.02,-1.02,-1.7317763506139918,-0.03083296051442027,0.8391860482278448
1.03,-1.03,1.7107159934358506e-26,30.0,-1.03,-1.03,-1.731770942870766,-0.031135212035536743,0.8389215868606124
1.04,-1.04,2.2809013583350857e-26,30.0,-1.04,-1.04,-1.7317654823747806,-0.031437462608219655,0.838657099938368
1.05,-1.05,2.8510867232343203e-26,30.0,-1.05,-1.05,-1.731759969126202,-0.03173971222326424,0.838392587469166
1.06,-1.06,3.421272088133555e-26,30.0,-1.06,-1.06,-1.7317544031251981,-0.032041960871461134,0.8381280494610661
1.07,-1.07,3.9914574530327906e-26,30.0,-1.07,-1.07,-1.7317487843719388,-0.03234420854360408,0.8378634859221261
1.08,-1.08,4.5616428179320255e-26,30.0,-1.08,-1.08,-1.7317431128665948,-0.03264645523048609,0.8375988968604043
1.09,-1.09,5.1318281828312603e-26,30.0,-1.09,-1.09,-1.731737388609339,-0.03294870092290021,0.8373342822839616
1.1,-1.1,5.702013547730495e-26,30.0,-1.1,-1.1,-1.7317316116003458,-0.033250945611639514,0.8370696422008578
1.11,-1.11,6.27219891262973e-26,30.0,-1.11,-1.11,-1.7317257818397915,-0.03355318928749709,0.8368049766191548
1.12,-1.12,6.842384277528964e-26,30.0,-1.12,-1.12,-1.7317198993278533,-0.03385543194126607,0.8365402855469144
1.13,-1.13,7.412569642428188e-26,30.0,-1.13,-1.13,-1.7317139640647101,-0.03415767356373963,0.8362755689921998
1.14,-1.14,7.982755007327423e-26,30.0,-1.14,-1.14,-1.7317079760505436,-0.034459914145710174,0.8360108269630754
1.15,-1.15,8.552940372226657e-26,30.0,-1.15,-1.15,-1.7317019352855354,-0.03476215367797325,0.8357460594676034
1.16,-1.16,9.123125737125892e-26,30.0,-1.16,-1.16,-1.7316958417698698,-0.035064392151319804,0.8354812665138516
1.17,-1.17,9.693311102025127e-26,30.0,-1.17,-1.17,-1.7316896955037326,-0.03536662955654389,0.835216448109885
1.18,-1.18,1.0263496466924362e-25,30.0,-1.18,-1.18,-1.7316834964873107,-0.03566886588443884,0.8349516042637706
1.19,-1.19,1.0833681831823596e-25,30.0,-1.19,-1.19,-1.731677244720793,-0.03597110112579801,0.8346867349835758
1.2,-1.2,1.140386719672283e-25,30.0,-1.2,-1.2,-1.7316709402043702,-0.03627333527141477,0.8344218402773691
1.21,-1.21,1.1974052561622065e-25,30.0,-1.21,-1.21,-1.731664582938234,-0.03657556831208256,0.8341569201532197
1.22,-1.22,1.25442379265213e-25,30.0,-1.22,-1.22,-1.7316581729225782,-0.03687780023859483,0.8338919746191975
1.23,-1.23,1.3114423291420535e-25,30.0,-1.23,-1.23,-1.7316517101575981,-0.037180031041745054,0.8336270036833732
1.24,-1.24,1.368460865631977e-25,30.0,-1.24,-1.24,-1.7316451946434908,-0.03748226071232754,0.8333620073538176
1.25,-1.25,1.4254794021219005e-25,30.0,-1.25,-1.25,-1.7316386263804542,-0.03778448924113355,0.8330969856386049
1.26,-1.26,1.482497938611824e-25,30.0,-1.26,-1.26,-1.7316320053686889,-0.03808671661895896,0.8328319385458064
1.27,-1.27,1.5395164751017475e-25,30.0,-1.27,-1.27,-1.7316253316083963,-0.038388942836597405,0.8325668660834956
1.28,-1.28,1.596535011591671e-25,30.0,-1.28,-1.28,-1.7316186050997797,-0.038691167884840255,0.832301768259749
1.29,-1.29,1.6535535480815944e-25,30.0,-1.29,-1.29,-1.7316118258430442,-0.0389933917544835,0.8320366450826401
1.3,-1.3,1.710572084571518e-25,30.0,-1.3,-1.3,-1.7316049938383962,-0.03929561443632087,0.8317714965602451
1.31,-1.31,1.7675906210614414e-25,30.0,-1.31,-1.31,-1.7315981090860435,-0.03959783592114384,0.8315063227006425
1.32,-1.32,1.824609157551365e-25,30.0,-1.32,-1.32,-1.7315911715861965,-0.039900056199748526,0.8312411235119086
1.33,-1.33,1.8816276940412884e-25,30.0,-1.33,-1.33,-1.731584181339066,-0.040202275262928765,0.8309758990021213
1.34,-1.34,1.9386462305312119e-25,30.0,-1.34,-1.34,-1.731577138344865,-0.040504493101476906,0.8307106491793612
1.35,-1.35,1.9956647670211354e-25,30.0,-1.35,-1.35,-1.7315700426038083,-0.040806709706186856,0.8304453740517086
1.36,-1.36,2.0526833035110588e-25,30.0,-1.36,-1.36,-1.7315628941161119,-0.04110892506785489,0.8301800736272421
1.37,-1.37,2.109701840000983e-25,30.0,-1.37,-1.37,-1.7315556928819933,-0.04141113917727269,0.8299147479140448
1.38,-1.38,2.166720376490905e-25,30.0,-1.38,-1.38,-1.7315484389016724,-0.04171335202523428,0.8296493969201998
1.39,-1.39,2.2237389129808284e-25,30.0,-1.39,-1.39,-1.7315411321753695,-0.042015563602535284,0.8293840206537878
1.4,-1.4,2.280757449470752e-25,30.0,-1.4,-1.4,-1.7315337727033078,-0.0423177738999698,0.8291186191228932
1.41,-1.41,2.3377759859606754e-25,30.0,-1.41,-1.41,-1.7315263604857112,-0.042619982908329676,0.8288531923356027
1.42,-1.42,2.394794522450599e-25,30.0,-1.42,-1.42,-1.7315188955228056,-0.04292219061841139,0.8285877402999996
1.43,-1.43,2.4518130589405223e-25,30.0,-1.43,-1.43,-1.7315113778148181,-0.04322439702100919,0.82832226302417
1.44,-1.44,2.508831595430446e-25,30.0,-1.44,-1.44,-1.731503807361978,-0.0435266021069158,0.8280567605162019
1.45,-1.45,2.5658501319203693e-25,30.0,-1.45,-1.45,-1.7314961841645158,-0.04382880586692551,0.8277912327841833
1.46,-1.46,2.622868668410293e-25,30.0,-1.46,-1.46,-1.7314885082226636,-0.04413100829183499,0.8275256798362004
1.47,-1.47,2.6798872049002163e-25,30.0,-1.47,-1.47,-1.7314807795366556,-0.04443320937243632,0.8272601016803445
1.48,-1.48,2.7369057413901398e-25,30.0,-1.48,-1.48,-1.731472998106727,-0.04473540909952393,0.8269944983247055
1.49,-1.49,2.7939242778800633e-25,30.0,-1.49,-1.49,-1.7314651639331147,-0.045037607463894576,0.8267288697773725
1.5,-1.5,2.8509428143699867e-25,30.0,-1.5,-1.5,-1.7314572770160574,-0.04533980445634049,0.8264632160464384
1.51,-1.51,2.90796135085991e-25,30.0,-1.51,-1.51,-1.7314493373557955,-0.04564200006765621,0.8261975371399958
1.52,-1.52,2.9649798873498337e-25,30.0,-1.52,-1.52,-1.7314413449525707,-0.04594419428863865,0.8259318330661357
1.53,-1.53,3.021998423839757e-25,30.0,-1.53,-1.53,-1.7314332998066269,-0.04624638711008012,0.8256661038329542
1.54,-1.54,3.0790169603296807e-25,30.0,-1.54,-1.54,-1.7314252019182084,-0.04654857852277609,0.8254003494485446
1.55,-1.55,3.136035496819604e-25,30.0,-1.55,-1.55,-1.7314170512875624,-0.04685076851752128,0.8251345699210029
1.56,-1.56,3.1930540333095277e-25,30.0,-1.56,-1.56,-1.731408847914937,-0.047152957085110435,0.8248687652584249
1.57,-1.57,3.250072569799451e-25,30.0,-1.57,-1.57,-1.7314005918005821,-0.047455144216338396,0.8246029354689073
1.58,-1.58,3.3070911062893746e-25,30.0,-1.58,-1.58,-1.7313922829447492,-0.04775732990200076,0.8243370805605471
1.59,-1.59,3.364109642779298e-25,30.0,-1.59,-1.59,-1.7313839213476916,-0.04805951413289014,0.8240712005414451
1.6,-1.6,3.4211281792692216e-25,30.0,-1.6,-1.6,-1.731375507009664,-0.04836169689980377,0.8238052954196982
1.61,-1.61,3.478146715759145e-25,30.0,-1.61,-1.61,-1.7313670399309224,-0.04866387819353664,0.8235393652034063
1.62,-1.62,3.5351652522490686e-25,30.0,-1.62,-1.62,-1.731358520111725,-0.04896605800488147,0.823273409900672
1.63,-1.63,3.5921837887389907e-25,30.0,-1.63,-1.63,-1.731349947552331,-0.04926823632463565,0.823007429519595
1.64,-1.64,3.649202325228914e-25,30.0,-1.64,-1.64,-1.731341322253002,-0.049570413143593534,0.8227414240682784
1.65,-1.65,3.7062208617188377e-25,30.0,-1.65,-1.65,-1.7313326442140002,-0.049872588452550284,0.8224753935548245
1.66,-1.66,3.763239398208761e-25,30.0,-1.66,-1.66,-1.7313239134355907,-0.050174762242301114,0.8222093379873376
1.67,-1.67,3.8202579346986846e-25,30.0,-1.67,-1.67,-1.7313151299180387,-0.050476934503641296,0.821943257373922
1.68,-1.68,3.877276471188608e-25,30.0,-1.68,-1.68,-1.731306293661612,-0.05077910522736689,0.8216771517226824
1.69,-1.69,3.9342950076785316e-25,30.0,-1.69,-1.69,-1.7312974046665799,-0.051081274404270946,0.8214110210417267
1.7,-1.7,3.991313544168455e-25,30.0,-1.7,-1.7,-1.731288462933213,-0.05138344202515118,0.8211448653391601
1.71,-1.71,4.0483320806583786e-25,30.0,-1.71,-1.71,-1.731279468461784,-0.05168560808080303,0.8208786846230895
1.72,-1.72,4.105350617148302e-25,30.0,-1.72,-1.72,-1.7312704212525665,-0.05198777256201969,0.820612478901626
1.73,-1.73,4.162369153638226e-25,30.0,-1.73,-1.73,-1.7312613213058363,-0.05228993545959901,0.8203462481828758
1.74,-1.74,4.219387690128149e-25,30.0,-1.74,-1.74,-1.7312521686218707,-0.05259209676433658,0.8200799924749498
1.75,-1.75,4.2764062266180725e-25,30.0,-1.75,-1.75,-1.7312429632009485,-0.05289425646702573,0.8198137117859601
1.76,-1.76,4.333424763107996e-25,30.0,-1.76,-1.76,-1.7312337050433495,-0.053196414558464473,0.8195474061240154
1.77,-1.77,4.3904432995979195e-25,30.0,-1.77,-1.77,-1.7312243941493566,-0.05349857102944852,0.819281075497229
1.78,-1.78,4.447461836087843e-25,30.0,-1.78,-1.78,-1.7312150305192529,-0.05380072587077215,0.8190147199137144
1.79,-1.79,4.5044803725777665e-25,30.0,-1.79,-1.79,-1.7312056141533236,-0.05410287907323117,0.8187483393815853
1.8,-1.8,4.56149890906769e-25,30.0,-1.8,-1.8,-1.731196145051856,-0.0544050306276238,0.8184819339089549
1.81,-1.81,4.618517445557613e-25,30.0,-1.81,-1.81,-1.731186623215138,-0.05470718052474365,0.818215503503939
1.82,-1.82,4.675535982047537e-25,30.0,-1.82,-1.82,-1.7311770486434601,-0.05500932875538673,0.8179490481746546
1.83,-1.83,4.73255451853746e-25,30.0,-1.83,-1.83,-1.7311674213371138,-0.05531147531035137,0.8176825679292162
1.84,-1.84,4.789573055027384e-25,30.0,-1.84,-1.84,-1.7311577412963923,-0.05561362018043136,0.8174160627757431
1.85,-1.85,4.846591591517307e-25,30.0,-1.85,-1.85,-1.7311480085215902,-0.055915763356422815,0.8171495327223534
1.86,-1.86,4.903610128007231e-25,30.0,-1.86,-1.86,-1.7311382230130046,-0.056217904829124275,0.816882977777164
1.87,-1.87,4.960628664497154e-25,30.0,-1.87,-1.87,-1.7311283847709331,-0.05652004458932965,0.8166163979482972
1.88,-1.88,5.017647200987077e-25,30.0,-1.88,-1.88,-1.7311184937956756,-0.056822182627836025,0.8163497932438724
1.89,-1.89,5.074665737477e-25,30.0,-1.89,-1.89,-1.7311085500875332,-0.05712431893543897,0.8160831636720114
1.9,-1.9,5.131684273966924e-25,30.0,-1.9,-1.9,-1.7310985536468093,-0.05742645350293719,0.8158165092408344
1.91,-1.91,5.188702810456847e-25,30.0,-1.91,-1.91,-1.7310885044738078,-0.057728586321124827,0.8155498299584664
1.92,-1.92,5.245721346946771e-25,30.0,-1.92,-1.92,-1.731078402568835,-0.05803071738079841,0.8152831258330302
1.93,-1.93,5.302739883436694e-25,30.0,-1.93,-1.93,-1.7310682479321988,-0.05833284667275679,0.8150163968726489
1.94,-1.94,5.359758419926618e-25,30.0,-1.94,-1.94,-1.7310580405642084,-0.058634974187794286,0.8147496430854488
1.95,-1.95,5.416776956416541e-25,30.0,-1.95,-1.95,-1.7310477804651747,-0.05893709991670756,0.8144828644795562
1.96,-1.96,5.473795492906465e-25,30.0,-1.96,-1.96,-1.7310374676354103,-0.05923922385029564,0.8142160610630954
1.97,-1.97,5.530814029396388e-25,30.0,-1.97,-1.97,-1.7310271020752295,-0.059541345979353004,0.8139492328441958
1.98,-1.98,5.587832565886312e-25,30.0,-1.98,-1.98,-1.7310166837849477,-0.05984346629467727,0.8136823798309848
1.99,-1.99,5.644851102376235e-25,30.0,-1.99,-1.99,-1.7310062127648824,-0.0601455847870653,0.8134155020315911
2.0,-2.0,5.701869638866159e-25,30.0,-2.0,-2.0,-1.7309956890153528,-0.06044770144731405,0.8131485994541444
2.01,-2.01,1.2088834811845875e-23,30.0,-2.01,-2.01,-1.7309851125366793,-0.060749816266220516,0.812881672106775
2.02,-2.02,2.3607482659805643e-23,30.0,-2.02,-2.02,-1.7309744833291838,-0.06105192923458176,0.8126147199976136
2.03,-2.03,3.5126130507764905e-23,30.0,-2.03,-2.03,-1.7309638013931907,-0.0613540403431949,0.8123477431347924
2.04,-2.04,4.6644778355724673e-23,30.0,-2.04,-2.04,-1.730953066729025,-0.06165614958285709,0.8120807415264442
2.05,-2.05,5.816342620368392e-23,30.0,-2.05,-2.05,-1.7309422793370135,-0.06195825694436634,0.8118137151807011
2.06,-2.06,6.968207405164369e-23,30.0,-2.06,-2.06,-1.730931439217485,-0.062260362418517616,0.8115466641056996
2.07,-2.07,8.120072189960295e-23,30.0,-2.07,-2.07,-1.7309205463707702,-0.06256246599611058,0.8112795883095725
2.08,-2.08,9.271936974756272e-23,30.0,-2.08,-2.08,-1.7309096007972,-0.06286456766794261,0.8110124878004552
2.09,-2.09,1.0423801759552197e-22,30.0,-2.09,-2.09,-1.7308986024971085,-0.06316666742480888,0.8107453625864861
2.1,-2.1,1.1575666544348175e-22,30.0,-2.1,-2.1,-1.7308875514708304,-0.06346876525750918,0.8104782126758003
2.11,-2.11,1.2727531329144102e-22,30.0,-2.11,-2.11,-1.7308764477187026,-0.06377086115684111,0.8102110380765359
2.12,-2.12,1.3879396113940077e-22,30.0,-2.12,-2.12,-1.7308652912410631,-0.06407295511360077,0.8099438387968325
2.13,-2.13,1.5031260898736004e-22,30.0,-2.13,-2.13,-1.7308540820382519,-0.06437504711858583,0.8096766148448297
2.14,-2.14,1.618312568353198e-22,30.0,-2.14,-2.14,-1.7308428201106103,-0.06467713716259557,0.8094093662286662
2.15,-2.15,1.7334990468327905e-22,30.0,-2.15,-2.15,-1.7308315054584815,-0.06497922523642785,0.8091420929564828
2.16,-2.16,1.8486855253123883e-22,30.0,-2.16,-2.16,-1.73082013808221,-0.0652813113308782,0.8088747950364228
2.17,-2.17,1.963872003791981e-22,30.0,-2.17,-2.17,-1.7308087179821423,-0.06558339543674685,0.8086074724766272
2.18,-2.18,2.0790584822715785e-22,30.0,-2.18,-2.18,-1.7307972451586262,-0.0658854775448318,0.808340125285239
2.19,-2.19,2.194244960751171e-22,30.0,-2.19,-2.19,-1.7307857196120109,-0.0661875576459288,0.8080727534704034
2.2,-2.2,2.309431439230769e-22,30.0,-2.2,-2.2,-1.730774141342648,-0.06648963573083828,0.8078053570402639
2.21,-2.21,2.4246179177103616e-22,30.0,-2.21,-2.21,-1.7307625103508897,-0.06679171179035841,0.8075379360029652
2.22,-2.22,2.539804396189959e-22,30.0,-2.22,-2.22,-1.7307508266370906,-0.06709378581528588,0.807270490366655
2.23,-2.23,2.6549908746695515e-22,30.0,-2.23,-2.23,-1.7307390902016064,-0.067395857796419,0.8070030201394802
2.24,-2.24,2.7701773531491493e-22,30.0,-2.24,-2.24,-1.730727301044795,-0.06769792772455843,0.8067355253295863
2.25,-2.25,2.885363831628742e-22,30.0,-2.25,-2.25,-1.7307154591670149,-0.06799999559050028,0.8064680059451237
2.26,-2.26,3.0005503101083346e-22,30.0,-2.26,-2.26,-1.7307035645686275,-0.06830206138504305,0.8062004619942416
2.27,-2.27,3.1157367885879324e-22,30.0,-2.27,-2.27,-1.7306916172499947,-0.0686041250989876,0.8059328934850878
2.28,-2.28,3.230923267067525e-22,30.0,-2.28,-2.28,-1.7306796172114804,-0.06890618672313023,0.8056653004258149
2.29,-2.29,3.3461097455471223e-22,30.0,-2.29,-2.29,-1.7306675644534506,-0.0692082462482696,0.8053976828245741
2.3,-2.3,3.461296224026715e-22,30.0,-2.3,-2.3,-1.730655458976272,-0.06951030366520679,0.8051300406895157
2.31,-2.31,3.5764827025063128e-22,30.0,-2.31,-2.31,-1.7306433007803133,-0.06981235896473828,0.8048623740287943
2.32,-2.32,3.6916691809859054e-22,30.0,-2.32,-2.32,-1.7306310898659452,-0.0701144121376637,0.8045946828505632
2.33,-2.33,3.806855659465503e-22,30.0,-2.33,-2.33,-1.7306188262335396,-0.070416463174782,0.8043269671629766
2.34,-2.34,3.922042137945096e-22,30.0,-2.34,-2.34,-1.7306065098834698,-0.07071851206689217,0.8040592269741892
2.35,-2.35,4.037228616424693e-22,30.0,-2.35,-2.35,-1.7305941408161112,-0.07102055880479329,0.8037914622923573
2.36,-2.36,4.1524150949042858e-22,30.0,-2.36,-2.36,-1.7305817190318409,-0.07132260337928446,0.8035236731256375
2.37,-2.37,4.267601573383884e-22,30.0,-2.37,-2.37,-1.7305692445310366,-0.0716246457811649,0.8032558594821868
2.38,-2.38,4.382788051863477e-22,30.0,-2.38,-2.38,-1.7305567173140786,-0.07192668600123388,0.8029880213701636
2.39,-2.39,4.497974530343074e-22,30.0,-2.39,-2.39,-1.7305441373813484,-0.07222872403028992,0.802720158797727
2.4,-2.4,4.613161008822667e-22,30.0,-2.4,-2.4,-1.7305315047332297,-0.07253075985913478,0.8024522717730348
2.41,-2.41,4.728347487302265e-22,30.0,-2.41,-2.41,-1.7305188193701069,-0.07283279347856556,0.8021843603042494
2.42,-2.42,4.8435339657818575e-22,30.0,-2.42,-2.42,-1.7305060812923663,-0.07313482487938258,0.8019164243995309
2.43,-2.43,4.958720444261455e-22,30.0,-2.43,-2.43,-1.730493290500396,-0.07343685405238547,0.8016484640670414
2.44,-2.44,5.073906922741047e-22,30.0,-2.44,-2.44,-1.730480446994586,-0.07373888098837383,0.8013804793149434
2.45,-2.45,5.189093401220645e-22,30.0,-2.45,-2.45,-1.730467550775327,-0.07404090567814746,0.8011124701513996
2.46,-2.46,5.304279879700237e-22,30.0,-2.46,-2.46,-1.7304546018430125,-0.0743429281125061,0.800844436584575
2.47,-2.47,5.419466358179836e-22,30.0,-2.47,-2.47,-1.730441600198036,-0.07464494828224967,0.8005763786226334
2.48,-2.48,5.534652836659428e-22,30.0,-2.48,-2.48,-1.7304285458407944,-0.0749469661781781,0.8003082962737411
2.49,-2.49,5.649839315139026e-22,30.0,-2.49,-2.49,-1.7304154387716852,-0.07524898179109214,0.8000401895460636
2.5,-2.5,5.765025793618618e-22,30.0,-2.5,-2.5,-1.7304022789911073,-0.0755509951117896,0.7997720584477694
2.51,-2.51,5.880212272098211e-22,30.0,-2.51,-2.51,-1.730389066499462,-0.0758530061310729,0.7995039029870241
2.52,-2.52,5.995398750577808e-22,30.0,-2.52,-2.52,-1.7303758012971513,-0.07615501483974228,0.7992357231719972
2.53,-2.53,6.110585229057401e-22,30.0,-2.53,-2.53,-1.7303624833845797,-0.07645702122859571,0.7989675190108592
2.54,-2.54,6.225771707536999e-22,30.0,-2.54,-2.54,-1.7303491127621526,-0.07675902528843587,0.798699290511778
2.55,-2.55,6.340958186016592e-22,30.0,-2.55,-2.55,-1.7303356894302775,-0.07706102701006318,0.7984310376829247
2.56,-2.56,6.456144664496189e-22,30.0,-2.56,-2.56,-1.7303222133893632,-0.0773630263842766,0.7981627605324716
2.57,-2.57,6.571331142975782e-22,30.0,-2.57,-2.57,-1.7303086846398203,-0.07766502340187671,0.7978944590685915
2.58,-2.58,6.686517621455379e-22,30.0,-2.58,-2.58,-1.7302951031820608,-0.07796701805366647,0.7976261332994546
2.59,-2.59,6.801704099934972e-22,30.0,-2.59,-2.59,-1.7302814690164985,-0.07826901033044427,0.7973577832332372
2.6,-2.6,6.91689057841457e-22,30.0,-2.6,-2.6,-1.7302677821435488,-0.0785710002230109,0.7970894088781135
2.61,-2.61,7.032077056894163e-22,30.0,-2.61,-2.61,-1.7302540425636281,-0.07887298772216955,0.7968210102422565
2.62,-2.62,7.14726353537376e-22,30.0,-2.62,-2.62,-1.730240250277156,-0.07917497281871884,0.7965525873338444
2.63,-2.63,7.2624500138533525e-22,30.0,-2.63,-2.63,-1.7302264052845515,-0.07947695550345978,0.7962841401610534
2.64,-2.64,7.37763649233295e-22,30.0,-2.64,-2.64,-1.7302125075862367,-0.07977893576719497,0.7960156687320599
2.65,-2.65,7.492822970812542e-22,30.0,-2.65,-2.65,-1.7301985571826353,-0.08008091360072558,0.795747173055042
2.66,-2.66,7.608009449292141e-22,30.0,-2.66,-2.66,-1.7301845540741718,-0.0803828889948513,0.7954786531381793
2.67,-2.67,7.723195927771733e-22,30.0,-2.67,-2.67,-1.7301704982612733,-0.08068486194037344,0.7952101089896524
2.68,-2.68,7.838382406251331e-22,30.0,-2.68,-2.68,-1.7301563897443673,-0.08098683242809566,0.7949415406176387
2.69,-2.69,7.953568884730923e-22,30.0,-2.69,-2.69,-1.730142228523884,-0.08128880044881716,0.7946729480303218
2.7,-2.7,8.068755363210521e-22,30.0,-2.7,-2.7,-1.730128014600255,-0.0815907659933394,0.7944043312358834
2.71,-2.71,8.183941841690113e-22,30.0,-2.71,-2.71,-1.7301137479739126,-0.08189272905246633,0.7941356902425037
2.72,-2.72,8.2991283201697115e-22,30.0,-2.72,-2.72,-1.7300994286452918,-0.08219468961699732,0.7938670250583685
2.73,-2.73,8.414314798649304e-22,30.0,-2.73,-2.73,-1.7300850566148287,-0.08249664767773413,0.7935983356916614
2.74,-2.74,8.529501277128901e-22,30.0,-2.74,-2.74,-1.7300706318829613,-0.08279860322548087,0.7933296221505652
2.75,-2.75,8.644687755608495e-22,30.0,-2.75,-2.75,-1.7300561544501287,-0.08310055625103717,0.7930608844432677
2.76,-2.76,8.759874234088087e-22,30.0,-2.76,-2.76,-1.7300416243167722,-0.08340250674520577,0.7927921225779543
2.77,-2.77,8.875060712567684e-22,30.0,-2.77,-2.77,-1.730027041483334,-0.08370445469878873,0.7925233365628116
2.78,-2.78,8.990247191047278e-22,30.0,-2.78,-2.78,-1.730012405950259,-0.0840064001025882,0.7922545264060279
2.79,-2.79,9.105433669526875e-22,30.0,-2.79,-2.79,-1.7299977177179924,-0.0843083429474064,0.791985692115791
2.8,-2.8,9.220620148006467e-22,30.0,-2.8,-2.8,-1.7299829767869819,-0.0846102832240456,0.7917168337002906
2.81,-2.81,9.335806626486066e-22,30.0,-2.81,-2.81,-1.729968183157676,-0.0849122209233082,0.7914479511677159
2.82,-2.82,9.450993104965658e-22,30.0,-2.82,-2.82,-1.7299533368305262,-0.08521415603599664,0.7911790445262583
2.83,-2.83,9.566179583445255e-22,30.0,-2.83,-2.83,-1.7299384378059843,-0.08551608855291422,0.7909101137841082
2.84,-2.84,9.681366061924848e-22,30.0,-2.84,-2.84,-1.7299234860845045,-0.08581801846486124,0.7906411589494597
2.85,-2.85,9.796552540404446e-22,30.0,-2.85,-2.85,-1.7299084816665415,-0.08611994576264272,0.7903721800305035
2.86,-2.86,9.911739018884037e-22,30.0,-2.86,-2.86,-1.729893424552553,-0.0864218704370614,0.7901031770354333
2.87,-2.87,1.0026925497363637e-21,30.0,-2.87,-2.87,-1.7298783147429977,-0.08672379247891783,0.7898341499724454
2.88,-2.88,1.0142111975843228e-21,30.0,-2.88,-2.88,-1.7298631522383352,-0.08702571187901724,0.7895650988497328
2.89,-2.89,1.0257298454322826e-21,30.0,-2.89,-2.89,-1.7298479370390283,-0.08732762862816187,0.7892960236754922
2.9,-2.9,1.037248493280242e-21,30.0,-2.9,-2.9,-1.7298326691455397,-0.08762954271715483,0.7890269244579194
2.91,-2.91,1.0487671411282017e-21,30.0,-2.91,-2.91,-1.7298173485583348,-0.08793145413679927,0.7887578012052122
2.92,-2.92,1.0602857889761608e-21,30.0,-2.92,-2.92,-1.7298019752778804,-0.08823336287789844,0.7884886539255686
2.93,-2.93,1.0718044368241207e-21,30.0,-2.93,-2.93,-1.7297865493046447,-0.08853526893125646,0.7882194826271864
2.94,-2.94,1.08332308467208e-21,30.0,-2.94,-2.94,-1.7297710706390976,-0.08883717228767445,0.7879502873182672
2.95,-2.95,1.0948417325200396e-21,30.0,-2.95,-2.95,-1.7297555392817106,-0.08913907293795817,0.7876810680070087
2.96,-2.96,1.106360380367999e-21,30.0,-2.96,-2.96,-1.7297399552329566,-0.08944097087291122,0.7874118247016125
2.97,-2.97,1.1178790282159587e-21,30.0,-2.97,-2.97,-1.7297243184933107,-0.08974286608333498,0.7871425574102817
2.98,-2.98,1.1293976760639179e-21,30.0,-2.98,-2.98,-1.729708629063249,-0.09004475856003548,0.7868732661412168
2.99,-2.99,1.1409163239118778e-21,30.0,-2.99,-2.99,-1.7296928869432495,-0.09034664829381656,0.7866039509026209
3.0,-3.0,1.152434971759837e-21,30.0,-3.0,-3.0,-1.7296770921337916,-0.09064853527547982,0.7863346117026997
3.01,-3.01,3.952012620099627e-21,30.0,-3.01,-3.01,-1.729661244635357,-0.09095041949583156,0.7860652485496561
3.02,-3.02,6.75159026843954e-21,30.0,-3.02,-3.02,-1.7296453444484274,-0.09125230094567587,0.7857958614516949
3.03,-3.03,9.551167916779331e-21,30.0,-3.03,-3.03,-1.7296293915734882,-0.09155417961581534,0.7855264504170237
3.04,-3.04,1.2350745565119243e-20,30.0,-3.04,-3.04,-1.7296133860110245,-0.09185605549705428,0.7852570154538493
3.05,-3.05,1.5150323213459036e-20,30.0,-3.05,-3.05,-1.7295973277615246,-0.0921579285801993,0.7849875565703771
3.06,-3.06,1.794990086179895e-20,30.0,-3.06,-3.06,-1.729581216825477,-0.09245979885605252,0.7847180737748171
3.07,-3.07,2.0749478510138737e-20,30.0,-3.07,-3.07,-1.729565053203373,-0.09276166631541843,0.7844485670753781
3.08,-3.08,2.354905615847865e-20,30.0,-3.08,-3.08,-1.7295488368957046,-0.09306353094910395,0.7841790364802683
3.09,-3.09,2.6348633806818442e-20,30.0,-3.09,-3.09,-1.729532567902966,-0.09336539274791145,0.7839094819976997
3.1,-3.1,2.914821145515836e-20,30.0,-3.1,-3.1,-1.7295162462256528,-0.09366725170264643,0.7836399036358827
3.11,-3.11,3.1947789103498147e-20,30.0,-3.11,-3.11,-1.7294998718642618,-0.09396910780411377,0.7833703014030291
3.12,-3.12,3.474736675183806e-20,30.0,-3.12,-3.12,-1.7294834448192924,-0.09427096104311843,0.7831006753073518
3.13,-3.13,3.754694440017785e-20,30.0,-3.13,-3.13,-1.7294669650912446,-0.09457281141046538,0.7828310253570638
3.14,-3.14,4.034652204851776e-20,30.0,-3.14,-3.14,-1.7294504326806204,-0.09487465889695898,0.7825613515603798
3.15,-3.15,4.314609969685755e-20,30.0,-3.15,-3.15,-1.7294338475879236,-0.09517650349340676,0.7822916539255126
3.16,-3.16,4.5945677345197464e-20,30.0,-3.16,-3.16,-1.7294172098136593,-0.0954783451906117,0.7820219324606794
3.17,-3.17,4.874525499353726e-20,30.0,-3.17,-3.17,-1.7294005193583342,-0.09578018397937914,0.7817521871740968
3.18,-3.18,5.154483264187717e-20,30.0,-3.18,-3.18,-1.7293837762224569,-0.09608201985051688,0.7814824180739794
3.19,-3.19,5.434441029021695e-20,30.0,-3.19,-3.19,-1.7293669804065372,-0.09638385279482815,0.7812126251685471
3.2,-3.2,5.714398793855687e-20,30.0,-3.2,-3.2,-1.729350131911087,-0.0966856828031194,0.780942808466017
3.21,-3.21,5.994356558689666e-20,30.0,-3.21,-3.21,-1.7293332307366196,-0.09698750986619632,0.7806729679746094
3.22,-3.22,6.274314323523657e-20,30.0,-3.22,-3.22,-1.7293162768836494,-0.09728933397486475,0.7804031037025427
3.23,-3.23,6.554272088357636e-20,30.0,-3.23,-3.23,-1.7292992703526933,-0.09759115511993059,0.7801332156580382
3.24,-3.24,6.834229853191628e-20,30.0,-3.24,-3.24,-1.729282211144269,-0.09789297329219986,0.7798633038493172
3.25,-3.25,7.114187618025607e-20,30.0,-3.25,-3.25,-1.7292650992588963,-0.09819478848247863,0.7795933682846014
3.26,-3.26,7.394145382859585e-20,30.0,-3.26,-3.26,-1.7292479346970968,-0.09849660068157312,0.7793234089721137
3.27,-3.27,7.674103147693577e-20,30.0,-3.27,-3.27,-1.7292307174593926,-0.09879840988029034,0.7790534259200766
3.28,-3.28,7.954060912527556e-20,30.0,-3.28,-3.28,-1.7292134475463088,-0.09910021606943435,0.7787834191367168
3.29,-3.29,8.234018677361547e-20,30.0,-3.29,-3.29,-1.7291961249583712,-0.09940201923981394,0.7785133886302564
3.3,-3.3,8.513976442195526e-20,30.0,-3.3,-3.3,-1.7291787496961077,-0.09970381938223563,0.7782433344089218
3.31,-3.31,8.793934207029518e-20,30.0,-3.31,-3.31,-1.7291613217600472,-0.10000561648750378,0.7779732564809408
3.32,-3.32,9.073891971863496e-20,30.0,-3.32,-3.32,-1.7291438411507212,-0.10030741054642742,0.7777031548545387
3.33,-3.33,9.353849736697488e-20,30.0,-3.33,-3.33,-1.7291263078686614,-0.10060920154981337,0.777433029537943
3.34,-3.34,9.633807501531467e-20,30.0,-3.34,-3.34,-1.7291087219144026,-0.10091098948846626,0.7771628805393844
3.35,-3.35,9.913765266365458e-20,30.0,-3.35,-3.35,-1.7290910832884798,-0.1012127743531954,0.7768927078670897
3.36,-3.36,1.0193723031199437e-19,30.0,-3.36,-3.36,-1.729073391991431,-0.1015145561348079,0.7766225115292896
3.37,-3.37,1.0473680796033429e-19,30.0,-3.37,-3.37,-1.7290556480237946,-0.10181633482410943,0.7763522915342156
3.38,-3.38,1.0753638560867408e-19,30.0,-3.38,-3.38,-1.7290378513861115,-0.10211811041190726,0.7760820478900992
3.39,-3.39,1.1033596325701398e-19,30.0,-3.39,-3.39,-1.7290200020789237,-0.10241988288901034,0.775811780605171
3.4,-3.4,1.1313554090535377e-19,30.0,-3.4,-3.4,-1.7290021001027744,-0.10272165224622617,0.7755414896876639
3.41,-3.41,1.159351185536937e-19,30.0,-3.41,-3.41,-1.72898414545821,-0.10302341847435999,0.7752711751458135
3.42,-3.42,1.187346962020335e-19,30.0,-3.42,-3.42,-1.7289661381457766,-0.1033251815642218,0.7750008369878522
3.43,-3.43,1.215342738503734e-19,30.0,-3.43,-3.43,-1.7289480781660227,-0.10362694150661936,0.7747304752220142
3.44,-3.44,1.2433385149871319e-19,30.0,-3.44,-3.44,-1.7289299655194987,-0.10392869829235823,0.7744600898565381
3.45,-3.45,1.271334291470531e-19,30.0,-3.45,-3.45,-1.7289118002067567,-0.10423045191224871,0.774189680899658
3.46,-3.46,1.2993300679539288e-19,30.0,-3.46,-3.46,-1.7288935822283493,-0.1045322023570988,0.7739192483596107
3.47,-3.47,1.3273258444373281e-19,30.0,-3.47,-3.47,-1.728875311584832,-0.10483394961771518,0.7736487922446361
3.48,-3.48,1.355321620920726e-19,30.0,-3.48,-3.48,-1.7288569882767613,-0.10513569368490606,0.7733783125629721
3.49,-3.49,1.383317397404125e-19,30.0,-3.49,-3.49,-1.7288386123046948,-0.10543743454948212,0.773107809322856
3.5,-3.5,1.411313173887523e-19,30.0,-3.5,-3.5,-1.728820183669193,-0.10573917220224949,0.7728372825325304
3.51,-3.51,1.4393089503709209e-19,30.0,-3.51,-3.51,-1.7288017023708173,-0.10604090663401673,0.7725667322002356
3.52,-3.52,1.46730472685432e-19,30.0,-3.52,-3.52,-1.7287831684101298,-0.10634263783559476,0.7722961583342108
3.53,-3.53,1.4953005033377178e-19,30.0,-3.53,-3.53,-1.7287645817876958,-0.10664436579779005,0.7720255609427007
3.54,-3.54,1.5232962798211171e-19,30.0,-3.54,-3.54,-1.7287459425040814,-0.10694609051141142,0.7717549400339477
3.55,-3.55,1.551292056304515e-19,30.0,-3.55,-3.55,-1.728727250559854,-0.10724781196727011,0.7714842956161937
3.56,-3.56,1.579287832787914e-19,30.0,-3.56,-3.56,-1.7287085059555838,-0.10754953015617288,0.7712136276976851
3.57,-3.57,1.607283609271312e-19,30.0,-3.57,-3.57,-1.728689708691841,-0.10785124506892961,0.7709429362866655
3.58,-3.58,1.635279385754711e-19,30.0,-3.58,-3.58,-1.7286708587691981,-0.10815295669634956,0.7706722213913814
3.59,-3.59,1.663275162238109e-19,30.0,-3.59,-3.59,-1.72865195618823,-0.10845466502924204,0.770401483020079
3.6,-3.6,1.6912709387215083e-19,30.0,-3.6,-3.6,-1.7286330009495123,-0.10875637005841654,0.7701307211810053
3.61,-3.61,1.7192667152049061e-19,30.0,-3.61,-3.61,-1.7286139930536222,-0.10905807177468328,0.7698599358824081
3.62,-3.62,1.7472624916883052e-19,30.0,-3.62,-3.62,-1.7285949325011387,-0.1093597701688497,0.7695891271325372
3.63,-3.63,1.775258268171703e-19,30.0,-3.63,-3.63,-1.7285758192926426,-0.10966146523172776,0.7693182949396403
3.64,-3.64,1.8032540446551022e-19,30.0,-3.64,-3.64,-1.728556653428716,-0.10996315695412658,0.7690474393119682
3.65,-3.65,1.8312498211385e-19,30.0,-3.65,-3.65,-1.7285374349099425,-0.1102648453268561,0.7687765602577713
3.66,-3.66,1.8592455976218994e-19,30.0,-3.66,-3.66,-1.7285181637369083,-0.11056653034072637,0.7685056577853016
3.67,-3.67,1.8872413741052972e-19,30.0,-3.67,-3.67,-1.7284988399101995,-0.1108682119865475,0.7682347319028107
3.68,-3.68,1.9152371505886963e-19,30.0,-3.68,-3.68,-1.7284794634304053,-0.1111698902551298,0.7679637826185514
3.69,-3.69,1.9432329270720942e-19,30.0,-3.69,-3.69,-1.7284600342981158,-0.11147156513728358,0.7676928099407778
3.7,-3.7,1.9712287035554933e-19,30.0,-3.7,-3.7,-1.728440552513923,-0.11177323662381933,0.7674218138777441
3.71,-3.71,1.9992244800388912e-19,30.0,-3.71,-3.71,-1.7284210180784199,-0.11207490470554836,0.7671507944377043
3.72,-3.72,2.0272202565222905e-19,30.0,-3.72,-3.72,-1.728401430992202,-0.11237656937327901,0.7668797516289164
3.73,-3.73,2.0552160330056884e-19,30.0,-3.73,-3.73,-1.728381791255866,-0.11267823061782441,0.766608685459635
3.74,-3.74,2.0832118094890874e-19,30.0,-3.74,-3.74,-1.7283620988700097,-0.11297988842999536,0.7663375959381166
3.75,-3.75,2.1112075859724853e-19,30.0,-3.75,-3.75,-1.7283423538352334,-0.11328154280060058,0.7660664830726218
3.76,-3.76,2.1392033624558832e-19,30.0,-3.76,-3.76,-1.7283225561521383,-0.11358319372045347,0.7657953468714067
3.77,-3.77,2.1671991389392823e-19,30.0,-3.77,-3.77,-1.7283027058213276,-0.11388484118036518,0.7655241873427306
3.78,-3.78,2.1951949154226804e-19,30.0,-3.78,-3.78,-1.728282802843406,-0.11418648517114474,0.765253004494856
3.79,-3.79,2.223190691906079e-19,30.0,-3.79,-3.79,-1.7282628472189798,-0.1144881256836058,0.7649817983360411
3.8,-3.8,2.251186468389477e-19,30.0,-3.8,-3.8,-1.7282428389486566,-0.11478976270855991,0.7647105688745471
3.81,-3.81,2.2791822448728764e-19,30.0,-3.81,-3.81,-1.7282227780330461,-0.11509139623681712,0.7644393161186379
3.82,-3.82,2.3071780213562743e-19,30.0,-3.82,-3.82,-1.7282026644727595,-0.11539302625918917,0.7641680400765763
3.83,-3.83,2.3351737978396736e-19,30.0,-3.83,-3.83,-1.7281824982684095,-0.11569465276649014,0.7638967407566241
3.84,-3.84,2.3631695743230715e-19,30.0,-3.84,-3.84,-1.72816227942061,-0.11599627574952973,0.7636254181670467
3.85,-3.85,2.3911653508064703e-19,30.0,-3.85,-3.85,-1.7281420079299774,-0.11629789519911991,0.7633540723161099
3.86,-3.86,2.419161127289868e-19,30.0,-3.86,-3.86,-1.728121683797129,-0.11659951110607517,0.7630827032120769
3.87,-3.87,2.4471569037732675e-19,30.0,-3.87,-3.87,-1.7281013070226836,-0.11690112346120543,0.7628113108632161
3.88,-3.88,2.4751526802566654e-19,30.0,-3.88,-3.88,-1.7280808776072627,-0.1172027322553231,0.7625398952777951
3.89,-3.89,2.5031484567400647e-19,30.0,-3.89,-3.89,-1.7280603955514877,-0.11750433747924213,0.7622684564640796
3.9,-3.9,2.5311442332234626e-19,30.0,-3.9,-3.9,-1.728039860855983,-0.11780593912377516,0.7619969944303385
3.91,-3.91,2.5591400097068615e-19,30.0,-3.91,-3.91,-1.728019273521374,-0.11810753717973327,0.7617255091848423
3.92,-3.92,2.5871357861902593e-19,30.0,-3.92,-3.92,-1.7279986335482882,-0.11840913163792932,0.7614540007358609
3.93,-3.93,2.6151315626736587e-19,30.0,-3.93,-3.93,-1.7279779409373537,-0.11871072248917851,0.7611824690916629
3.94,-3.94,2.6431273391570565e-19,30.0,-3.94,-3.94,-1.7279571956892015,-0.11901230972429153,0.7609109142605218
3.95,-3.95,2.671123115640456e-19,30.0,-3.95,-3.95,-1.7279363978044628,-0.1193138933340815,0.7606393362507093
3.96,-3.96,2.6991188921238537e-19,30.0,-3.96,-3.96,-1.7279155472837717,-0.119615473309364,0.7603677350704964
3.97,-3.97,2.7271146686072526e-19,30.0,-3.97,-3.97,-1.7278946441277632,-0.11991704964095008,0.7600961107281585
3.98,-3.98,2.7551104450906504e-19,30.0,-3.98,-3.98,-1.7278736883370742,-0.12021862231965315,0.75982446323197
3.99,-3.99,2.78310622157405e-19,30.0,-3.99,-3.99,-1.7278526799123424,-0.12052019133628912,0.7595527925902029
4.0,-4.0,2.8111019980574476e-19,30.0,-4.0,-4.0,-1.7278316188542084,-0.12082175668166936,0.7592810988111356
4.01,-4.01,4.9412964569873815e-19,30.0,-4.01,-4.01,-1.7278105051633137,-0.12112331834660844,0.7590093819030435
4.02,-4.02,7.071490915917315e-19,30.0,-4.02,-4.02,-1.7277893388403016,-0.12142487632192024,0.7587376418742036
4.03,-4.03,9.201685374847438e-19,30.0,-4.03,-4.03,-1.7277681198858161,-0.1217264305984188,0.7584658787328932
4.04,-4.04,1.1331879833777371e-18,30.0,-4.04,-4.04,-1.7277468483005043,-0.12202798116691826,0.7581940924873911
4.05,-4.05,1.3462074292707305e-18,30.0,-4.05,-4.05,-1.7277255240850138,-0.12232952801823362,0.7579222831459755
4.06,-4.06,1.5592268751637238e-18,30.0,-4.06,-4.06,-1.7277041472399945,-0.12263107114317691,0.7576504507169286
4.07,-4.07,1.772246321056736e-18,30.0,-4.07,-4.07,-1.7276827177660974,-0.12293261053256495,0.7573785952085283
4.08,-4.08,1.9852657669497296e-18,30.0,-4.08,-4.08,-1.727661235663975,-0.1232341461772123,0.757106716629056
4.09,-4.09,2.1982852128427227e-18,30.0,-4.09,-4.09,-1.727639700934282,-0.12353567806793138,0.7568348149867956
4.1,-4.1,2.4113046587357162e-18,30.0,-4.1,-4.1,-1.7276181135776747,-0.12383720619553926,0.756562890290028
4.11,-4.11,2.6243241046287286e-18,30.0,-4.11,-4.11,-1.72759647359481,-0.12413873055085091,0.756290942547036
4.12,-4.12,2.8373435505217218e-18,30.0,-4.12,-4.12,-1.7275747809863475,-0.12444025112467903,0.7560189717661059
4.13,-4.13,3.0503629964147153e-18,30.0,-4.13,-4.13,-1.7275530357529478,-0.12474176790784114,0.7557469779555204
4.14,-4.14,3.2633824423077085e-18,30.0,-4.14,-4.14,-1.7275312378952736,-0.12504328089115171,0.7554749611235656
4.15,-4.15,3.476401888200721e-18,30.0,-4.15,-4.15,-1.7275093874139886,-0.12534479006542687,0.7552029212785267
4.16,-4.16,3.689421334093715e-18,30.0,-4.16,-4.16,-1.7274874843097585,-0.12564629542147987,0.7549308584286926
4.17,-4.17,3.902440779986708e-18,30.0,-4.17,-4.17,-1.7274655285832505,-0.1259477969501286,0.7546587725823489
4.18,-4.18,4.115460225879701e-18,30.0,-4.18,-4.18,-1.7274435202351333,-0.12624929464218884,0.754386663747784
4.19,-4.19,4.328479671772714e-18,30.0,-4.19,-4.19,-1.7274214592660777,-0.1265507884884741,0.7541145319332883
4.2,-4.2,4.5414991176657074e-18,30.0,-4.2,-4.2,-1.7273993456767551,-0.12685227847980268,0.7538423771471497
4.21,-4.21,4.7545185635587e-18,30.0,-4.21,-4.21,-1.7273771794678396,-0.12715376460699065,0.7535701993976586
4.22,-4.22,4.967538009451694e-18,30.0,-4.22,-4.22,-1.7273549606400067,-0.12745524686085194,0.7532979986931081
4.23,-4.23,5.180557455344706e-18,30.0,-4.23,-4.23,-1.7273326891939325,-0.12775672523220513,0.7530257750417875
4.24,-4.24,5.393576901237699e-18,30.0,-4.24,-4.24,-1.7273103651302957,-0.12805819971186672,0.7527535284519895
4.25,-4.25,5.606596347130693e-18,30.0,-4.25,-4.25,-1.7272879884497763,-0.12835967029065173,0.7524812589320083
4.26,-4.26,5.819615793023686e-18,30.0,-4.26,-4.26,-1.7272655591530564,-0.1286611369593768,0.7522089664901382
4.27,-4.27,6.03263523891668e-18,30.0,-4.27,-4.27,-1.7272430772408183,-0.12896259970886106,0.7519366511346712
4.28,-4.28,6.245654684809692e-18,30.0,-4.28,-4.28,-1.727220542713748,-0.12926405852991915,0.7516643128739046
4.29,-4.29,6.458674130702685e-18,30.0,-4.29,-4.29,-1.7271979555725308,-0.12956551341336806,0.7513919517161345
4.3,-4.3,6.671693576595678e-18,30.0,-4.3,-4.3,-1.7271753158178553,-0.1298669643500273,0.7511195676696552
4.31,-4.31,6.884713022488672e-18,30.0,-4.31,-4.31,-1.7271526234504113,-0.1301684113307118,0.7508471607427664
4.32,-4.32,7.097732468381684e-18,30.0,-4.32,-4.32,-1.7271298784708897,-0.13046985434623898,0.7505747309437657
4.33,-4.33,7.310751914274676e-18,30.0,-4.33,-4.33,-1.7271070808799838,-0.13077129338742868,0.7503022782809501
4.34,-4.34,7.52377136016767e-18,30.0,-4.34,-4.34,-1.7270842306783876,-0.1310727284450962,0.7500298027626207
4.35,-4.35,7.736790806060664e-18,30.0,-4.35,-4.35,-1.7270613278667972,-0.13137415951006015,0.7497573043970768
4.36,-4.36,7.949810251953676e-18,30.0,-4.36,-4.36,-1.7270383724459106,-0.13167558657313833,0.7494847831926198
4.37,-4.37,8.162829697846669e-18,30.0,-4.37,-4.37,-1.7270153644164268,-0.13197700962514874,0.7492122391575505
4.38,-4.38,8.375849143739662e-18,30.0,-4.38,-4.38,-1.7269923037790467,-0.1322784286569096,0.7489396723001714
4.39,-4.39,8.588868589632656e-18,30.0,-4.39,-4.39,-1.7269691905344726,-0.13257984365923833,0.7486670826287859
4.4,-4.4,8.801888035525669e-18,30.0,-4.4,-4.4,-1.7269460246834087,-0.1328812546229556,0.7483944701516957
4.41,-4.41,9.014907481418662e-18,30.0,-4.41,-4.41,-1.726922806226561,-0.13318266153887764,0.748121834877207
4.42,-4.42,9.227926927311654e-18,30.0,-4.42,-4.42,-1.7268995351646363,-0.13348406439782304,0.7478491768136247
4.43,-4.43,9.440946373204649e-18,30.0,-4.43,-4.43,-1.7268762114983438,-0.13378546319061285,0.7475764959692526
4.44,-4.44,9.65396581909766e-18,30.0,-4.44,-4.44,-1.7268528352283938,-0.13408685790806366,0.7473037923523987
4.45,-4.45,9.866985264990654e-18,30.0,-4.45,-4.45,-1.7268294063554985,-0.13438824854099518,0.7470310659713697
4.46,-4.46,1.0080004710883647e-17,30.0,-4.46,-4.46,-1.7268059248803713,-0.1346896350802266,0.746758316834473
4.47,-4.47,1.0293024156776641e-17,30.0,-4.47,-4.47,-1.726782390803728,-0.13499101751657708,0.7464855449500176
4.48,-4.48,1.0506043602669653e-17,30.0,-4.48,-4.48,-1.7267588041262851,-0.13529239584086605,0.7462127503263117
4.49,-4.49,1.0719063048562647e-17,30.0,-4.49,-4.49,-1.7267351648487612,-0.135593770043913,0.7459399329716659
4.5,-4.5,1.093208249445564e-17,30.0,-4.5,-4.5,-1.7267114729718762,-0.13589514011653747,0.7456670928943903
4.51,-4.51,1.1145101940348632e-17,30.0,-4.51,-4.51,-1.726687728496352,-0.13619650604955927,0.745394230102796
4.52,-4.52,1.1358121386241627e-17,30.0,-4.52,-4.52,-1.726663931422912,-0.13649786783379905,0.7451213446051946
4.53,-4.53,1.1571140832134638e-17,30.0,-4.53,-4.53,-1.726640081752281,-0.13679922546007445,0.7448484364099003
4.54,-4.54,1.1784160278027632e-17,30.0,-4.54,-4.54,-1.7266161794851853,-0.13710057891920793,0.7445755055252247
4.55,-4.55,1.1997179723920625e-17,30.0,-4.55,-4.55,-1.7265922246223533,-0.1374019282020197,0.7443025519594814
4.56,-4.56,1.221019916981362e-17,30.0,-4.56,-4.56,-1.7265682171645145,-0.1377032732993279,0.7440295757209873
4.57,-4.57,1.242321861570663e-17,30.0,-4.57,-4.57,-1.7265441571124005,-0.13800461420195528,0.7437565768180555
4.58,-4.58,1.2636238061599625e-17,30.0,-4.58,-4.58,-1.7265200444667437,-0.1383059509007225,0.7434835552590022
4.59,-4.59,1.2849257507492618e-17,30.0,-4.59,-4.59,-1.7264958792282792,-0.13860728338644876,0.7432105110521454
4.6,-4.6,1.306227695338561e-17,30.0,-4.6,-4.6,-1.7264716613977424,-0.13890861164995497,0.7429374442058025
4.61,-4.61,1.3275296399278623e-17,30.0,-4.61,-4.61,-1.726447390975872,-0.13920993568206444,0.7426643547282896
4.62,-4.62,1.3488315845171618e-17,30.0,-4.62,-4.62,-1.7264230679634065,-0.139511255473596,0.7423912426279276
4.63,-4.63,1.370133529106461e-17,30.0,-4.63,-4.63,-1.7263986923610872,-0.13981257101537092,0.7421181079130358
4.64,-4.64,1.3914354736957603e-17,30.0,-4.64,-4.64,-1.7263742641696564,-0.14011388229821217,0.741844950591933
4.65,-4.65,1.4127374182850616e-17,30.0,-4.65,-4.65,-1.7263497833898582,-0.14041518931294128,0.74157177067294
4.66,-4.66,1.434039362874361e-17,30.0,-4.66,-4.66,-1.7263252500224389,-0.14071649205037762,0.7412985681643807
4.67,-4.67,1.4553413074636604e-17,30.0,-4.67,-4.67,-1.726300664068145,-0.14101779050134525,0.741025343074575
4.68,-4.68,1.47664325205296e-17,30.0,-4.68,-4.68,-1.7262760255277259,-0.1413190846566661,0.7407520954118457
4.69,-4.69,1.4979451966422608e-17,30.0,-4.69,-4.69,-1.7262513344019321,-0.14162037450716067,0.7404788251845181
4.7,-4.7,1.5192471412315603e-17,30.0,-4.7,-4.7,-1.7262265906915157,-0.1419216600436512,0.7402055324009162
4.71,-4.71,1.5405490858208597e-17,30.0,-4.71,-4.71,-1.7262017943972305,-0.1422229412569623,0.7399322170693634
4.72,-4.72,1.561851030410159e-17,30.0,-4.72,-4.72,-1.7261769455198317,-0.1425242181379141,0.7396588791981867
4.73,-4.73,1.58315297499946e-17,30.0,-4.73,-4.73,-1.7261520440600764,-0.14282549067732916,0.7393855187957129
4.74,-4.74,1.6044549195887595e-17,30.0,-4.74,-4.74,-1.7261270900187229,-0.14312675886603257,0.7391121358702669
4.75,-4.75,1.625756864178059e-17,30.0,-4.75,-4.75,-1.7261020833965317,-0.14342802269484478,0.7388387304301786
4.76,-4.76,1.647058808767358e-17,30.0,-4.76,-4.76,-1.726077024194264,-0.14372928215458883,0.738565302483776
4.77,-4.77,1.6683607533566575e-17,30.0,-4.77,-4.77,-1.7260519124126836,-0.14403053723609013,0.7382918520393865
4.78,-4.78,1.6896626979459588e-17,30.0,-4.78,-4.78,-1.7260267480525555,-0.1443317879301696,0.738018379105342
4.79,-4.79,1.7109646425352582e-17,30.0,-4.79,-4.79,-1.7260015311146462,-0.14463303422765136,0.737744883689972
4.8,-4.8,1.7322665871245573e-17,30.0,-4.8,-4.8,-1.7259762615997236,-0.14493427611935902,0.7374713658016079
4.81,-4.81,1.7535685317138568e-17,30.0,-4.81,-4.81,-1.7259509395085573,-0.14523551359611614,0.737197825448581
4.82,-4.82,1.774870476303158e-17,30.0,-4.82,-4.82,-1.7259255648419194,-0.14553674664874655,0.7369242626392248
4.83,-4.83,1.7961724208924575e-17,30.0,-4.83,-4.83,-1.725900137600582,-0.14583797526807413,0.7366506773818716
4.84,-4.84,1.8174743654817566e-17,30.0,-4.84,-4.84,-1.7258746577853203,-0.14613919944492296,0.7363770696848555
4.85,-4.85,1.838776310071056e-17,30.0,-4.85,-4.85,-1.7258491253969102,-0.1464404191701172,0.7361034395565113
4.86,-4.86,1.8600782546603573e-17,30.0,-4.86,-4.86,-1.7258235404361295,-0.14674163443448193,0.7358297870051732
4.87,-4.87,1.8813801992496567e-17,30.0,-4.87,-4.87,-1.7257979029037576,-0.14704284522883937,0.7355561120391797
4.88,-4.88,1.902682143838956e-17,30.0,-4.88,-4.88,-1.7257722128005752,-0.14734405154401636,0.735282414666865
4.89,-4.89,1.9239840884282553e-17,30.0,-4.89,-4.89,-1.7257464701273653,-0.1476452533708369,0.7350086948965671
4.9,-4.9,1.9452860330175566e-17,30.0,-4.9,-4.9,-1.7257206748849117,-0.14794645070012585,0.734734952736624
4.91,-4.91,1.9665879776068557e-17,30.0,-4.91,-4.91,-1.7256948270740002,-0.14824764352270817,0.7344611881953746
4.92,-4.92,1.987889922196155e-17,30.0,-4.92,-4.92,-1.7256689266954186,-0.14854883182940903,0.734187401281158
4.93,-4.93,2.0091918667854546e-17,30.0,-4.93,-4.93,-1.7256429737499552,-0.14885001561105374,0.7339135920023141
4.94,-4.94,2.0304938113747558e-17,30.0,-4.94,-4.94,-1.725616968238401,-0.1491511948584677,0.733639760367184
4.95,-4.95,2.051795755964055e-17,30.0,-4.95,-4.95,-1.7255909101615483,-0.14945236956247643,0.7333659063841086
4.96,-4.96,2.0730977005533544e-17,30.0,-4.96,-4.96,-1.7255647995201904,-0.14975353971390643,0.7330920300614298
4.97,-4.97,2.0943996451426538e-17,30.0,-4.97,-4.97,-1.7255386363151233,-0.15005470530358123,0.7328181314074921
4.98,-4.98,2.115701589731955e-17,30.0,-4.98,-4.98,-1.7255124205471433,-0.15035586632232908,0.7325442104306368
4.99,-4.99,2.1370035343212542e-17,30.0,-4.99,-4.99,-1.7254861522170493,-0.15065702276097612,0.7322702671392083
5.0,-5.0,2.1583054789105537e-17,30.0,-5.0,-5.0,-1.7254598313256417,-0.15095817461034625,0.7319963015415533
5.01,-5.01,2.936218020766517e-17,30.0,-5.01,-5.01,-1.7254334578737218,-0.15125932186126823,0.731722313646015
5.02,-5.02,3.71413056262248e-17,30.0,-5.02,-5.02,-1.7254070318620933,-0.15156046450456856,0.7314483034609398
5.03,-5.03,4.492043104478512e-17,30.0,-5.03,-5.03,-1.7253805532915614,-0.15186160253107234,0.7311742709946761
5.04,-5.04,5.269955646334475e-17,30.0,-5.04,-5.04,-1.7253540221629322,-0.1521627359316064,0.730900216255571
5.05,-5.05,6.047868188190438e-17,30.0,-5.05,-5.05,-1.725327438477014,-0.15246386469700005,0.730626139251971
5.06,-5.06,6.825780730046402e-17,30.0,-5.06,-5.06,-1.7253008022346168,-0.15276498881807798,0.7303520399922266
5.07,-5.07,7.603693271902433e-17,30.0,-5.07,-5.07,-1.7252741134365517,-0.15306610828566755,0.7300779184846872
5.08,-5.08,8.381605813758396e-17,30.0,-5.08,-5.08,-1.725247372083632,-0.15336722309059833,0.7298037747377019
5.09,-5.09,9.159518355614359e-17,30.0,-5.09,-5.09,-1.725220578176672,-0.15366833322369558,0.7295296087596227
5.1,-5.1,9.937430897470322e-17,30.0,-5.1,-5.1,-1.7251937317164885,-0.15396943867578697,0.7292554205588018
5.11,-5.11,1.0715343439326355e-16,30.0,-5.11,-5.11,-1.7251668327038983,-0.15427053943770258,0.7289812101435889
5.12,-5.12,1.1493255981182318e-16,30.0,-5.12,-5.12,-1.7251398811397212,-0.15457163550026806,0.7287069775223393
5.13,-5.13,1.227116852303828e-16,30.0,-5.13,-5.13,-1.7251128770247786,-0.1548727268543123,0.7284327227034058
5.14,-5.14,1.3049081064894245e-16,30.0,-5.14,-5.14,-1.7250858203598929,-0.15517381349066273,0.7281584456951434
5.15,-5.15,1.3826993606750276e-16,30.0,-5.15,-5.15,-1.725058711145888,-0.15547489540015003,0.727884146505905
5.16,-5.16,1.460490614860624e-16,30.0,-5.16,-5.16,-1.7250315493835897,-0.15577597257360043,0.7276098251440483
5.17,-5.17,1.5382818690462203e-16,30.0,-5.17,-5.17,-1.725004335073826,-0.15607704500184258,0.7273354816179297
5.18,-5.18,1.6160731232318165e-16,30.0,-5.18,-5.18,-1.7249770682174252,-0.15637811267570761,0.7270611159359038
5.19,-5.19,1.69386437741742e-16,30.0,-5.19,-5.19,-1.7249497488152181,-0.1566791755860222,0.7267867281063306
5.2,-5.2,1.771655631603016e-16,30.0,-5.2,-5.2,-1.7249223768680373,-0.1569802337236154,0.7265123181375684
5.21,-5.21,1.8494468857886126e-16,30.0,-5.21,-5.21,-1.7248949523767159,-0.15728128707931874,0.7262378860379739
5.22,-5.22,1.9272381399742088e-16,30.0,-5.22,-5.22,-1.7248674753420896,-0.15758233564395935,0.7259634318159093
5.23,-5.23,2.005029394159812e-16,30.0,-5.23,-5.23,-1.7248399457649957,-0.15788337940836752,0.725688955479734
5.24,-5.24,2.0828206483454084e-16,30.0,-5.24,-5.24,-1.7248123636462724,-0.15818441836337294,0.7254144570378089
5.25,-5.25,2.1606119025310046e-16,30.0,-5.25,-5.25,-1.7247847289867602,-0.15848545249980547,0.7251399364984958
5.26,-5.26,2.238403156716601e-16,30.0,-5.26,-5.26,-1.7247570417873006,-0.158786481808495,0.7248653938701571
5.27,-5.27,2.3161944109021973e-16,30.0,-5.27,-5.27,-1.7247293020487373,-0.15908750628027174,0.7245908291611564
5.28,-5.28,2.3939856650878e-16,30.0,-5.28,-5.28,-1.724701509771915,-0.15938852590596592,0.7243162423798561
5.29,-5.29,2.4717769192733967e-16,30.0,-5.29,-5.29,-1.7246736649576804,-0.15968954067640795,0.7240416335346217
5.3,-5.3,2.5495681734589926e-16,30.0,-5.3,-5.3,-1.7246457676068818,-0.15999055058242917,0.7237670026338174
5.31,-5.31,2.627359427644589e-16,30.0,-5.31,-5.31,-1.724617817720369,-0.160291555614858,0.7234923496858108
5.32,-5.32,2.7051506818301925e-16,30.0,-5.32,-5.32,-1.7245898152989936,-0.16059255576452758,0.723217674698966
5.33,-5.33,2.7829419360157884e-16,30.0,-5.33,-5.33,-1.724561760343608,-0.160893551022269,0.7229429776816507
5.34,-5.34,2.860733190201385e-16,30.0,-5.34,-5.34,-1.7245336528550674,-0.161194541378911,0.7226682586422343
5.35,-5.35,2.9385244443869814e-16,30.0,-5.35,-5.35,-1.7245054928342276,-0.1614955268252873,0.722393517589083
5.36,-5.36,3.0163156985725843e-16,30.0,-5.36,-5.36,-1.7244772802819466,-0.1617965073522293,0.7221187545305663
5.37,-5.37,3.0941069527581807e-16,30.0,-5.37,-5.37,-1.7244490151990841,-0.16209748295056628,0.721843969475056
5.38,-5.38,3.171898206943777e-16,30.0,-5.38,-5.38,-1.7244206975865004,-0.1623984536111324,0.7215691624309202
5.39,-5.39,3.2496894611293737e-16,30.0,-5.39,-5.39,-1.7243923274450585,-0.16269941932475868,0.7212943334065307
5.4,-5.4,3.3274807153149765e-16,30.0,-5.4,-5.4,-1.7243639047756227,-0.16300038008227805,0.721019482410259
5.41,-5.41,3.405271969500573e-16,30.0,-5.41,-5.41,-1.7243354295790587,-0.16330133587452034,0.7207446094504789
5.42,-5.42,3.4830632236861695e-16,30.0,-5.42,-5.42,-1.7243069018562338,-0.1636022866923203,0.7204697145355622
5.43,-5.43,3.5608544778717654e-16,30.0,-5.43,-5.43,-1.724278321608017,-0.16390323252651037,0.7201947976738821
5.44,-5.44,3.638645732057369e-16,30.0,-5.44,-5.44,-1.7242496888352792,-0.16420417336792092,0.7199198588738152
5.45,-5.45,3.7164369862429653e-16,30.0,-5.45,-5.45,-1.7242210035388923,-0.16450510920738712,0.7196448981437348
5.46,-5.46,3.7942282404285613e-16,30.0,-5.46,-5.46,-1.7241922657197302,-0.1648060400357419,0.7193699154920168
5.47,-5.47,3.8720194946141577e-16,30.0,-5.47,-5.47,-1.7241634753786685,-0.1651069658438161,0.7190949109270391
5.48,-5.48,3.949810748799761e-16,30.0,-5.48,-5.48,-1.7241346325165838,-0.16540788662244527,0.7188198844571774
5.49,-5.49,4.027602002985357e-16,30.0,-5.49,-5.49,-1.724105737134355,-0.16570880236246285,0.7185448360908092
5.5,-5.5,4.1053932571709535e-16,30.0,-5.5,-5.5,-1.7240767892328621,-0.1660097130547009,0.7182697658363143
5.51,-5.51,4.18318451135655e-16,30.0,-5.51,-5.51,-1.7240477888129875,-0.1663106186899932,0.7179946737020719
5.52,-5.52,4.260975765542146e-16,30.0,-5.52,-5.52,-1.7240187358756136,-0.1666115192591758,0.7177195596964597
5.53,-5.53,4.3387670197277493e-16,30.0,-5.53,-5.53,-1.723989630421626,-0.1669124147530806,0.7174444238278601
5.54,-5.54,4.416558273913346e-16,30.0,-5.54,-5.54,-1.7239604724519118,-0.1672133051625417,0.7171692661046546
5.55,-5.55,4.494349528098942e-16,30.0,-5.549999999999999,-5.55,-1.723931261967358,-0.16751419047839583,0.7168940865352221
5.56,-5.56,4.572140782284538e-16,30.0,-5.559999999999999,-5.56,-1.723901998968855,-0.16781507069147514,0.716618885127948
5.57,-5.57,4.649932036470142e-16,30.0,-5.569999999999999,-5.57,-1.7238726834572946,-0.16811594579261507,0.7163436618912143
5.58,-5.58,4.727723290655738e-16,30.0,-5.579999999999999,-5.58,-1.7238433154335695,-0.16841681577265047,0.716068416833405
5.59,-5.59,4.805514544841334e-16,30.0,-5.589999999999999,-5.59,-1.723813894898574,-0.1687176806224163,0.7157931499629041
5.6,-5.6,4.88330579902693e-16,30.0,-5.599999999999999,-5.6,-1.7237844218532046,-0.16901854033274766,0.7155178612880975
5.61,-5.61,4.961097053212534e-16,30.0,-5.609999999999999,-5.61,-1.723754896298359,-0.16931939489447986,0.7152425508173701
5.62,-5.62,5.03888830739813e-16,30.0,-5.619999999999999,-5.62,-1.7237253182349368,-0.16962024429844838,0.7149672185591088
5.63,-5.63,5.116679561583726e-16,30.0,-5.629999999999999,-5.63,-1.723695687663839,-0.1699210885354888,0.7146918645217006
5.64,-5.64,5.194470815769323e-16,30.0,-5.639999999999999,-5.64,-1.7236660045859677,-0.1702219275964361,0.7144164887135341
5.65,-5.65,5.272262069954926e-16,30.0,-5.6499999999999995,-5.65,-1.7236362690022276,-0.1705227614721285,0.7141410911429954
5.66,-5.66,5.350053324140522e-16,30.0,-5.659999999999999,-5.66,-1.7236064809135243,-0.1708235901533998,0.7138656718184762
5.67,-5.67,5.427844578326119e-16,30.0,-5.669999999999999,-5.67,-1.7235766403207653,-0.171124413631087,0.7135902307483646
5.68,-5.68,5.505635832511715e-16,30.0,-5.679999999999999,-5.68,-1.7235467472248593,-0.17142523189602643,0.7133147679410516
5.69,-5.69,5.583427086697317e-16,30.0,-5.6899999999999995,-5.69,-1.7235168016267175,-0.17172604493905474,0.7130392834049286
5.7,-5.7,5.661218340882914e-16,30.0,-5.699999999999999,-5.7,-1.7234868035272515,-0.17202685275100857,0.7127637771483866
5.71,-5.71,5.73900959506851e-16,30.0,-5.709999999999999,-5.71,-1.7234567529273754,-0.17232765532272482,0.7124882491798188
5.72,-5.72,5.816800849254106e-16,30.0,-5.719999999999999,-5.72,-1.7234266498280044,-0.17262845264504048,0.7122126995076177
5.73,-5.73,5.89459210343971e-16,30.0,-5.7299999999999995,-5.73,-1.7233964942300557,-0.1729292447087928,0.7119371281401767
5.74,-5.74,5.972383357625306e-16,30.0,-5.739999999999999,-5.74,-1.7233662861344476,-0.1732300315048199,0.7116615350858905
5.75,-5.75,6.050174611810903e-16,30.0,-5.749999999999999,-5.75,-1.7233360255421006,-0.1735308130239569,0.7113859203531555
5.76,-5.76,6.127965865996499e-16,30.0,-5.759999999999999,-5.76,-1.7233057124539366,-0.17383158925704384,0.7111102839503655
5.77,-5.77,6.205757120182095e-16,30.0,-5.769999999999999,-5.77,-1.7232753468708786,-0.17413236019491854,0.710834625885917
5.78,-5.78,6.283548374367699e-16,30.0,-5.779999999999999,-5.78,-1.7232449287938518,-0.17443312582841672,0.7105589461682088
5.79,-5.79,6.361339628553295e-16,30.0,-5.789999999999999,-5.79,-1.7232144582237827,-0.1747338861483788,0.7102832448056366
5.8,-5.8,6.439130882738891e-16,30.0,-5.799999999999999,-5.8,-1.7231839351615996,-0.1750346411456431,0.7100075218065993
5.81,-5.81,6.516922136924488e-16,30.0,-5.809999999999999,-5.81,-1.7231533596082322,-0.1753353908110458,0.7097317771794972
5.82,-5.82,6.594713391110091e-16,30.0,-5.819999999999999,-5.82,-1.7231227315646118,-0.17563613513542783,0.709456010932728
5.83,-5.83,6.672504645295687e-16,30.0,-5.829999999999999,-5.83,-1.7230920510316716,-0.17593687410962802,0.7091802230746928
5.84,-5.84,6.750295899481284e-16,30.0,-5.839999999999999,-5.84,-1.723061318010346,-0.17623760772448382,0.7089044136137927
5.85,-5.85,6.82808715366688e-16,30.0,-5.849999999999999,-5.85,-1.7230305325015713,-0.17653833597083432,0.7086285825584304
5.86,-5.86,6.905878407852483e-16,30.0,-5.859999999999999,-5.86,-1.722999694506285,-0.17683905883952108,0.7083527299170055
5.87,-5.87,6.98366966203808e-16,30.0,-5.869999999999999,-5.87,-1.7229688040254272,-0.17713977632138136,0.7080768556979236
5.88,-5.88,7.061460916223676e-16,30.0,-5.879999999999999,-5.88,-1.722937861059938,-0.1774404884072547,0.7078009599095877
5.89,-5.89,7.139252170409271e-16,30.0,-5.889999999999999,-5.89,-1.7229068656107607,-0.17774119508798247,0.707525042560401
5.9,-5.9,7.217043424594875e-16,30.0,-5.8999999999999995,-5.9,-1.7228758176788388,-0.17804189635440457,0.7072491036587685
5.91,-5.91,7.294834678780471e-16,30.0,-5.909999999999999,-5.91,-1.7228447172651185,-0.17834259219735887,0.7069731432130973
5.92,-5.92,7.372625932966067e-16,30.0,-5.919999999999999,-5.92,-1.7228135643705471,-0.17864328260768791,0.7066971612317923
5.93,-5.93,7.450417187151664e-16,30.0,-5.929999999999999,-5.93,-1.7227823589960736,-0.17894396757623215,0.7064211577232601
5.94,-5.94,7.528208441337267e-16,30.0,-5.9399999999999995,-5.94,-1.7227511011426484,-0.17924464709383067,0.7061451326959096
5.95,-5.95,7.605999695522863e-16,30.0,-5.949999999999999,-5.95,-1.722719790811224,-0.17954532115132424,0.705869086158149
5.96,-5.96,7.68379094970846e-16,30.0,-5.959999999999999,-5.96,-1.722688428002754,-0.17984598973955612,0.7055930181183852
5.97,-5.97,7.761582203894056e-16,30.0,-5.969999999999999,-5.97,-1.7226570127181935,-0.1801466528493651,0.7053169285850296
5.98,-5.98,7.839373458079659e-16,30.0,-5.9799999999999995,-5.98,-1.7226255449585,-0.18044731047159246,0.7050408175664925
5.99,-5.99,7.917164712265256e-16,30.0,-5.989999999999999,-5.99,-1.7225940247246312,-0.180747962597082,0.7047646850711823
6.0,-6.0,7.994955966450852e-16,30.0,-5.999999999999999,-6.0,-1.7225624520175482,-0.18104860921667296,0.7044885311075132
6.01,-6.01,9.709658680430852e-16,30.0,-6.009999999999999,-6.01,-1.7225308268382125,-0.18134925032120713,0.7042123556838967
6.02,-6.02,1.1424361394410851e-15,30.0,-6.019999999999999,-6.02,-1.722499149187587,-0.1816498859015288,0.703936158808744
6.03,-6.03,1.3139064108391004e-15,30.0,-6.029999999999999,-6.03,-1.7224674190666371,-0.18195051594847775,0.7036599404904706
6.04,-6.04,1.4853766822371004e-15,30.0,-6.039999999999998,-6.04,-1.7224356364763296,-0.18225114045289706,0.7033837007374896
6.05,-6.05,1.6568469536351005e-15,30.0,-6.049999999999998,-6.05,-1.7224038014176317,-0.18255175940562915,0.7031074395582154
6.06,-6.06,1.8283172250331004e-15,30.000000000000004,-6.059999999999998,-6.06,-1.7223719138915143,-0.18285237279751668,0.7028311569610647
6.07,-6.07,1.9997874964311157e-15,30.000000000000004,-6.0699999999999985,-6.07,-1.722339973898948,-0.1831529806194024,0.702554852954452
6.08,-6.08,2.1712577678291156e-15,30.000000000000004,-6.079999999999998,-6.08,-1.7223079814409057,-0.18345358286213007,0.7022785275467941
6.09,-6.09,2.3427280392271156e-15,30.000000000000004,-6.089999999999997,-6.09,-1.7222759365183624,-0.18375417951654052,0.7020021807465103
6.1,-6.1,2.5141983106251155e-15,30.000000000000004,-6.099999999999997,-6.1,-1.7222438391322943,-0.18405477057347935,0.7017258125620167
6.11,-6.11,2.6856685820231308e-15,30.000000000000004,-6.109999999999998,-6.11,-1.7222116892836785,-0.18435535602379002,0.7014494230017317
6.12,-6.12,2.8571388534211307e-15,30.000000000000004,-6.119999999999997,-6.12,-1.722179486973495,-0.18465593585831389,0.7011730120740771
6.13,-6.13,3.0286091248191306e-15,30.000000000000004,-6.129999999999997,-6.13,-1.722147232202724,-0.1849565100678971,0.7008965797874701
6.14,-6.14,3.2000793962171306e-15,30.000000000000004,-6.139999999999996,-6.14,-1.7221149249723489,-0.18525707864338278,0.7006201261503328
6.15,-6.15,3.371549667615146e-15,30.000000000000004,-6.149999999999997,-6.15,-1.7220825652833536,-0.18555764157561516,0.7003436511710859
6.16,-6.16,3.5430199390131458e-15,30.000000000000004,-6.159999999999997,-6.16,-1.7220501531367232,-0.18585819885543858,0.7000671548581513
6.17,-6.17,3.714490210411146e-15,30.000000000000004,-6.169999999999996,-6.17,-1.7220176885334457,-0.1861587504736975,0.699790637219952
6.18,-6.18,3.8859604818091464e-15,30.000000000000004,-6.179999999999996,-6.18,-1.7219851714745098,-0.18645929642123737,0.6995140982649098
6.19,-6.19,4.057430753207161e-15,30.000000000000004,-6.189999999999996,-6.19,-1.7219526019609062,-0.18675983668890075,0.6992375380014515
6.2,-6.2,4.228901024605161e-15,30.000000000000004,-6.199999999999996,-6.2,-1.7219199799936267,-0.18706037126753497,0.6989609564379988
6.21,-6.21,4.400371296003161e-15,30.000000000000004,-6.2099999999999955,-6.21,-1.721887305573665,-0.18736090014798518,0.698684353582977
6.22,-6.22,4.571841567401161e-15,30.000000000000004,-6.219999999999995,-6.22,-1.7218545787020172,-0.18766142332109448,0.6984077294448147
6.23,-6.23,4.743311838799177e-15,30.000000000000004,-6.229999999999996,-6.23,-1.7218217993796792,-0.18796194077771072,0.6981310840319352
6.24,-6.24,4.914782110197177e-15,30.000000000000004,-6.239999999999995,-6.24,-1.7217889676076499,-0.1882624525086796,0.6978544173527663
6.25,-6.25,5.086252381595177e-15,30.000000000000004,-6.249999999999995,-6.25,-1.7217560833869296,-0.1885629585048447,0.6975777294157376
6.26,-6.26,5.2577226529931766e-15,30.000000000000004,-6.2599999999999945,-6.26,-1.72172314671852,-0.1888634587570544,0.6973010202292755
6.27,-6.27,5.4291929243911765e-15,30.000000000000007,-6.269999999999994,-6.27,-1.721690157603424,-0.18916395325615493,0.6970242898018091
6.28,-6.28,5.600663195789192e-15,30.000000000000007,-6.279999999999995,-6.28,-1.7216571160426468,-0.18946444199299114,0.6967475381417693
6.29,-6.29,5.772133467187192e-15,30.000000000000007,-6.289999999999995,-6.29,-1.7216240220371952,-0.18976492495840971,0.6964707652575866
6.3,-6.3,5.943603738585192e-15,30.000000000000007,-6.299999999999994,-6.3,-1.7215908755880769,-0.1900654021432596,0.6961939711576898
6.31,-6.31,6.115074009983192e-15,30.000000000000007,-6.309999999999993,-6.31,-1.7215576766963014,-0.1903658735383855,0.6959171558505124
6.32,-6.32,6.286544281381207e-15,30.000000000000007,-6.319999999999994,-6.32,-1.7215244253628805,-0.19066633913463457,0.6956403193444871
6.33,-6.33,6.458014552779207e-15,30.000000000000007,-6.329999999999994,-6.33,-1.721491121588827,-0.1909667989228563,0.6953634616480446
6.34,-6.34,6.629484824177207e-15,30.000000000000007,-6.339999999999994,-6.34,-1.721457765375155,-0.19126725289389596,0.6950865827696204
6.35,-6.35,6.800955095575207e-15,30.000000000000007,-6.3499999999999925,-6.35,-1.721424356722881,-0.19156770103860116,0.6948096827176486
6.36,-6.36,6.972425366973222e-15,30.000000000000007,-6.359999999999993,-6.36,-1.7213908956330224,-0.19186814334782204,0.6945327615005624
6.37,-6.37,7.143895638371222e-15,30.000000000000007,-6.369999999999993,-6.37,-1.7213573821065988,-0.19216857981240426,0.6942558191267993
6.38,-6.38,7.315365909769222e-15,30.000000000000007,-6.379999999999993,-6.38,-1.721323816144631,-0.1924690104231968,0.6939788556047947
6.39,-6.39,7.486836181167222e-15,30.000000000000007,-6.389999999999993,-6.39,-1.7212901977481412,-0.1927694351710473,0.6937018709429856
6.4,-6.4,7.658306452565238e-15,30.000000000000007,-6.399999999999992,-6.4,-1.7212565269181537,-0.19306985404680652,0.6934248651498081
6.41,-6.41,7.829776723963238e-15,30.000000000000007,-6.409999999999992,-6.41,-1.721222803655694,-0.1933702670413209,0.6931478382337017
6.42,-6.42,8.001246995361236e-15,30.000000000000007,-6.419999999999992,-6.42,-1.7211890279617896,-0.19367067414543937,0.6928707902031057
6.43,-6.43,8.172717266759236e-15,30.000000000000007,-6.429999999999992,-6.43,-1.7211551998374695,-0.19397107535001326,0.6925937210664571
6.44,-6.44,8.344187538157252e-15,30.000000000000007,-6.439999999999992,-6.44,-1.7211213192837636,-0.19427147064588957,0.6923166308321979
6.45,-6.45,8.515657809555252e-15,30.000000000000007,-6.449999999999991,-6.45,-1.7210873863017044,-0.19457186002391771,0.692039519508769
6.46,-6.46,8.687128080953252e-15,30.000000000000007,-6.459999999999991,-6.46,-1.7210534008923255,-0.1948722434749496,0.6917623871046096
6.47,-6.47,8.858598352351252e-15,30.000000000000007,-6.469999999999991,-6.47,-1.721019363056662,-0.19517262098983273,0.6914852336281633
6.48,-6.48,9.030068623749267e-15,30.00000000000001,-6.4799999999999915,-6.48,-1.7209852727957509,-0.19547299255941789,0.6912080590878724
6.49,-6.49,9.201538895147267e-15,30.00000000000001,-6.489999999999991,-6.49,-1.7209511301106308,-0.19577335817455516,0.6909308634921804
6.5,-6.5,9.373009166545267e-15,30.00000000000001,-6.49999999999999,-6.5,-1.7209169350023412,-0.19607371782609492,0.6906536468495301
6.51,-6.51,9.544479437943267e-15,30.00000000000001,-6.50999999999999,-6.51,-1.7208826874719243,-0.19637407150488775,0.6903764091683668
6.52,-6.52,9.715949709341267e-15,30.00000000000001,-6.51999999999999,-6.52,-1.7208483875204232,-0.196674419201785,0.6900991504571353
6.53,-6.53,9.887419980739283e-15,30.00000000000001,-6.5299999999999905,-6.53,-1.7208140351488825,-0.19697476090763535,0.6898218707242825
6.54,-6.54,1.0058890252137283e-14,30.00000000000001,-6.53999999999999,-6.54,-1.720779630358349,-0.19727509661329215,0.6895445699782535
6.55,-6.55,1.0230360523535282e-14,30.00000000000001,-6.549999999999989,-6.55,-1.7207451731498704,-0.1975754263096066,0.689267248227495
6.56,-6.56,1.0401830794933282e-14,30.00000000000001,-6.559999999999989,-6.56,-1.7207106635244962,-0.1978757499874279,0.6889899054804566
6.57,-6.57,1.0573301066331298e-14,30.00000000000001,-6.56999999999999,-6.57,-1.7206761014832783,-0.19817606763760995,0.6887125417455853
6.58,-6.58,1.0744771337729298e-14,30.00000000000001,-6.579999999999989,-6.58,-1.7206414870272688,-0.19847637925100456,0.6884351570313293
6.59,-6.59,1.0916241609127298e-14,30.00000000000001,-6.589999999999989,-6.59,-1.7206068201575226,-0.19877668481846136,0.6881577513461405
6.6,-6.6,1.1087711880525298e-14,30.00000000000001,-6.599999999999989,-6.6,-1.7205721008750956,-0.19907698433083487,0.6878803246984675
6.61,-6.61,1.1259182151923312e-14,30.00000000000001,-6.609999999999989,-6.61,-1.7205373291810453,-0.19937727777897743,0.687602877096761
6.62,-6.62,1.1430652423321312e-14,30.00000000000001,-6.619999999999989,-6.62,-1.7205025050764307,-0.19967756515374005,0.6873254085494735
6.63,-6.63,1.1602122694719313e-14,30.00000000000001,-6.629999999999988,-6.63,-1.7204676285623133,-0.19997784644597544,0.6870479190650577
6.64,-6.64,1.1773592966117313e-14,30.00000000000001,-6.639999999999988,-6.64,-1.7204326996397545,-0.20027812164653805,0.6867704086519647
6.65,-6.65,1.1945063237515327e-14,30.00000000000001,-6.649999999999989,-6.65,-1.7203977183098191,-0.200578390746281,0.6864928773186479
6.66,-6.66,1.2116533508913327e-14,30.00000000000001,-6.659999999999988,-6.66,-1.7203626845735727,-0.20087865373605523,0.6862153250735641
6.67,-6.67,1.2288003780311327e-14,30.00000000000001,-6.6699999999999875,-6.67,-1.720327598432082,-0.20117891060671653,0.6859377519251654
6.68,-6.68,1.2459474051709327e-14,30.000000000000014,-6.679999999999987,-6.68,-1.7202924598864158,-0.20147916134911853,0.6856601578819069
6.69,-6.69,1.2630944323107343e-14,30.000000000000014,-6.689999999999988,-6.69,-1.720257268937645,-0.2017794059541128,0.6853825429522472
6.7,-6.7,1.2802414594505343e-14,30.000000000000014,-6.699999999999988,-6.7,-1.7202220255868412,-0.20207964441255566,0.6851049071446409
6.71,-6.71,1.2973884865903343e-14,30.000000000000014,-6.709999999999987,-6.71,-1.720186729835078,-0.20237987671530133,0.6848272504675447
6.72,-6.72,1.3145355137301343e-14,30.000000000000014,-6.719999999999986,-6.72,-1.7201513816834304,-0.20268010285320262,0.6845495729294184
6.73,-6.73,1.3316825408699358e-14,30.000000000000014,-6.729999999999987,-6.73,-1.7201159811329758,-0.20298032281711417,0.6842718745387204
6.74,-6.74,1.3488295680097358e-14,30.000000000000014,-6.739999999999987,-6.74,-1.720080528184792,-0.20328053659789305,0.683994155303908
6.75,-6.75,1.3659765951495358e-14,30.000000000000014,-6.749999999999987,-6.75,-1.7200450228399589,-0.20358074418639197,0.6837164152334424
6.76,-6.76,1.3831236222893358e-14,30.000000000000014,-6.759999999999986,-6.76,-1.7200094650995585,-0.20388094557346598,0.6834386543357848
6.77,-6.77,1.4002706494291358e-14,30.000000000000014,-6.769999999999985,-6.77,-1.7199738549646735,-0.2041811407499728,0.6831608726193938
6.78,-6.78,1.4174176765689374e-14,30.000000000000014,-6.779999999999986,-6.78,-1.7199381924363888,-0.20448132970676564,0.6828830700927333
6.79,-6.79,1.4345647037087375e-14,30.000000000000014,-6.789999999999986,-6.79,-1.7199024775157912,-0.20478151243470022,0.6826052467642658
6.8,-6.8,1.4517117308485375e-14,30.000000000000014,-6.799999999999986,-6.8,-1.7198667102039678,-0.20508168892463477,0.6823274026424521
6.81,-6.81,1.4688587579883375e-14,30.000000000000014,-6.8099999999999845,-6.81,-1.7198308905020088,-0.20538185916742308,0.6820495377357575
6.82,-6.82,1.486005785128139e-14,30.000000000000014,-6.819999999999985,-6.82,-1.7197950184110051,-0.2056820231539222,0.6817716520526464
6.83,-6.83,1.5031528122679388e-14,30.000000000000014,-6.829999999999985,-6.83,-1.7197590939320493,-0.2059821808749886,0.6814937456015828
6.84,-6.84,1.5202998394077388e-14,30.000000000000014,-6.839999999999985,-6.84,-1.719723117066236,-0.20628233232147897,0.681215818391033
6.85,-6.85,1.5374468665475387e-14,30.000000000000014,-6.8499999999999845,-6.85,-1.7196870878146608,-0.20658247748425018,0.6809378704294624
6.86,-6.86,1.5545938936873403e-14,30.000000000000014,-6.859999999999984,-6.86,-1.7196510061784214,-0.2068826163541593,0.6806599017253383
6.87,-6.87,1.5717409208271403e-14,30.000000000000014,-6.869999999999984,-6.87,-1.719614872158617,-0.20718274892206354,0.680381912287128
6.88,-6.88,1.5888879479669403e-14,30.000000000000014,-6.879999999999984,-6.88,-1.7195786857563482,-0.20748287517882036,0.6801039021232995
6.89,-6.89,1.6060349751067403e-14,30.000000000000018,-6.889999999999984,-6.89,-1.7195424469727174,-0.2077829951152866,0.6798258712423221
6.9,-6.9,1.623182002246542e-14,30.000000000000018,-6.899999999999984,-6.9,-1.719506155808828,-0.20808310872232244,0.679547819652663
6.91,-6.91,1.640329029386342e-14,30.000000000000018,-6.909999999999984,-6.91,-1.7194698122657863,-0.20838321599078355,0.6792697473627944
6.92,-6.92,1.657476056526142e-14,30.000000000000018,-6.919999999999983,-6.92,-1.7194334163446987,-0.20868331691152892,0.6789916543811862
6.93,-6.93,1.674623083665942e-14,30.000000000000018,-6.929999999999983,-6.93,-1.719396968046674,-0.2089834114754169,0.6787135407163092
6.94,-6.94,1.6917701108057434e-14,30.000000000000018,-6.9399999999999835,-6.94,-1.719360467372823,-0.20928349967330623,0.6784354063766356
6.95,-6.95,1.7089171379455434e-14,30.000000000000018,-6.949999999999983,-6.95,-1.7193239143242571,-0.20958358149605555,0.6781572513706378
6.96,-6.96,1.7260641650853434e-14,30.000000000000018,-6.959999999999983,-6.96,-1.7192873089020901,-0.2098836569345239,0.677879075706789
6.97,-6.97,1.7432111922251434e-14,30.000000000000018,-6.969999999999982,-6.97,-1.7192506511074366,-0.21018372597957047,0.6776008793935624
6.98,-6.98,1.760358219364945e-14,30.000000000000018,-6.979999999999983,-6.98,-1.7192139409414133,-0.21048378862205464,0.6773226624394327
6.99,-6.99,1.777505246504745e-14,30.000000000000018,-6.9899999999999824,-6.99,-1.7191771784051388,-0.21078384485283672,0.6770444248528745
7.0,-7.0,1.794652273644545e-14,30.000000000000018,-6.999999999999982,-7.0,-1.719140363499733,-0.21108389466277422,0.6767661666423651
7.01,-7.01,2.056436898147985e-14,30.00000000000002,-7.009999999999979,-7.01,-1.7191034962263172,-0.21138393804272934,0.6764878878163787
7.02,-7.02,2.3182215226514256e-14,30.000000000000025,-7.0199999999999765,-7.02,-1.719066576586014,-0.21168397498356226,0.676209588383392
7.03,-7.03,2.5800061471548892e-14,30.000000000000025,-7.0299999999999745,-7.03,-1.719029604579949,-0.21198400547613105,0.6759312683518849
7.04,-7.04,2.8417907716583293e-14,30.00000000000003,-7.039999999999972,-7.04,-1.7189925802092474,-0.21228402951129852,0.6756529277303333
7.05,-7.05,3.1035753961617695e-14,30.000000000000032,-7.049999999999969,-7.05,-1.7189555034750377,-0.21258404707992545,0.675374566527216
7.06,-7.06,3.36536002066521e-14,30.000000000000032,-7.059999999999966,-7.06,-1.7189183743784489,-0.21288405817287126,0.6750961847510132
7.07,-7.07,3.627144645168673e-14,30.000000000000036,-7.069999999999964,-7.07,-1.7188811929206125,-0.21318406278099705,0.6748177824102058
7.08,-7.08,3.888929269672114e-14,30.00000000000004,-7.079999999999961,-7.08,-1.7188439591026605,-0.2134840608951665,0.6745393595132718
7.09,-7.09,4.150713894175554e-14,30.000000000000043,-7.089999999999958,-7.09,-1.7188066729257276,-0.21378405250623878,0.6742609160686944
7.1,-7.1,4.412498518678994e-14,30.000000000000043,-7.099999999999955,-7.1,-1.7187693343909498,-0.2140840376050757,0.6739824520849561
7.11,-7.11,4.674283143182458e-14,30.000000000000046,-7.109999999999953,-7.11,-1.7187319434994637,-0.2143840161825414,0.6737039675705367
7.12,-7.12,4.9360677676858985e-14,30.00000000000005,-7.11999999999995,-7.12,-1.718694500252409,-0.21468398822949583,0.6734254625339214
7.13,-7.13,5.1978523921893383e-14,30.000000000000053,-7.1299999999999475,-7.13,-1.7186570046509257,-0.21498395373680124,0.6731469369835945
7.14,-7.14,5.459637016692779e-14,30.000000000000053,-7.1399999999999455,-7.14,-1.7186194566961568,-0.21528391269532168,0.6728683909280385
7.15,-7.15,5.721421641196243e-14,30.000000000000057,-7.1499999999999435,-7.15,-1.718581856389245,-0.2155838650959199,0.6725898243757384
7.16,-7.16,5.983206265699683e-14,30.00000000000006,-7.159999999999941,-7.16,-1.7185442037313365,-0.21588381092945733,0.6723112373351816
7.17,-7.17,6.244990890203124e-14,30.000000000000064,-7.169999999999938,-7.17,-1.7185064987235783,-0.21618375018679706,0.6720326298148541
7.18,-7.18,6.506775514706564e-14,30.000000000000064,-7.179999999999935,-7.18,-1.7184687413671185,-0.21648368285880468,0.6717540018232405
7.19,-7.19,6.768560139210026e-14,30.000000000000068,-7.189999999999933,-7.19,-1.7184309316631072,-0.2167836089363415,0.6714753533688308
7.2,-7.2,7.030344763713467e-14,30.00000000000007,-7.19999999999993,-7.2,-1.7183930696126968,-0.21708352841027118,0.6711966844601127
7.21,-7.21,7.292129388216907e-14,30.000000000000075,-7.209999999999927,-7.21,-1.71835515521704,-0.21738344127146,0.6709179951055732
7.22,-7.22,7.553914012720348e-14,30.000000000000075,-7.219999999999924,-7.22,-1.7183171884772919,-0.21768334751076976,0.6706392853137033
7.23,-7.23,7.815698637223811e-14,30.000000000000078,-7.229999999999922,-7.23,-1.7182791693946093,-0.21798324711906483,0.6703605550929937
7.24,-7.24,8.077483261727252e-14,30.00000000000008,-7.239999999999919,-7.24,-1.71824109797015,-0.21828314008721203,0.6700818044519321
7.25,-7.25,8.339267886230692e-14,30.00000000000008,-7.2499999999999165,-7.25,-1.7182029742050737,-0.21858302640607374,0.6698030333990124
7.26,-7.26,8.601052510734132e-14,30.000000000000085,-7.259999999999914,-7.26,-1.7181647981005421,-0.21888290606651573,0.6695242419427256
7.27,-7.27,8.862837135237573e-14,30.00000000000009,-7.269999999999911,-7.27,-1.718126569657718,-0.21918277905940314,0.6692454300915642
7.28,-7.28,9.124621759741035e-14,30.000000000000092,-7.279999999999909,-7.28,-1.7180882888777653,-0.21948264537560133,0.6689665978540211
7.29,-7.29,9.386406384244477e-14,30.000000000000092,-7.289999999999906,-7.29,-1.718049955761851,-0.21978250500597576,0.6686877452385903
7.3,-7.3,9.648191008747916e-14,30.000000000000096,-7.299999999999903,-7.3,-1.7180115703111423,-0.22008235794139228,0.6684088722537659
7.31,-7.31,9.909975633251356e-14,30.0000000000001,-7.3099999999999,-7.31,-1.7179731325268084,-0.22038220417271687,0.6681299789080429
7.32,-7.32,1.017176025775482e-13,30.000000000000103,-7.319999999999898,-7.32,-1.7179346424100206,-0.22068204369081554,0.667851065209917
7.33,-7.33,1.0433544882258261e-13,30.000000000000103,-7.329999999999896,-7.33,-1.7178960999619506,-0.2209818764865556,0.6675721311678836
7.34,-7.34,1.0695329506761701e-13,30.000000000000107,-7.339999999999893,-7.34,-1.7178575051837734,-0.2212817025508012,0.6672931767904416
7.35,-7.35,1.0957114131265141e-13,30.00000000000011,-7.34999999999989,-7.35,-1.7178188580766645,-0.22158152187442143,0.6670142020860866
7.36,-7.36,1.1218898755768605e-13,30.000000000000114,-7.359999999999888,-7.36,-1.7177801586418002,-0.22188133444828334,0.666735207063316
7.37,-7.37,1.1480683380272045e-13,30.000000000000114,-7.3699999999998855,-7.37,-1.7177414068803607,-0.22218114026325178,0.6664561917306313
7.38,-7.38,1.1742468004775487e-13,30.000000000000117,-7.379999999999883,-7.38,-1.7177026027935256,-0.2224809393101964,0.6661771560965293
7.39,-7.39,1.2004252629278924e-13,30.00000000000012,-7.38999999999988,-7.39,-1.717663746382477,-0.2227807315799841,0.6658981001695107
7.4,-7.4,1.226603725378239e-13,30.000000000000124,-7.399999999999878,-7.4,-1.7176248376483991,-0.22308051706348264,0.6656190239580763
7.41,-7.41,1.252782187828583e-13,30.000000000000124,-7.409999999999875,-7.41,-1.7175858765924763,-0.22338029575156007,0.6653399274707266
7.42,-7.42,1.278960650278927e-13,30.000000000000128,-7.419999999999872,-7.42,-1.717546863215896,-0.22368006763508455,0.665060810715964
7.43,-7.43,1.305139112729271e-13,30.00000000000013,-7.429999999999869,-7.43,-1.7175077975198463,-0.2239798327049253,0.66478167370229
7.44,-7.44,1.3313175751796174e-13,30.00000000000013,-7.439999999999867,-7.44,-1.7174686795055176,-0.22427959095194872,0.6645025164382096
7.45,-7.45,1.3574960376299614e-13,30.000000000000135,-7.449999999999864,-7.45,-1.717429509174101,-0.22457934236702587,0.664223338932224
7.46,-7.46,1.3836745000803054e-13,30.00000000000014,-7.459999999999861,-7.46,-1.7173902865267903,-0.2248790869410258,0.6639441411928384
7.47,-7.47,1.4098529625306494e-13,30.000000000000142,-7.4699999999998585,-7.47,-1.7173510115647797,-0.22517882466481548,0.6636649232285585
7.48,-7.48,1.436031424980996e-13,30.000000000000142,-7.4799999999998565,-7.48,-1.717311684289266,-0.22547855552926674,0.6633856850478886
7.49,-7.49,1.46220988743134e-13,30.000000000000146,-7.489999999999854,-7.49,-1.7172723047014467,-0.22577827952524915,0.6631064266593345
7.5,-7.5,1.488388349881684e-13,30.00000000000015,-7.499999999999851,-7.5,-1.717232872802522,-0.2260779966436304,0.6628271480714049
7.51,-7.51,1.5145668123320279e-13,30.000000000000153,-7.509999999999848,-7.51,-1.7171933885936925,-0.2263777068752828,0.662547849292605
7.52,-7.52,1.5407452747823719e-13,30.000000000000153,-7.519999999999846,-7.52,-1.7171538520761611,-0.22667741021107665,0.6622685303314431
7.53,-7.53,1.5669237372327184e-13,30.000000000000156,-7.529999999999844,-7.53,-1.7171142632511325,-0.22697710664188106,0.6619891911964286
7.54,-7.54,1.5931021996830624e-13,30.00000000000016,-7.539999999999841,-7.54,-1.7170746221198125,-0.22727679615856658,0.661709831896071
7.55,-7.55,1.6192806621334063e-13,30.000000000000163,-7.549999999999838,-7.55,-1.7170349286834083,-0.22757647875200657,0.6614304524388779
7.56,-7.56,1.6454591245837503e-13,30.000000000000163,-7.559999999999835,-7.56,-1.7169951829431294,-0.22787615441306985,0.6611510528333618
7.57,-7.57,1.6716375870340968e-13,30.000000000000167,-7.569999999999833,-7.57,-1.7169553849001864,-0.22817582313262774,0.6608716330880336
7.58,-7.58,1.6978160494844408e-13,30.00000000000017,-7.57999999999983,-7.58,-1.7169155345557914,-0.22847548490155412,0.6605921932114031
7.59,-7.59,1.7239945119347848e-13,30.000000000000174,-7.5899999999998276,-7.59,-1.7168756319111589,-0.22877513971071853,0.6603127332119841
7.6,-7.6,1.7501729743851288e-13,30.000000000000174,-7.599999999999825,-7.6,-1.7168356769675037,-0.22907478755099359,0.6600332530982892
7.61,-7.61,1.776351436835475e-13,30.000000000000178,-7.609999999999823,-7.61,-1.7167956697260434,-0.22937442841325167,0.6597537528788319
7.62,-7.62,1.8025298992858193e-13,30.00000000000018,-7.61999999999982,-7.62,-1.7167556101879964,-0.22967406228836507,0.6594742325621259
7.63,-7.63,1.8287083617361633e-13,30.00000000000018,-7.629999999999817,-7.63,-1.7167154983545831,-0.2299736891672065,0.6591946921566857
7.64,-7.64,1.8548868241865073e-13,30.000000000000185,-7.639999999999814,-7.64,-1.7166753342270256,-0.230273309040648,0.658915131671028
7.65,-7.65,1.8810652866368535e-13,30.00000000000019,-7.649999999999812,-7.65,-1.7166351178065469,-0.2305729218995649,0.6586355511136662
7.66,-7.66,1.9072437490871978e-13,30.000000000000192,-7.659999999999809,-7.66,-1.7165948490943723,-0.2308725277348282,0.658355950493119
7.67,-7.67,1.9334222115375418e-13,30.000000000000192,-7.669999999999806,-7.67,-1.7165545280917287,-0.2311721265373114,0.6580763298179033
7.68,-7.68,1.9596006739878857e-13,30.000000000000195,-7.679999999999803,-7.68,-1.7165141547998437,-0.23147171829789048,0.6577966890965349
7.69,-7.69,1.985779136438232e-13,30.0000000000002,-7.689999999999801,-7.69,-1.7164737292199477,-0.23177130300743704,0.6575170283375343
7.7,-7.7,2.011957598888576e-13,30.000000000000203,-7.699999999999799,-7.7,-1.716433251353272,-0.23207088065682602,0.6572373475494194
7.71,-7.71,2.0381360613389202e-13,30.000000000000203,-7.709999999999797,-7.71,-1.7163927212010497,-0.23237045123693167,0.6569576467407102
7.72,-7.72,2.0643145237892642e-13,30.000000000000206,-7.719999999999794,-7.72,-1.7163521387645153,-0.23267001473862864,0.6566779259199269
7.73,-7.73,2.0904929862396105e-13,30.00000000000021,-7.729999999999792,-7.73,-1.716311504044905,-0.23296957115279168,0.6563981850955902
7.74,-7.74,2.1166714486899545e-13,30.000000000000213,-7.739999999999789,-7.74,-1.7162708170434566,-0.23326912047029577,0.656118424276221
7.75,-7.75,2.1428499111402987e-13,30.000000000000213,-7.749999999999786,-7.75,-1.7162300777614097,-0.23356866268201612,0.655838643470342
7.76,-7.76,2.1690283735906427e-13,30.000000000000217,-7.759999999999783,-7.76,-1.716189286200005,-0.23386819777882814,0.6555588426864755
7.77,-7.77,2.1952068360409867e-13,30.00000000000022,-7.76999999999978,-7.77,-1.7161484423604851,-0.2341677257516082,0.6552790219331439
7.78,-7.78,2.221385298491333e-13,30.000000000000224,-7.779999999999778,-7.78,-1.7161075462440945,-0.23446724659123,0.6549991812188735
7.79,-7.79,2.247563760941677e-13,30.000000000000224,-7.789999999999775,-7.79,-1.7160665978520786,-0.2347667602885718,0.6547193205521861
7.8,-7.8,2.273742223392021e-13,30.000000000000227,-7.7999999999997724,-7.8,-1.716025597185685,-0.23506626683450987,0.6544394399416072
7.81,-7.81,2.299920685842365e-13,30.00000000000023,-7.80999999999977,-7.81,-1.7159845442461628,-0.23536576621991848,0.6541595393956644
7.82,-7.82,2.3260991482927114e-13,30.00000000000023,-7.819999999999768,-7.82,-1.7159434390347619,-0.23566525843567662,0.6538796189228817
7.83,-7.83,2.3522776107430556e-13,30.000000000000234,-7.829999999999765,-7.83,-1.7159022815527347,-0.23596474347266122,0.6535996785317861
7.84,-7.84,2.3784560731933994e-13,30.000000000000238,-7.839999999999762,-7.84,-1.7158610718013356,-0.2362642213217472,0.6533197182309076
7.85,-7.85,2.4046345356437436e-13,30.00000000000024,-7.849999999999759,-7.85,-1.7158198097818191,-0.23656369197381424,0.6530397380287714
7.86,-7.86,2.43081299809409e-13,30.00000000000024,-7.859999999999757,-7.86,-1.7157784954954425,-0.23686315541973987,0.6527597379339065
7.87,-7.87,2.456991460544434e-13,30.000000000000245,-7.869999999999754,-7.87,-1.715737128943464,-0.23716261165040048,0.6524797179548437
7.88,-7.88,2.483169922994778e-13,30.00000000000025,-7.879999999999751,-7.88,-1.7156957101271442,-0.23746206065667405,0.6521996781001131
7.89,-7.89,2.509348385445122e-13,30.000000000000252,-7.889999999999748,-7.89,-1.7156542390477445,-0.23776150242944036,0.6519196183782434
7.9,-7.9,2.5355268478954683e-13,30.000000000000252,-7.899999999999747,-7.9,-1.7156127157065277,-0.23806093695957792,0.6516395387977656
7.91,-7.91,2.5617053103458126e-13,30.000000000000256,-7.909999999999744,-7.91,-1.7155711401047598,-0.23836036423796314,0.651359439367214
7.92,-7.92,2.5878837727961563e-13,30.00000000000026,-7.9199999999997415,-7.92,-1.7155295122437064,-0.23865978425547718,0.6510793200951187
7.93,-7.93,2.6140622352465006e-13,30.000000000000263,-7.929999999999739,-7.93,-1.7154878321246354,-0.2389591970029993,0.6507991809900121
7.94,-7.94,2.640240697696847e-13,30.000000000000263,-7.939999999999737,-7.94,-1.7154460997488175,-0.23925860247140646,0.6505190220604304
7.95,-7.95,2.6664191601471906e-13,30.000000000000266,-7.949999999999734,-7.95,-1.7154043151175227,-0.23955800065158064,0.6502388433149056
7.96,-7.96,2.692597622597535e-13,30.00000000000027,-7.959999999999731,-7.96,-1.7153624782320245,-0.23985739153440155,0.6499586447619722
7.97,-7.97,2.718776085047879e-13,30.000000000000274,-7.969999999999728,-7.97,-1.7153205890935972,-0.2401567751107478,0.6496784264101669
7.98,-7.98,2.7449545474982253e-13,30.000000000000274,-7.979999999999726,-7.98,-1.7152786477035171,-0.2404561513714995,0.6493981882680256
7.99,-7.99,2.771133009948569e-13,30.000000000000277,-7.989999999999723,-7.99,-1.7152366540630613,-0.2407555203075396,0.6491179303440834
8.0,-8.0,2.7973114723989133e-13,30.00000000000028,-7.99999999999972,-8.0,-1.7151946081735092,-0.24105488190974636,0.6488376526468789
8.01,-8.01,3.0999234354966125e-13,30.00000000000031,-8.009999999999689,-8.01,-1.715152510036142,-0.24135423616900076,0.6485573551849501
8.02,-8.02,3.402535398594312e-13,30.00000000000034,-8.019999999999659,-8.02,-1.7151103596522412,-0.24165358307618626,0.648277037966833
8.03,-8.03,3.705147361692011e-13,30.00000000000037,-8.029999999999628,-8.03,-1.7150681570230917,-0.24195292262218188,0.6479967010010691
8.04,-8.04,4.00775932478971e-13,30.0000000000004,-8.039999999999598,-8.04,-1.7150259021499785,-0.24225225479787005,0.6477163442961968
8.05,-8.05,4.310371287887463e-13,30.00000000000043,-8.049999999999569,-8.05,-1.714983595034189,-0.24255157959413257,0.6474359678607565
8.06,-8.06,4.612983250985162e-13,30.000000000000462,-8.059999999999539,-8.06,-1.7149412356770117,-0.24285089700185147,0.6471555717032886
8.07,-8.07,4.915595214082862e-13,30.00000000000049,-8.069999999999508,-8.07,-1.7148988240797371,-0.243150207011909,0.6468751558323349
8.08,-8.08,5.21820717718056e-13,30.000000000000522,-8.079999999999478,-8.08,-1.7148563602436575,-0.2434495096151877,0.6465947202564372
8.09,-8.09,5.520819140278259e-13,30.00000000000055,-8.089999999999447,-8.09,-1.7148138441700658,-0.24374880480257027,0.6463142649841379
8.1,-8.1,5.823431103375959e-13,30.000000000000583,-8.099999999999417,-8.1,-1.7147712758602571,-0.24404809256493964,0.6460337900239802
8.11,-8.11,6.126043066473659e-13,30.00000000000061,-8.109999999999387,-8.11,-1.7147286553155285,-0.24434737289317982,0.6457532953845073
8.12,-8.12,6.428655029571356e-13,30.000000000000643,-8.119999999999356,-8.12,-1.7146859825371785,-0.24464664577817183,0.6454727810742656
8.13,-8.13,6.731266992669111e-13,30.00000000000067,-8.129999999999328,-8.13,-1.7146432575265065,-0.24494591121080161,0.6451922471017979
8.14,-8.14,7.033878955766809e-13,30.000000000000703,-8.139999999999297,-8.14,-1.714600480284814,-0.24524516918195224,0.6449116934756507
8.15,-8.15,7.336490918864508e-13,30.000000000000735,-8.149999999999267,-8.15,-1.7145576508134044,-0.2455444196825079,0.6446311202043699
8.16,-8.16,7.639102881962208e-13,30.000000000000764,-8.159999999999236,-8.16,-1.714514769113582,-0.24584366270335278,0.644350527296502
8.17,-8.17,7.941714845059906e-13,30.000000000000796,-8.169999999999206,-8.17,-1.7144718351866535,-0.24614289823537147,0.644069914760595
8.18,-8.18,8.244326808157606e-13,30.000000000000824,-8.179999999999175,-8.18,-1.7144288490339261,-0.2464421262694487,0.6437892826051962
8.19,-8.19,8.546938771255305e-13,30.000000000000856,-8.189999999999145,-8.19,-1.7143858106567098,-0.24674134679646947,0.6435086308388546
8.2,-8.2,8.849550734353005e-13,30.000000000000885,-8.199999999999115,-8.2,-1.7143427200563155,-0.2470405598073191,0.6432279594701193
8.21,-8.21,9.152162697450757e-13,30.000000000000917,-8.209999999999086,-8.21,-1.7142995772340552,-0.24733976529288362,0.642947268507539
8.22,-8.22,9.454774660548457e-13,30.000000000000945,-8.219999999999056,-8.22,-1.7142563821912442,-0.24763896324404658,0.6426665579596665
8.23,-8.23,9.757386623646155e-13,30.000000000000977,-8.229999999999025,-8.23,-1.7142131349291976,-0.24793815365169608,0.64238582783505
8.24,-8.24,1.0059998586743855e-12,30.000000000001005,-8.239999999998995,-8.24,-1.7141698354492327,-0.24823733650671836,0.642105078142242
8.25,-8.25,1.0362610549841554e-12,30.000000000001037,-8.249999999998964,-8.25,-1.714126483752669,-0.2485365117999974,0.6418243088897965
8.26,-8.26,1.0665222512939252e-12,30.000000000001066,-8.259999999998934,-8.26,-1.7140830798408269,-0.24883567952242214,0.6415435200862635
8.27,-8.27,1.0967834476036952e-12,30.000000000001098,-8.269999999998904,-8.27,-1.714039623715028,-0.2491348396648794,0.6412627117401964
8.28,-8.28,1.1270446439134652e-12,30.000000000001126,-8.279999999998873,-8.28,-1.7139961153765968,-0.24943399221825394,0.6409818838601519
8.29,-8.29,1.1573058402232352e-12,30.000000000001158,-8.289999999998841,-8.29,-1.713952554826858,-0.24973313717343537,0.6407010364546816
8.3,-8.3,1.1875670365330104e-12,30.000000000001187,-8.299999999998812,-8.3,-1.7139089420671387,-0.25003227452131116,0.6404201695323412
8.31,-8.31,1.2178282328427802e-12,30.00000000000122,-8.309999999998782,-8.31,-1.7138652770987681,-0.25033140425276756,0.6401392831016877
8.32,-8.32,1.2480894291525501e-12,30.000000000001247,-8.319999999998752,-8.32,-1.7138215599230755,-0.25063052635869265,0.6398583771712771
8.33,-8.33,1.2783506254623201e-12,30.00000000000128,-8.329999999998721,-8.33,-1.713777790541393,-0.25092964082997676,0.6395774517496646
8.34,-8.34,1.3086118217720899e-12,30.000000000001307,-8.33999999999869,-8.34,-1.7137339689550535,-0.25122874765750625,0.6392965068454095
8.35,-8.35,1.3388730180818599e-12,30.00000000000134,-8.34999999999866,-8.35,-1.7136900951653926,-0.2515278468321696,0.6390155424670698
8.36,-8.36,1.3691342143916298e-12,30.000000000001368,-8.35999999999863,-8.36,-1.713646169173746,-0.25182693834485825,0.6387345586232022
8.37,-8.37,1.3993954107013998e-12,30.0000000000014,-8.3699999999986,-8.37,-1.713602190981452,-0.25212602218645885,0.6384535553223678
8.38,-8.38,1.429656607011175e-12,30.000000000001428,-8.37999999999857,-8.38,-1.7135581605898507,-0.25242509834786087,0.638172532573127
8.39,-8.39,1.459917803320945e-12,30.00000000000146,-8.38999999999854,-8.39,-1.7135140780002827,-0.25272416681995546,0.6378914903840385
8.4,-8.4,1.4901789996307148e-12,30.00000000000149,-8.39999999999851,-8.4,-1.7134699432140912,-0.25302322759363255,0.6376104287636633
8.41,-8.41,1.5204401959404848e-12,30.00000000000152,-8.40999999999848,-8.41,-1.7134257562326205,-0.2533222806597806,0.6373293477205645
8.42,-8.42,1.5507013922502547e-12,30.00000000000155,-8.41999999999845,-8.42,-1.7133815170572166,-0.2536213260092899,0.6370482472633041
8.43,-8.43,1.5809625885600245e-12,30.00000000000158,-8.429999999998419,-8.43,-1.7133372256892272,-0.25392036363305337,0.6367671274004432
8.44,-8.44,1.6112237848697945e-12,30.000000000001613,-8.439999999998388,-8.44,-1.7132928821300013,-0.25421939352195944,0.6364859881405471
8.45,-8.45,1.6414849811795645e-12,30.00000000000164,-8.449999999998358,-8.45,-1.7132484863808901,-0.2545184156668993,0.6362048294921797
8.46,-8.46,1.6717461774893397e-12,30.000000000001673,-8.45999999999833,-8.46,-1.7132040384432454,-0.25481743005876634,0.6359236514639036
8.47,-8.47,1.7020073737991097e-12,30.0000000000017,-8.469999999998299,-8.47,-1.7131595383184217,-0.25511643668844985,0.6356424540642864
8.48,-8.48,1.7322685701088797e-12,30.000000000001734,-8.479999999998268,-8.48,-1.7131149860077743,-0.25541543554684154,0.6353612373018933
8.49,-8.49,1.7625297664186494e-12,30.000000000001762,-8.489999999998238,-8.49,-1.7130703815126602,-0.2557144266248357,0.6350800011852887
8.5,-8.5,1.7927909627284194e-12,30.000000000001794,-8.499999999998208,-8.5,-1.7130257248344383,-0.2560134099133222,0.6347987457230417
8.51,-8.51,1.8230521590381894e-12,30.000000000001823,-8.509999999998177,-8.51,-1.712981015974469,-0.25631238540319434,0.6345174709237192
8.52,-8.52,1.853313355347959e-12,30.000000000001855,-8.519999999998147,-8.52,-1.712936254934114,-0.25661135308534466,0.6342361767958895
8.53,-8.53,1.8835745516577293e-12,30.000000000001883,-8.529999999998116,-8.53,-1.712891441714737,-0.25691031295066624,0.6339548633481207
8.54,-8.54,1.913835747967499e-12,30.000000000001915,-8.539999999998086,-8.54,-1.712846576317703,-0.25720926499005214,0.6336735305889827
8.55,-8.55,1.9440969442772745e-12,30.000000000001943,-8.549999999998057,-8.55,-1.7128016587443786,-0.2575082091943966,0.6333921785270444
8.56,-8.56,1.9743581405870443e-12,30.000000000001975,-8.559999999998027,-8.56,-1.7127566889961323,-0.2578071455545909,0.6331108071708786
8.57,-8.57,2.0046193368968145e-12,30.000000000002004,-8.569999999997995,-8.57,-1.7127116670743336,-0.25810607406153124,0.6328294165290539
8.58,-8.58,2.0348805332065843e-12,30.000000000002036,-8.579999999997964,-8.58,-1.7126665929803542,-0.2584049947061117,0.632548006610142
8.59,-8.59,2.065141729516354e-12,30.000000000002064,-8.589999999997934,-8.59,-1.7126214667155673,-0.25870390747922445,0.6322665774227176
8.6,-8.6,2.0954029258261242e-12,30.000000000002096,-8.599999999997904,-8.6,-1.7125762882813471,-0.25900281237176626,0.6319851289753512
8.61,-8.61,2.125664122135894e-12,30.000000000002125,-8.609999999997873,-8.61,-1.7125310576790698,-0.259301709374632,0.6317036612766159
8.62,-8.62,2.1559253184456638e-12,30.000000000002156,-8.619999999997843,-8.62,-1.712485774910114,-0.25960059847871453,0.6314221743350886
8.63,-8.63,2.1861865147554392e-12,30.000000000002185,-8.629999999997814,-8.63,-1.712440439975858,-0.25989947967491134,0.6311406681593411
8.64,-8.64,2.216447711065209e-12,30.000000000002217,-8.639999999997784,-8.64,-1.7123950528776835,-0.26019835295411725,0.6308591427579494
8.65,-8.65,2.2467089073749788e-12,30.000000000002245,-8.649999999997753,-8.65,-1.7123496136169727,-0.26049721830722894,0.6305775981394887
8.66,-8.66,2.276970103684749e-12,30.000000000002277,-8.659999999997723,-8.66,-1.71230412219511,-0.26079607572514,0.6302960343125374
8.67,-8.67,2.3072312999945187e-12,30.000000000002306,-8.669999999997692,-8.67,-1.7122585786134812,-0.2610949251987491,0.63001445128567
8.68,-8.68,2.3374924963042885e-12,30.000000000002338,-8.679999999997662,-8.68,-1.7122129828734733,-0.26139376671895276,0.6297328490674646
8.69,-8.69,2.3677536926140587e-12,30.000000000002366,-8.689999999997632,-8.69,-1.7121673349764757,-0.26169260027664537,0.629451227666501
8.7,-8.7,2.3980148889238284e-12,30.000000000002398,-8.699999999997601,-8.7,-1.7121216349238786,-0.2619914258627264,0.6291695870913561
8.71,-8.71,2.428276085233604e-12,30.000000000002427,-8.709999999997573,-8.71,-1.7120758827170741,-0.26229024346809293,0.6288879273506086
8.72,-8.72,2.4585372815433736e-12,30.00000000000246,-8.719999999997542,-8.72,-1.712030078357456,-0.2625890530836403,0.6286062484528406
8.73,-8.73,2.488798477853144e-12,30.00000000000249,-8.729999999997512,-8.73,-1.7119842218464194,-0.2628878547002683,0.6283245504066309
8.74,-8.74,2.5190596741629136e-12,30.00000000000252,-8.739999999997481,-8.74,-1.7119383131853612,-0.2631866483088753,0.6280428332205602
8.75,-8.75,2.5493208704726834e-12,30.00000000000255,-8.749999999997451,-8.75,-1.7118923523756802,-0.2634854339003576,0.6277610969032116
8.76,-8.76,2.5795820667824536e-12,30.00000000000258,-8.75999999999742,-8.76,-1.7118463394187762,-0.263784211465614,0.627479341463167
8.77,-8.77,2.6098432630922233e-12,30.00000000000261,-8.76999999999739,-8.77,-1.7118002743160508,-0.26408298099554534,0.6271975669090073
8.78,-8.78,2.640104459401993e-12,30.00000000000264,-8.77999999999736,-8.78,-1.711754157068907,-0.26438174248104823,0.6269157732493178
8.79,-8.79,2.6703656557117633e-12,30.00000000000267,-8.78999999999733,-8.79,-1.7117079876787502,-0.26468049591302195,0.6266339604926828
8.8,-8.8,2.7006268520215383e-12,30.0000000000027,-8.7999999999973,-8.8,-1.7116617661469862,-0.2649792412823683,0.6263521286476842
8.81,-8.81,2.7308880483313085e-12,30.000000000002732,-8.80999999999727,-8.81,-1.7116154924750233,-0.26527797857998464,0.6260702777229095
8.82,-8.82,2.7611492446410783e-12,30.00000000000276,-8.81999999999724,-8.82,-1.7115691666642714,-0.2655767077967709,0.6257884077269443
8.83,-8.83,2.791410440950848e-12,30.000000000002792,-8.82999999999721,-8.83,-1.7115227887161408,-0.2658754289236295,0.6255065186683727
8.84,-8.84,2.8216716372606182e-12,30.00000000000282,-8.839999999997179,-8.84,-1.711476358632045,-0.2661741419514587,0.6252246105557836
8.85,-8.85,2.851932833570388e-12,30.000000000002853,-8.849999999997149,-8.85,-1.711429876413398,-0.26647284687115985,0.6249426833977638
8.86,-8.86,2.8821940298801578e-12,30.00000000000288,-8.859999999997116,-8.86,-1.711383342061616,-0.266771543673634,0.6246607372029015
8.87,-8.87,2.912455226189928e-12,30.000000000002913,-8.869999999997086,-8.87,-1.711336755578116,-0.2670702323497821,0.6243787719797849
8.88,-8.88,2.942716422499703e-12,30.00000000000294,-8.879999999997057,-8.88,-1.7112901169643178,-0.2673689128905058,0.6240967877370031
8.89,-8.89,2.972977618809473e-12,30.000000000002974,-8.889999999997027,-8.89,-1.7112434262216418,-0.2676675852867059,0.6238147844831471
8.9,-8.9,3.003238815119243e-12,30.000000000003002,-8.899999999996997,-8.9,-1.71119668335151,-0.2679662495292866,0.6235327622268043
8.91,-8.91,3.033500011429013e-12,30.000000000003034,-8.909999999996966,-8.91,-1.7111498883553464,-0.26826490560914784,0.6232507209765686
8.92,-8.92,3.063761207738783e-12,30.000000000003062,-8.919999999996936,-8.92,-1.711103041234577,-0.2685635535171921,0.6229686607410306
8.93,-8.93,3.0940224040485527e-12,30.000000000003094,-8.929999999996905,-8.93,-1.7110561419906278,-0.2688621932443241,0.622686581528781
8.94,-8.94,3.124283600358323e-12,30.000000000003123,-8.939999999996875,-8.94,-1.7110091906249283,-0.2691608247814446,0.6224044833484139
8.95,-8.95,3.1545447966680926e-12,30.000000000003155,-8.949999999996844,-8.95,-1.7109621871389085,-0.26945944811945755,0.6221223662085223
8.96,-8.96,3.184805992977868e-12,30.000000000003183,-8.959999999996816,-8.96,-1.7109151315339999,-0.2697580632492663,0.6218402301176994
8.97,-8.97,3.215067189287638e-12,30.000000000003215,-8.969999999996785,-8.97,-1.7108680238116363,-0.27005667016177465,0.6215580750845403
8.98,-8.98,3.2453283855974076e-12,30.000000000003244,-8.979999999996755,-8.98,-1.7108208639732527,-0.27035526884788635,0.6212759011176393
8.99,-8.99,3.2755895819071778e-12,30.000000000003276,-8.989999999996725,-8.99,-1.7107736520202852,-0.27065385929850566,0.6209937082255922
9.0,-9.0,3.3058507782169475e-12,30.000000000003308,-8.999999999996694,-9.0,-1.7107263879541725,-0.2709524415045369,0.6207114964169953
9.01,-9.01,3.5873650704346895e-12,30.00000000000359,-9.009999999996412,-9.01,-1.7106790717763543,-0.27125101545688485,0.6204292657004473
9.02,-9.02,3.8688793626524315e-12,30.00000000000387,-9.01999999999613,-9.02,-1.710631703488271,-0.27154958114645517,0.6201470160845426
9.03,-9.03,4.150393654870173e-12,30.00000000000415,-9.02999999999585,-9.03,-1.7105842830913671,-0.2718481385641507,0.619864747577881
9.04,-9.04,4.431907947087915e-12,30.00000000000443,-9.039999999995567,-9.04,-1.7105368105870857,-0.27214668770087913,0.6195824601890586
9.05,-9.05,4.713422239305707e-12,30.000000000004714,-9.049999999995288,-9.05,-1.7104892859768737,-0.2724452285475461,0.6193001539266747
9.06,-9.06,4.9949365315234486e-12,30.000000000004995,-9.059999999995005,-9.06,-1.7104417092621784,-0.27274376109505544,0.6190178287993305
9.07,-9.07,5.276450823741191e-12,30.000000000005276,-9.069999999994725,-9.07,-1.7103940804444495,-0.2730422853343154,0.6187354848156246
9.08,-9.08,5.5579651159589325e-12,30.000000000005556,-9.079999999994442,-9.08,-1.7103463995251371,-0.2733408012562325,0.6184531219841571
9.09,-9.09,5.839479408176675e-12,30.00000000000584,-9.089999999994161,-9.09,-1.7102986665056947,-0.27363930885171195,0.6181707403135311
9.1,-9.1,6.120993700394416e-12,30.00000000000612,-9.099999999993878,-9.1,-1.7102508813875754,-0.27393780811166063,0.617888339812348
9.11,-9.11,6.402507992612158e-12,30.000000000006402,-9.109999999993597,-9.11,-1.7102030441722351,-0.274236299026988,0.6176059204892087
9.12,-9.12,6.6840222848299e-12,30.000000000006683,-9.119999999993315,-9.12,-1.7101551548611311,-0.27453478158859923,0.6173234823527177
9.13,-9.13,6.965536577047692e-12,30.000000000006967,-9.129999999993036,-9.13,-1.7101072134557225,-0.27483325578740203,0.6170410254114791
9.14,-9.14,7.247050869265434e-12,30.000000000007248,-9.139999999992753,-9.14,-1.7100592199574691,-0.27513172161430594,0.616758549674095
9.15,-9.15,7.528565161483176e-12,30.000000000007528,-9.149999999992472,-9.15,-1.710011174367833,-0.2754301790602191,0.6164760551491708
9.16,-9.16,7.810079453700918e-12,30.00000000000781,-9.15999999999219,-9.16,-1.709963076688278,-0.27572862811604776,0.6161935418453132
9.17,-9.17,8.09159374591866e-12,30.000000000008093,-9.169999999991909,-9.17,-1.7099149269202691,-0.2760270687727028,0.6159110097711264
9.18,-9.18,8.373108038136401e-12,30.000000000008374,-9.179999999991626,-9.18,-1.7098667250652728,-0.2763255010210933,0.6156284589352164
9.19,-9.19,8.654622330354144e-12,30.000000000008654,-9.189999999991345,-9.19,-1.709818471124758,-0.27662392485212695,0.6153458893461922
9.2,-9.2,8.936136622571884e-12,30.000000000008935,-9.199999999991062,-9.2,-1.7097701651001942,-0.2769223402567132,0.6150633010126613
9.21,-9.21,9.217650914789677e-12,30.00000000000922,-9.209999999990783,-9.21,-1.7097218069930524,-0.2772207472257641,0.6147806939432291
9.22,-9.22,9.49916520700742e-12,30.0000000000095,-9.2199999999905,-9.22,-1.7096733968048066,-0.2775191457501875,0.6144980681465069
9.23,-9.23,9.78067949922516e-12,30.00000000000978,-9.22999999999022,-9.23,-1.7096249345369312,-0.27781753582089347,0.6142154236311038
9.24,-9.24,1.0062193791442902e-11,30.00000000001006,-9.239999999989937,-9.24,-1.7095764201909018,-0.27811591742879493,0.6139327604056273
9.25,-9.25,1.0343708083660645e-11,30.000000000010342,-9.249999999989656,-9.25,-1.7095278537681973,-0.27841429056480027,0.6136500784786907
9.26,-9.26,1.0625222375878387e-11,30.000000000010626,-9.259999999989375,-9.26,-1.7094792352702963,-0.27871265521982064,0.6133673778589042
9.27,-9.27,1.090673666809613e-11,30.000000000010907,-9.269999999989093,-9.27,-1.7094305646986798,-0.2790110113847695,0.6130846585548778
9.28,-9.28,1.1188250960313872e-11,30.000000000011187,-9.279999999988812,-9.28,-1.709381842054831,-0.27930935905055626,0.6128019205752251
9.29,-9.29,1.1469765252531611e-11,30.000000000011468,-9.28999999998853,-9.29,-1.7093330673402336,-0.2796076982080934,0.6125191639285588
9.3,-9.3,1.1751279544749405e-11,30.000000000011752,-9.29999999998825,-9.3,-1.7092842405563733,-0.279906028848293,0.6122363886234914
9.31,-9.31,1.2032793836967147e-11,30.000000000012033,-9.309999999987967,-9.31,-1.709235361704738,-0.2802043509620674,0.6119535946686376
9.32,-9.32,1.2314308129184886e-11,30.000000000012314,-9.319999999987687,-9.32,-1.7091864307868159,-0.2805026645403292,0.6116707820726112
9.33,-9.33,1.2595822421402629e-11,30.000000000012594,-9.329999999987404,-9.33,-1.7091374478040982,-0.28080096957399114,0.6113879508440273
9.34,-9.34,1.2877336713620371e-11,30.00000000001288,-9.339999999987123,-9.34,-1.7090884127580763,-0.28109926605396646,0.6111051009915014
9.35,-9.35,1.3158851005838114e-11,30.00000000001316,-9.34999999998684,-9.35,-1.7090393256502447,-0.2813975539711685,0.6108222325236498
9.36,-9.36,1.3440365298055856e-11,30.00000000001344,-9.35999999998656,-9.36,-1.708990186482098,-0.28169583331651166,0.610539345449088
9.37,-9.37,1.3721879590273598e-11,30.00000000001372,-9.369999999986277,-9.37,-1.7089409952551335,-0.2819941040809075,0.6102564397764358
9.38,-9.38,1.4003393882491389e-11,30.000000000014005,-9.379999999985998,-9.38,-1.7088917519708493,-0.28229236625527254,0.6099735155143088
9.39,-9.39,1.4284908174709131e-11,30.000000000014285,-9.389999999985715,-9.39,-1.7088424566307456,-0.2825906198305203,0.609690572671326
9.4,-9.4,1.4566422466926874e-11,30.000000000014566,-9.399999999985434,-9.4,-1.7087931092363242,-0.28288886479756553,0.6094076112561062
9.41,-9.41,1.4847936759144616e-11,30.000000000014847,-9.409999999985152,-9.41,-1.708743709789088,-0.28318710114732326,0.6091246312772691
9.42,-9.42,1.5129451051362355e-11,30.00000000001513,-9.41999999998487,-9.42,-1.708694258290542,-0.28348532887070854,0.6088416327434348
9.43,-9.43,1.5410965343580098e-11,30.00000000001541,-9.429999999984588,-9.43,-1.7086447547421926,-0.2837835479586369,0.6085586156632238
9.44,-9.44,1.569247963579784e-11,30.000000000015692,-9.439999999984307,-9.44,-1.7085951991455477,-0.2840817584020241,0.6082755800452572
9.45,-9.45,1.5973993928015582e-11,30.000000000015973,-9.449999999984025,-9.45,-1.7085455915021168,-0.2843799601917861,0.607992525898157
9.46,-9.46,1.6255508220233373e-11,30.000000000016257,-9.459999999983745,-9.46,-1.7084959318134108,-0.2846781533188399,0.6077094532305444
9.47,-9.47,1.6537022512451116e-11,30.000000000016538,-9.469999999983463,-9.47,-1.708446220080943,-0.28497633777409975,0.6074263620510449
9.48,-9.48,1.6818536804668858e-11,30.00000000001682,-9.479999999983182,-9.48,-1.7083964563062273,-0.2852745135484847,0.6071432523682798
9.49,-9.49,1.71000510968866e-11,30.0000000000171,-9.489999999982901,-9.49,-1.7083466404907794,-0.2855726806329118,0.6068601241908728
9.5,-9.5,1.7381565389104343e-11,30.00000000001738,-9.499999999982618,-9.5,-1.7082967726361176,-0.2858708390182961,0.606576977527451
9.51,-9.51,1.7663079681322085e-11,30.000000000017664,-9.509999999982337,-9.51,-1.70824685274376,-0.28616898869555746,0.6062938123866367
9.52,-9.52,1.7944593973539824e-11,30.000000000017945,-9.519999999982055,-9.52,-1.7081968808152277,-0.28646712965561366,0.6060106287770561
9.53,-9.53,1.8226108265757566e-11,30.000000000018225,-9.529999999981774,-9.53,-1.708146856852043,-0.28676526188938134,0.6057274267073371
9.54,-9.54,1.850762255797531e-11,30.000000000018506,-9.539999999981491,-9.54,-1.7080967808557297,-0.2870633853877789,0.6054442061861062
9.55,-9.55,1.87891368501931e-11,30.00000000001879,-9.549999999981212,-9.55,-1.708046652827813,-0.2873615001417272,0.6051609672219888
9.56,-9.56,1.9070651142410842e-11,30.00000000001907,-9.55999999998093,-9.56,-1.7079964727698203,-0.28765960614214287,0.6048777098236149
9.57,-9.57,1.9352165434628584e-11,30.00000000001935,-9.569999999980649,-9.57,-1.7079462406832795,-0.28795770337994514,0.6045944339996129
9.58,-9.58,1.9633679726846327e-11,30.000000000019632,-9.579999999980366,-9.58,-1.7078959565697212,-0.2882557918460557,0.60431113975861
9.59,-9.59,1.991519401906407e-11,30.000000000019917,-9.589999999980085,-9.59,-1.7078456204306771,-0.288553871531392,0.6040278271092377
9.6,-9.6,2.019670831128181e-11,30.000000000020197,-9.599999999979802,-9.6,-1.7077952322676808,-0.2888519424268739,0.6037444960601266
9.61,-9.61,2.047822260349955e-11,30.000000000020478,-9.609999999979522,-9.61,-1.7077447920822666,-0.28915000452342404,0.603461146619905
9.62,-9.62,2.0759736895717293e-11,30.00000000002076,-9.619999999979239,-9.62,-1.7076942998759712,-0.2894480578119606,0.6031777787972061
9.63,-9.63,2.1041251187935087e-11,30.000000000021043,-9.62999999997896,-9.63,-1.707643755650333,-0.28974610228340514,0.6028943926006617
9.64,-9.64,2.1322765480152826e-11,30.000000000021323,-9.639999999978677,-9.64,-1.7075931594068916,-0.29004413792867795,0.6026109880389047
9.65,-9.65,2.160427977237057e-11,30.000000000021604,-9.649999999978396,-9.65,-1.7075425111471878,-0.29034216473870256,0.6023275651205657
9.66,-9.66,2.188579406458831e-11,30.000000000021885,-9.659999999978114,-9.66,-1.7074918108727648,-0.29064018270439834,0.6020441238542806
9.67,-9.67,2.2167308356806053e-11,30.00000000002217,-9.669999999977833,-9.67,-1.7074410585851671,-0.2909381918166872,0.6017606642486834
9.68,-9.68,2.2448822649023796e-11,30.00000000002245,-9.67999999997755,-9.68,-1.7073902542859403,-0.2912361920664934,0.6014771863124068
9.69,-9.69,2.2730336941241538e-11,30.00000000002273,-9.68999999997727,-9.69,-1.7073393979766325,-0.29153418344473714,0.6011936900540881
9.7,-9.7,2.301185123345928e-11,30.00000000002301,-9.699999999976987,-9.7,-1.7072884896587928,-0.29183216594234107,0.6009101754823633
9.71,-9.71,2.329336552567707e-11,30.00000000002329,-9.709999999976707,-9.71,-1.7072375293339712,-0.29213013955023037,0.6006266426058662
9.72,-9.72,2.3574879817894813e-11,30.000000000023576,-9.719999999976427,-9.72,-1.707186517003721,-0.292428104259326,0.6003430914332363
9.73,-9.73,2.3856394110112556e-11,30.000000000023856,-9.729999999976144,-9.73,-1.7071354526695959,-0.29272606006055224,0.60005952197311
9.74,-9.74,2.4137908402330295e-11,30.000000000024137,-9.739999999975863,-9.74,-1.707084336333151,-0.2930240069448328,0.5997759342341251
9.75,-9.75,2.4419422694548037e-11,30.000000000024418,-9.74999999997558,-9.75,-1.7070331679959436,-0.29332194490309166,0.5994923282249205
9.76,-9.76,2.470093698676578e-11,30.000000000024702,-9.7599999999753,-9.76,-1.7069819476595325,-0.29361987392625316,0.5992087039541356
9.77,-9.77,2.4982451278983522e-11,30.000000000024983,-9.769999999975017,-9.77,-1.706930675325478,-0.2939177940052418,0.5989250614304099
9.78,-9.78,2.5263965571201264e-11,30.000000000025263,-9.779999999974736,-9.78,-1.7068793509953417,-0.2942157051309825,0.5986414006623836
9.79,-9.79,2.5545479863419007e-11,30.000000000025544,-9.789999999974453,-9.79,-1.706827974670687,-0.2945136072944003,0.5983577216586972
9.8,-9.8,2.5826994155636798e-11,30.00000000002583,-9.799999999974174,-9.8,-1.706776546353079,-0.2948115004864214,0.5980740244279914
9.81,-9.81,2.610850844785454e-11,30.00000000002611,-9.809999999973892,-9.81,-1.7067250660440847,-0.29510938469796916,0.5977903089789108
9.82,-9.82,2.6390022740072282e-11,30.00000000002639,-9.81999999997361,-9.82,-1.706673533745272,-0.2954072599199717,0.5975065753200954
9.83,-9.83,2.6671537032290025e-11,30.00000000002667,-9.829999999973328,-9.83,-1.7066219494582102,-0.2957051261433553,0.5972228234601882
9.84,-9.84,2.6953051324507764e-11,30.000000000026954,-9.839999999973047,-9.84,-1.7065703131844716,-0.2960029833590442,0.5969390534078349
9.85,-9.85,2.7234565616725506e-11,30.000000000027235,-9.849999999972765,-9.85,-1.7065186249256281,-0.2963008315579673,0.5966552651716773
9.86,-9.86,2.751607990894325e-11,30.000000000027516,-9.859999999972484,-9.86,-1.706466884683255,-0.2965986707310518,0.5963714587603606
9.87,-9.87,2.779759420116099e-11,30.000000000027796,-9.869999999972201,-9.87,-1.7064150924589279,-0.2968965008692226,0.5960876341825317
9.88,-9.88,2.8079108493378782e-11,30.00000000002808,-9.879999999971922,-9.88,-1.7063632482542246,-0.29719432196340956,0.5958037914468344
9.89,-9.89,2.8360622785596524e-11,30.00000000002836,-9.88999999997164,-9.89,-1.7063113520707247,-0.2974921340045398,0.5955199305619161
9.9,-9.9,2.8642137077814266e-11,30.000000000028642,-9.899999999971358,-9.9,-1.7062594039100085,-0.29778993698354217,0.5952360515364222
9.91,-9.91,2.892365137003201e-11,30.000000000028923,-9.909999999971076,-9.91,-1.7062074037736592,-0.29808773089134283,0.594952154379003
9.92,-9.92,2.920516566224975e-11,30.000000000029207,-9.919999999970795,-9.92,-1.70615535166326,-0.29838551571887273,0.5946682390983041
9.93,-9.93,2.9486679954467497e-11,30.000000000029488,-9.929999999970512,-9.93,-1.7061032475803966,-0.2986832914570608,0.594384305702974
9.94,-9.94,2.9768194246685236e-11,30.000000000029768,-9.939999999970231,-9.94,-1.706051091526657,-0.29898105809683406,0.5941003542016641
9.95,-9.95,3.0049708538902975e-11,30.00000000003005,-9.94999999996995,-9.95,-1.7059988835036288,-0.29927881562912423,0.5938163846030219
9.96,-9.96,3.033122283112077e-11,30.00000000003033,-9.95999999996967,-9.96,-1.705946623512903,-0.29957656404486116,0.593532396915697
9.97,-9.97,3.061273712333851e-11,30.000000000030614,-9.969999999969389,-9.97,-1.7058943115560719,-0.29987430333497256,0.5932483911483436
9.98,-9.98,3.089425141555625e-11,30.000000000030894,-9.979999999969106,-9.98,-1.7058419476347284,-0.3001720334903911,0.5929643673096099
9.99,-9.99,3.1175765707773996e-11,30.000000000031175,-9.989999999968825,-9.99,-1.7057895317504674,-0.3004697545020473,0.5926803254081476
10.0,-10.0,3.1457279999991735e-11,30.000000000031456,-9.999999999968542,-10.0,-1.7057370639048863,-0.30076746636087076,0.5923962654526113
10.01,-10.01,3.365876224630012e-11,30.00000000003366,-10.009999999966341,-10.01,-1.7056845440995831,-0.3010651690577925,0.5921121874516745
10.02,-10.02,3.586024449260851e-11,30.00000000003586,-10.019999999964138,-10.02,-1.705631972336157,-0.3013628625837463,0.5918280914139677
10.03,-10.03,3.8061726738916897e-11,30.00000000003806,-10.029999999961937,-10.03,-1.7055793486162105,-0.30166054692966154,0.5915439773481469
10.04,-10.04,4.0263208985225284e-11,30.000000000040263,-10.039999999959736,-10.04,-1.7055266729413463,-0.30195822208647033,0.5912598452628671
10.05,-10.05,4.246469123153406e-11,30.000000000042466,-10.049999999957537,-10.05,-1.7054739453131682,-0.3022558880451072,0.590975695166781
10.06,-10.06,4.4666173477842446e-11,30.000000000044665,-10.059999999955334,-10.06,-1.7054211657332832,-0.3025535447965025,0.5906915270685464
10.07,-10.07,4.686765572415083e-11,30.000000000046867,-10.069999999953133,-10.07,-1.7053683342032988,-0.3028511923315897,0.5904073409768189
10.08,-10.08,4.906913797045922e-11,30.00000000004907,-10.079999999950932,-10.08,-1.7053154507248243,-0.30314883064130216,0.5901231369002555
10.09,-10.09,5.12706202167676e-11,30.00000000005127,-10.089999999948729,-10.09,-1.7052625152994707,-0.30344645971657314,0.5898389148475136
10.1,-10.1,5.347210246307599e-11,30.000000000053472,-10.099999999946528,-10.1,-1.7052095279288506,-0.3037440795483364,0.5895546748272508
10.11,-10.11,5.5673584709384375e-11,30.000000000055675,-10.109999999944327,-10.11,-1.705156488614578,-0.30404169012752585,0.5892704168481258
10.12,-10.12,5.787506695569276e-11,30.000000000057874,-10.119999999942124,-10.12,-1.7051033973582683,-0.3043392914450759,0.5889861409187969
10.13,-10.13,6.007654920200154e-11,30.000000000060076,-10.129999999939924,-10.13,-1.7050502541615393,-0.3046368834919209,0.5887018470479246
10.14,-10.14,6.227803144830992e-11,30.00000000006228,-10.139999999937723,-10.14,-1.7049970590260095,-0.30493446625899506,0.5884175352441694
10.15,-10.15,6.447951369461832e-11,30.000000000064478,-10.14999999993552,-10.15,-1.704943811953299,-0.3052320397372358,0.5881332055161895
10.16,-10.16,6.668099594092669e-11,30.00000000006668,-10.15999999993332,-10.16,-1.7048905129450302,-0.3055296039175761,0.5878488578726484
10.17,-10.17,6.888247818723509e-11,30.000000000068884,-10.169999999931118,-10.17,-1.7048371620028269,-0.30582715879095246,0.5875644923222071
10.18,-10.18,7.108396043354347e-11,30.000000000071083,-10.179999999928915,-10.18,-1.704783759128314,-0.30612470434830086,0.5872801088735279
10.19,-10.19,7.328544267985185e-11,30.000000000073285,-10.189999999926714,-10.19,-1.7047303043231181,-0.30642224058055756,0.5869957075352739
10.2,-10.2,7.548692492616024e-11,30.000000000075488,-10.199999999924513,-10.2,-1.7046767975888677,-0.306719767478659,0.5867112883161081
10.21,-10.21,7.768840717246903e-11,30.000000000077687,-10.209999999922312,-10.21,-1.7046232389271925,-0.30701728503354203,0.5864268512246942
10.22,-10.22,7.98898894187774e-11,30.00000000007989,-10.21999999992011,-10.22,-1.7045696283397245,-0.3073147932361438,0.5861423962696973
10.23,-10.23,8.209137166508579e-11,30.000000000082093,-10.22999999991791,-10.23,-1.704515965828096,-0.30761229207740165,0.5858579234597815
10.24,-10.24,8.429285391139418e-11,30.00000000008429,-10.239999999915707,-10.24,-1.7044622513939423,-0.30790978154825405,0.5855734328036124
10.25,-10.25,8.649433615770256e-11,30.000000000086494,-10.249999999913506,-10.25,-1.7044084850388994,-0.3082072616396366,0.5852889243098578
10.26,-10.26,8.869581840401095e-11,30.000000000088697,-10.259999999911305,-10.26,-1.7043546667646052,-0.3085047323424899,0.5850043979871827
10.27,-10.27,9.089730065031934e-11,30.000000000090896,-10.269999999909102,-10.27,-1.7043007965726988,-0.30880219364775235,0.5847198538442536
10.28,-10.28,9.309878289662773e-11,30.0000000000931,-10.2799999999069,-10.28,-1.7042468744648218,-0.3090996455463606,0.5844352918897409
10.29,-10.29,9.530026514293611e-11,30.0000000000953,-10.2899999999047,-10.29,-1.7041929004426162,-0.309397088029256,0.5841507121323103
10.3,-10.3,9.750174738924489e-11,30.0000000000975,-10.299999999902498,-10.3,-1.704138874507726,-0.3096945210873778,0.5838661145806309
10.31,-10.31,9.970322963555327e-11,30.000000000099703,-10.309999999900297,-10.31,-1.7040847966617976,-0.30999194471166364,0.5835814992433739
10.32,-10.32,1.0190471188186166e-10,30.000000000101906,-10.319999999898096,-10.32,-1.7040306669064782,-0.3102893588930556,0.5832968661292075
10.33,-10.33,1.0410619412817005e-10,30.000000000104105,-10.329999999895893,-10.33,-1.7039764852434158,-0.310586763622494,0.5830122152468014
10.34,-10.34,1.0630767637447844e-10,30.000000000106308,-10.339999999893692,-10.34,-1.7039222516742618,-0.31088415889091775,0.5827275466048286
10.35,-10.35,1.0850915862078682e-10,30.00000000010851,-10.34999999989149,-10.35,-1.7038679662006682,-0.31118154468926773,0.5824428602119605
10.36,-10.36,1.107106408670952e-10,30.00000000011071,-10.359999999889288,-10.36,-1.703813628824288,-0.3114789210084873,0.5821581560768667
10.37,-10.37,1.1291212311340358e-10,30.000000000112912,-10.369999999887087,-10.37,-1.7037592395467769,-0.31177628783951566,0.5818734342082221
10.38,-10.38,1.1511360535971237e-10,30.000000000115115,-10.379999999884888,-10.38,-1.7037047983697917,-0.31207364517329444,0.5815886946147001
10.39,-10.39,1.1731508760602077e-10,30.000000000117314,-10.389999999882685,-10.39,-1.7036503052949905,-0.3123709930007672,0.5813039373049722
10.4,-10.4,1.1951656985232912e-10,30.000000000119517,-10.399999999880484,-10.4,-1.7035957603240335,-0.312668331312876,0.5810191622877137
10.41,-10.41,1.2171805209863752e-10,30.00000000012172,-10.409999999878282,-10.41,-1.7035411634585822,-0.3129656601005614,0.5807343695716005
10.42,-10.42,1.2391953434494592e-10,30.00000000012392,-10.419999999876081,-10.42,-1.7034865147002995,-0.31326297935476843,0.5804495591653063
10.43,-10.43,1.261210165912543e-10,30.00000000012612,-10.429999999873878,-10.43,-1.7034318140508502,-0.3135602890664401,0.5801647310775065
10.44,-10.44,1.2832249883756267e-10,30.000000000128324,-10.439999999871677,-10.44,-1.7033770615119006,-0.31385758922651846,0.5798798853168792
10.45,-10.45,1.3052398108387107e-10,30.000000000130523,-10.449999999869476,-10.45,-1.7033222570851192,-0.3141548798259472,0.5795950218921015
10.46,-10.46,1.3272546333017983e-10,30.000000000132726,-10.459999999867275,-10.46,-1.7032674007721742,-0.31445216085567257,0.5793101408118482
10.47,-10.47,1.3492694557648823e-10,30.00000000013493,-10.469999999865074,-10.47,-1.7032124925747372,-0.3147494323066366,0.5790252420847994
10.48,-10.48,1.3712842782279663e-10,30.000000000137128,-10.479999999862873,-10.48,-1.7031575324944814,-0.3150466941697839,0.5787403257196342
10.49,-10.49,1.39329910069105e-10,30.00000000013933,-10.48999999986067,-10.49,-1.7031025205330799,-0.3153439464360617,0.5784553917250289
10.5,-10.5,1.4153139231541338e-10,30.000000000141533,-10.499999999858469,-10.5,-1.7030474566922094,-0.31564118909641276,0.5781704401096657
10.51,-10.51,1.4373287456172178e-10,30.000000000143732,-10.509999999856268,-10.51,-1.7029923409735468,-0.31593842214178264,0.5778854708822244
10.52,-10.52,1.4593435680803018e-10,30.000000000145935,-10.519999999854065,-10.52,-1.7029371733787704,-0.3162356455631194,0.5776004840513834
10.53,-10.53,1.4813583905433853e-10,30.000000000148138,-10.529999999851864,-10.53,-1.7028819539095619,-0.3165328593513667,0.5773154796258266
10.54,-10.54,1.5033732130064693e-10,30.000000000150337,-10.539999999849663,-10.54,-1.7028266825676028,-0.31683006349747184,0.5770304576142347
10.55,-10.55,1.525388035469557e-10,30.00000000015254,-10.549999999847461,-10.55,-1.7027713593545768,-0.3171272579923813,0.5767454180252897
10.56,-10.56,1.547402857932641e-10,30.000000000154742,-10.55999999984526,-10.56,-1.702715984272169,-0.3174244428270421,0.5764603608676748
10.57,-10.57,1.569417680395725e-10,30.00000000015694,-10.56999999984306,-10.57,-1.7026605573220666,-0.31772161799240145,0.5761752861500731
10.58,-10.58,1.591432502858809e-10,30.000000000159144,-10.579999999840856,-10.58,-1.7026050785059574,-0.3180187834794076,0.5758901938811679
10.59,-10.59,1.6134473253218924e-10,30.000000000161346,-10.589999999838655,-10.59,-1.7025495478255321,-0.31831593927900614,0.5756050840696454
10.6,-10.6,1.6354621477849764e-10,30.000000000163546,-10.599999999836454,-10.6,-1.7024939652824818,-0.3186130853821475,0.575319956724189
10.61,-10.61,1.6574769702480604e-10,30.00000000016575,-10.609999999834251,-10.61,-1.7024383308784994,-0.31891022177977996,0.5750348118534838
10.62,-10.62,1.6794917927111444e-10,30.000000000167947,-10.61999999983205,-10.62,-1.7023826446152805,-0.31920734846285015,0.574749649466218
10.63,-10.63,1.701506615174232e-10,30.00000000017015,-10.62999999982985,-10.63,-1.7023269064945206,-0.31950446542230915,0.5744644695710759
10.64,-10.64,1.723521437637316e-10,30.000000000172353,-10.639999999827648,-10.64,-1.7022711165179178,-0.31980157264910564,0.5741792721767456
10.65,-10.65,1.7455362601003995e-10,30.000000000174552,-10.649999999825447,-10.65,-1.7022152746871717,-0.32009867013418913,0.5738940572919143
10.66,-10.66,1.7675510825634835e-10,30.000000000176755,-10.659999999823246,-10.66,-1.7021593810039832,-0.32039575786850955,0.5736088249252707
10.67,-10.67,1.7895659050265675e-10,30.000000000178957,-10.669999999821043,-10.67,-1.702103435470055,-0.32069283584301705,0.5733235750855028
10.68,-10.68,1.8115807274896515e-10,30.000000000181156,-10.679999999818842,-10.68,-1.702047438087091,-0.320989904048663,0.5730383077812993
10.69,-10.69,1.833595549952735e-10,30.00000000018336,-10.68999999981664,-10.69,-1.7019913888567977,-0.32128696247639577,0.5727530230213527
10.7,-10.7,1.855610372415819e-10,30.000000000185562,-10.699999999814438,-10.7,-1.7019352877808815,-0.3215840111171688,0.5724677208143503
10.71,-10.71,1.8776251948789066e-10,30.00000000018776,-10.709999999812238,-10.71,-1.701879134861052,-0.3218810499619334,0.5721824011689832
10.72,-10.72,1.8996400173419906e-10,30.000000000189964,-10.719999999810037,-10.72,-1.7018229300990197,-0.3221780790016391,0.5718970640939451
10.73,-10.73,1.9216548398050746e-10,30.000000000192166,-10.729999999807834,-10.73,-1.7017666734964967,-0.32247509822723996,0.5716117095979255
10.74,-10.74,1.9436696622681586e-10,30.000000000194365,-10.739999999805633,-10.74,-1.701710365055196,-0.3227721076296884,0.5713263376896166
10.75,-10.75,1.965684484731242e-10,30.000000000196568,-10.749999999803432,-10.75,-1.7016540047768338,-0.3230691071999347,0.5710409483777138
10.76,-10.76,1.987699307194326e-10,30.00000000019877,-10.759999999801229,-10.76,-1.7015975926631264,-0.32336609692893403,0.5707555416709085
10.77,-10.77,2.00971412965741e-10,30.00000000020097,-10.769999999799028,-10.77,-1.7015411287157922,-0.3236630768076395,0.5704701175778943
10.78,-10.78,2.0317289521204936e-10,30.000000000203173,-10.779999999796827,-10.78,-1.7014846129365513,-0.32396004682700313,0.5701846761073673
10.79,-10.79,2.0537437745835776e-10,30.000000000205375,-10.789999999794626,-10.79,-1.7014280453271253,-0.3242570069779786,0.5698992172680227
10.8,-10.8,2.0757585970466652e-10,30.000000000207574,-10.799999999792425,-10.8,-1.7013714258892372,-0.3245539572515224,0.569613741068554
10.81,-10.81,2.0977734195097492e-10,30.000000000209777,-10.809999999790223,-10.81,-1.7013147546246121,-0.32485089763858654,0.569328247517659
10.82,-10.82,2.1197882419728332e-10,30.00000000021198,-10.819999999788022,-10.82,-1.7012580315349761,-0.32514782813012577,0.5690427366240346
10.83,-10.83,2.1418030644359172e-10,30.00000000021418,-10.82999999978582,-10.83,-1.701201256622057,-0.3254447487170972,0.568757208396376
10.84,-10.84,2.1638178868990007e-10,30.00000000021638,-10.839999999783618,-10.84,-1.701144429887584,-0.325741659390454,0.5684716628433827
10.85,-10.85,2.1858327093620847e-10,30.000000000218584,-10.849999999781417,-10.85,-1.7010875513332886,-0.3260385601411517,0.568186099973753
10.86,-10.86,2.2078475318251687e-10,30.000000000220783,-10.859999999779214,-10.86,-1.7010306209609034,-0.3263354509601484,0.5679005197961838
10.87,-10.87,2.2298623542882527e-10,30.000000000222986,-10.869999999777013,-10.87,-1.7009736387721623,-0.32663233183839807,0.5676149223193757
10.88,-10.88,2.2518771767513403e-10,30.00000000022519,-10.879999999774814,-10.88,-1.7009166047688011,-0.326929202766858,0.5673293075520287
10.89,-10.89,2.2738919992144243e-10,30.000000000227388,-10.889999999772611,-10.89,-1.7008595189525577,-0.3272260637364841,0.5670436755028435
10.9,-10.9,2.2959068216775078e-10,30.00000000022959,-10.89999999977041,-10.9,-1.7008023813251703,-0.3275229147382358,0.566758026180519
10.91,-10.91,2.3179216441405918e-10,30.000000000231793,-10.909999999768209,-10.91,-1.7007451918883798,-0.3278197557630683,0.5664723595937583
10.92,-10.92,2.339936466603676e-10,30.000000000233992,-10.919999999766006,-10.92,-1.7006879506439285,-0.3281165868019393,0.5661866757512632
10.93,-10.93,2.36195128906676e-10,30.000000000236195,-10.929999999763805,-10.93,-1.7006306575935592,-0.328413407845809,0.5659009746617346
10.94,-10.94,2.3839661115298433e-10,30.000000000238398,-10.939999999761604,-10.94,-1.7005733127390181,-0.32871021888563345,0.5656152563338774
10.95,-10.95,2.4059809339929273e-10,30.000000000240597,-10.9499999997594,-10.95,-1.700515916082052,-0.32900701991237136,0.565329520776395
10.96,-10.96,2.427995756456015e-10,30.0000000002428,-10.959999999757201,-10.96,-1.7004584676244083,-0.3293038109169838,0.5650437679979887
10.97,-10.97,2.450010578919099e-10,30.000000000245002,-10.969999999755,-10.97,-1.700400967367838,-0.3296005918904278,0.564757998007366
10.98,-10.98,2.472025401382183e-10,30.0000000002472,-10.979999999752797,-10.98,-1.7003434153140924,-0.3298973628236636,0.5644722108132314
10.99,-10.99,2.494040223845267e-10,30.000000000249404,-10.989999999750596,-10.99,-1.7002858114649242,-0.3301941237076511,0.5641864064242893
11.0,-11.0,2.5160550463083504e-10,30.000000000251607,-10.999999999748395,-11.0,-1.7002281558220886,-0.33049087453335046,0.5639005848492469
11.01,-11.01,2.6655174785831247e-10,30.000000000266553,-11.009999999733449,-11.01,-1.7001704483873419,-0.33078761529172207,0.5636147460969523
11.02,-11.02,2.8149799108578995e-10,30.0000000002815,-11.019999999718502,-11.02,-1.7001126891624414,-0.3310843459737275,0.5633288901759699
11.03,-11.03,2.9644423431326737e-10,30.000000000296446,-11.029999999703556,-11.03,-1.7000548781491476,-0.3313810665703255,0.5630430170950099
11.04,-11.04,3.1139047754074485e-10,30.000000000311392,-11.03999999968861,-11.04,-1.6999970153492205,-0.33167777707247975,0.5627571268627781
11.05,-11.05,3.2633672076822497e-10,30.000000000326338,-11.049999999673664,-11.05,-1.6999391007644231,-0.3319744774711519,0.5624712194879834
11.06,-11.06,3.412829639957024e-10,30.000000000341284,-11.059999999658718,-11.06,-1.6998811343965197,-0.3322711677573017,0.562185294979337
11.07,-11.07,3.562292072231799e-10,30.00000000035623,-11.069999999643771,-11.07,-1.699823116247276,-0.33256784792189376,0.5618993533455464
11.08,-11.08,3.711754504506573e-10,30.000000000371177,-11.079999999628825,-11.08,-1.6997650463184588,-0.3328645179558905,0.5616133945953223
11.09,-11.09,3.861216936781348e-10,30.000000000386123,-11.089999999613879,-11.09,-1.699706924611838,-0.3331611778502528,0.5613274187373775
11.1,-11.1,4.010679369056122e-10,30.00000000040107,-11.099999999598932,-11.1,-1.6996487511291831,-0.333457827595946,0.5610414257804208
11.11,-11.11,4.1601418013308964e-10,30.000000000416016,-11.109999999583986,-11.11,-1.6995905258722668,-0.3337544671839337,0.5607554157331645
11.12,-11.12,4.309604233605671e-10,30.000000000430962,-11.119999999569039,-11.12,-1.6995322488428626,-0.3340510966051782,0.5604693886043219
11.13,-11.13,4.4590666658804724e-10,30.000000000445908,-11.129999999554094,-11.13,-1.6994739200427458,-0.3343477158506436,0.5601833444026066
11.14,-11.14,4.608529098155247e-10,30.000000000460854,-11.139999999539148,-11.14,-1.699415539473693,-0.33464432491129603,0.5598972831367299
11.15,-11.15,4.757991530430021e-10,30.0000000004758,-11.149999999524201,-11.15,-1.6993571071374824,-0.3349409237781001,0.5596112048154063
11.16,-11.16,4.907453962704796e-10,30.000000000490747,-11.159999999509255,-11.16,-1.6992986230358944,-0.33523751244201866,0.5593251094473518
11.17,-11.17,5.05691639497957e-10,30.000000000505693,-11.169999999494308,-11.17,-1.6992400871707103,-0.3355340908940195,0.5590389970412797
11.18,-11.18,5.206378827254344e-10,30.00000000052064,-11.179999999479362,-11.18,-1.6991814995437131,-0.3358306591250681,0.5587528676059051
11.19,-11.19,5.35584125952912e-10,30.000000000535586,-11.189999999464415,-11.19,-1.6991228601566881,-0.33612721712612836,0.5584667211499467
11.2,-11.2,5.505303691803894e-10,30.000000000550532,-11.199999999449469,-11.2,-1.6990641690114208,-0.3364237648881689,0.5581805576821182
11.21,-11.21,5.654766124078695e-10,30.00000000056548,-11.209999999434524,-11.21,-1.6990054261096992,-0.3367203024021563,0.5578943772111372
11.22,-11.22,5.80422855635347e-10,30.000000000580425,-11.219999999419578,-11.22,-1.6989466314533128,-0.33701682965905594,0.5576081797457222
11.23,-11.23,5.953690988628245e-10,30.00000000059537,-11.229999999404631,-11.23,-1.698887785044053,-0.33731334664983514,0.5573219652945919
11.24,-11.24,6.103153420903019e-10,30.000000000610314,-11.239999999389685,-11.24,-1.6988288868837114,-0.33760985336546373,0.5570357338664617
11.25,-11.25,6.252615853177793e-10,30.00000000062526,-11.249999999374738,-11.25,-1.698769936974083,-0.3379063497969074,0.5567494854700539
11.26,-11.26,6.402078285452567e-10,30.000000000640206,-11.259999999359792,-11.26,-1.6987109353169632,-0.33820283593513434,0.5564632201140877
11.27,-11.27,6.551540717727342e-10,30.000000000655152,-11.269999999344845,-11.27,-1.6986518819141494,-0.3384993117711152,0.5561769378072814
11.28,-11.28,6.701003150002116e-10,30.0000000006701,-11.279999999329899,-11.28,-1.6985927767674402,-0.33879577729581667,0.5558906385583571
11.29,-11.29,6.850465582276891e-10,30.000000000685045,-11.289999999314952,-11.29,-1.6985336198786365,-0.33909223250020787,0.5556043223760366
11.3,-11.3,6.999928014551692e-10,30.00000000069999,-11.299999999300008,-11.3,-1.6984744112495398,-0.3393886773752605,0.5553179892690391
11.31,-11.31,7.149390446826467e-10,30.000000000714937,-11.309999999285061,-11.31,-1.698415150881954,-0.3396851119119421,0.5550316392460892
11.32,-11.32,7.298852879101241e-10,30.000000000729884,-11.319999999270115,-11.32,-1.6983558387776845,-0.3399815361012235,0.554745272315909
11.33,-11.33,7.448315311376016e-10,30.00000000074483,-11.329999999255168,-11.33,-1.6982964749385376,-0.3402779499340751,0.5544588884872214
11.34,-11.34,7.597777743650791e-10,30.000000000759776,-11.339999999240222,-11.34,-1.6982370593663219,-0.3405743534014676,0.5541724877687502
11.35,-11.35,7.747240175925565e-10,30.000000000774723,-11.349999999225275,-11.35,-1.698177592062847,-0.340870746494372,0.5538860701692201
11.36,-11.36,7.896702608200339e-10,30.00000000078967,-11.359999999210329,-11.36,-1.6981180730299248,-0.34116712920375974,0.5535996356973552
11.37,-11.37,8.046165040475115e-10,30.000000000804615,-11.369999999195382,-11.37,-1.698058502269368,-0.34146350152060245,0.5533131843618813
11.38,-11.38,8.195627472749915e-10,30.00000000081956,-11.379999999180438,-11.38,-1.6979988797829915,-0.3417598634358721,0.5530267161715237
11.39,-11.39,8.34508990502469e-10,30.000000000834508,-11.389999999165491,-11.39,-1.6979392055726115,-0.3420562149405402,0.5527402311350101
11.4,-11.4,8.494552337299464e-10,30.000000000849454,-11.399999999150545,-11.4,-1.6978794796400452,-0.3423525560255818,0.5524537292610648
11.41,-11.41,8.644014769574239e-10,30.0000000008644,-11.409999999135598,-11.41,-1.6978197019871126,-0.3426488866819673,0.5521672105584172
11.42,-11.42,8.793477201849013e-10,30.000000000879346,-11.419999999120652,-11.42,-1.6977598726156344,-0.34294520690067093,0.5518806750357946
11.43,-11.43,8.942939634123788e-10,30.000000000894293,-11.429999999105705,-11.43,-1.6976999915274336,-0.3432415166726662,0.5515941227019259
11.44,-11.44,9.092402066398562e-10,30.00000000090924,-11.439999999090759,-11.44,-1.6976400587243332,-0.34353781598892696,0.551307553565539
11.45,-11.45,9.241864498673337e-10,30.000000000924185,-11.449999999075812,-11.45,-1.69758007420816,-0.34383410484042737,0.5510209676353637
11.46,-11.46,9.391326930948138e-10,30.00000000093913,-11.459999999060868,-11.46,-1.6975200379807405,-0.3441303832181421,0.5507343649201301
11.47,-11.47,9.540789363222912e-10,30.000000000954078,-11.469999999045921,-11.47,-1.6974599500439036,-0.3444266511130459,0.5504477454285683
11.48,-11.48,9.690251795497688e-10,30.000000000969024,-11.479999999030975,-11.48,-1.69739981039948,-0.3447229085161139,0.5501611091694095
11.49,-11.49,9.83971422777246e-10,30.00000000098397,-11.489999999016028,-11.49,-1.6973396190493013,-0.34501915541832245,0.5498744561513845
11.5,-11.5,9.989176660047237e-10,30.000000000998917,-11.499999999001082,-11.5,-1.6972793759952016,-0.345315391810645,0.549587786383227
11.51,-11.51,1.013863909232201e-09,30.000000001013863,-11.509999998986135,-11.51,-1.697219081239015,-0.34561161768405996,0.5493010998736675
11.52,-11.52,1.0288101524596786e-09,30.00000000102881,-11.519999998971189,-11.52,-1.6971587347825792,-0.3459078330295438,0.5490143966314391
11.53,-11.53,1.043756395687156e-09,30.000000001043755,-11.529999998956242,-11.53,-1.6970983366277321,-0.34620403783807097,0.5487276766652773
11.54,-11.54,1.0587026389146334e-09,30.0000000010587,-11.539999998941296,-11.54,-1.6970378867763134,-0.34650023210062086,0.5484409399839142
11.55,-11.55,1.0736488821421135e-09,30.000000001073648,-11.549999998926351,-11.55,-1.6969773852301644,-0.3467964158081709,0.5481541865960837
11.56,-11.56,1.088595125369591e-09,30.000000001088594,-11.559999998911405,-11.56,-1.6969168319911285,-0.34709258895169726,0.5478674165105228
11.57,-11.57,1.1035413685970684e-09,30.00000000110354,-11.569999998896458,-11.57,-1.69685622706105,-0.347388751522178,0.5475806297359668
11.58,-11.58,1.118487611824546e-09,30.000000001118487,-11.579999998881512,-11.58,-1.696795570441775,-0.3476849035105937,0.5472938262811493
11.59,-11.59,1.1334338550520232e-09,30.000000001133433,-11.589999998866565,-11.59,-1.6967348621351515,-0.3479810449079209,0.5470070061548099
11.6,-11.6,1.1483800982795009e-09,30.00000000114838,-11.599999998851619,-11.6,-1.6966741021430285,-0.3482771757051386,0.5467201693656848
11.61,-11.61,1.163326341506978e-09,30.000000001163325,-11.609999998836672,-11.61,-1.6966132904672564,-0.3485732958932284,0.5464333159225093
11.62,-11.62,1.1782725847344557e-09,30.00000000117827,-11.619999998821728,-11.62,-1.6965524271096888,-0.3488694054631676,0.5461464458340245
11.63,-11.63,1.1932188279619358e-09,30.000000001193218,-11.629999998806783,-11.63,-1.6964915120721789,-0.3491655044059363,0.5458595591089678
11.64,-11.64,1.208165071189413e-09,30.000000001208164,-11.639999998791836,-11.64,-1.6964305453565822,-0.3494615927125162,0.5455726557560778
11.65,-11.65,1.2231113144168907e-09,30.00000000122311,-11.64999999877689,-11.65,-1.696369526964756,-0.3497576703738881,0.5452857357840935
11.66,-11.66,1.2380575576443683e-09,30.000000001238057,-11.659999998761943,-11.66,-1.6963084568985594,-0.3500537373810313,0.5449987992017569
11.67,-11.67,1.2530038008718456e-09,30.000000001253003,-11.669999998746997,-11.67,-1.6962473351598524,-0.3503497937249272,0.5447118460178079
11.68,-11.68,1.2679500440993232e-09,30.00000000126795,-11.67999999873205,-11.68,-1.6961861617504965,-0.3506458393965596,0.5444248762409862
11.69,-11.69,1.2828962873268004e-09,30.000000001282896,-11.689999998717104,-11.69,-1.6961249366723559,-0.35094187438690816,0.544137889880035
11.7,-11.7,1.297842530554278e-09,30.000000001297842,-11.699999998702157,-11.7,-1.6960636599272954,-0.3512378986869552,0.5438508869436968
11.71,-11.71,1.3127887737817582e-09,30.000000001312788,-11.709999998687213,-11.71,-1.6960023315171808,-0.3515339122876855,0.5435638674407116
11.72,-11.72,1.3277350170092354e-09,30.000000001327734,-11.719999998672266,-11.72,-1.6959409514438815,-0.3518299151800798,0.543276831379825
11.73,-11.73,1.342681260236713e-09,30.00000000134268,-11.72999999865732,-11.73,-1.6958795197092664,-0.35212590735512117,0.5429897787697807
11.74,-11.74,1.3576275034641902e-09,30.000000001357627,-11.739999998642373,-11.74,-1.6958180363152071,-0.35242188880379566,0.5427027096193207
11.75,-11.75,1.3725737466916679e-09,30.000000001372573,-11.749999998627427,-11.75,-1.6957565012635765,-0.3527178595170847,0.5424156239371912
11.76,-11.76,1.3875199899191455e-09,30.00000000138752,-11.75999999861248,-11.76,-1.6956949145562488,-0.3530138194859734,0.542128521732137
11.77,-11.77,1.4024662331466227e-09,30.000000001402466,-11.769999998597534,-11.77,-1.6956332761951007,-0.3533097687014462,0.541841403012904
11.78,-11.78,1.4174124763741004e-09,30.000000001417412,-11.779999998582587,-11.78,-1.695571586182009,-0.353605707154488,0.5415542677882381
11.79,-11.79,1.4323587196015776e-09,30.00000000143236,-11.789999998567641,-11.79,-1.6955098445188534,-0.35390163483608406,0.5412671160668856
11.8,-11.8,1.4473049628290577e-09,30.000000001447304,-11.799999998552696,-11.8,-1.6954480512075145,-0.35419755173721984,0.5409799478575942
11.81,-11.81,1.4622512060565353e-09,30.00000000146225,-11.80999999853775,-11.81,-1.6953862062498748,-0.3544934578488812,0.5406927631691112
11.82,-11.82,1.4771974492840126e-09,30.000000001477197,-11.819999998522803,-11.82,-1.695324309647818,-0.3547893531620544,0.5404055620101851
11.83,-11.83,1.4921436925114902e-09,30.000000001492143,-11.829999998507857,-11.83,-1.6952623614032296,-0.35508523766772654,0.5401183443895634
11.84,-11.84,1.5070899357389674e-09,30.00000000150709,-11.83999999849291,-11.84,-1.6952003615179967,-0.3553811113568824,0.5398311103159974
11.85,-11.85,1.522036178966445e-09,30.000000001522036,-11.849999998477964,-11.85,-1.695138309994008,-0.3556769742205113,0.5395438597982349
11.86,-11.86,1.5369824221939227e-09,30.000000001536982,-11.859999998463017,-11.86,-1.6950762068331533,-0.35597282624960075,0.5392565928450259
11.87,-11.87,1.5519286654214e-09,30.00000000155193,-11.86999999844807,-11.87,-1.6950140520373251,-0.35626866743513635,0.5389693094651236
11.88,-11.88,1.56687490864888e-09,30.000000001566875,-11.879999998433126,-11.88,-1.6949518456084163,-0.35656449776810856,0.538682009667276
11.89,-11.89,1.5818211518763577e-09,30.00000000158182,-11.88999999841818,-11.89,-1.6948895875483214,-0.356860317239505,0.5383946934602363
11.9,-11.9,1.5967673951038349e-09,30.000000001596767,-11.899999998403233,-11.9,-1.6948272778589377,-0.35715612584031453,0.538107360852757
11.91,-11.91,1.6117136383313125e-09,30.000000001611713,-11.909999998388287,-11.91,-1.694764916542163,-0.3574519235615264,0.5378200118535895
11.92,-11.92,1.6266598815587897e-09,30.00000000162666,-11.91999999837334,-11.92,-1.6947025035998964,-0.35774771039413,0.5375326464714879
11.93,-11.93,1.6416061247862674e-09,30.000000001641606,-11.929999998358394,-11.93,-1.6946400390340397,-0.358043486329116,0.5372452647152052
11.94,-11.94,1.6565523680137446e-09,30.000000001656552,-11.939999998343447,-11.94,-1.6945775228464959,-0.35833925135747213,0.536957866593497
11.95,-11.95,1.6714986112412222e-09,30.0000000016715,-11.9499999983285,-11.95,-1.6945149550391687,-0.3586350054701913,0.5366704521151165
11.96,-11.96,1.6864448544687023e-09,30.000000001686445,-11.959999998313556,-11.96,-1.6944523356139638,-0.3589307486582642,0.5363830212888181
11.97,-11.97,1.70139109769618e-09,30.00000000170139,-11.96999999829861,-11.97,-1.6943896645727898,-0.3592264809126798,0.5360955741233603
11.98,-11.98,1.7163373409236572e-09,30.000000001716337,-11.979999998283663,-11.98,-1.6943269419175553,-0.35952220222443176,0.5358081106274969
11.99,-11.99,1.7312835841511348e-09,30.000000001731284,-11.989999998268717,-11.99,-1.6942641676501702,-0.35981791258451196,0.5355206308099842
12.0,-12.0,1.746229827378612e-09,30.00000000174623,-11.99999999825377,-12.0,-1.6942013417725477,-0.36011361198391106,0.5352331346795812
12.01,-12.01,1.836513278146837e-09,30.000000001836515,-12.009999998163487,-12.01,-1.6941384642866013,-0.36040930041362146,0.5349456222458968
12.02,-12.02,1.9267967289150618e-09,30.000000001926797,-12.019999998073203,-12.02,-1.6940755351942458,-0.3607049778646383,0.5346580935168354
12.03,-12.03,2.017080179683287e-09,30.00000000201708,-12.02999999798292,-12.03,-1.694012554497399,-0.3610006443279524,0.5343705485011584
12.04,-12.04,2.107363630451512e-09,30.000000002107363,-12.039999997892636,-12.04,-1.693949522197979,-0.3612962997945574,0.5340829872076246
12.05,-12.05,2.1976470812197526e-09,30.00000000219765,-12.049999997802354,-12.05,-1.6938864382979053,-0.36159194425544916,0.5337954096449914
12.06,-12.06,2.2879305319879777e-09,30.00000000228793,-12.05999999771207,-12.06,-1.6938233027991008,-0.3618875777016198,0.5335078158220214
12.07,-12.07,2.3782139827562028e-09,30.000000002378215,-12.069999997621787,-12.07,-1.6937601157034878,-0.36218320012406363,0.533220205747475
12.08,-12.08,2.4684974335244274e-09,30.000000002468497,-12.079999997531502,-12.08,-1.693696877012991,-0.3624788115137778,0.5329325794301111
12.09,-12.09,2.5587808842926525e-09,30.00000000255878,-12.089999997441218,-12.09,-1.6936335867295373,-0.36277441186175524,0.5326449368786935
12.1,-12.1,2.6490643350608775e-09,30.000000002649063,-12.099999997350935,-12.1,-1.6935702448550545,-0.36307000115899213,0.5323572781019836
12.11,-12.11,2.739347785829102e-09,30.00000000273935,-12.109999997260651,-12.11,-1.693506851391472,-0.3633655793964844,0.5320696031087441
12.12,-12.12,2.8296312365973276e-09,30.00000000282963,-12.119999997170368,-12.12,-1.6934434063407207,-0.36366114656522813,0.5317819119077379
12.13,-12.13,2.919914687365568e-09,30.000000002919915,-12.129999997080086,-12.13,-1.6933799097047335,-0.36395670265621993,0.5314942045077286
12.14,-12.14,3.0101981381337935e-09,30.000000003010197,-12.139999996989802,-12.14,-1.6933163614854447,-0.36425224766045583,0.531206480917481
12.15,-12.15,3.100481588902018e-09,30.00000000310048,-12.149999996899519,-12.15,-1.6932527616847899,-0.36454778156893525,0.5309187411457579
12.16,-12.16,3.190765039670243e-09,30.000000003190767,-12.159999996809235,-12.16,-1.6931891103047063,-0.36484330437265344,0.5306309852013259
12.17,-12.17,3.2810484904384682e-09,30.00000000328105,-12.169999996718952,-12.17,-1.6931254073471333,-0.3651388160626084,0.5303432130929506
12.18,-12.18,3.371331941206693e-09,30.000000003371333,-12.179999996628668,-12.18,-1.6930616528140108,-0.36543431662980047,0.5300554248293964
12.19,-12.19,3.461615391974918e-09,30.000000003461615,-12.189999996538385,-12.19,-1.6929978467072815,-0.3657298060652259,0.5297676204194314
12.2,-12.2,3.551898842743143e-09,30.0000000035519,-12.199999996448101,-12.2,-1.6929339890288886,-0.3660252843598844,0.5294797998718225
12.21,-12.21,3.6421822935113838e-09,30.00000000364218,-12.20999999635782,-12.21,-1.6928700797807776,-0.36632075150477517,0.5291919631953366
12.22,-12.22,3.732465744279609e-09,30.000000003732467,-12.219999996267536,-12.22,-1.692806118964895,-0.3666162074908978,0.5289041103987419
12.23,-12.23,3.8227491950478335e-09,30.00000000382275,-12.229999996177252,-12.23,-1.6927421065831896,-0.36691165230925205,0.5286162414908071
12.24,-12.24,3.913032645816059e-09,30.000000003913033,-12.239999996086967,-12.24,-1.6926780426376107,-0.3672070859508383,0.5283283564803013
12.25,-12.25,4.0033160965842836e-09,30.000000004003315,-12.249999995996683,-12.25,-1.6926139271301104,-0.36750250840665705,0.5280404553759935
12.26,-12.26,4.093599547352508e-09,30.0000000040936,-12.2599999959064,-12.26,-1.6925497600626414,-0.36779791966770925,0.5277525381866539
12.27,-12.27,4.183882998120734e-09,30.00000000418388,-12.269999995816116,-12.27,-1.6924855414371582,-0.3680933197249969,0.5274646049210524
12.28,-12.28,4.274166448888958e-09,30.000000004274167,-12.279999995725833,-12.28,-1.6924212712556177,-0.36838870856951933,0.5271766555879619
12.29,-12.29,4.364449899657183e-09,30.00000000436445,-12.289999995635549,-12.29,-1.692356949519977,-0.36868408619228077,0.5268886901961518
12.3,-12.3,4.454733350425424e-09,30.000000004454733,-12.299999995545267,-12.3,-1.6922925762321956,-0.36897945258428355,0.5266007087543937
12.31,-12.31,4.545016801193649e-09,30.000000004545015,-12.309999995454984,-12.31,-1.692228151394235,-0.3692748077365279,0.5263127112714626
12.32,-12.32,4.635300251961874e-09,30.0000000046353,-12.3199999953647,-12.32,-1.6921636750080569,-0.3695701516400191,0.5260246977561295
12.33,-12.33,4.725583702730099e-09,30.000000004725585,-12.329999995274417,-12.33,-1.6920991470756255,-0.3698654842857605,0.5257366682171669
12.34,-12.34,4.8158671534983236e-09,30.000000004815867,-12.339999995184133,-12.34,-1.692034567598907,-0.37016080566475346,0.5254486226633516
12.35,-12.35,4.906150604266549e-09,30.000000004906152,-12.34999999509385,-12.35,-1.691969936579868,-0.3704561157680043,0.5251605611034554
12.36,-12.36,4.9964340550347745e-09,30.000000004996433,-12.359999995003566,-12.36,-1.6919052540204773,-0.3707514145865173,0.5248724835462534
12.37,-12.37,5.086717505802998e-09,30.00000000508672,-12.369999994913282,-12.37,-1.6918405199227056,-0.3710467021112956,0.524584390000522
12.38,-12.38,5.17700095657124e-09,30.000000005177,-12.379999994823,-12.38,-1.691775734288525,-0.3713419783333443,0.5242962804750377
12.39,-12.39,5.267284407339464e-09,30.000000005267285,-12.389999994732715,-12.39,-1.6917108971199082,-0.37163724324367026,0.5240081549785749
12.4,-12.4,5.35756785810769e-09,30.000000005357567,-12.399999994642432,-12.4,-1.6916460084188305,-0.37193249683327917,0.5237200135199102
12.41,-12.41,5.447851308875915e-09,30.000000005447852,-12.409999994552148,-12.41,-1.6915810681872694,-0.3722277390931748,0.523431856107824
12.42,-12.42,5.53813475964414e-09,30.000000005538134,-12.419999994461865,-12.42,-1.691516076427202,-0.37252297001436596,0.5231436827510906
12.43,-12.43,5.628418210412364e-09,30.00000000562842,-12.429999994371581,-12.43,-1.691451033140608,-0.3728181895878593,0.5228554934584891
12.44,-12.44,5.718701661180589e-09,30.0000000057187,-12.439999994281298,-12.44,-1.6913859383294698,-0.37311339780465963,0.5225672882388004
12.45,-12.45,5.8089851119488145e-09,30.000000005808985,-12.449999994191014,-12.45,-1.6913207919957696,-0.3734085946557767,0.5222790671008013
12.46,-12.46,5.899268562717056e-09,30.000000005899267,-12.459999994100732,-12.46,-1.6912555941414917,-0.37370378013221833,0.5219908300532714
12.47,-12.47,5.98955201348528e-09,30.000000005989552,-12.469999994010449,-12.47,-1.6911903447686227,-0.373998954224991,0.5217025771049931
12.48,-12.48,6.079835464253505e-09,30.000000006079837,-12.479999993920165,-12.48,-1.6911250438791499,-0.3742941169251034,0.521414308264746
12.49,-12.49,6.1701189150217305e-09,30.00000000617012,-12.489999993829882,-12.49,-1.6910596914750622,-0.3745892682235665,0.5211260235413102
12.5,-12.5,6.260402365789955e-09,30.000000006260404,-12.499999993739598,-12.5,-1.6909942875583508,-0.3748844081113872,0.5208377229434685
12.51,-12.51,6.35068581655818e-09,30.000000006350685,-12.509999993649314,-12.51,-1.690928832131008,-0.3751795365795751,0.5205494064800037
12.52,-12.52,6.440969267326405e-09,30.00000000644097,-12.519999993559031,-12.52,-1.6908633251950274,-0.3754746536191423,0.520261074159696
12.53,-12.53,6.53125271809463e-09,30.000000006531252,-12.529999993468747,-12.53,-1.6907977667524046,-0.37576975922109673,0.519972725991331
12.54,-12.54,6.6215361688628545e-09,30.000000006621537,-12.539999993378464,-12.54,-1.6907321568051366,-0.3760648533764498,0.519684361983691
12.55,-12.55,6.711819619631096e-09,30.00000000671182,-12.54999999328818,-12.55,-1.690666495355222,-0.3763599360762123,0.5193959821455605
12.56,-12.56,6.802103070399321e-09,30.000000006802104,-12.559999993197897,-12.56,-1.6906007824046612,-0.37665500731139556,0.519107586485724
12.57,-12.57,6.892386521167546e-09,30.000000006892385,-12.569999993107613,-12.57,-1.6905350179554555,-0.37695006707301126,0.5188191750129661
12.58,-12.58,6.9826699719357705e-09,30.00000000698267,-12.57999999301733,-12.58,-1.6904692020096084,-0.3772451153520713,0.518530747736073
12.59,-12.59,7.072953422703996e-09,30.000000007072952,-12.589999992927046,-12.59,-1.6904033345691247,-0.37754015213958797,0.5182423046638303
12.6,-12.6,7.1632368734722206e-09,30.000000007163237,-12.599999992836763,-12.6,-1.6903374156360111,-0.37783517742657396,0.5179538458050247
12.61,-12.61,7.253520324240445e-09,30.00000000725352,-12.609999992746479,-12.61,-1.6902714452122751,-0.37813019120404306,0.5176653711684422
12.62,-12.62,7.343803775008671e-09,30.000000007343804,-12.619999992656195,-12.62,-1.690205423299927,-0.3784251934630064,0.5173768807628724
12.63,-12.63,7.434087225776911e-09,30.00000000743409,-12.629999992565914,-12.63,-1.6901393499009774,-0.3787201841944799,0.5170883745971012
12.64,-12.64,7.524370676545137e-09,30.00000000752437,-12.63999999247563,-12.64,-1.6900732250174393,-0.3790151633894769,0.5167998526799179
12.65,-12.65,7.614654127313361e-09,30.000000007614656,-12.649999992385347,-12.65,-1.6900070486513266,-0.3793101310390118,0.5165113150201108
12.66,-12.66,7.704937578081585e-09,30.000000007704937,-12.659999992295063,-12.66,-1.6899408208046554,-0.3796050871340994,0.5162227616264699
12.67,-12.67,7.795221028849812e-09,30.000000007795222,-12.66999999220478,-12.67,-1.6898745414794432,-0.3799000316657548,0.5159341925077846
12.68,-12.68,7.885504479618036e-09,30.000000007885504,-12.679999992114496,-12.68,-1.6898082106777086,-0.38019496462499347,0.5156456076728451
12.69,-12.69,7.97578793038626e-09,30.00000000797579,-12.689999992024212,-12.69,-1.6897418284014727,-0.3804898860028313,0.515357007130443
12.7,-12.7,8.066071381154487e-09,30.00000000806607,-12.699999991933927,-12.7,-1.6896753946527572,-0.3807847957902844,0.5150683908893688
12.71,-12.71,8.156354831922727e-09,30.000000008156356,-12.709999991843645,-12.71,-1.689608909433586,-0.38107969397837005,0.5147797589584138
12.72,-12.72,8.246638282690951e-09,30.000000008246637,-12.719999991753362,-12.72,-1.6895423727459844,-0.38137458055810297,0.5144911113463724
12.73,-12.73,8.336921733459177e-09,30.000000008336922,-12.729999991663078,-12.73,-1.689475784591979,-0.3816694555205026,0.514202448062035
12.74,-12.74,8.427205184227402e-09,30.000000008427204,-12.739999991572795,-12.74,-1.689409144973598,-0.3819643188565865,0.5139137691141946
12.75,-12.75,8.517488634995626e-09,30.00000000851749,-12.749999991482511,-12.75,-1.6893424538928723,-0.3822591705573704,0.513625074511648
12.76,-12.76,8.607772085763851e-09,30.00000000860777,-12.759999991392228,-12.76,-1.6892757113518322,-0.3825540106138749,0.513336364263186
12.77,-12.77,8.698055536532077e-09,30.000000008698056,-12.769999991301944,-12.77,-1.6892089173525116,-0.3828488390171186,0.5130476383776038
12.78,-12.78,8.7883389873003e-09,30.00000000878834,-12.77999999121166,-12.78,-1.689142071896945,-0.38314365575811826,0.5127588968636989
12.79,-12.79,8.878622438068526e-09,30.000000008878622,-12.789999991121377,-12.79,-1.6890751749871684,-0.3834384608278955,0.5124701397302639
12.8,-12.8,8.968905888836768e-09,30.000000008968907,-12.799999991031095,-12.8,-1.6890082266252198,-0.3837332542174701,0.5121813669860957
12.81,-12.81,9.059189339604992e-09,30.00000000905919,-12.809999990940812,-12.81,-1.6889412268131387,-0.3840280359178606,0.5118925786399919
12.82,-12.82,9.149472790373217e-09,30.000000009149474,-12.819999990850528,-12.82,-1.688874175552966,-0.3843228059200874,0.5116037747007491
12.83,-12.83,9.239756241141443e-09,30.000000009239756,-12.829999990760244,-12.83,-1.6888070728467437,-0.3846175642151736,0.5113149551771634
12.84,-12.84,9.330039691909667e-09,30.00000000933004,-12.839999990669961,-12.84,-1.6887399186965162,-0.3849123107941381,0.511026120078034
12.85,-12.85,9.42032314267789e-09,30.000000009420322,-12.849999990579677,-12.85,-1.6886727131043295,-0.3852070456480024,0.5107372694121605
12.86,-12.86,9.510606593446118e-09,30.000000009510607,-12.859999990489392,-12.86,-1.6886054560722303,-0.3855017687677906,0.5104484031883386
12.87,-12.87,9.600890044214341e-09,30.00000000960089,-12.869999990399108,-12.87,-1.6885381476022674,-0.38579648014452256,0.5101595214153704
12.88,-12.88,9.691173494982582e-09,30.000000009691174,-12.879999990308827,-12.88,-1.6884707876964915,-0.386091179769221,0.5098706241020552
12.89,-12.89,9.781456945750809e-09,30.000000009781456,-12.889999990218543,-12.89,-1.6884033763569544,-0.38638586763291044,0.5095817112571924
12.9,-12.9,9.871740396519033e-09,30.00000000987174,-12.89999999012826,-12.9,-1.6883359135857088,-0.3866805437266139,0.5092927828895825
12.91,-12.91,9.962023847287257e-09,30.000000009962022,-12.909999990037976,-12.91,-1.6882683993848107,-0.3869752080413538,0.5090038390080283
12.92,-12.92,1.0052307298055484e-08,30.000000010052307,-12.919999989947692,-12.92,-1.6882008337563166,-0.387269860568154,0.5087148796213317
12.93,-12.93,1.0142590748823707e-08,30.00000001014259,-12.929999989857409,-12.93,-1.688133216702284,-0.38756450129804115,0.5084259047382924
12.94,-12.94,1.0232874199591931e-08,30.000000010232874,-12.939999989767125,-12.94,-1.6880655482247733,-0.38785913022203783,0.5081369143677154
12.95,-12.95,1.0323157650360158e-08,30.00000001032316,-12.949999989676842,-12.95,-1.6879978283258454,-0.3881537473311689,0.5078479085184038
12.96,-12.96,1.0413441101128399e-08,30.00000001041344,-12.95999998958656,-12.96,-1.6879300570075633,-0.3884483526164623,0.507558887199159
12.97,-12.97,1.0503724551896623e-08,30.000000010503726,-12.969999989496277,-12.97,-1.6878622342719918,-0.3887429460689415,0.5072698504187877
12.98,-12.98,1.059400800266485e-08,30.000000010594007,-12.979999989405993,-12.98,-1.6877943601211964,-0.38903752767963257,0.506980798186094
12.99,-12.99,1.0684291453433074e-08,30.000000010684293,-12.98999998931571,-12.99,-1.6877264345572445,-0.38933209743956443,0.5066917305098809
13.0,-13.0,1.0774574904201299e-08,30.000000010774574,-12.999999989225426,-13.0,-1.687658457582206,-0.3896266553397617,0.5064026473989561
13.01,-13.01,1.1269173611624396e-08,30.000000011269172,-13.009999988730826,-13.01,-1.6875904291981507,-0.3899212013712523,0.5061135488667573
13.02,-13.02,1.1763772319047492e-08,30.000000011763774,-13.019999988236227,-13.02,-1.6875223494071516,-0.39021573552506394,0.5058244349174595
13.03,-13.03,1.2258371026470589e-08,30.000000012258372,-13.029999987741629,-13.03,-1.6874542182112824,-0.3905102577922246,0.5055353055598698
13.04,-13.04,1.2752969733893686e-08,30.00000001275297,-13.039999987247029,-13.04,-1.687386035612618,-0.39080476816376253,0.505246160802796
13.05,-13.05,1.3247568441316871e-08,30.00000001324757,-13.049999986752432,-13.05,-1.6873178016132357,-0.3910992666307072,0.5049570006550447
13.06,-13.06,1.3742167148739967e-08,30.000000013742167,-13.059999986257834,-13.06,-1.6872495162152144,-0.3913937531840855,0.5046678251254264
13.07,-13.07,1.4236765856163064e-08,30.000000014236765,-13.069999985763234,-13.07,-1.6871811794206335,-0.391688227814929,0.504378634222748
13.08,-13.08,1.4731364563586161e-08,30.000000014731363,-13.079999985268635,-13.08,-1.6871127912315749,-0.39198269051426765,0.5040894279558182
13.09,-13.09,1.522596327100926e-08,30.000000015225964,-13.089999984774037,-13.09,-1.6870443516501221,-0.3922771412731292,0.5038002063334497
13.1,-13.1,1.5720561978432356e-08,30.000000015720563,-13.099999984279437,-13.1,-1.6869758606783598,-0.3925715800825464,0.5035109693644501
13.11,-13.11,1.621516068585545e-08,30.00000001621516,-13.109999983784839,-13.11,-1.6869073183183738,-0.3928660069335503,0.5032217170576302
13.12,-13.12,1.6709759393278547e-08,30.00000001670976,-13.11999998329024,-13.12,-1.686838724572253,-0.3931604218171697,0.5029324494218029
13.13,-13.13,1.7204358100701733e-08,30.000000017204357,-13.129999982795642,-13.13,-1.686770079442086,-0.3934548247244386,0.5026431664657781
13.14,-13.14,1.769895680812483e-08,30.000000017698955,-13.139999982301044,-13.14,-1.6867013829299642,-0.39374921564638826,0.5023538681983684
13.15,-13.15,1.8193555515547925e-08,30.000000018193557,-13.149999981806445,-13.15,-1.6866326350379799,-0.3940435945740516,0.5020645546283855
13.16,-13.16,1.8688154222971025e-08,30.000000018688155,-13.159999981311845,-13.16,-1.6865638357682282,-0.3943379614984592,0.5017752257646445
13.17,-13.17,1.918275293039412e-08,30.000000019182753,-13.169999980817247,-13.17,-1.6864949851228042,-0.3946323164106463,0.5014858816159574
13.18,-13.18,1.9677351637817216e-08,30.00000001967735,-13.179999980322648,-13.18,-1.6864260831038047,-0.3949266593016464,0.5011965221911372
13.19,-13.19,2.0171950345240314e-08,30.00000002017195,-13.189999979828048,-13.19,-1.6863571297133297,-0.39522099016249107,0.5009071474990008
13.2,-13.2,2.0666549052663407e-08,30.000000020666548,-13.19999997933345,-13.2,-1.6862881249534787,-0.3955153089842166,0.500617757548361
13.21,-13.21,2.1161147760086594e-08,30.00000002116115,-13.209999978838853,-13.21,-1.686219068826354,-0.3958096157578577,0.5003283523480333
13.22,-13.22,2.165574646750969e-08,30.000000021655747,-13.219999978344255,-13.22,-1.6861499613340598,-0.39610391047444693,0.5000389319068352
13.23,-13.23,2.215034517493279e-08,30.000000022150346,-13.229999977849655,-13.23,-1.6860808024787002,-0.39639819312502184,0.49974949623358095
13.24,-13.24,2.2644943882355882e-08,30.000000022644944,-13.239999977355057,-13.24,-1.6860115922623822,-0.396692463700618,0.4994600453370873
13.25,-13.25,2.3139542589778983e-08,30.000000023139542,-13.249999976860458,-13.25,-1.6859423306872146,-0.39698672219227,0.499170579226173
13.26,-13.26,2.3634141297202077e-08,30.00000002363414,-13.259999976365858,-13.26,-1.685873017755307,-0.3972809685910142,0.49888109790965546
13.27,-13.27,2.4128740004625174e-08,30.00000002412874,-13.26999997587126,-13.27,-1.6858036534687701,-0.39757520288788956,0.4985916013963508
13.28,-13.28,2.462333871204827e-08,30.00000002462334,-13.279999975376661,-13.28,-1.6857342378297178,-0.3978694250739309,0.4983020896950796
13.29,-13.29,2.511793741947137e-08,30.000000025117938,-13.289999974882061,-13.29,-1.6856647708402643,-0.39816363514017583,0.49801256281466105
13.3,-13.3,2.5612536126894552e-08,30.000000025612536,-13.299999974387465,-13.3,-1.6855952525025253,-0.39845783307766436,0.49772302076391234
13.31,-13.31,2.6107134834317652e-08,30.000000026107134,-13.309999973892866,-13.31,-1.685525682818619,-0.39875201887743245,0.4974334635516556
13.32,-13.32,2.6601733541740746e-08,30.000000026601732,-13.319999973398266,-13.32,-1.6854560617906644,-0.3990461925305187,0.4971438911867112
13.33,-13.33,2.709633224916384e-08,30.00000002709633,-13.329999972903668,-13.33,-1.6853863894207821,-0.3993403540279643,0.49685430367789807
13.34,-13.34,2.759093095658694e-08,30.000000027590932,-13.33999997240907,-13.34,-1.6853166657110945,-0.3996345033608064,0.49656470103403955
13.35,-13.35,2.8085529664010035e-08,30.00000002808553,-13.34999997191447,-13.35,-1.685246890663726,-0.3999286405200854,0.4962750832639569
13.36,-13.36,2.8580128371433135e-08,30.00000002858013,-13.359999971419871,-13.36,-1.6851770642808013,-0.4002227654968414,0.4959854503764722
13.37,-13.37,2.907472707885623e-08,30.000000029074727,-13.369999970925273,-13.37,-1.6851071865644478,-0.40051687828211474,0.4956958023804078
13.38,-13.38,2.9569325786279416e-08,30.000000029569325,-13.379999970430674,-13.38,-1.6850372575167945,-0.4008109788669464,0.4954061392845879
13.39,-13.39,3.006392449370251e-08,30.000000030063923,-13.389999969936076,-13.39,-1.684967277139971,-0.40110506724237666,0.4951164610978358
13.4,-13.4,3.055852320112561e-08,30.000000030558525,-13.399999969441478,-13.4,-1.684897245436109,-0.4013991433994494,0.49482676782897395
13.41,-13.41,3.1053121908548704e-08,30.000000031053123,-13.409999968946877,-13.41,-1.684827162407342,-0.40169320732920427,0.4945370594868289
13.42,-13.42,3.1547720615971805e-08,30.00000003154772,-13.419999968452279,-13.42,-1.6847570280558053,-0.40198725902268356,0.49424733608022614
13.43,-13.43,3.20423193233949e-08,30.00000003204232,-13.42999996795768,-13.43,-1.6846868423836343,-0.40228129847093225,0.49395759761798846
13.44,-13.44,3.253691803081799e-08,30.000000032536917,-13.439999967463082,-13.44,-1.6846166053929676,-0.40257532566499116,0.49366784410894404
13.45,-13.45,3.303151673824109e-08,30.000000033031515,-13.449999966968482,-13.45,-1.684546317085945,-0.40286934059590435,0.4933780755619187
13.46,-13.46,3.352611544566428e-08,30.000000033526117,-13.459999966473886,-13.46,-1.684475977464707,-0.40316334325471564,0.49308829198573917
13.47,-13.47,3.4020714153087374e-08,30.000000034020715,-13.469999965979287,-13.47,-1.6844055865313965,-0.4034573336324692,0.49279849338923304
13.48,-13.48,3.451531286051047e-08,30.000000034515313,-13.479999965484687,-13.48,-1.6843351442881578,-0.40375131172020967,0.4925086797812277
13.49,-13.49,3.500991156793357e-08,30.00000003500991,-13.489999964990089,-13.49,-1.6842646507371366,-0.4040452775089826,0.49221885117055086
13.5,-13.5,3.550451027535666e-08,30.00000003550451,-13.49999996449549,-13.5,-1.6841941058804808,-0.4043392309898311,0.49192900756603325
13.51,-13.51,3.599910898277976e-08,30.000000035999108,-13.50999996400089,-13.51,-1.6841235097203382,-0.40463317215380307,0.4916391489765018
13.52,-13.52,3.6493707690202856e-08,30.00000003649371,-13.519999963506292,-13.52,-1.6840528622588602,-0.4049271009919445,0.49134927541078655
13.53,-13.53,3.698830639762596e-08,30.000000036988308,-13.529999963011694,-13.53,-1.6839821634981986,-0.4052210174952996,0.4910593868777193
13.54,-13.54,3.748290510504905e-08,30.000000037482906,-13.539999962517093,-13.54,-1.683911413440507,-0.4055149216549174,0.49076948338612836
13.55,-13.55,3.797750381247224e-08,30.000000037977504,-13.549999962022497,-13.55,-1.6838406120879401,-0.40580881346184505,0.49047956494484496
13.56,-13.56,3.847210251989533e-08,30.000000038472102,-13.559999961527899,-13.56,-1.6837697594426557,-0.4061026929071279,0.4901896315627023
13.57,-13.57,3.896670122731843e-08,30.0000000389667,-13.569999961033298,-13.57,-1.6836988555068113,-0.40639655998181606,0.48989968324853056
13.58,-13.58,3.9461299934741526e-08,30.0000000394613,-13.5799999605387,-13.58,-1.6836279002825665,-0.4066904146769578,0.48960972001116176
13.59,-13.59,3.995589864216462e-08,30.0000000399559,-13.589999960044102,-13.59,-1.6835568937720835,-0.40698425698360047,0.4893197418594303
13.6,-13.6,4.045049734958772e-08,30.000000040450498,-13.599999959549502,-13.6,-1.683485835977525,-0.4072780868927929,0.48902974880216943
13.61,-13.61,4.0945096057010814e-08,30.000000040945096,-13.609999959054903,-13.61,-1.683414726901055,-0.4075719043955869,0.4887397408482102
13.62,-13.62,4.143969476443391e-08,30.000000041439694,-13.619999958560305,-13.62,-1.6833435665448406,-0.40786570948302997,0.4884497180063896
13.63,-13.63,4.1934293471857095e-08,30.000000041934292,-13.629999958065707,-13.63,-1.683272354911049,-0.40815950214617236,0.488159680285542
13.64,-13.64,4.2428892179280195e-08,30.00000004242889,-13.639999957571108,-13.64,-1.6832010920018492,-0.40845328237606604,0.48786962769450076
13.65,-13.65,4.292349088670329e-08,30.000000042923492,-13.64999995707651,-13.65,-1.6831297778194119,-0.408747050163762,0.4875795602421014
13.66,-13.66,4.341808959412638e-08,30.00000004341809,-13.65999995658191,-13.66,-1.68305841236591,-0.40904080550030936,0.4872894779371827
13.67,-13.67,4.3912688301549484e-08,30.00000004391269,-13.669999956087311,-13.67,-1.682986995643517,-0.40933454837676203,0.48699938078857796
13.68,-13.68,4.440728700897258e-08,30.000000044407287,-13.679999955592713,-13.68,-1.6829155276544085,-0.409628278784172,0.4867092688051246
13.69,-13.69,4.490188571639568e-08,30.000000044901885,-13.689999955098115,-13.69,-1.6828440084007616,-0.40992199671359036,0.48641914199566133
13.7,-13.7,4.539648442381877e-08,30.000000045396483,-13.699999954603514,-13.7,-1.6827724378847553,-0.41021570215606995,0.4861290003690257
13.71,-13.71,4.589108313124196e-08,30.000000045891085,-13.709999954108918,-13.71,-1.6827008161085686,-0.41050939510266615,0.48583884393405435
13.72,-13.72,4.638568183866505e-08,30.000000046385683,-13.71999995361432,-13.72,-1.6826291430743843,-0.4108030755444304,0.4855486726995873
13.73,-13.73,4.688028054608815e-08,30.00000004688028,-13.72999995311972,-13.73,-1.6825574187843853,-0.4110967434724166,0.4852584866744641
13.74,-13.74,4.737487925351125e-08,30.00000004737488,-13.739999952625121,-13.74,-1.6824856432407564,-0.4113903988776815,0.4849682858675224
13.75,-13.75,4.786947796093434e-08,30.000000047869477,-13.749999952130523,-13.75,-1.682413816445684,-0.4116840417512774,0.484678070287604
13.76,-13.76,4.836407666835744e-08,30.000000048364075,-13.759999951635923,-13.76,-1.6823419384013567,-0.4119776720842595,0.48438783994354934
13.77,-13.77,4.8858675375780536e-08,30.000000048858677,-13.769999951141324,-13.77,-1.682270009109963,-0.41227128986768563,0.4840975948441977
13.78,-13.78,4.9353274083203636e-08,30.000000049353275,-13.779999950646726,-13.78,-1.6821980285736944,-0.4125648950926094,0.48380733499839157
13.79,-13.79,4.984787279062673e-08,30.000000049847873,-13.789999950152126,-13.79,-1.6821259967947437,-0.41285848775008777,0.48351706041497317
13.8,-13.8,5.0342471498049917e-08,30.00000005034247,-13.79999994965753,-13.8,-1.6820539137753052,-0.4131520678311775,0.48322677110278395
13.81,-13.81,5.083707020547301e-08,30.00000005083707,-13.80999994916293,-13.81,-1.6819817795175744,-0.41344563532693557,0.48293646707066723
13.82,-13.82,5.133166891289611e-08,30.000000051331668,-13.81999994866833,-13.82,-1.681909594023749,-0.4137391902284194,0.482646148327466
13.83,-13.83,5.1826267620319205e-08,30.000000051826266,-13.829999948173732,-13.83,-1.6818373572960272,-0.41403273252668676,0.4823558148820236
13.84,-13.84,5.2320866327742306e-08,30.000000052320868,-13.839999947679134,-13.84,-1.6817650693366102,-0.41432626221279595,0.48206546674318423
13.85,-13.85,5.28154650351654e-08,30.000000052815466,-13.849999947184534,-13.85,-1.6816927301476996,-0.4146197792778054,0.4817751039197927
13.86,-13.86,5.3310063742588493e-08,30.000000053310064,-13.859999946689936,-13.86,-1.6816203397314988,-0.4149132837127749,0.4814847264206927
13.87,-13.87,5.3804662450011594e-08,30.000000053804662,-13.869999946195337,-13.87,-1.6815478980902139,-0.41520677550876167,0.48119433425473246
13.88,-13.88,5.429926115743478e-08,30.00000005429926,-13.879999945700739,-13.88,-1.6814754052260508,-0.41550025465682744,0.4809039274307553
13.89,-13.89,5.4793859864857874e-08,30.00000005479386,-13.88999994520614,-13.89,-1.6814028611412175,-0.4157937211480317,0.48061350595760777
13.9,-13.9,5.528845857228097e-08,30.00000005528846,-13.899999944711542,-13.9,-1.6813302658379246,-0.41608717497343495,0.48032306984413764
13.91,-13.91,5.578305727970407e-08,30.000000055783058,-13.909999944216944,-13.91,-1.6812576193183828,-0.41638061612409805,0.48003261909919115
13.92,-13.92,5.627765598712716e-08,30.000000056277656,-13.919999943722344,-13.92,-1.6811849215848054,-0.4166740445910823,0.4797421537316165
13.93,-13.93,5.6772254694550263e-08,30.000000056772254,-13.929999943227745,-13.93,-1.681112172639407,-0.4169674603654494,0.4794516737502617
13.94,-13.94,5.726685340197336e-08,30.000000057266853,-13.939999942733147,-13.94,-1.6810393724844033,-0.4172608634382613,0.47916117916397477
13.95,-13.95,5.776145210939646e-08,30.00000005776145,-13.949999942238547,-13.95,-1.6809665211220122,-0.4175542538005805,0.47887066998160555
13.96,-13.96,5.825605081681964e-08,30.000000058256052,-13.95999994174395,-13.96,-1.6808936185544525,-0.41784763144347054,0.4785801462120022
13.97,-13.97,5.875064952424274e-08,30.00000005875065,-13.969999941249352,-13.97,-1.6808206647839457,-0.41814099635799235,0.47828960786401636
13.98,-13.98,5.924524823166583e-08,30.00000005924525,-13.979999940754752,-13.98,-1.6807476598127136,-0.4184343485352118,0.4779990549464975
13.99,-13.99,5.973984693908894e-08,30.000000059739847,-13.989999940260153,-13.99,-1.6806746036429796,-0.41872768796619286,0.4777084874682948
14.0,-14.0,6.023444564651203e-08,30.000000060234445,-13.999999939765555,-14.0,-1.68060149627697,-0.4190210146419977,0.4774179054382623
14.01,-14.01,6.272951093210773e-08,30.000000062729512,-14.00999993727049,-14.01,-1.6805283377169113,-0.41931432855369327,0.47712730888846927
14.02,-14.02,6.522457621770344e-08,30.000000065224576,-14.019999934775424,-14.02,-1.680455127965032,-0.4196076296923447,0.4768366978045536
14.03,-14.03,6.771964150329915e-08,30.000000067719643,-14.029999932280358,-14.03,-1.6803818670235622,-0.41990091804901614,0.47654607219536954
14.04,-14.04,7.021470678889486e-08,30.000000070214707,-14.039999929785292,-14.04,-1.6803085548947343,-0.4201941936147734,0.47625543206977017
14.05,-14.05,7.2709772074491e-08,30.00000007270977,-14.049999927290228,-14.05,-1.68023519158078,-0.4204874563806851,0.4759647774366065
14.06,-14.06,7.520483736008671e-08,30.000000075204838,-14.059999924795163,-14.06,-1.6801617770839357,-0.42078070633781567,0.4756741083047344
14.07,-14.07,7.769990264568242e-08,30.0000000776999,-14.069999922300097,-14.07,-1.6800883114064367,-0.4210739434772322,0.47538342468300826
14.08,-14.08,8.019496793127813e-08,30.00000008019497,-14.079999919805033,-14.08,-1.6800147945505213,-0.4213671677900045,0.47509272658028057
14.09,-14.09,8.269003321687383e-08,30.000000082690033,-14.089999917309967,-14.09,-1.6799412265184286,-0.42166037926719807,0.47480201400540867
14.1,-14.1,8.518509850246954e-08,30.0000000851851,-14.099999914814902,-14.1,-1.6798676073124001,-0.42195357789988125,0.4745112869672487
14.11,-14.11,8.768016378806525e-08,30.000000087680164,-14.109999912319836,-14.11,-1.679793936934678,-0.422246763679125,0.4742205454746537
14.12,-14.12,9.017522907366096e-08,30.00000009017523,-14.11999990982477,-14.12,-1.6797202153875064,-0.42253993659599604,0.473929789536483
14.13,-14.13,9.267029435925709e-08,30.000000092670295,-14.129999907329706,-14.13,-1.6796464426731315,-0.42283309664156454,0.47363901916159246
14.14,-14.14,9.51653596448528e-08,30.00000009516536,-14.13999990483464,-14.14,-1.6795726187938,-0.4231262438068997,0.4733482343588404
14.15,-14.15,9.76604249304485e-08,30.000000097660426,-14.149999902339575,-14.15,-1.6794987437517608,-0.42341937808307395,0.47305743513708187
14.16,-14.16,1.0015549021604421e-07,30.00000010015549,-14.15999989984451,-14.16,-1.6794248175492643,-0.4237124994611555,0.4727666215051781
14.17,-14.17,1.0265055550163992e-07,30.000000102650556,-14.169999897349445,-14.17,-1.6793508401885628,-0.42400560793221564,0.47247579347198715
14.18,-14.18,1.0514562078723563e-07,30.00000010514562,-14.17999989485438,-14.18,-1.679276811671909,-0.42429870348732784,0.4721849510463662
14.19,-14.19,1.0764068607283134e-07,30.000000107640687,-14.189999892359314,-14.19,-1.6792027320015586,-0.4245917861175617,0.4718940942371771
14.2,-14.2,1.1013575135842705e-07,30.00000011013575,-14.199999889864248,-14.2,-1.6791286011797681,-0.42488485581398944,0.47160322305327956
14.21,-14.21,1.126308166440232e-07,30.000000112630815,-14.209999887369184,-14.21,-1.6790544192087953,-0.42517791256768583,0.4713123375035324
14.22,-14.22,1.1512588192961891e-07,30.000000115125882,-14.219999884874118,-14.22,-1.6789801860909002,-0.4254709563697216,0.471021437596798
14.23,-14.23,1.176209472152146e-07,30.000000117620946,-14.229999882379053,-14.23,-1.678905901828344,-0.425763987211171,0.47073052334193727
14.24,-14.24,1.2011601250081033e-07,30.000000120116013,-14.239999879883987,-14.24,-1.6788315664233897,-0.4260570050831076,0.4704395947478119
14.25,-14.25,1.2261107778640603e-07,30.000000122611077,-14.249999877388921,-14.25,-1.6787571798783014,-0.4263500099766057,0.4701486518232844
14.26,-14.26,1.2510614307200174e-07,30.000000125106144,-14.259999874893857,-14.26,-1.6786827421953452,-0.42664300188273996,0.46985769457721666
14.27,-14.27,1.2760120835759745e-07,30.000000127601208,-14.269999872398792,-14.27,-1.6786082533767885,-0.4269359807925851,0.4695667230184723
14.28,-14.28,1.3009627364319316e-07,30.000000130096275,-14.279999869903726,-14.28,-1.6785337134249005,-0.4272289466972166,0.46927573715591503
14.29,-14.29,1.3259133892878887e-07,30.00000013259134,-14.28999986740866,-14.29,-1.6784591223419518,-0.4275218995877102,0.46898473699840776
14.3,-14.3,1.35086404214385e-07,30.000000135086403,-14.299999864913596,-14.3,-1.6783844801302146,-0.4278148394551428,0.4686937225548157
14.31,-14.31,1.375814694999807e-07,30.00000013758147,-14.30999986241853,-14.31,-1.6783097867919625,-0.42810776629058866,0.46840269383400424
14.32,-14.32,1.4007653478557641e-07,30.000000140076533,-14.319999859923465,-14.32,-1.6782350423294705,-0.428400680085127,0.468111650844837
14.33,-14.33,1.4257160007117212e-07,30.0000001425716,-14.3299998574284,-14.33,-1.678160246745016,-0.4286935808298351,0.4678205935961803
14.34,-14.34,1.4506666535676783e-07,30.000000145066664,-14.339999854933334,-14.34,-1.6780854000408776,-0.4289864685157886,0.4675295220969021
14.35,-14.35,1.4756173064236354e-07,30.00000014756173,-14.34999985243827,-14.35,-1.6780105022193343,-0.4292793431340676,0.4672384363558658
14.36,-14.36,1.5005679592795925e-07,30.000000150056795,-14.359999849943204,-14.36,-1.6779355532826683,-0.4295722046757509,0.4669473363819396
14.37,-14.37,1.5255186121355495e-07,30.000000152551863,-14.369999847448138,-14.37,-1.677860553233163,-0.4298650531319151,0.466656222183993
14.38,-14.38,1.5504692649915108e-07,30.000000155046926,-14.379999844953074,-14.38,-1.677785502073102,-0.4301578884936417,0.4663650937708905
14.39,-14.39,1.575419917847468e-07,30.00000015754199,-14.389999842458009,-14.39,-1.6777103998047724,-0.43045071075200975,0.46607395115150246
14.4,-14.4,1.600370570703425e-07,30.000000160037057,-14.399999839962943,-14.4,-1.6776352464304614,-0.43074351989810006,0.46578279433469594
14.41,-14.41,1.625321223559382e-07,30.00000016253212,-14.409999837467877,-14.41,-1.6775600419524588,-0.43103631592299096,0.46549162332934285
14.42,-14.42,1.6502718764153392e-07,30.00000016502719,-14.419999834972812,-14.42,-1.6774847863730549,-0.43132909881776565,0.46520043814431006
14.43,-14.43,1.6752225292712962e-07,30.000000167522252,-14.429999832477748,-14.43,-1.6774094796945422,-0.4316218685735053,0.464909238788468
14.44,-14.44,1.7001731821272533e-07,30.00000017001732,-14.439999829982682,-14.44,-1.6773341219192155,-0.43191462518128954,0.46461802527068935
14.45,-14.45,1.7251238349832104e-07,30.000000172512383,-14.449999827487616,-14.45,-1.6772587130493695,-0.4322073686322027,0.4643267975998425
14.46,-14.46,1.7500744878391717e-07,30.00000017500745,-14.459999824992552,-14.46,-1.677183253087301,-0.4325000989173274,0.46403555578479866
14.47,-14.47,1.7750251406951288e-07,30.000000177502514,-14.469999822497487,-14.47,-1.6771077420353098,-0.4327928160277441,0.46374429983443183
14.48,-14.48,1.799975793551086e-07,30.000000179997578,-14.479999820002421,-14.48,-1.677032179895695,-0.4330855199545385,0.4634530297576121
14.49,-14.49,1.824926446407043e-07,30.000000182492645,-14.489999817507355,-14.49,-1.6769565666707587,-0.43337821068879434,0.46316174556321216
14.5,-14.5,1.849877099263e-07,30.00000018498771,-14.49999981501229,-14.5,-1.6768809023628044,-0.4336708882215942,0.4628704472601063
14.51,-14.51,1.874827752118957e-07,30.000000187482776,-14.509999812517224,-14.51,-1.6768051869741372,-0.4339635525440227,0.46257913485716784
14.52,-14.52,1.8997784049749142e-07,30.00000018997784,-14.51999981002216,-14.52,-1.6767294205070626,-0.43425620364716694,0.4622878083632688
14.53,-14.53,1.9247290578308713e-07,30.000000192472907,-14.529999807527094,-14.53,-1.6766536029638894,-0.43454884152211,0.46199646778728554
14.54,-14.54,1.9496797106868283e-07,30.00000019496797,-14.539999805032028,-14.54,-1.6765777343469273,-0.4348414661599377,0.46170511313809287
14.55,-14.55,1.9746303635427897e-07,30.000000197463038,-14.549999802536965,-14.55,-1.6765018146584862,-0.43513407755173833,0.4614137444245634
14.56,-14.56,1.9995810163987467e-07,30.0000001999581,-14.559999800041899,-14.56,-1.67642584390088,-0.4354266756885963,0.4611223616555753
14.57,-14.57,2.0245316692547038e-07,30.000000202453165,-14.569999797546833,-14.57,-1.6763498220764221,-0.4357192605615992,0.4608309648400037
14.58,-14.58,2.049482322110661e-07,30.000000204948233,-14.579999795051767,-14.58,-1.676273749187429,-0.43601183216183453,0.46053955398672514
14.59,-14.59,2.074432974966618e-07,30.000000207443296,-14.589999792556702,-14.59,-1.6761976252362174,-0.43630439048038994,0.46024812910461627
14.6,-14.6,2.099383627822575e-07,30.000000209938364,-14.599999790061636,-14.6,-1.6761214502251065,-0.43659693550835366,0.4599566902025548
14.61,-14.61,2.1243342806785321e-07,30.000000212433427,-14.609999787566572,-14.61,-1.6760452241564165,-0.43688946723681416,0.4596652372894181
14.62,-14.62,2.1492849335344892e-07,30.000000214928495,-14.619999785071506,-14.62,-1.6759689470324695,-0.43718198565686045,0.4593737703740846
14.63,-14.63,2.174235586390451e-07,30.00000021742356,-14.629999782576443,-14.63,-1.675892618855589,-0.4374744907595819,0.4590822894654327
14.64,-14.64,2.1991862392464081e-07,30.000000219918626,-14.639999780081377,-14.64,-1.6758162396281,-0.43776698253606766,0.4587907945723421
14.65,-14.65,2.2241368921023652e-07,30.00000022241369,-14.649999777586311,-14.65,-1.6757398093523292,-0.43805946097741,0.45849928570369014
14.66,-14.66,2.2490875449583223e-07,30.000000224908753,-14.659999775091245,-14.66,-1.675663328030605,-0.43835192607469736,0.4582077628683588
14.67,-14.67,2.2740381978142794e-07,30.00000022740382,-14.66999977259618,-14.67,-1.6755867956652568,-0.4386443778190216,0.4579162260752277
14.68,-14.68,2.2989888506702365e-07,30.000000229898884,-14.679999770101114,-14.68,-1.675510212258616,-0.4389368162014739,0.45762467533317763
14.69,-14.69,2.3239395035261935e-07,30.00000023239395,-14.689999767606048,-14.69,-1.675433577813016,-0.43922924121314627,0.4573331106510895
14.7,-14.7,2.3488901563821506e-07,30.000000234889015,-14.699999765110984,-14.7,-1.6753568923307904,-0.43952165284513084,0.4570415320378452
14.71,-14.71,2.373840809238112e-07,30.000000237384082,-14.70999976261592,-14.71,-1.6752801558142758,-0.4398140510885202,0.4567499395023264
14.72,-14.72,2.398791462094069e-07,30.000000239879146,-14.719999760120855,-14.72,-1.6752033682658094,-0.4401064359344075,0.45645833305341593
14.73,-14.73,2.423742114950026e-07,30.000000242374213,-14.729999757625789,-14.73,-1.6751265296877302,-0.44039880737388615,0.4561667126999958
14.74,-14.74,2.448692767805983e-07,30.000000244869277,-14.739999755130723,-14.74,-1.675049640082379,-0.4406911653980507,0.45587507845094966
14.75,-14.75,2.47364342066194e-07,30.00000024736434,-14.749999752635658,-14.75,-1.6749726994520984,-0.44098350999799324,0.4555834303151627
14.76,-14.76,2.4985940735178973e-07,30.000000249859408,-14.759999750140592,-14.76,-1.6748957077992315,-0.44127584116481067,0.4552917683015165
14.77,-14.77,2.5235447263738544e-07,30.00000025235447,-14.769999747645526,-14.77,-1.6748186651261234,-0.44156815888959805,0.4550000924188964
14.78,-14.78,2.5484953792298115e-07,30.00000025484954,-14.77999974515046,-14.78,-1.6747415714351221,-0.44186046316344874,0.4547084026761889
14.79,-14.79,2.5734460320857686e-07,30.000000257344603,-14.789999742655397,-14.79,-1.6746644267285749,-0.4421527539774607,0.45441669908227766
14.8,-14.8,2.59839668494173e-07,30.00000025983967,-14.799999740160333,-14.8,-1.6745872310088323,-0.44244503132273033,0.4541249816460483
14.81,-14.81,2.623347337797687e-07,30.000000262334733,-14.809999737665267,-14.81,-1.6745099842782458,-0.4427372951903521,0.45383325037638916
14.82,-14.82,2.648297990653644e-07,30.0000002648298,-14.819999735170201,-14.82,-1.674432686539168,-0.44302954557142543,0.4535415052821846
14.83,-14.83,2.673248643509601e-07,30.000000267324864,-14.829999732675136,-14.83,-1.674355337793954,-0.4433217824570479,0.45324974637232185
14.84,-14.84,2.698199296365558e-07,30.000000269819928,-14.83999973018007,-14.84,-1.67427793804496,-0.4436140058383158,0.4529579736556898
14.85,-14.85,2.7231499492215153e-07,30.000000272314995,-14.849999727685004,-14.85,-1.6742004872945435,-0.44390621570632766,0.4526661871411762
14.86,-14.86,2.7481006020774723e-07,30.00000027481006,-14.859999725189939,-14.86,-1.6741229855450637,-0.4441984120521844,0.4523743868376674
14.87,-14.87,2.7730512549334294e-07,30.000000277305126,-14.869999722694875,-14.87,-1.6740454327988816,-0.4444905948669831,0.4520825727540543
14.88,-14.88,2.798001907789391e-07,30.00000027980019,-14.87999972019981,-14.88,-1.6739678290583602,-0.4447827641418232,0.4517907448992261
14.89,-14.89,2.822952560645348e-07,30.000000282295257,-14.889999717704745,-14.89,-1.673890174325862,-0.44507491986780634,0.4514989032820704
14.9,-14.9,2.847903213501305e-07,30.00000028479032,-14.89999971520968,-14.9,-1.6738124686037537,-0.4453670620360328,0.45120704791147787
14.91,-14.91,2.872853866357262e-07,30.00000028728539,-14.909999712714614,-14.91,-1.6737347118944024,-0.44565919063760134,0.450915178796341
14.92,-14.92,2.897804519213219e-07,30.000000289780452,-14.919999710219548,-14.92,-1.6736569042001759,-0.4459513056636154,0.45062329594554834
14.93,-14.93,2.922755172069176e-07,30.000000292275516,-14.929999707724482,-14.93,-1.6735790455234445,-0.4462434071051766,0.4503313993679909
14.94,-14.94,2.947705824925133e-07,30.000000294770583,-14.939999705229416,-14.94,-1.6735011358665803,-0.44653549495338557,0.4500394890725623
14.95,-14.95,2.9726564777810903e-07,30.000000297265647,-14.94999970273435,-14.95,-1.6734231752319568,-0.44682756919934474,0.44974756506815416
14.96,-14.96,2.9976071306370516e-07,30.000000299760714,-14.959999700239289,-14.96,-1.6733451636219479,-0.44711962983415937,0.44945562736365674
14.97,-14.97,3.0225577834930087e-07,30.000000302255778,-14.969999697744223,-14.97,-1.6732671010389308,-0.4474116768489306,0.4491636759679658
14.98,-14.98,3.047508436348966e-07,30.000000304750845,-14.979999695249157,-14.98,-1.6731889874852834,-0.44770371023476185,0.44887171088997413
14.99,-14.99,3.072459089204923e-07,30.00000030724591,-14.989999692754091,-14.99,-1.6731108229633846,-0.44799572998275977,0.4485797321385736
15.0,-15.0,3.09740974206088e-07,30.000000309740976,-14.999999690259026,-15.0,-1.6730326074756157,-0.4482877360840268,0.4482877397226602
15.01,-15.01,3.2147532659542676e-07,30.000000321475326,-15.009999678524673,-15.01,-1.6729543410243595,-0.4485797285296684,0.44799573375967133
15.02,-15.02,3.332096789847656e-07,30.00000033320968,-15.019999666790321,-15.02,-1.6728760236119997,-0.4488717073107901,0.4477037141499839
15.03,-15.03,3.4494403137410436e-07,30.00000034494403,-15.029999655055969,-15.03,-1.6727976552409225,-0.4491636724184977,0.4474116809024931
15.04,-15.04,3.5667838376344313e-07,30.000000356678385,-15.039999643321615,-15.04,-1.6727192359135148,-0.4494556238438974,0.44711963402609545
15.05,-15.05,3.68412736152784e-07,30.000000368412735,-15.049999631587264,-15.05,-1.6726407656321653,-0.449747561578096,0.44682757352968605
15.06,-15.06,3.801470885421228e-07,30.00000038014709,-15.059999619852912,-15.06,-1.6725622443992647,-0.4500394856122003,0.44653549942216253
15.07,-15.07,3.918814409314616e-07,30.00000039188144,-15.06999960811856,-15.07,-1.6724836722172047,-0.45033139593731814,0.4462434117124214
15.08,-15.08,4.036157933208004e-07,30.000000403615793,-15.079999596384207,-15.08,-1.6724050490883786,-0.45062329254455774,0.44595131040936
15.09,-15.09,4.1535014571013916e-07,30.000000415350147,-15.089999584649854,-15.09,-1.6723263750151818,-0.4509151754250256,0.4456591955218779
15.1,-15.1,4.27084498099478e-07,30.000000427084498,-15.099999572915502,-15.1,-1.6722476500000103,-0.4512070445698324,0.4453670670588708
15.11,-15.11,4.3881885048881675e-07,30.00000043881885,-15.10999956118115,-15.11,-1.6721688740452625,-0.4514988999700875,0.44507492502923846
15.12,-15.12,4.505532028781555e-07,30.000000450553202,-15.119999549446796,-15.12,-1.6720900471533382,-0.45179074161689814,0.4447827694418814
15.13,-15.13,4.622875552674964e-07,30.000000462287556,-15.129999537712445,-15.13,-1.6720111693266384,-0.45208256950137654,0.4444906003056975
15.14,-15.14,4.740219076568352e-07,30.000000474021906,-15.139999525978093,-15.14,-1.6719322405675658,-0.4523743836146324,0.4441984176295872
15.15,-15.15,4.85756260046174e-07,30.00000048575626,-15.14999951424374,-15.15,-1.671853260878525,-0.4526661839477765,0.4439062214224504
15.16,-15.16,4.974906124355127e-07,30.000000497490614,-15.159999502509388,-15.16,-1.6717742302619216,-0.4529579704919202,0.4436140116931888
15.17,-15.17,5.092249648248515e-07,30.000000509224964,-15.169999490775036,-15.17,-1.671695148720163,-0.4532497432381751,0.44332178845070264
15.18,-15.18,5.209593172141904e-07,30.00000052095932,-15.179999479040683,-15.18,-1.6716160162556581,-0.45354150217765393,0.44302955170389396
15.19,-15.19,5.326936696035291e-07,30.00000053269367,-15.18999946730633,-15.19,-1.671536832870818,-0.45383324730146724,0.44273730146166596
15.2,-15.2,5.444280219928679e-07,30.000000544428023,-15.199999455571977,-15.2,-1.671457598568054,-0.45412497860073003,0.4424450377329189
15.21,-15.21,5.561623743822087e-07,30.000000556162373,-15.209999443837626,-15.21,-1.67137831334978,-0.45441669606655566,0.4421527605265563
15.22,-15.22,5.678967267715476e-07,30.000000567896727,-15.219999432103274,-15.22,-1.6712989772184115,-0.45470839969005566,0.4418604698514827
15.23,-15.23,5.796310791608864e-07,30.00000057963108,-15.229999420368921,-15.23,-1.6712195901763647,-0.4550000894623465,0.44156816571660074
15.24,-15.24,5.913654315502252e-07,30.00000059136543,-15.239999408634569,-15.24,-1.6711401522260578,-0.4552917653745428,0.4412758481308134
15.25,-15.25,6.030997839395639e-07,30.000000603099785,-15.249999396900217,-15.25,-1.6710606633699114,-0.45558342741775737,0.4409835171030279
15.26,-15.26,6.148341363289027e-07,30.000000614834136,-15.259999385165864,-15.26,-1.6709811236103462,-0.45587507558310786,0.4406911726421466
15.27,-15.27,6.265684887182415e-07,30.00000062656849,-15.26999937343151,-15.27,-1.6709015329497852,-0.45616670986171026,0.44039881475707526
15.28,-15.28,6.383028411075803e-07,30.00000063830284,-15.279999361697158,-15.28,-1.670821891390653,-0.4564583302446793,0.4401064434567206
15.29,-15.29,6.500371934969191e-07,30.000000650037194,-15.289999349962805,-15.29,-1.6707421989353757,-0.45674993672313174,0.4398140587499888
15.3,-15.3,6.6177154588626e-07,30.000000661771544,-15.299999338228455,-15.3,-1.6706624555863805,-0.45704152928818703,0.4395216606457846
15.31,-15.31,6.735058982755987e-07,30.000000673505898,-15.309999326494102,-15.31,-1.670582661346097,-0.4573331079309605,0.43922924915301664
15.32,-15.32,6.852402506649375e-07,30.000000685240252,-15.31999931475975,-15.32,-1.6705028162169557,-0.45762467264257,0.43893682428059244
15.33,-15.33,6.969746030542763e-07,30.000000696974602,-15.329999303025398,-15.33,-1.6704229202013885,-0.4579162234141364,0.4386443860374176
15.34,-15.34,7.087089554436152e-07,30.000000708708956,-15.339999291291045,-15.34,-1.6703429733018296,-0.4582077602367763,0.43835193443240245
15.35,-15.35,7.20443307832954e-07,30.000000720443307,-15.349999279556691,-15.35,-1.6702629755207143,-0.45849928310160887,0.43805946947445534
15.36,-15.36,7.321776602222927e-07,30.00000073217766,-15.359999267822339,-15.36,-1.670182926860479,-0.45879079199975614,0.4377669911724831
15.37,-15.37,7.439120126116314e-07,30.00000074391201,-15.369999256087986,-15.37,-1.6701028273235627,-0.4590822869223359,0.43747449953539774
15.38,-15.38,7.556463650009724e-07,30.000000755646365,-15.379999244353636,-15.38,-1.670022676912405,-0.45937376786046963,0.43718199457210744
15.39,-15.39,7.673807173903112e-07,30.00000076738072,-15.389999232619283,-15.39,-1.6699424756294476,-0.4596652348052773,0.4368894762915242
15.4,-15.4,7.791150697796499e-07,30.00000077911507,-15.399999220884931,-15.4,-1.6698622234771334,-0.4599566877478829,0.43659694470255567
15.41,-15.41,7.908494221689886e-07,30.000000790849423,-15.409999209150579,-15.41,-1.6697819204579074,-0.46024812667940573,0.43630439981411523
15.42,-15.42,8.025837745583274e-07,30.000000802583774,-15.419999197416224,-15.42,-1.6697015665742156,-0.4605395515909682,0.43601184163511425
15.43,-15.43,8.143181269476663e-07,30.000000814318128,-15.429999185681872,-15.43,-1.669621161828505,-0.4608309624736952,0.43571927017446205
15.44,-15.44,8.260524793370051e-07,30.000000826052478,-15.43999917394752,-15.44,-1.669540706223226,-0.4611223593187076,0.43542668544107394
15.45,-15.45,8.377868317263439e-07,30.000000837786832,-15.449999162213167,-15.45,-1.6694601997608292,-0.46141374211712904,0.4351340874438615
15.46,-15.46,8.495211841156846e-07,30.000000849521186,-15.459999150478817,-15.46,-1.669379642443766,-0.4617051108600856,0.43484147619173624
15.47,-15.47,8.612555365050235e-07,30.000000861255536,-15.469999138744464,-15.47,-1.6692990342744913,-0.4619964655386995,0.4345488516936136
15.48,-15.48,8.729898888943623e-07,30.00000087298989,-15.479999127010112,-15.48,-1.6692183752554601,-0.46228780614409626,0.43425621395840636
15.49,-15.49,8.847242412837011e-07,30.00000088472424,-15.48999911527576,-15.49,-1.6691376653891299,-0.4625791326674012,0.4339635629950291
15.5,-15.5,8.964585936730399e-07,30.000000896458594,-15.499999103541406,-15.5,-1.6690569046779586,-0.46287044509973996,0.43367089881239634
15.51,-15.51,9.081929460623788e-07,30.000000908192945,-15.509999091807053,-15.51,-1.6689760931244069,-0.4631617434322388,0.433378221419423
15.52,-15.52,9.199272984517174e-07,30.0000009199273,-15.5199990800727,-15.52,-1.668895230730936,-0.4634530276560248,0.43308553082502405
15.53,-15.53,9.316616508410562e-07,30.00000093166165,-15.529999068338348,-15.53,-1.6688143175000094,-0.46374429776222287,0.43279282703811756
15.54,-15.54,9.43396003230395e-07,30.000000943396003,-15.539999056603996,-15.54,-1.6687333534340918,-0.4640355537419625,0.43250011006761696
15.55,-15.55,9.55130355619736e-07,30.000000955130357,-15.549999044869645,-15.55,-1.6686523385356493,-0.46432679558637163,0.4322073799224394
15.56,-15.56,9.668647080090748e-07,30.000000966864707,-15.559999033135293,-15.56,-1.6685712728071505,-0.46461802328657625,0.43191463661150425
15.57,-15.57,9.785990603984134e-07,30.00000097859906,-15.56999902140094,-15.57,-1.668490156251064,-0.4649092368337074,0.4316218801437265
15.58,-15.58,9.903334127877522e-07,30.00000099033341,-15.579999009666587,-15.58,-1.6684089888698606,-0.465200436218894,0.43132911052802386
15.59,-15.59,1.002067765177091e-06,30.000001002067766,-15.589998997932234,-15.59,-1.6683277706660136,-0.46549162143326356,0.4310363277733172
15.6,-15.6,1.0138021175664299e-06,30.000001013802116,-15.599998986197882,-15.6,-1.6682465016419965,-0.46578279246794824,0.43074353188852266
15.61,-15.61,1.0255364699557687e-06,30.00000102553647,-15.60999897446353,-15.61,-1.668165181800285,-0.4660739493140785,0.43045072288255914
15.62,-15.62,1.0372708223451075e-06,30.000001037270824,-15.619998962729177,-15.62,-1.6680838111433562,-0.46636509196278353,0.43015790076434807
15.63,-15.63,1.0490051747344483e-06,30.000001049005174,-15.629998950994827,-15.63,-1.668002389673689,-0.46665622040519483,0.42986506554280857
15.64,-15.64,1.060739527123787e-06,30.000001060739528,-15.639998939260474,-15.64,-1.6679209173937637,-0.46694733463244553,0.4295722172268606
15.65,-15.65,1.072473879513126e-06,30.00000107247388,-15.64999892752612,-15.65,-1.6678393943060614,-0.4672384346356677,0.42927935582542304
15.66,-15.66,1.0842082319024647e-06,30.000001084208233,-15.659998915791768,-15.66,-1.6677578204130667,-0.46752952040599194,0.42898648134742084
15.67,-15.67,1.0959425842918035e-06,30.000001095942583,-15.669998904057415,-15.67,-1.6676761957172632,-0.4678205919345533,0.42869359380177235
15.68,-15.68,1.1076769366811422e-06,30.000001107676937,-15.679998892323063,-15.68,-1.6675945202211377,-0.4681116492124852,0.42840069319739943
15.69,-15.69,1.119411289070481e-06,30.00000111941129,-15.68999888058871,-15.69,-1.6675127939271788,-0.4684026922309194,0.42810777954322665
15.7,-15.7,1.1311456414598198e-06,30.00000113114564,-15.699998868854358,-15.7,-1.6674310168378754,-0.46869372098099243,0.4278148528481747
15.71,-15.71,1.1428799938491607e-06,30.000001142879995,-15.709998857120008,-15.71,-1.6673491889557186,-0.468984735453839,0.4275219131211667
15.72,-15.72,1.1546143462384996e-06,30.000001154614345,-15.719998845385655,-15.72,-1.6672673102832012,-0.46927573564059294,0.42722896037112623
15.73,-15.73,1.1663486986278382e-06,30.0000011663487,-15.729998833651301,-15.73,-1.6671853808228174,-0.4695667215323898,0.426935994606979
15.74,-15.74,1.178083051017177e-06,30.00000117808305,-15.739998821916949,-15.74,-1.6671034005770626,-0.4698576931203678,0.42664301583764547
15.75,-15.75,1.1898174034065158e-06,30.000001189817404,-15.749998810182596,-15.75,-1.6670213695484344,-0.4701486503956613,0.42635002407205363
15.76,-15.76,1.2015517557958547e-06,30.000001201551754,-15.759998798448244,-15.76,-1.6669392877394318,-0.47043959334940727,0.42605701931912776
15.77,-15.77,1.2132861081851935e-06,30.000001213286108,-15.769998786713892,-15.77,-1.6668571551525544,-0.4707305219727452,0.42576400158779126
15.78,-15.78,1.225020460574532e-06,30.000001225020462,-15.77999877497954,-15.78,-1.6667749717903046,-0.47102143625681075,0.42547097088697217
15.79,-15.79,1.236754812963871e-06,30.000001236754812,-15.789998763245187,-15.79,-1.666692737655186,-0.47131233619274215,0.4251779272255966
15.8,-15.8,1.2484891653532119e-06,30.000001248489166,-15.799998751510836,-15.8,-1.6666104527497034,-0.4716032217716802,0.42488487061258906
15.81,-15.81,1.2602235177425507e-06,30.000001260223517,-15.809998739776482,-15.81,-1.666528117076363,-0.4718940929847619,0.4245918010568786
15.82,-15.82,1.2719578701318893e-06,30.00000127195787,-15.81999872804213,-15.82,-1.6664457306376737,-0.47218494982312764,0.4242987185673923
15.83,-15.83,1.2836922225212281e-06,30.00000128369222,-15.829998716307777,-15.83,-1.6663632934361445,-0.4724757922779173,0.42400562315305734
15.84,-15.84,1.295426574910567e-06,30.000001295426575,-15.839998704573425,-15.84,-1.6662808054742868,-0.4727666203402712,0.42371251482280237
15.85,-15.85,1.3071609272999058e-06,30.00000130716093,-15.849998692839073,-15.85,-1.666198266754613,-0.47305743400133043,0.4234193935855556
15.86,-15.86,1.3188952796892446e-06,30.00000131889528,-15.85999868110472,-15.86,-1.666115677279638,-0.4733482332522362,0.42312625945024607
15.87,-15.87,1.3306296320785834e-06,30.000001330629633,-15.869998669370368,-15.87,-1.666033037051877,-0.4736390180841302,0.42283311242580335
15.88,-15.88,1.3423639844679241e-06,30.000001342363984,-15.879998657636015,-15.88,-1.6659503460738476,-0.47392978848815476,0.42253995252115684
15.89,-15.89,1.354098336857263e-06,30.000001354098337,-15.889998645901663,-15.89,-1.6658676043480691,-0.4742205444554516,0.4222467797452375
15.9,-15.9,1.3658326892466018e-06,30.000001365832688,-15.89999863416731,-15.9,-1.665784811877061,-0.4745112859771662,0.42195359410697403
15.91,-15.91,1.3775670416359406e-06,30.00000137756704,-15.909998622432958,-15.91,-1.6657019686633463,-0.4748020130444396,0.4216603956152989
15.92,-15.92,1.3893013940252794e-06,30.000001389301396,-15.919998610698606,-15.92,-1.665619074709448,-0.4750927256484167,0.42136718427914305
15.93,-15.93,1.401035746414618e-06,30.000001401035746,-15.929998598964254,-15.93,-1.6655361300178915,-0.47538342378024184,0.4210739601074385
15.94,-15.94,1.4127700988039569e-06,30.0000014127701,-15.939998587229901,-15.94,-1.6654531345912031,-0.4756741074310598,0.4207807231091168
15.95,-15.95,1.4245044511932957e-06,30.00000142450445,-15.949998575495549,-15.95,-1.6653700884319114,-0.47596477659201586,0.42048747329311076
15.96,-15.96,1.4362388035826366e-06,30.000001436238804,-15.959998563761197,-15.96,-1.6652869915425457,-0.47625543125425573,0.42019421066835316
15.97,-15.97,1.4479731559719755e-06,30.000001447973155,-15.969998552026844,-15.97,-1.6652038439256376,-0.4765460714089255,0.41990093524377736
15.98,-15.98,1.459707508361314e-06,30.00000145970751,-15.979998540292492,-15.98,-1.6651206455837195,-0.4768366970471719,0.4196076470283164
15.99,-15.99,1.471441860750653e-06,30.00000147144186,-15.98999852855814,-15.99,-1.6650373965193261,-0.47712730816014276,0.4193143460309044
16.0,-16.0,1.4831762131399917e-06,30.000001483176213,-15.999998516823787,-16.0,-1.6649540967349936,-0.47741790473898305,0.4190210322604778
16.01,-16.01,1.5351526256946269e-06,30.000001535152627,-16.009998464847374,-16.01,-1.664870746233259,-0.4777084867748432,0.418727706204045
16.02,-16.02,1.5871290382492434e-06,30.000001587129038,-16.01999841287096,-16.02,-1.6647873450166615,-0.47799905425887146,0.41843436739256823
16.03,-16.03,1.6391054508038785e-06,30.000001639105452,-16.02999836089455,-16.03,-1.6647038930877416,-0.4782896071822143,0.4181410158349847
16.04,-16.04,1.691081863358495e-06,30.000001691081863,-16.039998308918136,-16.04,-1.664620390449041,-0.47858014553602346,0.4178476515402283
16.05,-16.05,1.7430582759131301e-06,30.000001743058277,-16.049998256941723,-16.05,-1.664536837103104,-0.4788706693114484,0.41755427451723537
16.06,-16.06,1.7950346884677469e-06,30.000001795034688,-16.05999820496531,-16.06,-1.6644532330524753,-0.4791611784996379,0.41726088477494344
16.07,-16.07,1.8470111010223818e-06,30.000001847011102,-16.069998152988898,-16.07,-1.6643695782997021,-0.47945167309174247,0.4169674823222907
16.08,-16.08,1.8989875135769985e-06,30.000001898987513,-16.079998101012485,-16.08,-1.6642858728473324,-0.4797421530789147,0.4166740671682124
16.09,-16.09,1.9509639261316334e-06,30.000001950963927,-16.089998049036073,-16.09,-1.6642021166979155,-0.480032618452306,0.4163806393216458
16.1,-16.1,2.0029403386862686e-06,30.000002002940338,-16.099997997059663,-16.1,-1.6641183098540038,-0.4803230692030662,0.4160871987915324
16.11,-16.11,2.054916751240885e-06,30.000002054916752,-16.109997945083247,-16.11,-1.6640344523181492,-0.4806135053223504,0.41579374558680743
16.12,-16.12,2.10689316379552e-06,30.000002106893163,-16.119997893106838,-16.12,-1.663950544092907,-0.48090392680130933,0.4155002797164116
16.13,-16.13,2.158869576350137e-06,30.000002158869577,-16.12999784113042,-16.13,-1.6638665851808325,-0.48119433363109626,0.415206801189285
16.14,-16.14,2.2108459889047723e-06,30.000002210845988,-16.139997789154013,-16.14,-1.6637825755844837,-0.4814847258028662,0.41491331001436565
16.15,-16.15,2.2628224014593888e-06,30.000002262822402,-16.149997737177596,-16.15,-1.6636985153064192,-0.48177510330777357,0.41461980620059347
16.16,-16.16,2.314798814014024e-06,30.000002314798813,-16.159997685201187,-16.16,-1.6636144043492,-0.4820654661369713,0.4143262897569104
16.17,-16.17,2.3667752265686586e-06,30.000002366775227,-16.169997633224774,-16.17,-1.6635302427153886,-0.4823558142816153,0.41403276069225703
16.18,-16.18,2.4187516391232755e-06,30.000002418751638,-16.17999758124836,-16.18,-1.663446030407548,-0.48264614773286085,0.4137392190155745
16.19,-16.19,2.4707280516779102e-06,30.000002470728052,-16.18999752927195,-16.19,-1.6633617674282437,-0.48293646648186417,0.4134456647358041
16.2,-16.2,2.522704464232527e-06,30.000002522704463,-16.199997477295536,-16.2,-1.663277453780043,-0.48322677051978064,0.41315209786188895
16.21,-16.21,2.574680876787162e-06,30.000002574680877,-16.209997425319123,-16.21,-1.6631930894655131,-0.4835170598377694,0.41285851840276955
16.22,-16.22,2.626657289341779e-06,30.000002626657288,-16.21999737334271,-16.22,-1.663108674487225,-0.4838073344269856,0.41256492636739034
16.23,-16.23,2.678633701896414e-06,30.000002678633702,-16.229997321366298,-16.23,-1.6630242088477498,-0.48409759427858695,0.41227132176469494
16.24,-16.24,2.7306101144510304e-06,30.000002730610113,-16.239997269389885,-16.24,-1.66293969254966,-0.48438783938373375,0.4119777046036245
16.25,-16.25,2.7825865270056656e-06,30.000002782586527,-16.249997217413473,-16.25,-1.6628551255955308,-0.4846780697335824,0.4116840748931254
16.26,-16.26,2.8345629395603007e-06,30.000002834562938,-16.259997165437063,-16.26,-1.6627705079879378,-0.48496828531929287,0.41139043264214126
16.27,-16.27,2.8865393521149172e-06,30.000002886539352,-16.269997113460647,-16.27,-1.6626858397294588,-0.4852584861320246,0.4110967778596165
16.28,-16.28,2.9385157646695524e-06,30.000002938515763,-16.279997061484238,-16.28,-1.6626011208226728,-0.4855486721629376,0.41080311055449636
16.29,-16.29,2.9904921772241693e-06,30.000002990492177,-16.28999700950782,-16.29,-1.6625163512701606,-0.4858388434031922,0.4105094307357269
16.3,-16.3,3.042468589778804e-06,30.000003042468588,-16.299996957531413,-16.3,-1.6624315310745046,-0.48612899984394936,0.41021573841225323
16.31,-16.31,3.094445002333421e-06,30.000003094445002,-16.309996905554996,-16.31,-1.6623466602382881,-0.48641914147637044,0.4099220335930215
16.32,-16.32,3.1464214148880556e-06,30.000003146421413,-16.319996853578587,-16.32,-1.6622617387640968,-0.48670926829161715,0.4096283162869793
16.33,-16.33,3.1983978274426726e-06,30.000003198397827,-16.32999680160217,-16.33,-1.6621767666545175,-0.48699938028085105,0.4093345865030735
16.34,-16.34,3.2503742399973073e-06,30.00000325037424,-16.339996749625758,-16.34,-1.6620917439121383,-0.4872894774352369,0.4090408442502494
16.35,-16.35,3.3023506525519424e-06,30.000003302350652,-16.34999669764935,-16.35,-1.6620066705395498,-0.48757955974593575,0.40874708953745803
16.36,-16.36,3.354327065106559e-06,30.000003354327067,-16.359996645672933,-16.36,-1.6619215465393424,-0.4878696272041127,0.4084533223736446
16.37,-16.37,3.406303477661194e-06,30.000003406303478,-16.369996593696523,-16.37,-1.6618363719141105,-0.4881596798009295,0.4081595427677603
16.38,-16.38,3.458279890215811e-06,30.000003458279892,-16.379996541720107,-16.38,-1.6617511466664476,-0.4884497175275528,0.40786575072875286
16.39,-16.39,3.5102563027704457e-06,30.000003510256303,-16.389996489743698,-16.39,-1.6616658707989502,-0.4887397403751469,0.40757194626557103
16.4,-16.4,3.5622327153250626e-06,30.000003562232717,-16.39999643776728,-16.4,-1.6615805443142162,-0.4890297483348772,0.40727812938716496
16.41,-16.41,3.6142091278796977e-06,30.000003614209128,-16.409996385790873,-16.41,-1.6614951672148441,-0.48931974139790946,0.4069843001024846
16.42,-16.42,3.6661855404343325e-06,30.000003666185542,-16.41999633381446,-16.42,-1.661409739503435,-0.4896097195554108,0.40669045842047996
16.43,-16.43,3.7181619529889494e-06,30.000003718161953,-16.429996281838047,-16.43,-1.6613242611825916,-0.4898996827985466,0.40639660435010316
16.44,-16.44,3.7701383655435845e-06,30.000003770138367,-16.439996229861634,-16.44,-1.6612387322549171,-0.49018963111848385,0.40610273790030504
16.45,-16.45,3.822114778098201e-06,30.000003822114778,-16.44999617788522,-16.45,-1.6611531527230172,-0.49047956450639185,0.4058088590800361
16.46,-16.46,3.8740911906528366e-06,30.000003874091192,-16.45999612590881,-16.46,-1.6610675225894984,-0.49076948295343864,0.4055149678982483
16.47,-16.47,3.926067603207453e-06,30.000003926067603,-16.469996073932396,-16.47,-1.66098184185697,-0.49105938645079067,0.4052210643638957
16.48,-16.48,3.978044015762087e-06,30.000003978044017,-16.479996021955984,-16.48,-1.660896110528041,-0.4913492749896192,0.4049271484859298
16.49,-16.49,4.030020428316704e-06,30.000004030020428,-16.48999596997957,-16.49,-1.6608103286053233,-0.49163914856109364,0.4046332202733022
16.5,-16.5,4.08199684087134e-06,30.000004081996842,-16.499995918003158,-16.5,-1.6607244960914305,-0.49192900715638244,0.40433927973496925
16.51,-16.51,4.1339732534259746e-06,30.000004133973253,-16.50999586602675,-16.51,-1.6606386129889765,-0.49221885076665606,0.40404532687988376
16.52,-16.52,4.185949665980591e-06,30.000004185949667,-16.519995814050333,-16.52,-1.6605526793005776,-0.4925086793830877,0.4037513617169984
16.53,-16.53,4.237926078535226e-06,30.000004237926078,-16.529995762073924,-16.53,-1.6604666950288516,-0.4927984929968462,0.40345738425526906
16.54,-16.54,4.289902491089843e-06,30.000004289902492,-16.539995710097507,-16.54,-1.6603806601764177,-0.4930882915991034,0.40316339450365163
16.55,-16.55,4.341878903644478e-06,30.000004341878903,-16.549995658121098,-16.55,-1.6602945747458968,-0.4933780751810339,0.4028693924710989
16.56,-16.56,4.393855316199094e-06,30.000004393855317,-16.559995606144682,-16.56,-1.6602084387399108,-0.49366784373380806,0.40257537816656885
16.57,-16.57,4.4458317287537295e-06,30.000004445831728,-16.569995554168273,-16.57,-1.660122252161084,-0.4939575972485991,0.40228135159901696
16.58,-16.58,4.497808141308346e-06,30.000004497808142,-16.579995502191856,-16.58,-1.660036015012042,-0.49424733571658197,0.401987312777399
16.59,-16.59,4.549784553862981e-06,30.000004549784553,-16.589995450215447,-16.59,-1.6599497272954107,-0.49453705912893076,0.40169326171067143
16.6,-16.6,4.601760966417616e-06,30.000004601760967,-16.599995398239034,-16.6,-1.6598633890138195,-0.49482676747681864,0.4013991984077925
16.61,-16.61,4.653737378972233e-06,30.000004653737378,-16.60999534626262,-16.61,-1.6597770001698982,-0.4951164607514212,0.4011051228777197
16.62,-16.62,4.705713791526868e-06,30.000004705713792,-16.61999529428621,-16.62,-1.6596905607662782,-0.49540613894391394,0.4008110351294109
16.63,-16.63,4.757690204081485e-06,30.000004757690203,-16.629995242309796,-16.63,-1.6596040708055928,-0.49569580204547276,0.4005169351718241
16.64,-16.64,4.809666616636119e-06,30.000004809666617,-16.639995190333384,-16.64,-1.6595175302904768,-0.49598545004727324,0.40022282301391865
16.65,-16.65,4.861643029190736e-06,30.000004861643028,-16.64999513835697,-16.65,-1.6594309392235658,-0.4962750829404944,0.39992869866465175
16.66,-16.66,4.913619441745372e-06,30.000004913619442,-16.659995086380558,-16.66,-1.6593442976074977,-0.4965647007163113,0.39963456213298476
16.67,-16.67,4.965595854300006e-06,30.000004965595853,-16.66999503440415,-16.67,-1.6592576054449117,-0.49685430336590325,0.39934041342787635
16.68,-16.68,5.017572266854623e-06,30.000005017572267,-16.679994982427733,-16.68,-1.6591708627384494,-0.49714389088044614,0.3990462525582882
16.69,-16.69,5.069548679409258e-06,30.000005069548678,-16.689994930451324,-16.69,-1.6590840694907523,-0.4974334632511209,0.3987520795331792
16.7,-16.7,5.121525091963875e-06,30.000005121525092,-16.699994878474907,-16.7,-1.6589972257044643,-0.49772302046910594,0.3984578943615108
16.71,-16.71,5.1735015045185104e-06,30.000005173501503,-16.709994826498498,-16.71,-1.6589103313822313,-0.4980125625255807,0.3981636970522447
16.72,-16.72,5.2254779170731265e-06,30.000005225477917,-16.719994774522082,-16.72,-1.6588233865266997,-0.49830208941172544,0.39786948761434193
16.73,-16.73,5.277454329627761e-06,30.00000527745433,-16.72999472254567,-16.73,-1.6587363911405182,-0.4985916011187205,0.3975752660567643
16.74,-16.74,5.329430742182378e-06,30.000005329430742,-16.739994670569256,-16.74,-1.658649345226337,-0.4988810976377468,0.3972810323884749
16.75,-16.75,5.381407154737014e-06,30.000005381407156,-16.749994618592844,-16.75,-1.6585622487868075,-0.4991705789599859,0.3969867866184363
16.76,-16.76,5.4333835672916476e-06,30.000005433383567,-16.759994566616434,-16.76,-1.658475101824583,-0.4994600450766197,0.3966925287556117
16.77,-16.77,5.4853599798462645e-06,30.00000548535998,-16.76999451464002,-16.77,-1.6583879043423175,-0.4997494959788312,0.3963982588089635
16.78,-16.78,5.5373363924009e-06,30.000005537336392,-16.77999446266361,-16.78,-1.6583006563426683,-0.5000389316578011,0.3961039767874578
16.79,-16.79,5.589312804955517e-06,30.000005589312806,-16.789994410687193,-16.79,-1.6582133578282925,-0.5003283521047148,0.3958096827000573
16.8,-16.8,5.6412892175101525e-06,30.000005641289217,-16.799994358710784,-16.8,-1.6581260088018486,-0.5006177573107562,0.39551537655572516
16.81,-16.81,5.693265630064768e-06,30.00000569326563,-16.809994306734367,-16.81,-1.658038609265999,-0.5009071472671072,0.3952210583634299
16.82,-16.82,5.745242042619403e-06,30.000005745242042,-16.819994254757958,-16.82,-1.657951159223405,-0.5011965219649547,0.3949267281321341
16.83,-16.83,5.79721845517402e-06,30.000005797218456,-16.829994202781542,-16.83,-1.6578636586767306,-0.5014858813954831,0.3946323858708042
16.84,-16.84,5.849194867728656e-06,30.000005849194867,-16.839994150805133,-16.84,-1.6577761076286412,-0.501775225549878,0.39433803158840597
16.85,-16.85,5.90117128028329e-06,30.00000590117128,-16.84999409882872,-16.85,-1.657688506081804,-0.5020645544193254,0.3940436652939067
16.86,-16.86,5.953147692837907e-06,30.000005953147692,-16.859994046852307,-16.86,-1.6576008540388874,-0.5023538679950128,0.39374928699627154
16.87,-16.87,6.005124105392542e-06,30.000006005124106,-16.869993994875895,-16.87,-1.6575131515025616,-0.5026431662681254,0.3934548967044701
16.88,-16.88,6.057100517947159e-06,30.000006057100517,-16.879993942899482,-16.88,-1.6574253984754979,-0.5029324492298511,0.39316049442746864
16.89,-16.89,6.109076930501793e-06,30.00000610907693,-16.88999389092307,-16.89,-1.6573375949603693,-0.503221716871379,0.3928660801742345
16.9,-16.9,6.16105334305641e-06,30.000006161053342,-16.899993838946656,-16.9,-1.6572497409598506,-0.5035109691838975,0.39257165395373533
16.91,-16.91,6.2130297556110454e-06,30.000006213029756,-16.909993786970244,-16.91,-1.6571618364766183,-0.5038002061585934,0.39227721577494257
16.92,-16.92,6.265006168165681e-06,30.000006265006167,-16.919993734993835,-16.92,-1.6570738815133494,-0.504089427786659,0.3919827656468218
16.93,-16.93,6.316982580720296e-06,30.00000631698258,-16.92999368301742,-16.93,-1.656985876072724,-0.5043786340592817,0.3916883035783448
16.94,-16.94,6.368958993274932e-06,30.000006368958992,-16.93999363104101,-16.94,-1.6568978201574227,-0.5046678249676518,0.39139382957848134
16.95,-16.95,6.420935405829549e-06,30.000006420935406,-16.949993579064593,-16.95,-1.6568097137701274,-0.5049570005029619,0.3910993436561998
16.96,-16.96,6.472911818384184e-06,30.000006472911817,-16.959993527088184,-16.96,-1.6567215569135219,-0.5052461606564027,0.39080484582047037
16.97,-16.97,6.524888230938801e-06,30.00000652488823,-16.969993475111767,-16.97,-1.6566333495902923,-0.5055353054191647,0.39051033608026603
16.98,-16.98,6.576864643493435e-06,30.000006576864642,-16.979993423135358,-16.98,-1.6565450918031253,-0.50582443478244,0.3902158144445573
16.99,-16.99,6.628841056048052e-06,30.000006628841057,-16.989993371158942,-16.99,-1.6564567835547088,-0.5061135487374232,0.38992128092231404
17.0,-17.0,6.680817468602687e-06,30.000006680817467,-16.999993319182533,-17.0,-1.6563684248477335,-0.5064026472753055,0.38962673552250965
17.01,-17.01,6.899504623106906e-06,30.000006899504623,-17.00999310049538,-17.01,-1.6562800156848911,-0.5066917303872804,0.38933218025516114
17.02,-17.02,7.118191777611047e-06,30.00000711819178,-17.01999288180822,-17.02,-1.6561915560688738,-0.506980798064544,0.38903761312858937
17.03,-17.03,7.336878932115266e-06,30.000007336878934,-17.029992663121067,-17.03,-1.6561030460023771,-0.5072698502982886,0.38874303415176986
17.04,-17.04,7.555566086619407e-06,30.000007555566086,-17.039992444433913,-17.04,-1.656014485488097,-0.50755888707971,0.3884484433336743
17.05,-17.05,7.774253241123627e-06,30.00000777425324,-17.04999222574676,-17.05,-1.6559258745287306,-0.5078479084000035,0.388153840683276
17.06,-17.06,7.992940395627767e-06,30.000007992940397,-17.059992007059602,-17.06,-1.6558372131269778,-0.5081369142503652,0.38785922620954877
17.07,-17.07,8.211627550131987e-06,30.00000821162755,-17.06999178837245,-17.07,-1.6557485012855393,-0.5084259046219912,0.38756459992146625
17.08,-17.08,8.430314704636127e-06,30.000008430314704,-17.079991569685294,-17.08,-1.6556597390071175,-0.508714879506078,0.3872699618280039
17.09,-17.09,8.649001859140346e-06,30.00000864900186,-17.08999135099814,-17.09,-1.6555709262944154,-0.5090038388938248,0.3869753119381335
17.1,-17.1,8.867689013644565e-06,30.000008867689015,-17.099991132310986,-17.1,-1.6554820631501395,-0.5092927827764272,0.3866806502608331
17.11,-17.11,9.086376168148706e-06,30.000009086376167,-17.109990913623832,-17.11,-1.6553931495769958,-0.5095817111450853,0.3863859768050757
17.12,-17.12,9.305063322652926e-06,30.000009305063323,-17.11999069493668,-17.12,-1.6553041855776942,-0.5098706239909951,0.3860912915798405
17.13,-17.13,9.523750477157066e-06,30.000009523750478,-17.12999047624952,-17.13,-1.655215171154943,-0.5101595213053584,0.38579659459410054
17.14,-17.14,9.742437631661286e-06,30.00000974243763,-17.13999025756237,-17.14,-1.6551261063114546,-0.5104484030793741,0.38550188585683265
17.15,-17.15,9.961124786165427e-06,30.000009961124785,-17.149990038875213,-17.15,-1.655036991049942,-0.5107372693042421,0.38520716537701516
17.16,-17.16,1.0179811940669645e-05,30.00001017981194,-17.15998982018806,-17.16,-1.6549478253731196,-0.5110261199711633,0.38491243316362367
17.17,-17.17,1.0398499095173865e-05,30.000010398499096,-17.169989601500905,-17.17,-1.6548586092837037,-0.5113149550713396,0.38461768922563605
17.18,-17.18,1.0617186249678007e-05,30.00001061718625,-17.17998938281375,-17.18,-1.6547693427844121,-0.5116037745959702,0.3843229335720315
17.19,-17.19,1.0835873404182225e-05,30.000010835873404,-17.189989164126597,-17.19,-1.654680025877964,-0.5118925785362592,0.3840281662117873
17.2,-17.2,1.1054560558686365e-05,30.00001105456056,-17.19998894543944,-17.2,-1.6545906585670798,-0.5121813668834088,0.38373338715388167
17.21,-17.21,1.1273247713190585e-05,30.000011273247715,-17.209988726752286,-17.21,-1.6545012408544817,-0.5124701396286224,0.3834385964072931
17.22,-17.22,1.1491934867694726e-05,30.000011491934867,-17.219988508065132,-17.22,-1.6544117727428944,-0.5127588967631016,0.38314379398100384
17.23,-17.23,1.1710622022198944e-05,30.000011710622022,-17.229988289377978,-17.23,-1.6543222542350424,-0.5130476382780521,0.3828489798839904
17.24,-17.24,1.1929309176703086e-05,30.000011929309178,-17.23998807069082,-17.24,-1.6542326853336529,-0.5133363641646788,0.3825541541252335
17.25,-17.25,1.2147996331207306e-05,30.00001214799633,-17.24998785200367,-17.25,-1.6541430660414544,-0.513625074414184,0.3822593167137153
17.26,-17.26,1.2366683485711524e-05,30.000012366683485,-17.259987633316516,-17.26,-1.6540533963611768,-0.5139137690177756,0.3819644676584144
17.27,-17.27,1.2585370640215665e-05,30.00001258537064,-17.26998741462936,-17.27,-1.6539636762955512,-0.5142024479666594,0.38166960696831265
17.28,-17.28,1.2804057794719885e-05,30.000012804057796,-17.279987195942205,-17.28,-1.6538739058473113,-0.5144911112520395,0.3813747346523928
17.29,-17.29,1.3022744949224027e-05,30.000013022744948,-17.28998697725505,-17.29,-1.6537840850191914,-0.5147797588651247,0.3810798507196347
17.3,-17.3,1.3241432103728243e-05,30.000013241432104,-17.299986758567897,-17.3,-1.653694213813927,-0.5150683907971226,0.380784955179021
17.31,-17.31,1.3460119258232385e-05,30.00001346011926,-17.30998653988074,-17.31,-1.6536042922342566,-0.5153570070392395,0.38049004803953457
17.32,-17.32,1.3678806412736605e-05,30.00001367880641,-17.31998632119359,-17.32,-1.6535143202829194,-0.5156456075826833,0.3801951293101597
17.33,-17.33,1.3897493567240746e-05,30.000013897493567,-17.32998610250643,-17.33,-1.6534242979626554,-0.5159341924186646,0.3799001989998768
17.34,-17.34,1.4116180721744964e-05,30.000014116180722,-17.339985883819278,-17.34,-1.653334225276207,-0.5162227615383923,0.37960525711767057
17.35,-17.35,1.4334867876249184e-05,30.000014334867878,-17.349985665132124,-17.35,-1.6532441022263187,-0.5165113149330741,0.37931030367252644
17.36,-17.36,1.4553555030753326e-05,30.00001455355503,-17.35998544644497,-17.36,-1.6531539288157346,-0.5167998525939229,0.3790153386734263
17.37,-17.37,1.4772242185257543e-05,30.000014772242185,-17.369985227757816,-17.37,-1.6530637050472026,-0.5170883745121474,0.3787203621293565
17.38,-17.38,1.4990929339761685e-05,30.00001499092934,-17.37998500907066,-17.38,-1.652973430923471,-0.5173768806789584,0.37842537404930254
17.39,-17.39,1.5209616494265905e-05,30.000015209616496,-17.389984790383505,-17.39,-1.6528831064472889,-0.5176653710855693,0.37813037444224734
17.4,-17.4,1.5428303648770047e-05,30.000015428303648,-17.39998457169635,-17.4,-1.652792731621408,-0.5179538457231918,0.3778353633171775
17.41,-17.41,1.5646990803274263e-05,30.000015646990803,-17.409984353009197,-17.41,-1.6527023064485817,-0.5182423045830373,0.37754034068308057
17.42,-17.42,1.5865677957778483e-05,30.00001586567796,-17.419984134322043,-17.42,-1.6526118309315645,-0.5185307476563196,0.37724530654894173
17.43,-17.43,1.6084365112282625e-05,30.00001608436511,-17.42998391563489,-17.43,-1.6525213050731122,-0.5188191749342519,0.37695026092374784
17.44,-17.44,1.6303052266786842e-05,30.000016303052266,-17.439983696947735,-17.44,-1.6524307288759823,-0.5191075864080485,0.37665520381648604
17.45,-17.45,1.6521739421290984e-05,30.000016521739422,-17.449983478260577,-17.45,-1.6523401023429343,-0.519395982068923,0.37636013523614475
17.46,-17.46,1.6740426575795204e-05,30.000016740426577,-17.459983259573423,-17.46,-1.6522494254767282,-0.5196843619080928,0.37606505519170885
17.47,-17.47,1.6959113730299346e-05,30.00001695911373,-17.46998304088627,-17.47,-1.6521586982801266,-0.5199727259167707,0.37576996369216964
17.48,-17.48,1.7177800884803563e-05,30.000017177800885,-17.479982822199116,-17.48,-1.6520679207558935,-0.5202610740861731,0.37547486074651476
17.49,-17.49,1.7396488039307705e-05,30.00001739648804,-17.489982603511958,-17.49,-1.6519770929067934,-0.5205494064075183,0.37517974636373164
17.5,-17.5,1.7615175193811925e-05,30.000017615175192,-17.499982384824808,-17.5,-1.6518862147355935,-0.520837722872021,0.37488462055281085
17.51,-17.51,1.783386234831614e-05,30.000017833862348,-17.509982166137654,-17.51,-1.6517952862450622,-0.5211260234708996,0.37458948332274217
17.52,-17.52,1.8052549502820283e-05,30.000018052549503,-17.519981947450496,-17.52,-1.6517043074379691,-0.5214143081953717,0.3742943346825145
17.53,-17.53,1.8271236657324503e-05,30.00001827123666,-17.529981728763342,-17.53,-1.651613278317086,-0.5217025770366558,0.37399917464111854
17.54,-17.54,1.8489923811828645e-05,30.00001848992381,-17.53998151007619,-17.54,-1.6515221988851851,-0.5219908299859705,0.37370400320754477
17.55,-17.55,1.8708610966332862e-05,30.000018708610966,-17.549981291389035,-17.55,-1.6514310691450413,-0.5222790670345361,0.37340882039078366
17.56,-17.56,1.8927298120837004e-05,30.00001892729812,-17.559981072701877,-17.56,-1.6513398890994309,-0.52256728817357,0.3731136261998282
17.57,-17.57,1.9145985275341224e-05,30.000019145985274,-17.569980854014727,-17.57,-1.6512486587511306,-0.5228554933942949,0.3728184206436678
17.58,-17.58,1.9364672429845366e-05,30.00001936467243,-17.57998063532757,-17.58,-1.65115737810292,-0.5231436826879307,0.37252320373129594
17.59,-17.59,1.9583359584349583e-05,30.000019583359585,-17.589980416640415,-17.59,-1.6510660471575795,-0.5234318560456985,0.37222797547170433
17.6,-17.6,1.9802046738853803e-05,30.00001980204674,-17.59998019795326,-17.6,-1.6509746659178912,-0.5237200134588204,0.37193273587388537
17.61,-17.61,2.0020733893357945e-05,30.000020020733892,-17.609979979266107,-17.61,-1.6508832343866384,-0.524008154918519,0.37163748494683185
17.62,-17.62,2.023942104786216e-05,30.000020239421048,-17.619979760578953,-17.62,-1.6507917525666074,-0.524296280416015,0.3713422226995395
17.63,-17.63,2.0458108202366303e-05,30.000020458108203,-17.629979541891796,-17.63,-1.6507002204605836,-0.5245843899425338,0.3710469491409994
17.64,-17.64,2.0676795356870523e-05,30.00002067679536,-17.639979323204642,-17.64,-1.6506086380713558,-0.5248724834892983,0.37075166428020606
17.65,-17.65,2.0895482511374665e-05,30.00002089548251,-17.649979104517488,-17.65,-1.6505170054017133,-0.5251605610475334,0.37045636812615346
17.66,-17.66,2.1114169665878882e-05,30.000021114169666,-17.659978885830334,-17.66,-1.6504253224544485,-0.5254486226084616,0.37016106068783844
17.67,-17.67,2.1332856820383102e-05,30.00002133285682,-17.66997866714318,-17.67,-1.6503335892323527,-0.5257366681633109,0.3698657419742531
17.68,-17.68,2.1551543974887244e-05,30.000021551543973,-17.679978448456026,-17.68,-1.6502418057382218,-0.5260246977033047,0.3695704119943954
17.69,-17.69,2.177023112939146e-05,30.00002177023113,-17.689978229768872,-17.69,-1.6501499719748507,-0.5263127112196693,0.3692750707572609
17.7,-17.7,2.1988918283895603e-05,30.000021988918284,-17.699978011081715,-17.7,-1.6500580879450368,-0.5266007087036326,0.3689797182718441
17.71,-17.71,2.2207605438399823e-05,30.00002220760544,-17.70997779239456,-17.71,-1.6499661536515795,-0.5268886901464218,0.368684354547142
17.72,-17.72,2.2426292592903965e-05,30.000022426292592,-17.719977573707407,-17.72,-1.6498741690972791,-0.5271766555392623,0.3683889795921521
17.73,-17.73,2.2644979747408185e-05,30.000022644979747,-17.729977355020253,-17.73,-1.6497821342849377,-0.5274646048733843,0.36809359341587117
17.74,-17.74,2.2863666901912323e-05,30.000022863666903,-17.739977136333096,-17.74,-1.6496900492173583,-0.5277525381400163,0.36779819602729547
17.75,-17.75,2.3082354056416543e-05,30.000023082354055,-17.749976917645945,-17.75,-1.649597913897347,-0.528040455330386,0.3675027874354245
17.76,-17.76,2.3301041210920763e-05,30.00002330104121,-17.75997669895879,-17.76,-1.6495057283277095,-0.528328356435723,0.3672073676492567
17.77,-17.77,2.3519728365424902e-05,30.000023519728366,-17.769976480271634,-17.77,-1.649413492511254,-0.5286162414472593,0.3669119366777885
17.78,-17.78,2.3738415519929122e-05,30.00002373841552,-17.77997626158448,-17.78,-1.6493212064507905,-0.5289041103562233,0.3666164945300201
17.79,-17.79,2.3957102674433264e-05,30.000023957102673,-17.789976042897326,-17.79,-1.6492288701491307,-0.5291919631538462,0.36632104121495196
17.8,-17.8,2.4175789828937484e-05,30.00002417578983,-17.799975824210172,-17.8,-1.649136483609086,-0.5294797998313615,0.36602557674158026
17.81,-17.81,2.4394476983441623e-05,30.000024394476984,-17.809975605523015,-17.81,-1.6490440468334715,-0.529767620379999,0.3657301011189076
17.82,-17.82,2.4613164137945843e-05,30.00002461316414,-17.81997538683586,-17.82,-1.6489515598251032,-0.5300554247909914,0.3654346143559337
17.83,-17.83,2.4831851292449985e-05,30.00002483185129,-17.829975168148707,-17.83,-1.648859022586798,-0.530343213055573,0.3651391164616582
17.84,-17.84,2.50505384469542e-05,30.000025050538447,-17.839974949461553,-17.84,-1.6487664351213744,-0.5306309851649772,0.3648436074450815
17.85,-17.85,2.526922560145842e-05,30.000025269225603,-17.8499747307744,-17.85,-1.6486737974316537,-0.5309187411104365,0.364548087315207
17.86,-17.86,2.5487912755962563e-05,30.000025487912755,-17.859974512087245,-17.86,-1.648581109520457,-0.5312064808831861,0.3642525560810348
17.87,-17.87,2.5706599910466783e-05,30.00002570659991,-17.86997429340009,-17.87,-1.6484883713906082,-0.531494204474461,0.36395701375156675
17.88,-17.88,2.5925287064970922e-05,30.000025925287066,-17.879974074712933,-17.88,-1.648395583044932,-0.5317819118754967,0.3636614603358054
17.89,-17.89,2.6143974219475142e-05,30.00002614397422,-17.88997385602578,-17.89,-1.6483027444862552,-0.5320696030775284,0.36336589584275397
17.9,-17.9,2.6362661373979284e-05,30.000026362661373,-17.899973637338626,-17.9,-1.6482098557174052,-0.5323572780717946,0.36307032028141273
17.91,-17.91,2.6581348528483504e-05,30.00002658134853,-17.90997341865147,-17.91,-1.6481169167412124,-0.53264493684953,0.36277473366078855
17.92,-17.92,2.680003568298772e-05,30.000026800035684,-17.919973199964318,-17.92,-1.6480239275605069,-0.5329325794019735,0.362479135989882
17.93,-17.93,2.7018722837491863e-05,30.000027018722836,-17.929972981277164,-17.93,-1.6479308881781225,-0.5332202057203608,0.3621835272776994
17.94,-17.94,2.7237409991996083e-05,30.00002723740999,-17.93997276259001,-17.94,-1.6478377985968924,-0.5335078157959328,0.3618879075332433
17.95,-17.95,2.745609714650022e-05,30.000027456097147,-17.949972543902852,-17.95,-1.6477446588196527,-0.5337954096199271,0.3615922767655189
17.96,-17.96,2.767478430100444e-05,30.000027674784302,-17.9599723252157,-17.96,-1.6476514688492405,-0.5340829871835836,0.36129663498353126
17.97,-17.97,2.7893471455508583e-05,30.000027893471454,-17.969972106528544,-17.97,-1.6475582286884944,-0.534370548478142,0.3610009821962849
17.98,-17.98,2.8112158610012803e-05,30.00002811215861,-17.97997188784139,-17.98,-1.6474649383402549,-0.5346580934948426,0.36070531841278636
17.99,-17.99,2.8330845764516942e-05,30.000028330845765,-17.989971669154233,-17.99,-1.6473715978073633,-0.5349456222249271,0.36040964364204015
18.0,-18.0,2.8549532919021162e-05,30.000028549532917,-17.999971450467083,-18.0,-1.647278207092664,-0.5352331346596346,0.36011395789305545
18.01,-18.01,2.9429870257076846e-05,30.000029429870256,-18.009970570129745,-18.01,-1.6471847661990004,-0.5355206307902094,0.3598182691921784
18.02,-18.02,3.031020759513222e-05,30.000030310207595,-18.019969689792404,-18.02,-1.6470912751292197,-0.5358081106078935,0.3595225695325234
18.03,-18.03,3.119054493318791e-05,30.000031190544934,-18.029968809455067,-18.03,-1.64699773388617,-0.5360955741039279,0.35922685892309814
18.04,-18.04,3.2070882271243276e-05,30.00003207088227,-18.03996792911773,-18.04,-1.6469041424727004,-0.536383021269558,0.35893113737290655
18.05,-18.05,3.295121960929896e-05,30.00003295121961,-18.049967048780392,-18.05,-1.6468105008916614,-0.5366704520960275,0.35863540489095413
18.06,-18.06,3.383155694735433e-05,30.000033831556948,-18.05996616844305,-18.06,-1.6467168091459068,-0.536957866574579,0.35833966148625035
18.07,-18.07,3.4711894285410014e-05,30.000034711894287,-18.069965288105713,-18.07,-1.646623067238289,-0.5372452646964592,0.358043907167799
18.08,-18.08,3.559223162346539e-05,30.000035592231622,-18.079964407768376,-18.08,-1.6465292751716647,-0.5375326464529128,0.3577481419446086
18.09,-18.09,3.647256896152107e-05,30.00003647256896,-18.08996352743104,-18.09,-1.6464354329488902,-0.5378200118351864,0.35745236582568546
18.1,-18.1,3.735290629957676e-05,30.0000373529063,-18.0999626470937,-18.1,-1.646341540572825,-0.538107360834524,0.35715657882003976
18.11,-18.11,3.823324363763213e-05,30.000038233243636,-18.109961766756363,-18.11,-1.6462475980463283,-0.5383946934421756,0.35686078093667656
18.12,-18.12,3.9113580975687816e-05,30.000039113580975,-18.119960886419026,-18.12,-1.6461536053722623,-0.5386820096493864,0.35656497218460725
18.13,-18.13,3.9993918313743185e-05,30.000039993918314,-18.129960006081685,-18.13,-1.6460595625534904,-0.5389693094474041,0.3562691525728392
18.14,-18.14,4.087425565179887e-05,30.000040874255653,-18.139959125744348,-18.14,-1.6459654695928765,-0.5392565928274784,0.35597332211038113
18.15,-18.15,4.175459298985424e-05,30.00004175459299,-18.14995824540701,-18.15,-1.6458713264932874,-0.5395438597808584,0.3556774808062424
18.16,-18.16,4.263493032790993e-05,30.000042634930328,-18.159957365069673,-18.16,-1.645777133257591,-0.539831110298791,0.3553816286694348
18.17,-18.17,4.351526766596561e-05,30.000043515267667,-18.169956484732335,-18.17,-1.6456828898886557,-0.5401183443725293,0.35508576570896544
18.18,-18.18,4.439560500402099e-05,30.000044395605006,-18.179955604394994,-18.18,-1.6455885963893535,-0.5404055619933211,0.35478989193384747
18.19,-18.19,4.527594234207667e-05,30.00004527594234,-18.18995472405766,-18.19,-1.645494252762556,-0.5406927631524183,0.35449400735309
18.2,-18.2,4.615627968013204e-05,30.00004615627968,-18.19995384372032,-18.2,-1.6453998590111376,-0.5409799478410713,0.3541981119757059
18.21,-18.21,4.7036617018187725e-05,30.00004703661702,-18.20995296338298,-18.21,-1.645305415137973,-0.5412671160505342,0.3539022058107037
18.22,-18.22,4.79169543562431e-05,30.000047916954355,-18.219952083045644,-18.22,-1.6452109211459396,-0.5415542677720571,0.3536062888670978
18.23,-18.23,4.879729169429878e-05,30.000048797291694,-18.229951202708307,-18.23,-1.6451163770379158,-0.5418414029968931,0.35331036115389985
18.24,-18.24,4.967762903235415e-05,30.000049677629033,-18.239950322370966,-18.24,-1.6450217828167815,-0.5421285217162974,0.35301442268012034
18.25,-18.25,5.055796637040984e-05,30.00005055796637,-18.24994944203363,-18.25,-1.644927138485418,-0.5424156239215221,0.3527184734547741
18.26,-18.26,5.1438303708465526e-05,30.000051438303707,-18.259948561696294,-18.26,-1.644832444046709,-0.5427027096038212,0.3524225134868744
18.27,-18.27,5.2318641046520896e-05,30.000052318641046,-18.269947681358953,-18.27,-1.6447376995035383,-0.5429897787544519,0.3521265427854324
18.28,-18.28,5.3198978384576577e-05,30.000053198978385,-18.279946801021616,-18.28,-1.6446429048587923,-0.5432768313646673,0.3518305613594638
18.29,-18.29,5.407931572263195e-05,30.000054079315724,-18.289945920684275,-18.29,-1.6445480601153586,-0.5435638674257242,0.351534569217982
18.3,-18.3,5.495965306068764e-05,30.00005495965306,-18.29994504034694,-18.3,-1.6444531652761265,-0.5438508869288788,0.3512385663700014
18.31,-18.31,5.583999039874301e-05,30.0000558399904,-18.3099441600096,-18.31,-1.6443582203439866,-0.5441378898653881,0.3509425528245371
18.32,-18.32,5.672032773679869e-05,30.000056720327738,-18.319943279672263,-18.32,-1.6442632253218308,-0.5444248762265095,0.3506465285906034
18.33,-18.33,5.760066507485407e-05,30.000057600665073,-18.329942399334925,-18.33,-1.6441681802125534,-0.5447118460034999,0.3503504936772173
18.34,-18.34,5.8481002412909754e-05,30.000058481002412,-18.339941518997588,-18.34,-1.6440730850190486,-0.5449987991876202,0.3500544480933912
18.35,-18.35,5.9361339750965435e-05,30.00005936133975,-18.34994063866025,-18.35,-1.6439779397442142,-0.5452857357701271,0.34975839184814417
18.36,-18.36,6.0241677089020805e-05,30.00006024167709,-18.35993975832291,-18.36,-1.6438827443909478,-0.5455726557422813,0.34946232495049073
18.37,-18.37,6.112201442707649e-05,30.000061122014426,-18.369938877985575,-18.37,-1.64378749896215,-0.5458595590953406,0.34916624740944957
18.38,-18.38,6.200235176513185e-05,30.000062002351765,-18.379937997648234,-18.38,-1.6436922034607215,-0.5461464458205676,0.34887015923403597
18.39,-18.39,6.288268910318754e-05,30.000062882689104,-18.389937117310897,-18.39,-1.643596857889565,-0.5464333159092226,0.34857406043326733
18.4,-18.4,6.376302644124292e-05,30.000063763026443,-18.399936236973556,-18.4,-1.6435014622515856,-0.546720169352567,0.34827795101616194
18.41,-18.41,6.46433637792986e-05,30.00006464336378,-18.409935356636222,-18.41,-1.6434060165496889,-0.5470070061418627,0.34798183099173713
18.42,-18.42,6.552370111735428e-05,30.000065523701117,-18.419934476298884,-18.42,-1.6433105207867817,-0.5472938262683728,0.34768570036901136
18.43,-18.43,6.640403845540967e-05,30.000066404038456,-18.429933595961543,-18.43,-1.6432149749657743,-0.5475806297233582,0.3473895591570042
18.44,-18.44,6.728437579346534e-05,30.000067284375792,-18.43993271562421,-18.44,-1.6431193790895762,-0.5478674164980845,0.3470934073647336
18.45,-18.45,6.816471313152072e-05,30.00006816471313,-18.44993183528687,-18.45,-1.6430237331610995,-0.5481541865838149,0.3467972450012185
18.46,-18.46,6.904505046957641e-05,30.00006904505047,-18.45993095494953,-18.46,-1.6429280371832578,-0.5484409399718149,0.3465010720754781
18.47,-18.47,6.992538780763177e-05,30.00006992538781,-18.46993007461219,-18.47,-1.6428322911589668,-0.5487276766533468,0.34620488859653487
18.48,-18.48,7.080572514568746e-05,30.000070805725144,-18.479929194274856,-18.48,-1.642736495091142,-0.5490143966196788,0.34590869457340667
18.49,-18.49,7.168606248374282e-05,30.000071686062483,-18.489928313937515,-18.49,-1.6426406489827021,-0.5493010998620765,0.34561249001511296
18.5,-18.5,7.256639982179851e-05,30.000072566399822,-18.499927433600178,-18.5,-1.642544752836567,-0.5495877863718046,0.34531627493067846
18.51,-18.51,7.34467371598542e-05,30.00007344673716,-18.50992655326284,-18.51,-1.6424488066556575,-0.549874456140132,0.3450200493291214
18.52,-18.52,7.432707449790957e-05,30.000074327074497,-18.519925672925503,-18.52,-1.6423528104428962,-0.5501611091583264,0.3447238132194627
18.53,-18.53,7.520741183596525e-05,30.000075207411836,-18.529924792588165,-18.53,-1.6422567642012076,-0.5504477454176543,0.3444275666107268
18.54,-18.54,7.608774917402064e-05,30.000076087749175,-18.539923912250824,-18.54,-1.6421606679335177,-0.5507343649093844,0.3441313095119347
18.55,-18.55,7.696808651207631e-05,30.00007696808651,-18.54992303191349,-18.55,-1.6420645216427527,-0.5510209676247878,0.34383504193210757
18.56,-18.56,7.784842385013169e-05,30.00007784842385,-18.55992215157615,-18.56,-1.6419683253318424,-0.5513075535551321,0.34353876388026994
18.57,-18.57,7.872876118818737e-05,30.00007872876119,-18.56992127123881,-18.57,-1.641872079003717,-0.5515941226916872,0.34324247536544467
18.58,-18.58,7.960909852624274e-05,30.000079609098528,-18.57992039090147,-18.58,-1.6417757826613077,-0.5518806750257251,0.34294617639665387
18.59,-18.59,8.048943586429842e-05,30.000080489435863,-18.589919510564137,-18.59,-1.6416794363075482,-0.5521672105485173,0.3426498669829218
18.6,-18.6,8.136977320235411e-05,30.000081369773202,-18.5999186302268,-18.6,-1.6415830399453737,-0.5524537292513328,0.34235354713327387
18.61,-18.61,8.225011054040947e-05,30.00008225011054,-18.60991774988946,-18.61,-1.64148659357772,-0.5527402311254469,0.3420572168567325
18.62,-18.62,8.313044787846516e-05,30.00008313044788,-18.61991686955212,-18.62,-1.6413900972075257,-0.55302671616213,0.3417608761623232
18.63,-18.63,8.401078521652054e-05,30.000084010785216,-18.629915989214783,-18.63,-1.6412935508377298,-0.553313184352656,0.3414645250590712
18.64,-18.64,8.489112255457623e-05,30.000084891122555,-18.639915108877446,-18.64,-1.6411969544712735,-0.5535996356882978,0.3411681635560027
18.65,-18.65,8.57714598926316e-05,30.000085771459894,-18.649914228540105,-18.65,-1.6411003081110989,-0.5538860701603321,0.3408717916621406
18.66,-18.66,8.665179723068729e-05,30.00008665179723,-18.65991334820277,-18.66,-1.6410036117601503,-0.5541724877600308,0.3405754093865132
18.67,-18.67,8.753213456874296e-05,30.000087532134568,-18.669912467865434,-18.67,-1.6409068654213732,-0.5544588884786705,0.34027901673814565
18.68,-18.68,8.841247190679834e-05,30.000088412471907,-18.679911587528093,-18.68,-1.640810069097715,-0.5547452723075265,0.3399826137260658
18.69,-18.69,8.929280924485403e-05,30.000089292809246,-18.689910707190755,-18.69,-1.6407132227921237,-0.5550316392378752,0.3396862003592991
18.7,-18.7,9.017314658290939e-05,30.00009017314658,-18.699909826853418,-18.7,-1.64061632650755,-0.5553179892609926,0.3393897766468741
18.71,-18.71,9.105348392096508e-05,30.00009105348392,-18.70990894651608,-18.71,-1.6405193802469447,-0.5556043223681583,0.33909334259781604
18.72,-18.72,9.193382125902044e-05,30.00009193382126,-18.71990806617874,-18.72,-1.6404223840132617,-0.5558906385506478,0.33879689822115533
18.73,-18.73,9.281415859707613e-05,30.0000928141586,-18.7299071858414,-18.73,-1.6403253378094553,-0.55617693779974,0.3385004435259191
18.74,-18.74,9.369449593513152e-05,30.000093694495934,-18.739906305504064,-18.74,-1.640228241638482,-0.556463220106714,0.3382039785211354
18.75,-18.75,9.45748332731872e-05,30.000094574833273,-18.749905425166727,-18.75,-1.6401310955032993,-0.556749485462849,0.33790750321583357
18.76,-18.76,9.545517061124287e-05,30.000095455170612,-18.75990454482939,-18.76,-1.6400338994068664,-0.5570357338594248,0.33761101761904244
18.77,-18.77,9.633550794929826e-05,30.000096335507948,-18.769903664492052,-18.77,-1.6399366533521442,-0.5573219652877219,0.33731452173979204
18.78,-18.78,9.721584528735394e-05,30.000097215845287,-18.779902784154714,-18.78,-1.639839357342095,-0.5576081797390212,0.33701801558711103
18.79,-18.79,9.80961826254093e-05,30.000098096182626,-18.789901903817373,-18.79,-1.6397420113796826,-0.557894377204604,0.3367214991700301
18.8,-18.8,9.8976519963465e-05,30.000098976519965,-18.799901023480036,-18.8,-1.6396446154678719,-0.5581805576757529,0.33642497249757863
18.81,-18.81,9.985685730152036e-05,30.0000998568573,-18.8099001431427,-18.81,-1.6395471696096304,-0.5584667211437484,0.33612843557878985
18.82,-18.82,0.00010073719463957604,30.00010073719464,-18.81989926280536,-18.82,-1.6394496738079263,-0.5587528675998754,0.33583188842269235
18.83,-18.83,0.0001016175319776314,30.00010161753198,-18.82989838246802,-18.83,-1.6393521280657293,-0.5590389970354168,0.3355353310383179
18.84,-18.84,0.0001024978693156871,30.000102497869317,-18.839897502130682,-18.84,-1.6392545323860108,-0.5593251094416566,0.3352387634346986
18.85,-18.85,0.00010337820665374278,30.000103378206653,-18.84989662179335,-18.85,-1.6391568867717436,-0.5596112048098791,0.3349421856208656
18.86,-18.86,0.00010425854399179817,30.000104258543992,-18.859895741456008,-18.86,-1.6390591912259025,-0.5598972831313704,0.3346455976058511
18.87,-18.87,0.00010513888132985383,30.00010513888133,-18.86989486111867,-18.87,-1.6389614457514639,-0.5601833443974138,0.33434899939868934
18.88,-18.88,0.00010601921866790922,30.000106019218666,-18.879893980781333,-18.88,-1.6388636503514042,-0.5604693885992973,0.33405239100841155
18.89,-18.89,0.00010689955600596491,30.000106899556005,-18.889893100443995,-18.89,-1.638765805028703,-0.5607554157283071,0.33375577244405075
18.9,-18.9,0.00010777989334402027,30.000107779893344,-18.899892220106654,-18.9,-1.6386679097863408,-0.5610414257757308,0.33345914371464047
18.91,-18.91,0.00010866023068207596,30.000108660230683,-18.909891339769317,-18.91,-1.6385699646272998,-0.561327418732854,0.33316250482921633
18.92,-18.92,0.00010954056802013165,30.00010954056802,-18.919890459431983,-18.92,-1.6384719695545633,-0.5616133945909675,0.3328658557968097
18.93,-18.93,0.00011042090535818701,30.000110420905358,-18.92988957909464,-18.93,-1.6383739245711166,-0.5618993533413582,0.3325691966264565
18.94,-18.94,0.0001113012426962427,30.000111301242697,-18.939888698757304,-18.94,-1.6382758296799467,-0.562185294975315,0.3322725273271923
18.95,-18.95,0.00011218158003429806,30.000112181580036,-18.949887818419963,-18.95,-1.6381776848840408,-0.5624712194841291,0.33197584790805035
18.96,-18.96,0.00011306191737235375,30.00011306191737,-18.95988693808263,-18.96,-1.638079490186389,-0.5627571268590911,0.3316791583780653
18.97,-18.97,0.00011394225471040914,30.00011394225471,-18.96988605774529,-18.97,-1.6379812455899831,-0.5630430170914891,0.3313824587462758
18.98,-18.98,0.00011482259204846483,30.00011482259205,-18.97988517740795,-18.98,-1.637882951097815,-0.5633288901726168,0.3310857490217152
18.99,-18.99,0.00011570292938652019,30.000115702929385,-18.989884297070613,-18.99,-1.6377846067128787,-0.5636147460937658,0.33078902921341996
19.0,-19.0,0.00011658326672457588,30.000116583266724,-18.999883416733276,-19.0,-1.637686212438171,-0.5639005848462273,0.33049229933042834
19.01,-19.01,0.00011999505331384899,30.000119995053314,-19.009880004946687,-19.01,-1.6375877682766886,-0.564186406421294,0.3301955903218608
19.02,-19.02,0.00012340683990312088,30.000123406839904,-19.019876593160095,-19.02,-1.63748927423143,-0.5644722108102616,0.329898871261758
19.03,-19.03,0.000126818626492394,30.00012681862649,-19.02987318137351,-19.03,-1.637390730305396,-0.5647579980044214,0.3296021421591515
19.04,-19.04,0.00013023041308166588,30.00013023041308,-19.039869769586918,-19.04,-1.6372921365015882,-0.5650437679950682,0.32930540302307304
19.05,-19.05,0.00013364219967093897,30.00013364219967,-19.04986635780033,-19.05,-1.6371934928230094,-0.5653295207734991,0.3290086538625514
19.06,-19.06,0.0001370539862602109,30.00013705398626,-19.059862946013737,-19.06,-1.6370947992726654,-0.5656152563310073,0.3287118946866205
19.07,-19.07,0.00014046577284948397,30.000140465772848,-19.069859534227152,-19.07,-1.6369960558535621,-0.5659009746588894,0.32841512550431085
19.08,-19.08,0.0001438775594387559,30.000143877559438,-19.07985612244056,-19.08,-1.6368972625687077,-0.5661866757484415,0.3281183463246567
19.09,-19.09,0.00014728934602802898,30.000147289346028,-19.08985271065397,-19.09,-1.6367984194211107,-0.5664723595909626,0.327821557156686
19.1,-19.1,0.0001507011326173021,30.00015070113262,-19.099849298867383,-19.1,-1.6366995264137834,-0.5667580261777482,0.3275247580094357
19.11,-19.11,0.00015411291920657398,30.000154112919205,-19.109845887080795,-19.11,-1.6366005835497373,-0.5670436755000972,0.3272279488919373
19.12,-19.12,0.0001575247057958471,30.000157524705795,-19.119842475294206,-19.12,-1.6365015908319864,-0.5673293075493079,0.3269311298132245
19.13,-19.13,0.00016093649238511898,30.000160936492385,-19.129839063507614,-19.13,-1.6364025482635467,-0.5676149223166796,0.32663430078233024
19.14,-19.14,0.0001643482789743921,30.000164348278975,-19.139835651721025,-19.14,-1.636303455847435,-0.5679005197935116,0.3263374618082897
19.15,-19.15,0.000167760065563664,30.000167760065565,-19.149832239934433,-19.15,-1.6362043135866695,-0.5681860999711059,0.3260406129001351
19.16,-19.16,0.0001711718521529371,30.000171171852152,-19.159828828147848,-19.16,-1.6361051214842706,-0.568471662840761,0.32574375406690287
19.17,-19.17,0.00017458363874221018,30.000174583638742,-19.16982541636126,-19.17,-1.6360058795432595,-0.5687572083937799,0.32544688531762644
19.18,-19.18,0.00017799542533148208,30.000177995425332,-19.179822004574667,-19.18,-1.63590658776666,-0.569042736621462,0.3251500066613431
19.19,-19.19,0.00018140721192075522,30.000181407211922,-19.18981859278808,-19.19,-1.6358072461574962,-0.5693282475151119,0.3248531181070864
19.2,-19.2,0.0001848189985100271,30.00018481899851,-19.19981518100149,-19.2,-1.6357078547187942,-0.5696137410660316,0.3245562196638929
19.21,-19.21,0.0001882307850993002,30.0001882307851,-19.2098117692149,-19.21,-1.6356084134535815,-0.5698992172655245,0.32425931134079794
19.22,-19.22,0.00019164257168857208,30.00019164257169,-19.21980835742831,-19.22,-1.6355089223648878,-0.5701846761048946,0.32396239314683867
19.23,-19.23,0.0001950543582778452,30.00019505435828,-19.22980494564172,-19.23,-1.635409381455743,-0.5704701175754463,0.323665465091051
19.24,-19.24,0.0001984661448671171,30.000198466144866,-19.239801533855132,-19.24,-1.6353097907291798,-0.5707555416684852,0.32336852718247205
19.25,-19.25,0.0002018779314563902,30.000201877931456,-19.249798122068544,-19.25,-1.6352101501882321,-0.5710409483753147,0.3230715794301407
19.26,-19.26,0.0002052897180456633,30.000205289718046,-19.259794710281955,-19.26,-1.6351104598359347,-0.5713263376872428,0.3227746218430922
19.27,-19.27,0.0002087015046349352,30.000208701504636,-19.269791298495363,-19.27,-1.6350107196753243,-0.5716117095955763,0.3224776544303653
19.28,-19.28,0.00021211329122420832,30.000212113291223,-19.279787886708778,-19.28,-1.6349109297094397,-0.57189706409162,0.32218067720099897
19.29,-19.29,0.0002155250778134802,30.000215525077813,-19.289784474922186,-19.29,-1.6348110899413204,-0.5721824011666837,0.32188369016403073
19.3,-19.3,0.0002189368644027533,30.000218936864403,-19.299781063135597,-19.3,-1.6347112003740072,-0.5724677208120753,0.32158669332849876
19.31,-19.31,0.00022234865099202519,30.000222348650993,-19.309777651349005,-19.31,-1.6346112610105437,-0.5727530230191016,0.3212896867034444
19.32,-19.32,0.00022576043758129832,30.00022576043758,-19.31977423956242,-19.32,-1.6345112718539738,-0.5730383077790739,0.32099267029790446
19.33,-19.33,0.00022917222417057022,30.00022917222417,-19.329770827775828,-19.33,-1.6344112329073435,-0.5733235750833012,0.32069564412092
19.34,-19.34,0.0002325840107598433,30.00023258401076,-19.33976741598924,-19.34,-1.6343111441736993,-0.5736088249230944,0.3203986081815294
19.35,-19.35,0.0002359957973491164,30.00023599579735,-19.34976400420265,-19.35,-1.634211005656092,-0.5738940572897622,0.3201015624887762
19.36,-19.36,0.0002394075839383883,30.000239407583937,-19.359760592416063,-19.36,-1.6341108173575698,-0.5741792721746187,0.31980450705169683
19.37,-19.37,0.00024281937052766142,30.000242819370527,-19.369757180629474,-19.37,-1.634010579281186,-0.5744644695689738,0.3195074418793357
19.38,-19.38,0.0002462311571169333,30.000246231157117,-19.379753768842882,-19.38,-1.633910291429994,-0.5747496494641398,0.31921036698073224
19.39,-19.39,0.0002496429437062064,30.000249642943707,-19.389750357056293,-19.39,-1.6338099538070483,-0.5750348118514309,0.31891328236492794
19.4,-19.4,0.00025305473029547834,30.000253054730294,-19.399746945269705,-19.4,-1.633709566415405,-0.5753199567221607,0.31861618804096375
19.41,-19.41,0.0002564665168847514,30.000256466516884,-19.409743533483116,-19.41,-1.6336091292581232,-0.5756050840676412,0.31831908401788395
19.42,-19.42,0.0002598783034740245,30.000259878303474,-19.419740121696528,-19.42,-1.6335086423382612,-0.5758901938791896,0.3180219703047279
19.43,-19.43,0.00026329009006329646,30.000263290090064,-19.429736709909935,-19.43,-1.6334081056588807,-0.5761752861481187,0.31772484691054087
19.44,-19.44,0.0002667018766525695,30.00026670187665,-19.43973329812335,-19.44,-1.6333075192230442,-0.576460360865745,0.31742771384436447
19.45,-19.45,0.00027011366324184143,30.00027011366324,-19.44972988633676,-19.45,-1.6332068830338158,-0.5767454180233839,0.317130571115243
19.46,-19.46,0.0002735254498311145,30.00027352544983,-19.45972647455017,-19.46,-1.6331061970942604,-0.577030457612354,0.31683341873221776
19.47,-19.47,0.0002769372364203864,30.00027693723642,-19.469723062763578,-19.47,-1.6330054614074456,-0.5773154796239708,0.31653625670433416
19.48,-19.48,0.00028034902300965955,30.000280349023008,-19.479719650976993,-19.48,-1.6329046759764403,-0.5776004840495516,0.31623908504063686
19.49,-19.49,0.0002837608095989314,30.000283760809598,-19.4897162391904,-19.49,-1.6328038408043137,-0.5778854708804169,0.3159419037501686
19.5,-19.5,0.0002871725961882045,30.000287172596188,-19.499712827403812,-19.5,-1.6327029558941382,-0.5781704401078835,0.3156447128419746
19.51,-19.51,0.00029058438277747766,30.00029058438278,-19.509709415617223,-19.51,-1.6326020212489865,-0.5784553917232713,0.3153475123251006
19.52,-19.52,0.0002939961693667495,30.00029399616937,-19.51970600383063,-19.52,-1.6325010368719337,-0.5787403257179004,0.3150503022085914
19.53,-19.53,0.00029740795595602264,30.000297407955955,-19.529702592044046,-19.53,-1.6324000027660555,-0.5790252420830909,0.3147530825014927
19.54,-19.54,0.00030081974254529453,30.000300819742545,-19.539699180257454,-19.54,-1.6322989189344297,-0.5793101408101641,0.3144558532128494
19.55,-19.55,0.0003042315291345676,30.000304231529135,-19.549695768470865,-19.55,-1.6321977853801355,-0.5795950218904411,0.3141586143517086
19.56,-19.56,0.00030764331572383956,30.000307643315725,-19.559692356684273,-19.56,-1.6320966021062535,-0.5798798853152443,0.3138613659271163
19.57,-19.57,0.0003110551023131126,30.000311055102312,-19.56968894489769,-19.57,-1.6319953691158664,-0.580164731075896,0.3135641079481199
19.58,-19.58,0.00031446688890238454,30.000314466888902,-19.579685533111096,-19.58,-1.6318940864120577,-0.5804495591637188,0.3132668404237659
19.59,-19.59,0.0003178786754916576,30.000317878675492,-19.589682121324508,-19.59,-1.631792753997912,-0.5807343695700382,0.3129695633631008
19.6,-19.6,0.0003212904620809307,30.000321290462082,-19.59967870953792,-19.6,-1.631691371876517,-0.5810191622861766,0.3126722767751731
19.61,-19.61,0.00032470224867020266,30.00032470224867,-19.60967529775133,-19.61,-1.63158994005096,-0.5813039373034599,0.31237498066902986
19.62,-19.62,0.00032811403525947574,30.00032811403526,-19.619671885964742,-19.62,-1.6314884585243319,-0.5815886946132112,0.31207767505372186
19.63,-19.63,0.00033152582184874763,30.00033152582185,-19.62966847417815,-19.63,-1.6313869272997232,-0.5818734342067585,0.3117803599382947
19.64,-19.64,0.00033493760843802077,30.00033493760844,-19.63966506239156,-19.64,-1.6312853463802273,-0.5821581560754275,0.31148303533179805
19.65,-19.65,0.0003383493950272926,30.000338349395026,-19.649661650604973,-19.65,-1.631183715768938,-0.5824428602105449,0.311185701243281
19.66,-19.66,0.00034176118161656575,30.000341761181616,-19.659658238818384,-19.66,-1.6310820354689513,-0.5827275466034383,0.31088835768179257
19.67,-19.67,0.0003451729682058389,30.000345172968206,-19.669654827031795,-19.67,-1.6309803054833645,-0.5830122152454363,0.31059100465638195
19.68,-19.68,0.0003485847547951107,30.000348584754796,-19.679651415245203,-19.68,-1.6308785258152767,-0.5832968661278659,0.3102936421761005
19.69,-19.69,0.00035199654138438387,30.000351996541383,-19.68964800345862,-19.69,-1.6307766964677886,-0.5835814992420563,0.30999627024999854
19.7,-19.7,0.0003554083279736557,30.000355408327973,-19.699644591672026,-19.7,-1.6306748174440011,-0.5838661145793383,0.3096988888871242
19.71,-19.71,0.00035882011456292884,30.000358820114563,-19.709641179885438,-19.71,-1.6305728887470183,-0.5841507121310422,0.30940149809652956
19.72,-19.72,0.00036223190115220073,30.000362231901153,-19.719637768098845,-19.72,-1.6304709103799453,-0.5844352918884964,0.30910409788726706
19.73,-19.73,0.0003656436877414739,30.00036564368774,-19.72963435631226,-19.73,-1.630368882345888,-0.5847198538430343,0.30880668826838575
19.74,-19.74,0.00036905547433074577,30.00036905547433,-19.73963094452567,-19.74,-1.6302668046479545,-0.5850043979859877,0.3085092692489379
19.75,-19.75,0.00037246726092001885,30.00037246726092,-19.74962753273908,-19.75,-1.6301646772892548,-0.5852889243086866,0.3082118408379773
19.76,-19.76,0.00037587904750929194,30.00037587904751,-19.75962412095249,-19.76,-1.6300625002728992,-0.5855734328024661,0.30791440304455314
19.77,-19.77,0.00037929083409856383,30.000379290834097,-19.769620709165903,-19.77,-1.629960273602,-0.5858579234586596,0.3076169558777194
19.78,-19.78,0.00038270262068783697,30.000382702620687,-19.779617297379314,-19.78,-1.629857997279672,-0.5861423962685994,0.3073194993465293
19.79,-19.79,0.00038611440727710886,30.000386114407277,-19.789613885592722,-19.79,-1.6297556713090309,-0.5864268512236203,0.30702203346003604
19.8,-19.8,0.00038952619386638194,30.000389526193867,-19.799610473806133,-19.8,-1.6296532956931924,-0.586711288315059,0.30672455822729083
19.81,-19.81,0.00039293798045565384,30.000392937980454,-19.809607062019545,-19.81,-1.629550870435276,-0.5869957075342493,0.30642707365734917
19.82,-19.82,0.000396349767044927,30.000396349767044,-19.819603650232956,-19.82,-1.629448395538402,-0.5872801088725271,0.30612957975926564
19.83,-19.83,0.00039976155363419887,30.000399761553634,-19.829600238446364,-19.83,-1.6293458710056912,-0.5875644923212305,0.3058320765420929
19.84,-19.84,0.00040317334022347195,30.000403173340224,-19.839596826659776,-19.84,-1.6292432968402666,-0.5878488578716968,0.30553456401488494
19.85,-19.85,0.0004065851268127451,30.000406585126814,-19.849593414873187,-19.85,-1.6291406730452538,-0.5881332055152614,0.30523704218669856
19.86,-19.86,0.000409996913402017,30.0004099969134,-19.8595900030866,-19.86,-1.629037999623778,-0.5884175352432656,0.3049395110665867
19.87,-19.87,0.00041340869999129007,30.00041340869999,-19.86958659130001,-19.87,-1.628935276578967,-0.5887018470470459,0.30464197066360615
19.88,-19.88,0.00041682048658056196,30.00041682048658,-19.879583179513418,-19.88,-1.6288325039139504,-0.5889861409179424,0.3043444209868116
19.89,-19.89,0.00042023227316983504,30.00042023227317,-19.88957976772683,-19.89,-1.6287296816318586,-0.5892704168472945,0.3040468620452607
19.9,-19.9,0.00042364405975910694,30.000423644059758,-19.89957635594024,-19.9,-1.628626809735823,-0.5895546748264447,0.30374929384800664
19.91,-19.91,0.0004270558463483801,30.000427055846348,-19.909572944153652,-19.91,-1.6285238882289783,-0.5898389148467318,0.3034517164041082
19.92,-19.92,0.00043046763293765316,30.00043046763294,-19.919569532367063,-19.92,-1.628420917114459,-0.5901231368994981,0.3031541297226215
19.93,-19.93,0.00043387941952692505,30.00043387941953,-19.92956612058047,-19.93,-1.6283178963954021,-0.5904073409760857,0.30285653381260336
19.94,-19.94,0.0004372912061161982,30.000437291206115,-19.939562708793886,-19.94,-1.6282148260749458,-0.5906915270678373,0.3025589286831113
19.95,-19.95,0.0004407029927054701,30.000440702992705,-19.949559297007294,-19.95,-1.62811170615623,-0.5909756951660954,0.30226131434320325
19.96,-19.96,0.00044411477929474317,30.000444114779295,-19.959555885220706,-19.96,-1.628008536642395,-0.5912598452622058,0.30196369080193525
19.97,-19.97,0.00044752656588401506,30.000447526565885,-19.969552473434113,-19.97,-1.6279053175365845,-0.5915439773475106,0.30166605806836777
19.98,-19.98,0.0004509383524732882,30.000450938352472,-19.97954906164753,-19.98,-1.627802048841942,-0.5918280914133555,0.30136841615155774
19.99,-19.99,0.0004543501390625601,30.000454350139062,-19.989545649860936,-19.99,-1.627698730561614,-0.5921121874510857,0.3010707650605645
20.0,-20.0,0.0004577619256518332,30.000457761925652,-19.999542238074348,-20.0,-1.6275953626987474,-0.5923962654520475,0.30077310480444713
20.01,-20.01,0.00047056068761629167,30.000470560687617,-20.009529439312384,-20.01,-1.6274919452564909,-0.5926803254075871,0.3004755510239231
20.02,-20.02,0.00048335944958074556,30.000483359449582,-20.019516640550417,-20.02,-1.6273884782379944,-0.5929643673090522,0.30017798811355456
20.03,-20.03,0.0004961582115452041,30.000496158211543,-20.029503841788458,-20.03,-1.6272849616464107,-0.5932483911477884,0.2998804160823777
20.04,-20.04,0.000508956973509658,30.00050895697351,-20.03949104302649,-20.04,-1.6271813954848922,-0.593532396915146,0.2995828349394256
20.05,-20.05,0.0005217557354741164,30.000521755735473,-20.049478244264527,-20.05,-1.6270777797565938,-0.5938163846024737,0.2992852446937328
20.06,-20.06,0.0005345544974385704,30.000534554497438,-20.05946544550256,-20.06,-1.6269741144646725,-0.5941003542011183,0.29898764535433625
20.07,-20.07,0.0005473532594030289,30.000547353259403,-20.069452646740597,-20.07,-1.6268703996122855,-0.5943843057024322,0.2986900369302702
20.08,-20.08,0.0005601520213674828,30.000560152021368,-20.07943984797863,-20.08,-1.6267666352025922,-0.5946682390977646,0.2983924194305697
20.09,-20.09,0.0005729507833319412,30.000572950783333,-20.089427049216667,-20.09,-1.6266628212387535,-0.5949521543784666,0.29809479286427165
20.1,-20.1,0.0005857495452963998,30.000585749545298,-20.099414250454704,-20.1,-1.6265589577239319,-0.5952360515358898,0.29779715724041195
20.11,-20.11,0.0005985483072608537,30.00059854830726,-20.10940145169274,-20.11,-1.6264550446612906,-0.5955199305613865,0.2974995125680264
20.12,-20.12,0.0006113470692253122,30.000611347069224,-20.119388652930777,-20.12,-1.626351082053996,-0.5958037914463082,0.2972018588561534
20.13,-20.13,0.0006241458311897661,30.00062414583119,-20.12937585416881,-20.13,-1.6262470699052147,-0.5960876341820078,0.29690419611383023
20.14,-20.14,0.0006369445931542246,30.000636944593154,-20.139363055406847,-20.14,-1.6261430082181147,-0.5963714587598405,0.2966065243500925
20.15,-20.15,0.0006497433551186785,30.00064974335512,-20.14935025664488,-20.15,-1.626038896995866,-0.5966552651711605,0.29630884357397735
20.16,-20.16,0.0006625421170831369,30.000662542117084,-20.159337457882916,-20.16,-1.62593473624164,-0.5969390534073203,0.29601115379452564
20.17,-20.17,0.0006753408790475954,30.00067534087905,-20.169324659120953,-20.17,-1.6258305259586099,-0.5972228234596783,0.2957134550207724
20.18,-20.18,0.0006881396410120494,30.000688139641014,-20.179311860358986,-20.18,-1.6257262661499499,-0.597506575319588,0.2954157472617581
20.19,-20.19,0.0007009384029765079,30.000700938402975,-20.189299061597026,-20.19,-1.6256219568188361,-0.5977903089784058,0.2951180305265214
20.2,-20.2,0.0007137371649409618,30.00071373716494,-20.19928626283506,-20.2,-1.6255175979684457,-0.5980740244274904,0.29482030482410004
20.21,-20.21,0.0007265359269054202,30.000726535926905,-20.209273464073096,-20.21,-1.6254131896019575,-0.5983577216581989,0.2945225701635329
20.22,-20.22,0.0007393346888698742,30.00073933468887,-20.21926066531113,-20.22,-1.6253087317225525,-0.5986414006618884,0.29422482655386195
20.23,-20.23,0.0007521334508343326,30.000752133450835,-20.229247866549166,-20.23,-1.6252042243334126,-0.5989250614299173,0.2939270740041256
20.24,-20.24,0.0007649322127987866,30.0007649322128,-20.2392350677872,-20.24,-1.6250996674377207,-0.5992087039536469,0.293629312523363
20.25,-20.25,0.0007777309747632451,30.000777730974765,-20.249222269025235,-20.25,-1.6249950610386625,-0.599492328224435,0.29333154212061585
20.26,-20.26,0.0007905297367277036,30.00079052973673,-20.259209470263272,-20.26,-1.6248904051394242,-0.5997759342336417,0.293033762804925
20.27,-20.27,0.0008033284986921575,30.00080332849869,-20.26919667150131,-20.27,-1.6247856997431933,-0.6000595219726303,0.29273597458532924
20.28,-20.28,0.0008161272606566159,30.000816127260656,-20.279183872739345,-20.28,-1.62468094485316,-0.6003430914327599,0.29243817747087175
20.29,-20.29,0.00082892602262107,30.00082892602262,-20.28917107397738,-20.29,-1.6245761404725154,-0.6006266426053923,0.2921403714705939
20.3,-20.3,0.0008417247845855283,30.000841724784586,-20.299158275215415,-20.3,-1.624471286604451,-0.6009101754818925,0.2918425565935352
20.31,-20.31,0.0008545235465499823,30.00085452354655,-20.30914547645345,-20.31,-1.624366383252162,-0.6011936900536212,0.29154473284874044
20.32,-20.32,0.0008673223085144408,30.000867322308515,-20.319132677691485,-20.32,-1.6242614304188436,-0.6014771863119429,0.2912469002452506
20.33,-20.33,0.0008801210704788946,30.00088012107048,-20.329119878929518,-20.33,-1.6241564281076928,-0.6017606642482213,0.2909490587921085
20.34,-20.34,0.0008929198324433532,30.00089291983244,-20.339107080167558,-20.34,-1.6240513763219075,-0.6020441238538229,0.29065120849835546
20.35,-20.35,0.0009057185944078116,30.000905718594407,-20.349094281405595,-20.35,-1.623946275064689,-0.602327565120111,0.2903533493730369
20.36,-20.36,0.0009185173563722656,30.00091851735637,-20.359081482643628,-20.36,-1.6238411243392377,-0.6026109880384524,0.2900554814251941
20.37,-20.37,0.0009313161183367241,30.000931316118336,-20.369068683881665,-20.37,-1.6237359241487574,-0.6028943926002133,0.28975760466387207
20.38,-20.38,0.000944114880301178,30.0009441148803,-20.379055885119698,-20.38,-1.6236306744964524,-0.6031777787967609,0.2894597190981135
20.39,-20.39,0.0009569136422656365,30.000956913642266,-20.389043086357734,-20.39,-1.6235253753855292,-0.6034611466194619,0.28916182473696456
20.4,-20.4,0.0009697124042300904,30.00096971240423,-20.399030287595767,-20.4,-1.6234200268191947,-0.6037444960596867,0.28886392158946644
20.41,-20.41,0.0009825111661945487,30.000982511166196,-20.409017488833804,-20.41,-1.6233146288006581,-0.6040278271088019,0.2885660096646653
20.42,-20.42,0.0009953099281590073,30.000995309928157,-20.419004690071844,-20.42,-1.6232091813331304,-0.6043111397581779,0.2882680889716064
20.43,-20.43,0.0010081086901234612,30.001008108690122,-20.428991891309877,-20.43,-1.623103684419824,-0.6045944339991826,0.28797015951933597
20.44,-20.44,0.0010209074520879198,30.001020907452087,-20.438979092547914,-20.44,-1.622998138063952,-0.6048777098231882,0.2876722213168975
20.45,-20.45,0.0010337062140523736,30.001033706214052,-20.448966293785947,-20.45,-1.6228925422687293,-0.6051609672215653,0.28737427437333757
20.46,-20.46,0.0010465049760168322,30.001046504976017,-20.458953495023984,-20.46,-1.6227868970373727,-0.6054442061856858,0.2870763186977007
20.47,-20.47,0.001059303737981286,30.001059303737982,-20.468940696262017,-20.47,-1.622681202373101,-0.6057274267069198,0.2867783542990367
20.48,-20.48,0.0010721024999457446,30.001072102499947,-20.478927897500053,-20.48,-1.6225754582791332,-0.6060106287766419,0.28648038118638863
20.49,-20.49,0.0010849012619101985,30.001084901261912,-20.488915098738087,-20.49,-1.62246966475869,-0.6062938123862255,0.2861823993688039
20.5,-20.5,0.001097700023874657,30.001097700023873,-20.498902299976127,-20.5,-1.6223638218149954,-0.606576977527042,0.28588440885533195
20.51,-20.51,0.0011104987858391155,30.001110498785838,-20.508889501214163,-20.51,-1.6222579294512725,-0.6068601241904679,0.2855864096550171
20.52,-20.52,0.0011232975478035695,30.001123297547803,-20.518876702452197,-20.52,-1.6221519876707469,-0.6071432523678779,0.2852884017769073
20.53,-20.53,0.001136096309768028,30.001136096309768,-20.528863903690233,-20.53,-1.6220459964766467,-0.6074263620506455,0.2849903852300524
20.54,-20.54,0.0011488950717324818,30.001148895071733,-20.538851104928266,-20.54,-1.6219399558721996,-0.6077094532301488,0.28469236002349885
20.55,-20.55,0.0011616938336969401,30.001161693833698,-20.548838306166303,-20.55,-1.6218338658606362,-0.6079925258977642,0.2843943261662947
20.56,-20.56,0.0011744925956613942,30.001174492595663,-20.558825507404336,-20.56,-1.6217277264451881,-0.6082755800448676,0.2840962836674896
20.57,-20.57,0.0011872913576258526,30.001187291357624,-20.568812708642376,-20.57,-1.6216215376290892,-0.6085586156628365,0.2837982325361333
20.58,-20.58,0.0012000901195903066,30.00120009011959,-20.57879990988041,-20.58,-1.6215152994155733,-0.6088416327430507,0.2835001727812728
20.59,-20.59,0.001212888881554765,30.001212888881554,-20.588787111118446,-20.59,-1.6214090118078763,-0.6091246312768888,0.28320210441195837
20.6,-20.6,0.0012256876435192236,30.00122568764352,-20.598774312356483,-20.6,-1.6213026748092372,-0.6094076112557283,0.2829040274372399
20.61,-20.61,0.0012384864054836775,30.001238486405484,-20.608761513594516,-20.61,-1.6211962884228936,-0.6096905726709517,0.28260594186616655
20.62,-20.62,0.001251285167448136,30.00125128516745,-20.618748714832552,-20.62,-1.6210898526520878,-0.6099735155139377,0.28230784770779005
20.63,-20.63,0.00126408392941259,30.001264083929414,-20.628735916070585,-20.63,-1.6209833675000613,-0.6102564397760671,0.2820097449711601
20.64,-20.64,0.0012768826913770485,30.00127688269138,-20.638723117308622,-20.64,-1.6208768329700578,-0.6105393454487231,0.2817116336653269
20.65,-20.65,0.0012896814533415023,30.00128968145334,-20.64871031854666,-20.65,-1.6207702490653222,-0.6108222325232878,0.2814135137993409
20.66,-20.66,0.0013024802153059607,30.001302480215305,-20.658697519784695,-20.66,-1.6206636157891017,-0.6111051009911426,0.28111538538225506
20.67,-20.67,0.0013152789772704191,30.00131527897727,-20.668684721022732,-20.67,-1.6205569331446446,-0.6113879508436716,0.2808172484231196
20.68,-20.68,0.0013280777392348732,30.001328077739235,-20.678671922260765,-20.68,-1.6204502011352002,-0.6116707820722586,0.28051910293098675
20.69,-20.69,0.0013408765011993316,30.0013408765012,-20.6886591234988,-20.69,-1.6203434197640205,-0.611953594668288,0.2802209489149091
20.7,-20.7,0.0013536752631637856,30.001353675263164,-20.698646324736835,-20.7,-1.6202365890343577,-0.6122363886231443,0.27992278638393875
20.71,-20.71,0.001366474025128244,30.00136647402513,-20.70863352597487,-20.71,-1.6201297089494655,-0.6125191639282153,0.2796246153471262
20.72,-20.72,0.0013792727870926978,30.001379272787094,-20.718620727212905,-20.72,-1.6200227795126005,-0.6128019205748848,0.279326435813526
20.73,-20.73,0.0013920715490571564,30.001392071549056,-20.728607928450945,-20.73,-1.6199158007270202,-0.6130846585545395,0.27902824779219254
20.74,-20.74,0.0014048703110216103,30.00140487031102,-20.738595129688978,-20.74,-1.6198087725959822,-0.6133673778585693,0.27873005129217515
20.75,-20.75,0.0014176690729860689,30.001417669072985,-20.748582330927015,-20.75,-1.6197016951227479,-0.6136500784783595,0.27843184632253154
20.76,-20.76,0.0014304678349505275,30.00143046783495,-20.75856953216505,-20.76,-1.6195945683105784,-0.6139327604052993,0.2781336328923133
20.77,-20.77,0.0014432665969149813,30.001443266596915,-20.768556733403084,-20.77,-1.6194873921627373,-0.6142154236307779,0.27783541101057524
20.78,-20.78,0.00145606535887944,30.00145606535888,-20.77854393464112,-20.78,-1.6193801666824892,-0.6144980681461848,0.2775371806863712
20.79,-20.79,0.0014688641208438938,30.001468864120845,-20.788531135879154,-20.79,-1.6192728918731005,-0.6147806939429101,0.2772389419287559
20.8,-20.8,0.0014816628828083524,30.00148166288281,-20.79851833711719,-20.8,-1.6191655677378387,-0.6150633010123446,0.2769406947467852
20.81,-20.81,0.0014944616447728062,30.00149446164477,-20.808505538355227,-20.81,-1.6190581942799736,-0.6153458893458795,0.2766424391495123
20.82,-20.82,0.0015072604067372644,30.001507260406736,-20.818492739593264,-20.82,-1.6189507715027753,-0.6156284589349069,0.27634417514599335
20.83,-20.83,0.0015200591687017186,30.0015200591687,-20.828479940831297,-20.83,-1.6188432994095168,-0.6159110097708183,0.2760459027452861
20.84,-20.84,0.0015328579306661768,30.001532857930666,-20.838467142069334,-20.84,-1.618735778003471,-0.6161935418450089,0.27574762195644215
20.85,-20.85,0.0015456566926306354,30.00154565669263,-20.84845434330737,-20.85,-1.6186282072879141,-0.61647605514887,0.2754493327885211
20.86,-20.86,0.0015584554545950893,30.001558455454596,-20.858441544545403,-20.86,-1.6185205872661224,-0.6167585496737976,0.2751510352505772
20.87,-20.87,0.0015712542165595479,30.00157125421656,-20.86842874578344,-20.87,-1.6184129179413747,-0.6170410254111838,0.27485272935167027
20.88,-20.88,0.0015840529785240017,30.001584052978522,-20.878415947021477,-20.88,-1.61830519931695,-0.6173234823524264,0.27455441510085327
20.89,-20.89,0.0015968517404884603,30.001596851740487,-20.888403148259513,-20.89,-1.61819743139613,-0.6176059204889203,0.27425609250718536
20.9,-20.9,0.0016096505024529141,30.001609650502452,-20.898390349497546,-20.9,-1.6180896141821977,-0.617888339812062,0.27395776157972396
20.91,-20.91,0.0016224492644173727,30.001622449264417,-20.908377550735583,-20.91,-1.617981747678437,-0.6181707403132488,0.273659422327526
20.92,-20.92,0.0016352480263818314,30.001635248026382,-20.91836475197362,-20.92,-1.6178738318881338,-0.6184531219838786,0.2733610747596491
20.93,-20.93,0.0016480467883462852,30.001648046788347,-20.928351953211653,-20.93,-1.6177658668145758,-0.6187354848153483,0.27306271888515343
20.94,-20.94,0.0016608455503107434,30.00166084555031,-20.93833915444969,-20.94,-1.6176578524610514,-0.6190178287990568,0.2727643547130959
20.95,-20.95,0.0016736443122751976,30.001673644312277,-20.948326355687723,-20.95,-1.6175497888308512,-0.6193001539264046,0.272465982252535
20.96,-20.96,0.0016864430742396558,30.001686443074238,-20.958313556925763,-20.96,-1.6174416759272665,-0.6195824601887916,0.2721676015125293
20.97,-20.97,0.00169924183620411,30.001699241836203,-20.968300758163796,-20.97,-1.6173335137535911,-0.6198647475776162,0.2718692125021401
20.98,-20.98,0.0017120405981685682,30.001712040598168,-20.978287959401833,-20.98,-1.6172253023131196,-0.6201470160842816,0.2715708152304244
20.99,-20.99,0.0017248393601330225,30.001724839360133,-20.988275160639866,-20.99,-1.617117041609148,-0.6204292657001893,0.271272409706442
21.0,-21.0,0.001737638122097481,30.001737638122098,-20.998262361877902,-21.0,-1.617008731644975,-0.6207114964167403,0.2709739959392548
21.01,-21.01,0.001784332751303486,30.001784332751303,-21.0082156672487,-21.01,-1.6169003724238993,-0.6209937082253371,0.27067599442275564
21.02,-21.02,0.0018310273805094749,30.001831027380508,-21.018168972619492,-21.02,-1.6167919639492214,-0.6212759011173852,0.2703779847368761
21.03,-21.03,0.00187772200971548,30.001877722009716,-21.028122277990285,-21.03,-1.6166835062242442,-0.6215580750842864,0.2700799668905855
21.04,-21.04,0.0019244166389214687,30.00192441663892,-21.038075583361078,-21.04,-1.6165749992522718,-0.6218402301174453,0.26978194089285384
21.05,-21.05,0.001971111268127474,30.001971111268126,-21.048028888731874,-21.05,-1.6164664430366082,-0.622122366208269,0.2694839067526472
21.06,-21.06,0.0020178058973334624,30.002017805897335,-21.057982194102664,-21.06,-1.6163578375805614,-0.6224044833481611,0.2691858644789381
21.07,-21.07,0.0020645005265394678,30.00206450052654,-21.06793549947346,-21.07,-1.6162491828874397,-0.6226865815285277,0.26888781408069545
21.08,-21.08,0.002111195155745456,30.002111195155745,-21.077888804844253,-21.08,-1.6161404789605518,-0.6229686607407771,0.2685897555668876
21.09,-21.09,0.0021578897849514615,30.00215788978495,-21.08784211021505,-21.09,-1.61603172580321,-0.6232507209763166,0.2682916889464861
21.1,-21.1,0.002204584414157467,30.00220458441416,-21.097795415585843,-21.1,-1.615922923418727,-0.6235327622265529,0.26799361422846213
21.11,-21.11,0.0022512790433634553,30.002251279043364,-21.107748720956636,-21.11,-1.6158140718104168,-0.6238147844828951,0.26769553142178487
21.12,-21.12,0.0022979736725694607,30.00229797367257,-21.117702026327432,-21.12,-1.6157051709815955,-0.6240967877367523,0.2673974405354265
21.13,-21.13,0.0023446683017754495,30.002344668301774,-21.127655331698225,-21.13,-1.6155962209355803,-0.6243787719795343,0.26709934157835735
21.14,-21.14,0.0023913629309814544,30.002391362930982,-21.137608637069018,-21.14,-1.6154872216756904,-0.6246607372026505,0.26680123455955007
21.15,-21.15,0.0024380575601874433,30.002438057560187,-21.14756194243981,-21.15,-1.6153781732052448,-0.624942683397514,0.26650311948797306
21.16,-21.16,0.0024847521893934486,30.002484752189392,-21.157515247810608,-21.16,-1.615269075527567,-0.625224610555534,0.266204996372602
21.17,-21.17,0.0025314468185994535,30.0025314468186,-21.1674685531814,-21.17,-1.6151599286459788,-0.6255065186681241,0.2659068652224061
21.18,-21.18,0.0025781414478054424,30.002578141447806,-21.177421858552194,-21.18,-1.6150507325638064,-0.6257884077266946,0.26560872604636165
21.19,-21.19,0.0026248360770114477,30.00262483607701,-21.18737516392299,-21.19,-1.6149414872843753,-0.6260702777226609,0.26531057885343723
21.2,-21.2,0.002671530706217436,30.002671530706216,-21.197328469293783,-21.2,-1.6148321928110132,-0.626352128647436,0.26501242365260735
21.21,-21.21,0.0027182253354234415,30.002718225335425,-21.207281774664576,-21.21,-1.6147228491470498,-0.626633960492434,0.264714260452845
21.22,-21.22,0.0027649199646294304,30.00276491996463,-21.21723508003537,-21.22,-1.6146134562958157,-0.6269157732490703,0.26441608926312415
21.23,-21.23,0.0028116145938354353,30.002811614593835,-21.227188385406166,-21.23,-1.6145040142606433,-0.62719756690876,0.2641179100924173
21.24,-21.24,0.0028583092230414237,30.00285830922304,-21.23714169077696,-21.24,-1.6143945230448662,-0.6274793414629193,0.2638197229496994
21.25,-21.25,0.0029050038522474295,30.00290500385225,-21.24709499614775,-21.25,-1.6142849826518197,-0.6277610969029649,0.2635215278439432
21.26,-21.26,0.0029516984814534344,30.002951698481453,-21.257048301518548,-21.26,-1.6141753930848408,-0.628042833220314,0.2632233247841243
21.27,-21.27,0.002998393110659423,30.00299839311066,-21.26700160688934,-21.27,-1.6140657543472676,-0.628324550406385,0.2629251137792155
21.28,-21.28,0.0030450877398654286,30.003045087739867,-21.276954912260134,-21.28,-1.6139560664424404,-0.6286062484525944,0.2626268948381943
21.29,-21.29,0.003091782369071417,30.003091782369072,-21.286908217630927,-21.29,-1.6138463293736998,-0.6288879273503631,0.2623286679700341
21.3,-21.3,0.0031384769982774224,30.003138476998277,-21.296861523001724,-21.3,-1.6137365431443884,-0.6291695870911109,0.2620304331837092
21.31,-21.31,0.003185171627483411,30.003185171627482,-21.306814828372517,-21.31,-1.6136267077578517,-0.6294512276662557,0.26173219048819796
21.32,-21.32,0.003231866256689416,30.00323186625669,-21.31676813374331,-21.32,-1.6135168232174342,-0.6297328490672204,0.26143393989247316
21.33,-21.33,0.0032785608858954046,30.003278560885896,-21.326721439114102,-21.33,-1.613406889526484,-0.6300144512854254,0.261135681405512
21.34,-21.34,0.00332525551510141,30.0033252555151,-21.3366747444849,-21.34,-1.6132969066883494,-0.630296034312293,0.26083741503629093
21.35,-21.35,0.0033719501443074153,30.003371950144306,-21.346628049855696,-21.35,-1.6131868747063807,-0.6305775981392454,0.2605391407937871
21.36,-21.36,0.0034186447735134037,30.003418644773515,-21.356581355226485,-21.36,-1.6130767935839296,-0.6308591427577064,0.26024085868697444
21.37,-21.37,0.0034653394027194095,30.00346533940272,-21.36653466059728,-21.37,-1.6129666633243498,-0.6311406681590985,0.259942568724833
21.38,-21.38,0.003512034031925398,30.003512034031925,-21.376487965968074,-21.38,-1.6128564839309962,-0.6314221743348456,0.2596442709163396
21.39,-21.39,0.003558728661131403,30.003558728661133,-21.386441271338867,-21.39,-1.6127462554072243,-0.6317036612763741,0.2593459652704698
21.4,-21.4,0.0036054232903373917,30.003605423290338,-21.39639457670966,-21.4,-1.612635977756392,-0.6319851289751095,0.25904765179620154
21.41,-21.41,0.003652117919543397,30.003652117919543,-21.406347882080457,-21.41,-1.612525650981859,-0.6322665774224755,0.25874933050251536
21.42,-21.42,0.003698812548749402,30.00369881254875,-21.416301187451253,-21.42,-1.6124152750869856,-0.6325480066099016,0.25845100139838517
21.43,-21.43,0.0037455071779553904,30.003745507177957,-21.426254492822043,-21.43,-1.6123048500751345,-0.632829416528813,0.2581526644927927
21.44,-21.44,0.003792201807161396,30.003792201807162,-21.43620779819284,-21.44,-1.6121943759496693,-0.6331108071706373,0.25785431979471657
21.45,-21.45,0.0038388964363673846,30.003838896436367,-21.446161103563632,-21.45,-1.6120838527139552,-0.6333921785268043,0.2575559673131335
21.46,-21.46,0.0038855910655733903,30.003885591065572,-21.45611440893443,-21.46,-1.611973280371358,-0.6336735305887429,0.25725760705702255
21.47,-21.47,0.003932285694779379,30.00393228569478,-21.46606771430522,-21.47,-1.6118626589252476,-0.6339548633478813,0.25695923903536505
21.48,-21.48,0.003978980323985384,30.003978980323986,-21.476021019676015,-21.48,-1.6117519883789928,-0.6342361767956496,0.2566608632571399
21.49,-21.49,0.004025674953191372,30.00402567495319,-21.485974325046808,-21.49,-1.6116412687359645,-0.6345174709234805,0.2563624797313249
21.5,-21.5,0.004072369582397378,30.004072369582396,-21.495927630417604,-21.5,-1.6115304999995361,-0.6347987457228034,0.25606408846690326
21.51,-21.51,0.004119064211603383,30.004119064211604,-21.505880935788397,-21.51,-1.611419682173082,-0.6350800011850499,0.25576568947285366
21.52,-21.52,0.004165758840809371,30.00416575884081,-21.51583424115919,-21.52,-1.6113088152599768,-0.6353612373016547,0.25546728275815556
21.53,-21.53,0.004212453470015377,30.004212453470014,-21.525787546529987,-21.53,-1.6111978992635987,-0.635642454064049,0.2551688683317903
21.54,-21.54,0.004259148099221365,30.004259148099223,-21.535740851900776,-21.54,-1.6110869341873257,-0.6359236514636668,0.25487044620273996
21.55,-21.55,0.00430584272842737,30.004305842728428,-21.545694157271573,-21.55,-1.6109759200345386,-0.6362048294919423,0.2545720163799844
21.56,-21.56,0.00435253735763336,30.004352537357633,-21.555647462642366,-21.56,-1.6108648568086188,-0.6364859881403107,0.2542735788725062
21.57,-21.57,0.0043992319868393645,30.004399231986838,-21.565600768013162,-21.57,-1.6107537445129494,-0.636767127400207,0.25397513368928604
21.58,-21.58,0.004445926616045353,30.004445926616047,-21.57555407338395,-21.58,-1.6106425831509157,-0.637048247263067,0.2536766808393065
21.59,-21.59,0.004492621245251359,30.00449262124525,-21.58550737875475,-21.59,-1.6105313727259025,-0.6373293477203289,0.25337822033154733
21.6,-21.6,0.004539315874457364,30.004539315874457,-21.595460684125545,-21.6,-1.6104201132412987,-0.6376104287634281,0.25307975217499373
21.61,-21.61,0.004586010503663352,30.00458601050366,-21.605413989496338,-21.61,-1.6103088047004928,-0.6378914903838037,0.2527812763786269
21.62,-21.62,0.004632705132869358,30.00463270513287,-21.61536729486713,-21.62,-1.610197447106876,-0.6381725325728917,0.252482792951431
21.63,-21.63,0.004679399762075346,30.004679399762075,-21.625320600237924,-21.63,-1.6100860404638402,-0.6384535553221338,0.25218430190238733
21.64,-21.64,0.004726094391281351,30.00472609439128,-21.63527390560872,-21.64,-1.6099745847747788,-0.6387345586229682,0.2518858032404801
21.65,-21.65,0.00477278902048734,30.00477278902049,-21.64522721097951,-21.65,-1.6098630800430873,-0.6390155424668355,0.25158729697469234
21.66,-21.66,0.004819483649693345,30.004819483649694,-21.655180516350306,-21.66,-1.6097515262721622,-0.6392965068451762,0.25128878311400793
21.67,-21.67,0.00486617827889935,30.0048661782789,-21.665133821721103,-21.67,-1.609639923465401,-0.6395774517494325,0.2509902616674099
21.68,-21.68,0.004912872908105339,30.004912872908104,-21.675087127091896,-21.68,-1.6095282716262047,-0.639858377171044,0.2506917326438849
21.69,-21.69,0.0049595675373113445,30.004959567537313,-21.68504043246269,-21.69,-1.609416570757973,-0.6401392831014555,0.25039319605241506
21.7,-21.7,0.005006262166517333,30.005006262166518,-21.69499373783348,-21.7,-1.6093048208641094,-0.6404201695321095,0.25009465190198577
21.71,-21.71,0.005052956795723339,30.005052956795723,-21.704947043204278,-21.71,-1.6091930219480175,-0.6407010364544502,0.2497961002015807
21.72,-21.72,0.005099651424929327,30.005099651424928,-21.71490034857507,-21.72,-1.6090811740131037,-0.6409818838599197,0.24949754096018747
21.73,-21.73,0.005146346054135332,30.005146346054136,-21.724853653945864,-21.73,-1.6089692770627742,-0.6412627117399654,0.24919897418678935
21.74,-21.74,0.0051930406833413205,30.00519304068334,-21.734806959316657,-21.74,-1.6088573311004373,-0.6415435200860327,0.2489003998903719
21.75,-21.75,0.005239735312547326,30.005239735312546,-21.744760264687454,-21.75,-1.6087453361295043,-0.6418243088895653,0.24860181807992296
21.76,-21.76,0.005286429941753331,30.005286429941755,-21.754713570058247,-21.76,-1.6086332921533857,-0.6421050781420121,0.24830322876442598
21.77,-21.77,0.00533312457095932,30.00533312457096,-21.76466687542904,-21.77,-1.6085211991754949,-0.6423858278348206,0.24800463195286757
21.78,-21.78,0.005379819200165325,30.005379819200165,-21.774620180799836,-21.78,-1.6084090571992469,-0.6426665579594363,0.24770602765423666
21.79,-21.79,0.005426513829371314,30.00542651382937,-21.78457348617063,-21.79,-1.608296866228057,-0.6429472685073099,0.24740741587751644
21.8,-21.8,0.005473208458577319,30.00547320845858,-21.794526791541422,-21.8,-1.608184626265343,-0.6432279594698905,0.2471087966316951
21.81,-21.81,0.005519903087783308,30.005519903087784,-21.804480096912215,-21.81,-1.608072337314524,-0.6435086308386262,0.24681016992576052
21.82,-21.82,0.005566597716989313,30.00556659771699,-21.81443340228301,-21.82,-1.6079599993790208,-0.6437892826049675,0.246511535768701
21.83,-21.83,0.005613292346195301,30.005613292346194,-21.824386707653805,-21.83,-1.607847612462255,-0.6440699147603665,0.24621289416950096
21.84,-21.84,0.005659986975401307,30.005659986975402,-21.834340013024597,-21.84,-1.60773517656765,-0.6443505272962747,0.24591424513714988
21.85,-21.85,0.005706681604607312,30.005706681604607,-21.844293318395394,-21.85,-1.6076226916986314,-0.644631120204142,0.2456155886806373
21.86,-21.86,0.0057533762338133005,30.005753376233812,-21.854246623766187,-21.86,-1.6075101578586248,-0.6449116934754239,0.24531692480894832
21.87,-21.87,0.005800070863019306,30.00580007086302,-21.86419992913698,-21.87,-1.6073975750510587,-0.6451922471015716,0.24501825353107365
21.88,-21.88,0.005846765492225295,30.005846765492226,-21.874153234507773,-21.88,-1.6072849432793632,-0.6454727810740388,0.24471957485600224
21.89,-21.89,0.0058934601214313004,30.00589346012143,-21.88410653987857,-21.89,-1.607172262546968,-0.6457532953842815,0.2444208887927209
21.9,-21.9,0.005940154750637289,30.005940154750636,-21.894059845249362,-21.9,-1.607059532857306,-0.6460337900237547,0.24412219535022014
21.91,-21.91,0.005986849379843294,30.005986849379845,-21.904013150620155,-21.91,-1.6069467542138116,-0.6463142649839126,0.2438234945374889
21.92,-21.92,0.0060335440090492996,30.00603354400905,-21.913966455990952,-21.92,-1.6068339266199199,-0.6465947202562122,0.24352478636351793
21.93,-21.93,0.006080238638255288,30.006080238638255,-21.923919761361745,-21.93,-1.6067210500790678,-0.6468751558321103,0.2432260708372959
21.94,-21.94,0.006126933267461293,30.00612693326746,-21.93387306673254,-21.94,-1.606608124594694,-0.6471555717030644,0.24292734796781298
21.95,-21.95,0.006173627896667281,30.00617362789667,-21.94382637210333,-21.95,-1.6064951501702383,-0.6474359678605318,0.2426286177640599
21.96,-21.96,0.006220322525873287,30.006220322525873,-21.953779677474127,-21.96,-1.6063821268091412,-0.6477163442959731,0.24232988023502572
21.97,-21.97,0.0062670171550792755,30.00626701715508,-21.96373298284492,-21.97,-1.6062690545148468,-0.6479967010008457,0.24203113538970242
21.98,-21.98,0.0063137117842852804,30.006313711784284,-21.973686288215717,-21.98,-1.606155933290799,-0.6482770379666101,0.24173238323708116
21.99,-21.99,0.00636040641349127,30.006360406413492,-21.983639593586506,-21.99,-1.606042763140444,-0.6485573551847267,0.24143362378615235
22.0,-22.0,0.006407101042697275,30.006407101042697,-21.993592898957303,-22.0,-1.6059295440672285,-0.6488376526466565,0.2411348570459066
22.01,-22.01,0.00657347533079952,30.0065734753308,-22.0034265246692,-22.01,-1.605816276074602,-0.649117930343861,0.24083757695740907
22.02,-22.02,0.006739849618901708,30.006739849618903,-22.013260150381097,-22.02,-1.6057029591660144,-0.6493981882678029,0.24054028977128547
22.03,-22.03,0.006906223907003953,30.006906223907006,-22.023093776092995,-22.03,-1.6055895933449176,-0.6496784264099447,0.2402429954962069
22.04,-22.04,0.007072598195106141,30.007072598195105,-22.032927401804894,-22.04,-1.605476178614765,-0.6499586447617499,0.23994569414084607
22.05,-22.05,0.007238972483208386,30.007238972483208,-22.042761027516793,-22.05,-1.6053627149790113,-0.6502388433146835,0.23964838571387367
22.06,-22.06,0.007405346771310573,30.00740534677131,-22.052594653228688,-22.06,-1.6052492024411134,-0.6505190220602077,0.2393510702239643
22.07,-22.07,0.007571721059412819,30.007571721059414,-22.062428278940587,-22.07,-1.6051356410045283,-0.6507991809897901,0.2390537476797877
22.08,-22.08,0.007738095347515006,30.007738095347516,-22.072261904652482,-22.08,-1.6050220306727156,-0.6510793200948958,0.23875641809001813
22.09,-22.09,0.007904469635617252,30.007904469635616,-22.082095530364384,-22.09,-1.6049083714491361,-0.6513594393669913,0.23845908146332723
22.1,-22.1,0.008070843923719498,30.00807084392372,-22.091929156076283,-22.1,-1.604794663337252,-0.6516395387975437,0.23816173780838926
22.11,-22.11,0.008237218211821684,30.00823721821182,-22.101762781788178,-22.11,-1.6046809063405267,-0.6519196183780214,0.23786438713387553
22.12,-22.12,0.00840359249992393,30.008403592499924,-22.111596407500077,-22.12,-1.6045671004624267,-0.6521996780998904,0.23756702944846222
22.13,-22.13,0.008569966788026118,30.008569966788027,-22.121430033211972,-22.13,-1.6044532457064171,-0.652479717954622,0.23726966476082023
22.14,-22.14,0.008736341076128364,30.00873634107613,-22.13126365892387,-22.14,-1.604339342075967,-0.6527597379336847,0.23697229307962492
22.15,-22.15,0.00890271536423055,30.00890271536423,-22.14109728463577,-22.15,-1.6042253895745457,-0.6530397380285496,0.2366749144135487
22.16,-22.16,0.009069089652332796,30.009069089652332,-22.150930910347668,-22.16,-1.604111388205625,-0.653319718230685,0.23637752877126939
22.17,-22.17,0.009235463940435042,30.009235463940435,-22.160764536059567,-22.17,-1.603997337972677,-0.6535996785315652,0.2360801361614581
22.18,-22.18,0.00940183822853723,30.009401838228538,-22.170598161771462,-22.18,-1.6038832388791762,-0.65387961892266,0.2357827365927899
22.19,-22.19,0.009568212516639476,30.00956821251664,-22.18043178748336,-22.19,-1.6037690909285982,-0.654159539395442,0.23548533007394218
22.2,-22.2,0.009734586804741662,30.009734586804743,-22.190265413195256,-22.2,-1.6036548941244202,-0.6544394399413855,0.2351879166135864
22.21,-22.21,0.009900961092843908,30.009900961092843,-22.200099038907158,-22.21,-1.6035406484701202,-0.6547193205519646,0.23489049622039912
22.22,-22.22,0.010067335380946094,30.010067335380946,-22.209932664619053,-22.22,-1.6034263539691793,-0.6549991812186511,0.23459306890305764
22.23,-22.23,0.010233709669048342,30.01023370966905,-22.219766290330952,-22.23,-1.6033120106250787,-0.6552790219329224,0.2342956346702358
22.24,-22.24,0.010400083957150528,30.01040008395715,-22.229599916042847,-22.24,-1.603197618441301,-0.655558842686254,0.2339981935306092
22.25,-22.25,0.010566458245252774,30.010566458245254,-22.239433541754746,-22.25,-1.6030831774213312,-0.6558386434701206,0.23370074549285472
22.26,-22.26,0.01073283253335502,30.010732832533353,-22.24926716746665,-22.26,-1.6029686875686562,-0.656118424275999,0.23340329056564948
22.27,-22.27,0.010899206821457206,30.010899206821456,-22.259100793178543,-22.27,-1.6028541488867618,-0.6563981850953686,0.2331058287576673
22.28,-22.28,0.011065581109559453,30.01106558110956,-22.268934418890442,-22.28,-1.6027395613791386,-0.6566779259197055,0.23280836007758837
22.29,-22.29,0.01123195539766164,30.011231955397662,-22.278768044602337,-22.29,-1.6026249250492766,-0.6569576467404882,0.23251088453408755
22.3,-22.3,0.011398329685763885,30.011398329685765,-22.288601670314236,-22.3,-1.6025102399006672,-0.6572373475491982,0.23221340213584105
22.31,-22.31,0.011564703973866072,30.011564703973868,-22.29843529602613,-22.31,-1.602395505936805,-0.6575170283373127,0.23191591289152821
22.32,-22.32,0.011731078261968318,30.011731078261967,-22.308268921738033,-22.32,-1.6022807231611844,-0.6577966890963127,0.23161841680982592
22.33,-22.33,0.011897452550070506,30.01189745255007,-22.31810254744993,-22.33,-1.602165891577302,-0.6580763298176805,0.23132091389941092
22.34,-22.34,0.012063826838172751,30.012063826838173,-22.327936173161827,-22.34,-1.6020510111886552,-0.6583559504928976,0.23102340416896178
22.35,-22.35,0.012230201126274997,30.012230201126275,-22.337769798873726,-22.35,-1.6019360819987445,-0.658635551113445,0.23072588762715687
22.36,-22.36,0.012396575414377184,30.012396575414378,-22.34760342458562,-22.36,-1.6018211040110701,-0.6589151316708061,0.23042836428267405
22.37,-22.37,0.012562949702479429,30.01256294970248,-22.35743705029752,-22.37,-1.601706077229135,-0.6591946921564646,0.23013083414419253
22.38,-22.38,0.012729323990581617,30.01272932399058,-22.36727067600942,-22.38,-1.6015910016564425,-0.6594742325619046,0.2298332972203899
22.39,-22.39,0.012895698278683863,30.012895698278683,-22.377104301721317,-22.39,-1.6014758772964988,-0.6597537528786099,0.22953575351994707
22.4,-22.4,0.01306207256678605,30.013062072566786,-22.386937927433213,-22.4,-1.6013607041528093,-0.6600332530980682,0.22923820305153902
22.41,-22.41,0.013228446854888295,30.01322844685489,-22.39677155314511,-22.41,-1.6012454822288837,-0.6603127332117631,0.22894064582384988
22.42,-22.42,0.01339482114299054,30.01339482114299,-22.40660517885701,-22.42,-1.6011302115282315,-0.6605921932111827,0.22864308184555543
22.43,-22.43,0.013561195431092729,30.01356119543109,-22.41643880456891,-22.43,-1.6010148920543645,-0.6608716330878119,0.2283455111253391
22.44,-22.44,0.013727569719194975,30.013727569719194,-22.426272430280807,-22.44,-1.6008995238107948,-0.6611510528331408,0.22804793367187698
22.45,-22.45,0.013893944007297161,30.013893944007297,-22.436106055992703,-22.45,-1.6007841068010369,-0.661430452438657,0.22775034949385137
22.46,-22.46,0.014060318295399407,30.0140603182954,-22.4459396817046,-22.46,-1.6006686410286066,-0.6617098318958494,0.22745275859994263
22.47,-22.47,0.014226692583501593,30.014226692583502,-22.455773307416496,-22.47,-1.6005531264970214,-0.6619891911962077,0.22715516099882996
22.48,-22.48,0.01439306687160384,30.014393066871605,-22.465606933128395,-22.48,-1.6004375632098,-0.6622685303312221,0.22685755669919497
22.49,-22.49,0.014559441159706027,30.014559441159705,-22.475440558840294,-22.49,-1.6003219511704625,-0.6625478492923842,0.22655994570971733
22.5,-22.5,0.014725815447808273,30.014725815447807,-22.485274184552193,-22.5,-1.6002062903825311,-0.6628271480711834,0.2262623280390814
22.51,-22.51,0.014892189735910518,30.01489218973591,-22.49510781026409,-22.51,-1.6000905808495285,-0.6631064266591136,0.2259647036959652
22.52,-22.52,0.015058564024012705,30.015058564024013,-22.504941435975987,-22.52,-1.5999748225749792,-0.6633856850476678,0.22566707268904962
22.53,-22.53,0.015224938312114952,30.015224938312116,-22.514775061687885,-22.53,-1.5998590155624106,-0.663664923228337,0.22536943502701995
22.54,-22.54,0.015391312600217139,30.01539131260022,-22.52460868739978,-22.54,-1.599743159815349,-0.6639441411926174,0.22507179071855596
22.55,-22.55,0.015557686888319384,30.015557686888318,-22.534442313111683,-22.55,-1.599627255337324,-0.6642233389320034,0.2247741397723379
22.56,-22.56,0.01572406117642157,30.01572406117642,-22.544275938823578,-22.56,-1.5995113021318672,-0.664502516437988,0.2244764821970524
22.57,-22.57,0.015890435464523817,30.015890435464524,-22.554109564535477,-22.57,-1.5993953002025094,-0.6647816737020692,0.22417881800137815
22.58,-22.58,0.016056809752626005,30.016056809752627,-22.56394319024737,-22.58,-1.5992792495527848,-0.6650608107157426,0.2238811471939997
22.59,-22.59,0.01622318404072825,30.01622318404073,-22.57377681595927,-22.59,-1.5991631501862282,-0.6653399274705061,0.22358346978359817
22.6,-22.6,0.016389558328830496,30.016389558328832,-22.58361044167117,-22.6,-1.5990470021063772,-0.6656190239578549,0.22328578577885905
22.61,-22.61,0.01655593261693268,30.01655593261693,-22.593444067383068,-22.61,-1.5989308053167683,-0.6658981001692903,0.22298809518846235
22.62,-22.62,0.016722306905034928,30.016722306905034,-22.603277693094967,-22.62,-1.5988145598209424,-0.6661771560963088,0.22269039802109508
22.63,-22.63,0.016888681193137117,30.016888681193137,-22.61311131880686,-22.63,-1.5986982656224402,-0.66645619173041,0.2223926942854397
22.64,-22.64,0.01705505548123936,30.01705505548124,-22.62294494451876,-22.64,-1.598581922724804,-0.6667352070630955,0.22209498399017868
22.65,-22.65,0.01722142976934155,30.017221429769343,-22.632778570230656,-22.65,-1.5984655311315772,-0.6670142020858659,0.22179726714399595
22.66,-22.66,0.017387804057443793,30.017387804057442,-22.642612195942558,-22.66,-1.5983490908463067,-0.6672931767902205,0.22149954375557848
22.67,-22.67,0.01755417834554604,30.017554178345545,-22.652445821654457,-22.67,-1.5982326018725381,-0.6675721311676638,0.2212018138336072
22.68,-22.68,0.017720552633648228,30.017720552633648,-22.662279447366352,-22.68,-1.5981160642138208,-0.6678510652096966,0.22090407738676904
22.69,-22.69,0.017886926921750472,30.01788692692175,-22.67211307307825,-22.69,-1.5979994778737046,-0.6681299789078226,0.22060633442374797
22.7,-22.7,0.01805330120985266,30.018053301209854,-22.681946698790146,-22.7,-1.5978828428557408,-0.6684088722535448,0.22030858495322994
22.71,-22.71,0.018219675497954904,30.018219675497956,-22.691780324502044,-22.71,-1.5977661591634817,-0.6686877452383699,0.2200108289838979
22.72,-22.72,0.018386049786057092,30.018386049786056,-22.701613950213943,-22.72,-1.5976494268004826,-0.6689665978538009,0.2197130665244394
22.73,-22.73,0.01855242407415934,30.01855242407416,-22.711447575925842,-22.73,-1.5975326457702994,-0.6692454300913432,0.21941529758353936
22.74,-22.74,0.018718798362261528,30.01871879836226,-22.721281201637737,-22.74,-1.5974158160764882,-0.6695242419425055,0.2191175221698824
22.75,-22.75,0.018885172650363772,30.018885172650364,-22.731114827349636,-22.75,-1.5972989377226092,-0.6698030333987923,0.21881974029215553
22.76,-22.76,0.019051546938466016,30.019051546938467,-22.740948453061534,-22.76,-1.5971820107122225,-0.6700818044517113,0.21852195195904586
22.77,-22.77,0.019217921226568204,30.01921792122657,-22.75078207877343,-22.77,-1.597065035048889,-0.6703605550927728,0.21822415717923602
22.78,-22.78,0.01938429551467045,30.01938429551467,-22.760615704485332,-22.78,-1.596948010736173,-0.6706392853134834,0.2179263559614172
22.79,-22.79,0.01955066980277264,30.019550669802772,-22.770449330197227,-22.79,-1.5968309377776386,-0.670917995105353,0.2176285483142736
22.8,-22.8,0.019717044090874884,30.019717044090875,-22.780282955909126,-22.8,-1.5967138161768526,-0.6711966844598919,0.217330734246492
22.81,-22.81,0.019883418378977072,30.019883418378978,-22.79011658162102,-22.81,-1.5965966459373824,-0.6714753533686108,0.21703291376675968
22.82,-22.82,0.020049792667079316,30.02004979266708,-22.79995020733292,-22.82,-1.596479427062797,-0.6717540018230206,0.21673508688376455
22.83,-22.83,0.020216166955181504,30.02021616695518,-22.80978383304482,-22.83,-1.596362159556668,-0.6720326298146327,0.21643725360619404
22.84,-22.84,0.02038254124328375,30.020382541243283,-22.819617458756717,-22.84,-1.5962448434225662,-0.6723112373349617,0.21613941394273406
22.85,-22.85,0.020548915531385995,30.020548915531386,-22.829451084468616,-22.85,-1.596127478664066,-0.6725898243755186,0.21584156790207426
22.86,-22.86,0.020715289819488183,30.02071528981949,-22.83928471018051,-22.86,-1.5960100652847427,-0.6728683909278186,0.21554371549290172
22.87,-22.87,0.020881664107590427,30.02088166410759,-22.84911833589241,-22.87,-1.5958926032881728,-0.6731469369833739,0.21524585672390623
22.88,-22.88,0.021048038395692616,30.021048038395694,-22.858951961604305,-22.88,-1.5957750926779342,-0.6734254625337016,0.21494799160377392
22.89,-22.89,0.021214412683794863,30.021214412683793,-22.868785587316207,-22.89,-1.5956575334576066,-0.6737039675703168,0.2146501201411953
22.9,-22.9,0.021380786971897048,30.021380786971896,-22.878619213028102,-22.9,-1.5955399256307712,-0.6739824520847355,0.21435224234485772
22.91,-22.91,0.021547161259999295,30.02154716126,-22.88845283874,-22.91,-1.5954222692010103,-0.6742609160684747,0.21405435822345073
22.92,-22.92,0.02171353554810154,30.021713535548102,-22.8982864644519,-22.92,-1.5953045641719077,-0.6745393595130528,0.21375646778566196
22.93,-22.93,0.021879909836203727,30.021879909836205,-22.908120090163795,-22.93,-1.5951868105470497,-0.6748177824099854,0.21345857104018418
22.94,-22.94,0.02204628412430597,30.022046284124308,-22.917953715875694,-22.94,-1.5950690083300227,-0.6750961847507937,0.21316066799570418
22.95,-22.95,0.02221265841240816,30.022212658412407,-22.927787341587592,-22.95,-1.594951157524415,-0.6753745665269962,0.21286275866091187
22.96,-22.96,0.022379032700510407,30.02237903270051,-22.93762096729949,-22.96,-1.5948332581338167,-0.6756529277301137,0.2125648430444978
22.97,-22.97,0.02254540698861259,30.022545406988613,-22.947454593011386,-22.97,-1.5947153101618199,-0.6759312683516647,0.21226692115515214
22.98,-22.98,0.02271178127671484,30.022711781276715,-22.957288218723285,-22.98,-1.5945973136120166,-0.6762095883831726,0.21196899300156516
22.99,-22.99,0.022878155564817024,30.02287815556482,-22.96712184443518,-22.99,-1.5944792684880011,-0.6764878878161592,0.21167105859242563
23.0,-23.0,0.02304452985291927,30.023044529852918,-22.976955470147082,-23.0,-1.5943611747933704,-0.676766166642145,0.2113731179364267
23.01,-23.01,0.023625502898218846,30.02362550289822,-22.98637449710178,-23.01,-1.5942430325317207,-0.6770444248526551,0.21108037446602154
23.02,-23.02,0.024206475943518213,30.02420647594352,-22.99579352405648,-23.02,-1.594124841706651,-0.6773226624392135,0.2107876252800528
23.03,-23.03,0.024787448988817788,30.024787448988818,-23.005212551011184,-23.03,-1.5940066023217618,-0.677600879393343,0.2104948703861613
23.04,-23.04,0.02536842203411716,30.025368422034116,-23.014631577965883,-23.04,-1.5938883143806557,-0.6778790757065687,0.210202109791984
23.05,-23.05,0.02594939507941673,30.025949395079415,-23.024050604920586,-23.05,-1.5937699778869343,-0.6781572513704184,0.20990934350515875
23.06,-23.06,0.0265303681247161,30.026530368124718,-23.03346963187528,-23.06,-1.5936515928442034,-0.6784354063764162,0.2096165715333264
23.07,-23.07,0.027111341170015676,30.027111341170016,-23.042888658829984,-23.07,-1.5935331592560695,-0.678713540716089,0.2093237938841272
23.08,-23.08,0.027692314215315043,30.027692314215315,-23.052307685784683,-23.08,-1.5934146771261393,-0.6789916543809659,0.20903101056519682
23.09,-23.09,0.028273287260614618,30.028273287260614,-23.061726712739386,-23.09,-1.5932961464580222,-0.679269747362575,0.20873822158417682
23.1,-23.1,0.028854260305914193,30.028854260305913,-23.07114573969409,-23.1,-1.5931775672553297,-0.6795478196524429,0.2084454269487085
23.11,-23.11,0.029435233351213563,30.029435233351215,-23.080564766648784,-23.11,-1.5930589395216728,-0.6798258712421018,0.20815262666642875
23.12,-23.12,0.030016206396513135,30.030016206396514,-23.089983793603487,-23.12,-1.592940263260666,-0.6801039021230799,0.20785982074497814
23.13,-23.13,0.030597179441812505,30.030597179441813,-23.099402820558186,-23.13,-1.592821538475924,-0.6803819122869086,0.20756700919199855
23.14,-23.14,0.03117815248711208,30.03117815248711,-23.10882184751289,-23.14,-1.5927027651710637,-0.6806599017251181,0.20727419201512975
23.15,-23.15,0.03175912553241145,30.03175912553241,-23.11824087446759,-23.15,-1.5925839433497022,-0.680937870429243,0.20698136922201021
23.16,-23.16,0.03234009857771102,30.032340098577713,-23.127659901422287,-23.16,-1.59246507301546,-0.6812158183908135,0.20668854082028204
23.17,-23.17,0.0329210716230106,30.03292107162301,-23.13707892837699,-23.17,-1.5923461541719577,-0.6814937456013634,0.20639570681758615
23.18,-23.18,0.033502044668309965,30.03350204466831,-23.14649795533169,-23.18,-1.5922271868228177,-0.6817716520524268,0.20610286722156276
23.19,-23.19,0.03408301771360954,30.03408301771361,-23.155916982286392,-23.19,-1.5921081709716642,-0.6820495377355381,0.2058100220398531
23.2,-23.2,0.03466399075890891,30.034663990758908,-23.16533600924109,-23.2,-1.591989106622123,-0.6823274026422318,0.20551717128009875
23.21,-23.21,0.03524496380420848,30.035244963804207,-23.174755036195794,-23.21,-1.5918699937778198,-0.6826052467640457,0.20522431494994017
23.22,-23.22,0.035825936849507856,30.03582593684951,-23.18417406315049,-23.22,-1.591750832442384,-0.6828830700925138,0.2049314530570198
23.23,-23.23,0.036406909894807424,30.036406909894808,-23.193593090105193,-23.23,-1.5916316226194451,-0.6831608726191742,0.20463858560897835
23.24,-23.24,0.0369878829401068,30.036987882940107,-23.20301211705989,-23.24,-1.5915123643126348,-0.6834386543355645,0.2043457126134581
23.25,-23.25,0.037568855985406366,30.037568855985405,-23.212431144014595,-23.25,-1.5913930575255852,-0.6837164152332228,0.20405283407810063
23.26,-23.26,0.03814982903070595,30.038149829030704,-23.221850170969297,-23.26,-1.5912737022619312,-0.6839941553036882,0.20375995001054853
23.27,-23.27,0.03873080207600531,30.038730802076007,-23.231269197923993,-23.27,-1.5911542985253084,-0.6842718745385001,0.20346706041844426
23.28,-23.28,0.03931177512130489,30.039311775121305,-23.240688224878696,-23.28,-1.5910348463193542,-0.6845495729291989,0.20317416530942967
23.29,-23.29,0.03989274816660426,30.039892748166604,-23.250107251833395,-23.29,-1.590915345647707,-0.6848272504673252,0.202881264691147
23.3,-23.3,0.04047372121190383,30.040473721211903,-23.259526278788098,-23.3,-1.590795796514007,-0.6851049071444213,0.20258835857123852
23.31,-23.31,0.0410546942572032,30.041054694257202,-23.268945305742797,-23.31,-1.5906761989218963,-0.685382542952027,0.20229544695734902
23.32,-23.32,0.041635667302502774,30.041635667302504,-23.278364332697496,-23.32,-1.5905565528750176,-0.6856601578816874,0.20200252985711942
23.33,-23.33,0.04221664034780214,30.042216640347803,-23.287783359652195,-23.33,-1.5904368583770159,-0.6859377519249451,0.20170960727819384
23.34,-23.34,0.042797613393101716,30.042797613393102,-23.297202386606898,-23.34,-1.590317115431537,-0.6862153250733439,0.2014166792282152
23.35,-23.35,0.04337858643840129,30.0433785864384,-23.3066214135616,-23.35,-1.5901973240422285,-0.6864928773184287,0.20112374571482808
23.36,-23.36,0.04395955948370066,30.0439595594837,-23.3160404405163,-23.36,-1.5900774842127394,-0.6867704086517453,0.20083080674567302
23.37,-23.37,0.04454053252900023,30.044540532529002,-23.325459467471,-23.37,-1.589957595946721,-0.6870479190648375,0.20053786232839824
23.38,-23.38,0.0451215055742996,30.0451215055743,-23.3348784944257,-23.38,-1.589837659247824,-0.6873254085492542,0.20024491247064308
23.39,-23.39,0.04570247861959918,30.0457024786196,-23.3442975213804,-23.39,-1.589717674119703,-0.6876028770965416,0.199951957180054
23.4,-23.4,0.04628345166489854,30.046283451664898,-23.3537165483351,-23.4,-1.589597640566012,-0.6878803246982482,0.1996589964642746
23.41,-23.41,0.046864424710198124,30.046864424710197,-23.363135575289803,-23.41,-1.5894775585904086,-0.6881577513459206,0.19936603033095007
23.42,-23.42,0.04744539775549769,30.0474453977555,-23.372554602244502,-23.42,-1.5893574281965495,-0.6884351570311107,0.1990730587877234
23.43,-23.43,0.048026370800797066,30.048026370800798,-23.3819736291992,-23.43,-1.5892372493880946,-0.6887125417453658,0.1987800818422391
23.44,-23.44,0.048607343846096634,30.048607343846097,-23.391392656153904,-23.44,-1.5891170221687057,-0.6889899054802366,0.1984870995021445
23.45,-23.45,0.04918831689139601,30.049188316891396,-23.400811683108603,-23.45,-1.5889967465420434,-0.6892672482272756,0.19819411177508173
23.46,-23.46,0.04976928993669558,30.049769289936695,-23.410230710063306,-23.46,-1.5888764225117722,-0.689544569978034,0.1979011186686958
23.47,-23.47,0.05035026298199495,30.050350262981993,-23.419649737018005,-23.47,-1.5887560500815578,-0.6898218707240632,0.1976081201906333
23.48,-23.48,0.050931236027294526,30.050931236027296,-23.429068763972705,-23.48,-1.588635629255067,-0.6900991504569158,0.1973151163485408
23.49,-23.49,0.05151220907259389,30.051512209072595,-23.438487790927404,-23.49,-1.588515160035967,-0.6903764091681477,0.19702210715005913
23.5,-23.5,0.05209318211789347,30.052093182117893,-23.447906817882107,-23.5,-1.5883946424279287,-0.6906536468493107,0.19672909260283822
23.51,-23.51,0.05267415516319304,30.052674155163192,-23.45732584483681,-23.51,-1.5882740764346228,-0.69093086349196,0.1964360727145222
23.52,-23.52,0.05325512820849241,30.05325512820849,-23.46674487179151,-23.52,-1.5881534620597215,-0.691208059087653,0.19614304749275696
23.53,-23.53,0.053836101253791985,30.053836101253793,-23.476163898746208,-23.53,-1.5880327993068997,-0.691485233627944,0.19585001694518833
23.54,-23.54,0.05441707429909135,30.054417074299092,-23.485582925700907,-23.54,-1.5879120881798325,-0.6917623871043894,0.19555698107946437
23.55,-23.55,0.05499804734439093,30.05499804734439,-23.49500195265561,-23.55,-1.587791328682197,-0.692039519508549,0.19526393990322805
23.56,-23.56,0.055579020389690294,30.05557902038969,-23.50442097961031,-23.56,-1.5876705208176718,-0.6923166308319786,0.1949708934241279
23.57,-23.57,0.05615999343498987,30.05615999343499,-23.51384000656501,-23.57,-1.5875496645899372,-0.6925937210662377,0.1946778416498109
23.58,-23.58,0.05674096648028924,30.05674096648029,-23.523259033519707,-23.58,-1.5874287600026746,-0.6928707902028849,0.19438478458792383
23.59,-23.59,0.05732193952558882,30.05732193952559,-23.53267806047441,-23.59,-1.5873078070595665,-0.6931478382334824,0.1940917222461119
23.6,-23.6,0.057902912570888386,30.05790291257089,-23.542097087429113,-23.6,-1.5871868057642977,-0.6934248651495887,0.19379865463202306
23.61,-23.61,0.05848388561618776,30.058483885616187,-23.551516114383812,-23.61,-1.5870657561205541,-0.6937018709427656,0.19350558175330476
23.62,-23.62,0.059064858661487335,30.059064858661486,-23.560935141338515,-23.62,-1.5869446581320232,-0.6939788556045752,0.19321250361760559
23.63,-23.63,0.0596458317067867,30.059645831706785,-23.570354168293214,-23.63,-1.5868235118023934,-0.69425581912658,0.19291942023256947
23.64,-23.64,0.06022680475208628,30.060226804752087,-23.579773195247913,-23.64,-1.586702317135356,-0.6945327615003425,0.19262633160584844
23.65,-23.65,0.060807777797385644,30.060807777797386,-23.589192222202612,-23.65,-1.5865810741346016,-0.6948096827174286,0.1923332377450865
23.66,-23.66,0.06138875084268522,30.061388750842685,-23.598611249157315,-23.66,-1.586459782803824,-0.6950865827694009,0.192040138657934
23.67,-23.67,0.061969723887984794,30.061969723887984,-23.608030276112018,-23.67,-1.5863384431467178,-0.6953634616478258,0.19174703435203722
23.68,-23.68,0.06255069693328416,30.062550696933283,-23.617449303066717,-23.68,-1.5862170551669799,-0.6956403193442671,0.19145392483504475
23.69,-23.69,0.06313166997858374,30.063131669978585,-23.626868330021416,-23.69,-1.5860956188683073,-0.6959171558502931,0.19116081011460642
23.7,-23.7,0.0637126430238831,30.063712643023884,-23.636287356976116,-23.7,-1.5859741342543991,-0.6961939711574703,0.19086769019836922
23.71,-23.71,0.06429361606918269,30.064293616069182,-23.64570638393082,-23.71,-1.5858526013289564,-0.6964707652573665,0.19057456509398177
23.72,-23.72,0.06487458911448205,30.06487458911448,-23.655125410885518,-23.72,-1.585731020095681,-0.69674753814155,0.19028143480909285
23.73,-23.73,0.06545556215978163,30.06545556215978,-23.66454443784022,-23.73,-1.5856093905582764,-0.6970242898015898,0.18998829935135236
23.74,-23.74,0.06603653520508099,30.066036535205082,-23.673963464794916,-23.74,-1.5854877127204479,-0.6973010202290563,0.18969515872840792
23.75,-23.75,0.06661750825038057,30.06661750825038,-23.68338249174962,-23.75,-1.585365986585902,-0.6975777294155177,0.18940201294791015
23.76,-23.76,0.06719848129568014,30.06719848129568,-23.69280151870432,-23.76,-1.5852442121583465,-0.697854417352547,0.1891088620175067
23.77,-23.77,0.06777945434097951,30.06777945434098,-23.70222054565902,-23.77,-1.5851223894414908,-0.698131084031716,0.1888157059448477
23.78,-23.78,0.0683604273862791,30.068360427386278,-23.711639572613723,-23.78,-1.5850005184390463,-0.6984077294445945,0.18852254473758445
23.79,-23.79,0.06894140043157845,30.06894140043158,-23.72105859956842,-23.79,-1.5848785991547252,-0.6986843535827578,0.1882293784033636
23.8,-23.8,0.06952237347687804,30.06952237347688,-23.730477626523122,-23.8,-1.5847566315922406,-0.6989609564377793,0.18793620694983654
23.81,-23.81,0.0701033465221774,30.070103346522178,-23.73989665347782,-23.81,-1.584634615755309,-0.6992375380012313,0.18764303038465419
23.82,-23.82,0.07068431956747698,30.070684319567476,-23.749315680432524,-23.82,-1.5845125516476468,-0.6995140982646905,0.18734984871546512
23.83,-23.83,0.07126529261277634,30.071265292612775,-23.758734707387223,-23.83,-1.584390439272972,-0.6997906372197318,0.18705666194991916
23.84,-23.84,0.07184626565807592,30.071846265658078,-23.768153734341922,-23.84,-1.5842682786350044,-0.700067154857932,0.18676347009566793
23.85,-23.85,0.07242723870337549,30.072427238703376,-23.777572761296625,-23.85,-1.584146069737466,-0.7003436511708658,0.18647027316036383
23.86,-23.86,0.07300821174867486,30.073008211748675,-23.786991788251324,-23.86,-1.5840238125840782,-0.7006201261501135,0.18617707115165325
23.87,-23.87,0.07358918479397443,30.073589184793974,-23.796410815206027,-23.87,-1.5839015071785663,-0.700896579787251,0.1858838640771899
23.88,-23.88,0.0741701578392738,30.074170157839273,-23.805829842160726,-23.88,-1.5837791535246555,-0.7011730120738571,0.18559065194462454
23.89,-23.89,0.07475113088457337,30.07475113088457,-23.81524886911543,-23.89,-1.5836567516260727,-0.7014494230015125,0.18529743476160743
23.9,-23.9,0.07533210392987275,30.075332103929874,-23.824667896070125,-23.9,-1.5835343014865464,-0.7017258125617974,0.18500421253578947
23.91,-23.91,0.07591307697517231,30.075913076975173,-23.834086923024827,-23.91,-1.5834118031098077,-0.7020021807462904,0.1847109852748241
23.92,-23.92,0.07649405002047188,30.07649405002047,-23.84350594997953,-23.92,-1.5832892564995866,-0.7022785275465755,0.18441775298635943
23.93,-23.93,0.07707502306577127,30.07707502306577,-23.85292497693423,-23.93,-1.5831666616596172,-0.7025548529542326,0.18412451567805085
23.94,-23.94,0.07765599611107084,30.07765599611107,-23.862344003888932,-23.94,-1.5830440185936334,-0.7028311569608451,0.18383127335754787
23.95,-23.95,0.07823696915637021,30.07823696915637,-23.871763030843628,-23.95,-1.5829213273053715,-0.7031074395579956,0.18353802603250366
23.96,-23.96,0.07881794220166978,30.07881794220167,-23.88118205779833,-23.96,-1.5827985877985682,-0.7033837007372702,0.1832447737105673
23.97,-23.97,0.07939891524696915,30.07939891524697,-23.89060108475303,-23.97,-1.5826758000769634,-0.7036599404902513,0.1829515163993946
23.98,-23.98,0.07997988829226872,30.079979888292268,-23.900020111707732,-23.98,-1.5825529641442968,-0.7039361588085241,0.18265825410663733
23.99,-23.99,0.0805608613375681,30.080560861337567,-23.90943913866243,-23.99,-1.5824300800043096,-0.7042123556836769,0.18236498683994481
24.0,-24.0,0.08114183438286766,30.08114183438287,-23.91885816561713,-24.0,-1.5823071476607464,-0.7044885311072939,0.18207171460697327
24.01,-24.01,0.08313494818217079,30.08313494818217,-23.92686505181783,-24.01,-1.582184167117351,-0.7047646850709631,0.1817962404057346
24.02,-24.02,0.08512806198147321,30.08512806198147,-23.934871938018528,-24.02,-1.5820611383778698,-0.7050408175662725,0.18152076262760028
24.03,-24.03,0.08712117578077633,30.087121175780776,-23.942878824219225,-24.03,-1.5819380614460508,-0.7053169285848103,0.18124528127731276
24.04,-24.04,0.08911428958007875,30.089114289580078,-23.95088571041992,-24.04,-1.5818149363256426,-0.7055930181181659,0.18096979635961374
24.05,-24.05,0.09110740337938188,30.091107403379382,-23.95889259662062,-24.05,-1.5816917630203964,-0.7058690861579291,0.18069430787924717
24.06,-24.06,0.0931005171786843,30.093100517178684,-23.966899482821315,-24.06,-1.5815685415340637,-0.7061451326956903,0.18041881584095565
24.07,-24.07,0.09509363097798743,30.09509363097799,-23.974906369022012,-24.07,-1.5814452718703982,-0.7064211577230409,0.18014332024948154
24.08,-24.08,0.09708674477728985,30.09708674477729,-23.98291325522271,-24.08,-1.5813219540331556,-0.7066971612315718,0.17986782110956895
24.09,-24.09,0.09907985857659296,30.099079858576594,-23.990920141423405,-24.09,-1.581198588026091,-0.7069731432128774,0.17959231842595816
24.1,-24.1,0.10107297237589609,30.101072972375896,-23.998927027624106,-24.1,-1.5810751738529634,-0.707249103658549,0.17931681220339535
24.11,-24.11,0.10306608617519851,30.103066086175197,-24.006933913824803,-24.11,-1.5809517115175318,-0.7075250425601817,0.17904130244662045
24.12,-24.12,0.10505919997450164,30.1050591999745,-24.0149408000255,-24.12,-1.5808282010235577,-0.7078009599093676,0.17876578916038124
24.13,-24.13,0.10705231377380406,30.107052313773803,-24.022947686226196,-24.13,-1.5807046423748023,-0.7080768556977042,0.17849027234941733
24.14,-24.14,0.10904542757310717,30.109045427573108,-24.030954572426893,-24.14,-1.5805810355750307,-0.7083527299167863,0.17821475201847306
24.15,-24.15,0.1110385413724096,30.11103854137241,-24.03896145862759,-24.15,-1.5804573806280071,-0.7086285825582104,0.17793922817229085
24.16,-24.16,0.11303165517171272,30.113031655171714,-24.046968344828286,-24.16,-1.5803336775374988,-0.7089044136135735,0.1776637008156166
24.17,-24.17,0.11502476897101585,30.115024768971015,-24.054975231028987,-24.17,-1.5802099263072735,-0.709180223074474,0.17738816995319118
24.18,-24.18,0.11701788277031827,30.11701788277032,-24.06298211722968,-24.18,-1.5800861269411017,-0.7094560109325089,0.17711263558975957
24.19,-24.19,0.11901099656962139,30.11901099656962,-24.07098900343038,-24.19,-1.5799622794427546,-0.7097317771792772,0.176837097730066
24.2,-24.2,0.1210041103689238,30.121004110368922,-24.078995889631077,-24.2,-1.5798383838160037,-0.7100075218063799,0.17656155637885398
24.21,-24.21,0.12299722416822693,30.122997224168227,-24.087002775831774,-24.21,-1.5797144400646235,-0.7102832448054176,0.17628601154086435
24.22,-24.22,0.12499033796752934,30.124990337967528,-24.09500966203247,-24.22,-1.5795904481923904,-0.7105589461679889,0.17601046322084654
24.23,-24.23,0.12698345176683248,30.126983451766833,-24.103016548233168,-24.23,-1.5794664082030803,-0.7108346258856977,0.17573491142353984
24.24,-24.24,0.1289765655661349,30.128976565566134,-24.111023434433864,-24.24,-1.5793423201004722,-0.7111102839501463,0.17545935615369024
24.25,-24.25,0.13096967936543802,30.13096967936544,-24.11903032063456,-24.25,-1.5792181838883463,-0.7113859203529355,0.17518379741604181
24.26,-24.26,0.13296279316474113,30.13296279316474,-24.12703720683526,-24.26,-1.5790939995704834,-0.7116615350856712,0.174908235215339
24.27,-24.27,0.13495590696404355,30.134955906964045,-24.135044093035955,-24.27,-1.5789697671506662,-0.7119371281399576,0.17463266955632364
24.28,-24.28,0.1369490207633467,30.136949020763346,-24.143050979236655,-24.28,-1.57884548663268,-0.7122126995073982,0.1743571004437431
24.29,-24.29,0.1389421345626491,30.138942134562647,-24.151057865437352,-24.29,-1.5787211580203104,-0.7124882491795986,0.17408152788234152
24.3,-24.3,0.14093524836195223,30.140935248361952,-24.15906475163805,-24.3,-1.5785967813173436,-0.7127637771481674,0.17380595187685957
24.31,-24.31,0.14292836216125465,30.142928362161253,-24.167071637838745,-24.31,-1.5784723565275696,-0.7130392834047092,0.17353037243204622
24.32,-24.32,0.14492147596055777,30.144921475960558,-24.175078524039442,-24.32,-1.5783478836547782,-0.7133147679408316,0.1732547895526451
24.33,-24.33,0.1469145897598602,30.14691458975986,-24.18308541024014,-24.33,-1.5782233627027606,-0.7135902307481445,0.1729792032433991
24.34,-24.34,0.14890770355916333,30.148907703559164,-24.191092296440836,-24.34,-1.57809879367531,-0.7138656718182567,0.1727036135090529
24.35,-24.35,0.15090081735846644,30.150900817358465,-24.199099182641536,-24.35,-1.5779741765762219,-0.7141410911427756,0.1724280203543542
24.36,-24.36,0.15289393115776886,30.15289393115777,-24.20710606884223,-24.36,-1.5778495114092912,-0.7144164887133141,0.17215242378404427
24.37,-24.37,0.154887044957072,30.15488704495707,-24.21511295504293,-24.37,-1.577724798178316,-0.7146918645214814,0.1718768238028706
24.38,-24.38,0.1568801587563744,30.156880158756373,-24.223119841243623,-24.38,-1.5776000368870953,-0.7149672185588897,0.17160122041557663
24.39,-24.39,0.1588732725556775,30.158873272555677,-24.231126727444323,-24.39,-1.57747522753943,-0.7152425508171502,0.171325613626909
24.4,-24.4,0.16086638635497996,30.16086638635498,-24.23913361364502,-24.4,-1.5773503701391205,-0.7155178612878781,0.1710500034416097
24.41,-24.41,0.16285950015428308,30.162859500154283,-24.247140499845717,-24.41,-1.5772254646899715,-0.7157931499626851,0.17077438986442764
24.42,-24.42,0.1648526139535862,30.164852613953585,-24.255147386046417,-24.42,-1.5771005111957876,-0.7160684168331857,0.1704987729001058
24.43,-24.43,0.1668457277528886,30.16684572775289,-24.26315427224711,-24.43,-1.576975509660375,-0.7163436618909952,0.1702231525533903
24.44,-24.44,0.16883884155219175,30.16883884155219,-24.27116115844781,-24.44,-1.5768504600875413,-0.7166188851277288,0.1699475288290265
24.45,-24.45,0.17083195535149415,30.170831955351495,-24.279168044648504,-24.45,-1.5767253624810962,-0.7168940865350022,0.1696719017317596
24.46,-24.46,0.1728250691507973,30.172825069150797,-24.287174930849204,-24.46,-1.5766002168448496,-0.7171692661044344,0.16939627126633341
24.47,-24.47,0.1748181829500997,30.1748181829501,-24.295181817049897,-24.47,-1.5764750231826141,-0.7174444238276408,0.16912063743749683
24.48,-24.48,0.17681129674940282,30.176811296749403,-24.303188703250598,-24.48,-1.5763497814982037,-0.7177195596962404,0.16884500024999344
24.49,-24.49,0.17880441054870524,30.178804410548704,-24.311195589451295,-24.49,-1.576224491795433,-0.7179946737018519,0.1685693597085686
24.5,-24.5,0.1807975243480084,30.18079752434801,-24.31920247565199,-24.5,-1.5760991540781184,-0.718269765836095,0.1682937158179696
24.51,-24.51,0.1827906381473115,30.18279063814731,-24.32720936185269,-24.51,-1.5759737683500785,-0.71854483609059,0.16801806858294224
24.52,-24.52,0.18478375194661392,30.184783751946615,-24.335216248053385,-24.52,-1.575848334615132,-0.7188198844569582,0.16774241800822964
24.53,-24.53,0.18677686574591704,30.186776865745916,-24.343223134254085,-24.53,-1.5757228528771008,-0.7190949109268192,0.16746676409858136
24.54,-24.54,0.18876997954521946,30.18876997954522,-24.35123002045478,-24.54,-1.5755973231398066,-0.7193699154917974,0.1671911068587409
24.55,-24.55,0.19076309334452257,30.190763093344522,-24.35923690665548,-24.55,-1.5754717454070728,-0.7196448981435156,0.16691544629345564
24.56,-24.56,0.19275620714382502,30.192756207143827,-24.367243792856172,-24.56,-1.5753461196827263,-0.7199198588735952,0.16663978240747224
24.57,-24.57,0.19474932094312813,30.194749320943128,-24.375250679056872,-24.57,-1.5752204459705923,-0.7201947976736628,0.16636411520553449
24.58,-24.58,0.19674243474243053,30.19674243474243,-24.38325756525757,-24.58,-1.5750947242744997,-0.7204697145353421,0.16608844469239079
24.59,-24.59,0.19873554854173367,30.198735548541734,-24.391264451458266,-24.59,-1.5749689545982781,-0.720744609450259,0.16581277087278676
24.6,-24.6,0.2007286623410368,30.200728662341035,-24.399271337658966,-24.6,-1.574843136945759,-0.7210194824100395,0.16553709375146994
24.61,-24.61,0.2027217761403392,30.20272177614034,-24.40727822385966,-24.61,-1.5747172713207742,-0.7212943334063115,0.1652614133331831
24.62,-24.62,0.20471488993964235,30.20471488993964,-24.41528511006036,-24.62,-1.5745913577271584,-0.7215691624307009,0.16498572962267755
24.63,-24.63,0.20670800373894477,30.206708003738946,-24.423291996261053,-24.63,-1.5744653961687478,-0.7218439694748361,0.16471004262469852
24.64,-24.64,0.20870111753824788,30.208701117538247,-24.431298882461753,-24.64,-1.574339386649378,-0.7221187545303471,0.16443435234399048
24.65,-24.65,0.21069423133755028,30.210694231337552,-24.439305768662447,-24.65,-1.574213329172888,-0.7223935175888638,0.1641586587853031
24.66,-24.66,0.21268734513685345,30.212687345136853,-24.447312654863147,-24.66,-1.5740872237431185,-0.7226682586420142,0.16388296195338073
24.67,-24.67,0.21468045893615656,30.214680458936158,-24.455319541063844,-24.67,-1.5739610703639098,-0.7229429776814321,0.16360726185297148
24.68,-24.68,0.21667357273545895,30.21667357273546,-24.46332642726454,-24.68,-1.573834869039105,-0.7232176746987469,0.16333155848882144
24.69,-24.69,0.21866668653476212,30.21866668653476,-24.47133331346524,-24.69,-1.5737086197725496,-0.7234923496855907,0.16305585186567936
24.7,-24.7,0.22065980033406452,30.220659800334065,-24.479340199665934,-24.7,-1.5735823225680876,-0.7237670026335981,0.1627801419882911
24.71,-24.71,0.22265291413336763,30.222652914133366,-24.487347085866634,-24.71,-1.5734559774295669,-0.7240416335344027,0.16250442886140246
24.72,-24.72,0.22464602793267008,30.22464602793267,-24.495353972067328,-24.72,-1.5733295843608364,-0.724316242379637,0.16222871248976256
24.73,-24.73,0.2266391417319732,30.226639141731972,-24.503360858268028,-24.73,-1.573203143365747,-0.7245908291609362,0.16195299287811976
24.74,-24.74,0.22863225553127559,30.228632255531277,-24.51136774446872,-24.74,-1.5730766544481485,-0.724865393869938,0.1616772700312169
24.75,-24.75,0.2306253693305787,30.23062536933058,-24.51937463066942,-24.75,-1.5729501176118952,-0.7251399364982766,0.16140154395380552
24.76,-24.76,0.23261848312988187,30.232618483129883,-24.52738151687012,-24.76,-1.5728235328608418,-0.7254144570375889,0.16112581465063242
24.77,-24.77,0.23461159692918426,30.234611596929184,-24.535388403070815,-24.77,-1.5726969001988433,-0.7256889554795147,0.1608500821264428
24.78,-24.78,0.23660471072848738,30.236604710728486,-24.543395289271515,-24.78,-1.5725702196297582,-0.72596343181569,0.16057434638598678
24.79,-24.79,0.23859782452778983,30.23859782452779,-24.55140217547221,-24.79,-1.572443491157445,-0.7262378860377541,0.16029860743401145
24.8,-24.8,0.24059093832709294,30.24059093832709,-24.55940906167291,-24.8,-1.5723167147857635,-0.7265123181373484,0.16002286527526255
24.81,-24.81,0.24258405212639533,30.242584052126396,-24.567415947873602,-24.81,-1.5721898905185763,-0.7267867281061113,0.15974711991448987
24.82,-24.82,0.2445771659256985,30.244577165925698,-24.575422834074303,-24.82,-1.5720630183597466,-0.7270611159356845,0.15947137135644038
24.83,-24.83,0.2465702797250009,30.246570279725002,-24.583429720274996,-24.83,-1.571936098313139,-0.7273354816177089,0.15919561960586298
24.84,-24.84,0.248563393524304,30.248563393524304,-24.591436606475696,-24.84,-1.5718091303826194,-0.727609825143829,0.15891986466750382
24.85,-24.85,0.2505565073236072,30.25055650732361,-24.599443492676393,-24.85,-1.5716821145720559,-0.7278841465056858,0.15864410654611236
24.86,-24.86,0.2525496211229096,30.25254962112291,-24.60745037887709,-24.86,-1.5715550508853176,-0.7281584456949235,0.15836834524643598
24.87,-24.87,0.2545427349222127,30.25454273492221,-24.615457265077787,-24.87,-1.571427939326275,-0.7284327227031865,0.15809258077322405
24.88,-24.88,0.25653584872151514,30.256535848721516,-24.623464151278483,-24.88,-1.5713007798987997,-0.72870697752212,0.15781681313122306
24.89,-24.89,0.25852896252081825,30.258528962520817,-24.631471037479184,-24.89,-1.5711735726067662,-0.7289812101433689,0.15754104232518154
24.9,-24.9,0.26052207632012064,30.26052207632012,-24.639477923679877,-24.9,-1.571046317454048,-0.7292554205585818,0.1572652683598487
24.91,-24.91,0.26251519011942376,30.262515190119423,-24.647484809880577,-24.91,-1.5709190144445229,-0.7295296087594035,0.1569894912399715
24.92,-24.92,0.26450830391872693,30.264508303918728,-24.655491696081274,-24.92,-1.570791663582068,-0.7298037747374833,0.1567137109702997
24.93,-24.93,0.2665014177180293,30.26650141771803,-24.66349858228197,-24.93,-1.5706642648705633,-0.7300779184844675,0.15643792755558233
24.94,-24.94,0.26849453151733244,30.268494531517334,-24.671505468482668,-24.94,-1.570536818313889,-0.7303520399920072,0.1561621410005662
24.95,-24.95,0.2704876453166349,30.270487645316635,-24.679512354683364,-24.95,-1.5704093239159274,-0.7306261392517516,0.15588635131000012
24.96,-24.96,0.272480759115938,30.27248075911594,-24.68751924088406,-24.96,-1.5702817816805619,-0.7309002162553518,0.15561055848863298
24.97,-24.97,0.2744738729152404,30.27447387291524,-24.695526127084758,-24.97,-1.5701541916116786,-0.7311742709944569,0.15533476254121562
24.98,-24.98,0.27646698671454356,30.276466986714542,-24.70353301328546,-24.98,-1.5700265537131635,-0.7314483034607207,0.15505896347249462
24.99,-24.99,0.27846010051384595,30.278460100513847,-24.71153989948615,-24.99,-1.5698988679889043,-0.7317223136457958,0.15478316128721867
25.0,-25.0,0.28045321431314907,30.280453214313148,-24.719546785686852,-25.0,-1.5697711344427916,-0.7319963015413333,0.15450735599013773
25.01,-25.01,0.2871683540614905,30.28716835406149,-24.722831645938513,-25.01,-1.5696433530787157,-0.732270267138989,0.15429127599668419
25.02,-25.02,0.2938834938098296,30.29388349380983,-24.72611650619017,-25.02,-1.5695155239005685,-0.7325442104304175,0.15407519554845706
25.03,-25.03,0.300598633558171,30.30059863355817,-24.72940136644183,-25.03,-1.569387646912245,-0.7328181314072721,0.15385911464739713
25.04,-25.04,0.3073137733065101,30.30731377330651,-24.732686226693488,-25.04,-1.56925972211764,-0.7330920300612105,0.15364303329543522
25.05,-25.05,0.31402891305485153,30.31402891305485,-24.73597108694515,-25.05,-1.56913174952065,-0.7333659063838894,0.15342695149450644
25.06,-25.06,0.32074405280319057,30.32074405280319,-24.73925594719681,-25.06,-1.569003729125174,-0.7336397603669647,0.15321086924654811
25.07,-25.07,0.32745919255153205,30.327459192551533,-24.742540807448467,-25.07,-1.5688756609351115,-0.7339135920020942,0.1529947865534926
25.08,-25.08,0.3341743322998711,30.33417433229987,-24.745825667700128,-25.08,-1.5687475449543635,-0.734187401280938,0.15277870341727587
25.09,-25.09,0.34088947204821257,30.34088947204821,-24.74911052795179,-25.09,-1.5686193811868323,-0.7344611881951553,0.1525626198398325
25.1,-25.1,0.347604611796554,30.347604611796555,-24.752395388203446,-25.1,-1.5684911696364228,-0.7347349527364041,0.1523465358230978
25.11,-25.11,0.35431975154489304,30.354319751544892,-24.755680248455107,-25.11,-1.5683629103070396,-0.7350086948963478,0.15213045136900574
25.12,-25.12,0.3610348912932345,30.361034891293233,-24.758965108706768,-25.12,-1.5682346032025904,-0.7352824146666458,0.15191436647949247
25.13,-25.13,0.36775003104157356,30.367750031041574,-24.762249968958425,-25.13,-1.568106248326984,-0.7355561120389598,0.15169828115649203
25.14,-25.14,0.37446517078991504,30.374465170789914,-24.765534829210086,-25.14,-1.5679778456841293,-0.735829787004954,0.15148219540193916
25.15,-25.15,0.3811803105382541,30.381180310538255,-24.768819689461743,-25.15,-1.567849395277938,-0.736103439556292,0.1512661092177687
25.16,-25.16,0.38789545028659556,30.387895450286596,-24.772104549713404,-25.16,-1.5677208971123233,-0.7363770696846362,0.15105002260591777
25.17,-25.17,0.394610590034937,30.394610590034937,-24.775389409965065,-25.17,-1.5675923511911993,-0.7366506773816522,0.15083393556831903
25.18,-25.18,0.401325729783276,30.401325729783277,-24.778674270216722,-25.18,-1.5674637575184818,-0.7369242626390055,0.15061784810690673
25.19,-25.19,0.40804086953161744,30.408040869531618,-24.781959130468383,-25.19,-1.5673351160980877,-0.7371978254483619,0.15040176022361734
25.2,-25.2,0.41475600927995654,30.414756009279955,-24.785243990720044,-25.2,-1.5672064269339363,-0.7374713658013878,0.15018567192038668
25.21,-25.21,0.42147114902829796,30.4214711490283,-24.7885288509717,-25.21,-1.5670776900299463,-0.7377448836897528,0.14996958319914533
25.22,-25.22,0.42818628877663706,30.428186288776637,-24.791813711223362,-25.22,-1.5669489053900407,-0.7380183791051228,0.14975349406183294
25.23,-25.23,0.4349014285249785,30.434901428524977,-24.795098571475023,-25.23,-1.5668200730181425,-0.7382918520391667,0.14953740451038317
25.24,-25.24,0.4416165682733175,30.441616568273318,-24.79838343172668,-25.24,-1.5666911929181746,-0.7385653024835561,0.14932131454672828
25.25,-25.25,0.448331708021659,30.44833170802166,-24.80166829197834,-25.25,-1.5665622650940645,-0.7388387304299592,0.14910522417280725
25.26,-25.26,0.4550468477700005,30.45504684777,-24.804953152230002,-25.26,-1.5664332895497388,-0.7391121358700476,0.14888913339055243
25.27,-25.27,0.4617619875183395,30.46176198751834,-24.80823801248166,-25.27,-1.5663042662891267,-0.739385518795493,0.14867304220189845
25.28,-25.28,0.46847712726668095,30.46847712726668,-24.81152287273332,-25.28,-1.5661751953161582,-0.7396588791979675,0.14845695060878067
25.29,-25.29,0.47519226701502004,30.47519226701502,-24.814807732984978,-25.29,-1.5660460766347652,-0.739932217069144,0.14824085861313532
25.3,-25.3,0.48190740676336147,30.481907406763362,-24.81809259323664,-25.3,-1.5659169102488808,-0.7402055324006964,0.14802476621689561
25.31,-25.31,0.48862254651170056,30.4886225465117,-24.8213774534883,-25.31,-1.5657876961624395,-0.7404788251842989,0.14780867342199713
25.32,-25.32,0.495337686260042,30.495337686260044,-24.824662313739957,-25.32,-1.5656584343793778,-0.7407520954116266,0.14759258023037547
25.33,-25.33,0.502052826008381,30.50205282600838,-24.827947173991618,-25.33,-1.5655291249036332,-0.7410253430743542,0.14737648664396544
25.34,-25.34,0.5087679657567225,30.50876796575672,-24.83123203424328,-25.34,-1.5653997677391436,-0.7412985681641607,0.1471603926646998
25.35,-25.35,0.5154831055050639,30.515483105505062,-24.83451689449494,-25.35,-1.5652703628898508,-0.7415717706727207,0.1469442982945142
25.36,-25.36,0.522198245253403,30.522198245253403,-24.837801754746597,-25.36,-1.5651409103596958,-0.7418449505917137,0.1467282035353452
25.37,-25.37,0.5289133850017445,30.528913385001744,-24.841086614998257,-25.37,-1.5650114101526231,-0.7421181079128157,0.14651210838912784
25.38,-25.38,0.5356285247500835,30.535628524750084,-24.844371475249915,-25.38,-1.5648818622725764,-0.7423912426277084,0.14629601285779578
25.39,-25.39,0.542343664498425,30.542343664498425,-24.847656335501576,-25.39,-1.5647522667235023,-0.7426643547280705,0.14607991694328257
25.4,-25.4,0.549058804246764,30.549058804246766,-24.850941195753233,-25.4,-1.5646226235093483,-0.7429374442055826,0.14586382064752498
25.41,-25.41,0.5557739439951055,30.555773943995106,-24.854226056004894,-25.41,-1.5644929326340642,-0.7432105110519261,0.14564772397245826
25.42,-25.42,0.5624890837434469,30.562489083743447,-24.857510916256555,-25.42,-1.5643631941015996,-0.7434835552587836,0.14543162692001693
25.43,-25.43,0.569204223491786,30.569204223491788,-24.860795776508212,-25.43,-1.5642334079159075,-0.7437565768178362,0.14521552949213481
25.44,-25.44,0.5759193632401274,30.57591936324013,-24.864080636759873,-25.44,-1.5641035740809413,-0.7440295757207672,0.14499943169074805
25.45,-25.45,0.5826345029884665,30.582634502988466,-24.867365497011534,-25.45,-1.5639736926006553,-0.7443025519592621,0.14478333351779057
25.46,-25.46,0.5893496427368079,30.589349642736806,-24.870650357263195,-25.46,-1.5638437634790063,-0.7445755055250054,0.14456723497519783
25.47,-25.47,0.596064782485147,30.596064782485147,-24.873935217514852,-25.47,-1.5637137867199526,-0.7448484364096803,0.14435113606490535
25.48,-25.48,0.6027799222334884,30.602779922233488,-24.877220077766513,-25.48,-1.563583762327453,-0.7451213446049753,0.1441350367888472
25.49,-25.49,0.6094950619818276,30.60949506198183,-24.88050493801817,-25.49,-1.563453690305468,-0.7453942301025768,0.1439189371489567
25.5,-25.5,0.6162102017301689,30.61621020173017,-24.88378979826983,-25.5,-1.5633235706579605,-0.745667092894171,0.14370283714717183
25.51,-25.51,0.6229253414785103,30.62292534147851,-24.88707465852149,-25.51,-1.5631934033888943,-0.7459399329714459,0.14348673678542678
25.52,-25.52,0.6296404812268495,30.62964048122685,-24.89035951877315,-25.52,-1.5630631885022332,-0.7462127503260924,0.14327063606565418
25.53,-25.53,0.6363556209751908,30.63635562097519,-24.89364437902481,-25.53,-1.5629329260019456,-0.7464855449497981,0.14305453498979145
25.54,-25.54,0.64307076072353,30.64307076072353,-24.89692923927647,-25.54,-1.5628026158919983,-0.7467583168342531,0.1428384335597729
25.55,-25.55,0.6497859004718713,30.649785900471873,-24.900214099528128,-25.55,-1.5626722581763606,-0.7470310659711504,0.14262233177753214
25.56,-25.56,0.6565010402202105,30.65650104022021,-24.90349895977979,-25.56,-1.5625418528590045,-0.7473037923521796,0.14240622964500507
25.57,-25.57,0.6632161799685519,30.66321617996855,-24.90678382003145,-25.57,-1.5624113999439018,-0.7475764959690326,0.14219012716412777
25.58,-25.58,0.669931319716891,30.66993131971689,-24.910068680283107,-25.58,-1.562280899435026,-0.7478491768134041,0.14197402433683315
25.59,-25.59,0.6766464594652324,30.676646459465232,-24.913353540534768,-25.59,-1.5621503513363522,-0.7481218348769878,0.14175792116505503
25.6,-25.6,0.6833615992135739,30.683361599213573,-24.91663840078643,-25.6,-1.562019755651858,-0.7483944701514765,0.14154181765073187
25.61,-25.61,0.6900767389619129,30.690076738961913,-24.919923261038086,-25.61,-1.5618891123855212,-0.748667082628566,0.14132571379579678
25.62,-25.62,0.6967918787102544,30.696791878710254,-24.923208121289747,-25.62,-1.5617584215413214,-0.7489396722999521,0.14110960960218447
25.63,-25.63,0.7035070184585934,30.703507018458595,-24.926492981541404,-25.63,-1.5616276831232399,-0.7492122391573312,0.14089350507183046
25.64,-25.64,0.7102221582069349,30.710222158206935,-24.929777841793065,-25.64,-1.561496897135259,-0.7494847831923996,0.14067740020666955
25.65,-25.65,0.7169372979552739,30.716937297955273,-24.933062702044726,-25.65,-1.561366063581362,-0.7497573043968575,0.14046129500863422
25.66,-25.66,0.7236524377036153,30.723652437703617,-24.936347562296383,-25.66,-1.5612351824655353,-0.7500298027624013,0.1402451894796625
25.67,-25.67,0.7303675774519569,30.730367577451958,-24.939632422548044,-25.67,-1.561104253791765,-0.7503022782807314,0.14002908362168778
25.68,-25.68,0.7370827172002958,30.737082717200295,-24.942917282799705,-25.68,-1.5609732775640408,-0.7505747309435458,0.1398129774366466
25.69,-25.69,0.7437978569486374,30.74379785694864,-24.946202143051362,-25.69,-1.5608422537863509,-0.7508471607425471,0.1395968709264717
25.7,-25.7,0.7505129966969764,30.750512996696976,-24.949487003303023,-25.7,-1.5607111824626871,-0.7511195676694361,0.13938076409309888
25.71,-25.71,0.7572281364453178,30.757228136445317,-24.952771863554684,-25.71,-1.5605800635970422,-0.7513919517159146,0.13916465693846333
25.72,-25.72,0.7639432761936569,30.763943276193658,-24.95605672380634,-25.72,-1.5604488971934103,-0.7516643128736854,0.13894854946449942
25.73,-25.73,0.7706584159419984,30.770658415942,-24.959341584058002,-25.73,-1.5603176832557866,-0.7519366511344518,0.1387324416731424
25.74,-25.74,0.7773735556903374,30.77737355569034,-24.96262644430966,-25.74,-1.5601864217881685,-0.7522089664899183,0.13851633356632675
25.75,-25.75,0.7840886954386789,30.78408869543868,-24.96591130456132,-25.75,-1.5600551127945543,-0.7524812589317892,0.13830022514598705
25.76,-25.76,0.7908038351870204,30.79080383518702,-24.96919616481298,-25.76,-1.5599237562789439,-0.7527535284517702,0.13808411641405946
25.77,-25.77,0.7975189749353594,30.79751897493536,-24.97248102506464,-25.77,-1.5597923522453383,-0.7530257750415682,0.1378680073724778
25.78,-25.78,0.8042341146837009,30.8042341146837,-24.9757658853163,-25.78,-1.559660900697741,-0.753297998692888,0.13765189802317765
25.79,-25.79,0.8109492544320399,30.81094925443204,-24.97905074556796,-25.79,-1.559529401640156,-0.7535701993974394,0.13743578836809286
25.8,-25.8,0.8176643941803813,30.81766439418038,-24.98233560581962,-25.8,-1.5593978550765883,-0.7538423771469305,0.13721967840915986
25.81,-25.81,0.8243795339287204,30.82437953392872,-24.98562046607128,-25.81,-1.5592662610110464,-0.7541145319330683,0.1370035681483119
25.82,-25.82,0.8310946736770618,30.83109467367706,-24.98890532632294,-25.82,-1.559134619447538,-0.7543866637475646,0.13678745758748467
25.83,-25.83,0.837809813425401,30.8378098134254,-24.992190186574597,-25.83,-1.5590029303900728,-0.754658772582129,0.1365713467286131
25.84,-25.84,0.8445249531737423,30.844524953173742,-24.995475046826257,-25.84,-1.558871193842663,-0.7549308584284726,0.13635523557363138
25.85,-25.85,0.8512400929220838,30.851240092922083,-24.99875990707792,-25.85,-1.558739409809321,-0.7552029212783072,0.13613912412447537
25.86,-25.86,0.8579552326704228,30.857955232670424,-25.002044767329576,-25.86,-1.5586075782940614,-0.7554749611233462,0.13592301238307855
25.87,-25.87,0.8646703724187643,30.864670372418765,-25.005329627581236,-25.87,-1.5584756993009,-0.7557469779553012,0.1357069003513777
25.88,-25.88,0.8713855121671034,30.8713855121671,-25.008614487832897,-25.88,-1.5583437728338547,-0.756018971765886,0.1354907880313064
25.89,-25.89,0.8781006519154448,30.878100651915446,-25.011899348084555,-25.89,-1.558211798896943,-0.7562909425468167,0.13527467542480068
25.9,-25.9,0.8848157916637839,30.884815791663783,-25.015184208336215,-25.9,-1.5580797774941855,-0.7565628902898087,0.13505856253379261
25.91,-25.91,0.8915309314121254,30.891530931412124,-25.018469068587876,-25.91,-1.5579477086296045,-0.7568348149865758,0.13484244936022
25.92,-25.92,0.8982460711604667,30.898246071160468,-25.021753928839534,-25.92,-1.5578155923072219,-0.7571067166288374,0.1346263359060166
25.93,-25.93,0.9049612109088059,30.904961210908805,-25.025038789091195,-25.93,-1.5576834285310632,-0.757378595208309,0.1344102221731171
25.94,-25.94,0.9116763506571472,30.911676350657146,-25.028323649342855,-25.94,-1.5575512173051542,-0.7576504507167087,0.13419410816345861
25.95,-25.95,0.9183914904054864,30.918391490405487,-25.031608509594513,-25.95,-1.5574189586335219,-0.7579222831457565,0.13397799387897097
25.96,-25.96,0.9251066301538278,30.925106630153827,-25.034893369846174,-25.96,-1.5572866525201947,-0.758194092487172,0.13376187932159309
25.97,-25.97,0.9318217699021668,30.931821769902168,-25.03817823009783,-25.97,-1.5571542989692038,-0.7584658787326741,0.13354576449325897
25.98,-25.98,0.9385369096505083,30.93853690965051,-25.04146309034949,-25.98,-1.557021897984581,-0.7587376418739836,0.1333296493959044
25.99,-25.99,0.9452520493988473,30.945252049398846,-25.044747950601153,-25.99,-1.556889449570358,-0.7590093819028243,0.13311353403146092
26.0,-26.0,0.9519671891471888,30.95196718914719,-25.04803281085281,-26.0,-1.5567569537305708,-0.7592810988109164,0.13289741840186614
26.01,-26.01,0.9739909823082918,30.97399098230829,-25.03600901769171,-26.01,-1.5566244104692557,-0.759552792589983,0.1328752041171685
26.02,-26.02,0.9960147754693871,30.996014775469387,-25.023985224530612,-26.02,-1.5564918197904487,-0.7598244632317498,0.1328529857437759
26.03,-26.03,1.01803856863049,31.01803856863049,-25.01196143136951,-26.03,-1.55635918169819,-0.7600961107279394,0.1328307633225283
26.04,-26.04,1.0400623617915854,31.040062361791584,-24.999937638208415,-26.04,-1.5562264961965195,-0.7603677350702772,0.132808536894265
26.05,-26.05,1.0620861549526883,31.062086154952688,-24.987913845047313,-26.05,-1.5560937632894796,-0.7606393362504894,0.13278630649982384
26.06,-26.06,1.0841099481137835,31.084109948113785,-24.975890051886214,-26.06,-1.5559609829811125,-0.7609109142603024,0.1327640721800471
26.07,-26.07,1.1061337412748866,31.10613374127489,-24.963866258725112,-26.07,-1.555828155275464,-0.7611824690914437,0.13274183397577063
26.08,-26.08,1.1281575344359818,31.12815753443598,-24.951842465564017,-26.08,-1.5556952801765798,-0.7614540007356403,0.1327195919278347
26.09,-26.09,1.150181327597085,31.150181327597085,-24.939818672402915,-26.09,-1.555562357688507,-0.761725509184623,0.13269734607707645
26.1,-26.1,1.1722051207581878,31.17220512075819,-24.927794879241812,-26.1,-1.5554293878152954,-0.7619969944301191,0.13267509646433512
26.11,-26.11,1.194228913919283,31.194228913919282,-24.915771086080717,-26.11,-1.5552963705609948,-0.7622684564638603,0.13265284313045006
26.12,-26.12,1.2162527070803861,31.216252707080386,-24.903747292919615,-26.12,-1.5551633059296583,-0.762539895277575,0.13263058611625944
26.13,-26.13,1.2382765002414813,31.238276500241483,-24.891723499758516,-26.13,-1.5550301939253386,-0.762811310862997,0.13260832546260076
26.14,-26.14,1.2603002934025844,31.260300293402583,-24.879699706597417,-26.14,-1.55489703455209,-0.7630827032118576,0.1325860612103119
26.15,-26.15,1.2823240865636796,31.28232408656368,-24.86767591343632,-26.15,-1.5547638278139697,-0.7633540723158899,0.13256379340022947
26.16,-26.16,1.3043478797247827,31.304347879724784,-24.855652120275217,-26.16,-1.5546305737150345,-0.7636254181668275,0.13254152207319286
26.17,-26.17,1.3263716728858856,31.326371672885884,-24.843628327114118,-26.17,-1.5544972722593438,-0.7638967407564055,0.1325192472700385
26.18,-26.18,1.3483954660469808,31.34839546604698,-24.83160453395302,-26.18,-1.5543639234509592,-0.7641680400763565,0.13249696903160565
26.19,-26.19,1.370419259208084,31.370419259208084,-24.819580740791917,-26.19,-1.5542305272939416,-0.7644393161184188,0.13247468739872822
26.2,-26.2,1.392443052369179,31.392443052369178,-24.80755694763082,-26.2,-1.554097083792355,-0.7647105688743278,0.13245240241224374
26.21,-26.21,1.4144668455302822,31.41446684553028,-24.79553315446972,-26.21,-1.5539635929502633,-0.7649817983358217,0.13243011411298936
26.22,-26.22,1.4364906386913774,31.436490638691378,-24.78350936130862,-26.22,-1.5538300547717347,-0.765253004494636,0.13240782254180178
26.23,-26.23,1.4585144318524803,31.458514431852482,-24.77148556814752,-26.23,-1.553696469260836,-0.7655241873425115,0.13238552773951648
26.24,-26.24,1.4805382250135755,31.480538225013575,-24.759461774986423,-26.24,-1.5535628364216354,-0.7657953468711873,0.13236322974696937
26.25,-26.25,1.5025620181746786,31.50256201817468,-24.74743798182532,-26.25,-1.5534291562582057,-0.7660664830724018,0.13234092860499594
26.26,-26.26,1.5245858113357817,31.524585811335783,-24.73541418866422,-26.26,-1.5532954287746177,-0.7663375959378974,0.13231862435443298
26.27,-26.27,1.546609604496877,31.546609604496876,-24.723390395503124,-26.27,-1.5531616539749449,-0.7666086854594156,0.13229631703611186
26.28,-26.28,1.56863339765798,31.56863339765798,-24.71136660234202,-26.28,-1.5530278318632633,-0.7668797516286966,0.132274006690872
26.29,-26.29,1.590657190819075,31.590657190819076,-24.699342809180923,-26.29,-1.5528939624436484,-0.767150794437485,0.13225169335954576
26.3,-26.3,1.6126809839801781,31.612680983980177,-24.687319016019824,-26.3,-1.552760045720178,-0.7674218138775247,0.13222937708296592
26.31,-26.31,1.6347047771412733,31.634704777141273,-24.675295222858725,-26.31,-1.5526260816969322,-0.7676928099405587,0.13220705790196752
26.32,-26.32,1.6567285703023764,31.656728570302377,-24.663271429697623,-26.32,-1.5524920703779919,-0.7679637826183315,0.13218473585738608
26.33,-26.33,1.6787523634634716,31.67875236346347,-24.651247636536528,-26.33,-1.5523580117674385,-0.7682347319025905,0.13216241099005255
26.34,-26.34,1.7007761566245745,31.700776156624574,-24.639223843375426,-26.34,-1.5522239058693554,-0.7685056577850822,0.13214008334079932
26.35,-26.35,1.7227999497856776,31.722799949785678,-24.627200050214324,-26.35,-1.5520897526878292,-0.7687765602575514,0.13211775295046263
26.36,-26.36,1.7448237429467728,31.74482374294677,-24.61517625705323,-26.36,-1.551955552226945,-0.7690474393117489,0.13209541985987172
26.37,-26.37,1.766847536107876,31.766847536107875,-24.603152463892126,-26.37,-1.5518213044907914,-0.769318294939421,0.13207308410985893
26.38,-26.38,1.788871329268971,31.78887132926897,-24.591128670731027,-26.38,-1.5516870094834583,-0.7695891271323172,0.1320507457412579
26.39,-26.39,1.810895122430074,31.810895122430075,-24.579104877569925,-26.39,-1.5515526672090354,-0.7698599358821887,0.1320284047948996
26.4,-26.4,1.8329189155911694,31.83291891559117,-24.56708108440883,-26.4,-1.5514182776716154,-0.7701307211807862,0.13200606131161044
26.41,-26.41,1.8549427087522723,31.854942708752272,-24.555057291247728,-26.41,-1.5512838408752927,-0.7704014830198597,0.13198371533222586
26.42,-26.42,1.8769665019133754,31.876966501913376,-24.543033498086626,-26.42,-1.5511493568241619,-0.7706722213911621,0.13196136689757518
26.43,-26.43,1.8989902950744706,31.89899029507447,-24.53100970492553,-26.43,-1.55101482552232,-0.7709429362864462,0.13193901604848657
26.44,-26.44,1.9210140882355735,31.921014088235573,-24.518985911764428,-26.44,-1.5508802469738645,-0.7712136276974656,0.1319166628257914
26.45,-26.45,1.9430378813966689,31.94303788139667,-24.50696211860333,-26.45,-1.5507456211828954,-0.7714842956159738,0.13189430727031826
26.46,-26.46,1.9650616745577718,31.965061674557774,-24.494938325442227,-26.46,-1.550610948153513,-0.7717549400337278,0.13187194942289296
26.47,-26.47,1.9870854677188672,31.987085467718867,-24.482914532281132,-26.47,-1.5504762278898205,-0.7720255609424814,0.13184958932434707
26.48,-26.48,2.00910926087997,32.00910926087997,-24.47089073912003,-26.48,-1.5503414603959214,-0.7722961583339917,0.13182722701550764
26.49,-26.49,2.0311330540410655,32.031133054041064,-24.45886694595893,-26.49,-1.5502066456759205,-0.7725667322000156,0.13180486253720078
26.5,-26.5,2.0531568472021684,32.05315684720217,-24.446843152797832,-26.5,-1.550071783733925,-0.7728372825323112,0.13178249593025398
26.51,-26.51,2.0751806403632713,32.07518064036327,-24.43481935963673,-26.51,-1.549936874574043,-0.7731078093226369,0.1317601272354938
26.52,-26.52,2.0972044335243667,32.09720443352437,-24.42279556647563,-26.52,-1.549801918200384,-0.7733783125627521,0.13173775649374572
26.53,-26.53,2.1192282266854696,32.11922822668547,-24.410771773314533,-26.53,-1.549666914617059,-0.7736487922444168,0.13171538374583674
26.54,-26.54,2.141252019846565,32.14125201984656,-24.398747980153434,-26.54,-1.54953186382818,-0.7739192483593916,0.1316930090325903
26.55,-26.55,2.163275813007668,32.163275813007665,-24.386724186992332,-26.55,-1.5493967658378613,-0.7741896808994387,0.1316706323948297
26.56,-26.56,2.185299606168763,32.18529960616876,-24.374700393831237,-26.56,-1.549261620650219,-0.7744600898563181,0.13164825387338233
26.57,-26.57,2.207323399329866,32.207323399329866,-24.362676600670135,-26.57,-1.5491264282693686,-0.774730475221795,0.13162587350907026
26.58,-26.58,2.2293471924909616,32.22934719249096,-24.350652807509036,-26.58,-1.548991188699429,-0.775000836987632,0.13160349134271554
26.59,-26.59,2.2513709856520645,32.251370985652066,-24.338629014347937,-26.59,-1.5488559019445192,-0.7752711751455935,0.1315811074151425
26.6,-26.6,2.2733947788131674,32.27339477881317,-24.326605221186835,-26.6,-1.5487205680087608,-0.7755414896874446,0.13155872176717032
26.61,-26.61,2.2954185719742624,32.29541857197426,-24.314581428025736,-26.61,-1.5485851868962761,-0.7758117806049518,0.13153633443962312
26.62,-26.62,2.3174423651353657,32.31744236513536,-24.302557634864634,-26.62,-1.5484497586111894,-0.7760820478898793,0.13151394547332237
26.63,-26.63,2.339466158296461,32.33946615829646,-24.29053384170354,-26.63,-1.5483142831576258,-0.7763522915339964,0.13149155490908596
26.64,-26.64,2.361489951457564,32.361489951457564,-24.278510048542437,-26.64,-1.548178760539712,-0.7766225115290704,0.1314691627877343
26.65,-26.65,2.383513744618659,32.38351374461866,-24.266486255381338,-26.65,-1.548043190761576,-0.7768927078668706,0.1314467691500876
26.66,-26.66,2.405537537779762,32.405537537779765,-24.25446246222024,-26.66,-1.5479075738273484,-0.7771628805391644,0.13142437403696602
26.67,-26.67,2.4275613309408652,32.42756133094087,-24.242438669059137,-26.67,-1.5477719097411593,-0.7774330295377243,0.13140197748918284
26.68,-26.68,2.4495851241019606,32.44958512410196,-24.230414875898038,-26.68,-1.547636198507142,-0.7777031548543193,0.13137957954756135
26.69,-26.69,2.4716089172630635,32.47160891726306,-24.218391082736936,-26.69,-1.547500440129431,-0.7779732564807208,0.13135718025291634
26.7,-26.7,2.4936327104241585,32.49363271042416,-24.20636728957584,-26.7,-1.5473646346121603,-0.7782433344087025,0.1313347796460633
26.71,-26.71,2.5156565035852614,32.51565650358526,-24.19434349641474,-26.71,-1.547228781959467,-0.7785133886300373,0.13131237776781682
26.72,-26.72,2.537680296746357,32.53768029674636,-24.18231970325364,-26.72,-1.5470928821754908,-0.7787834191364968,0.1312899746589973
26.73,-26.73,2.55970408990746,32.55970408990746,-24.17029591009254,-26.73,-1.5469569352643702,-0.7790534259198575,0.13126757036041412
26.74,-26.74,2.581727883068555,32.58172788306855,-24.158272116931442,-26.74,-1.5468209412302463,-0.7793234089718944,0.13124516491288327
26.75,-26.75,2.603751676229658,32.603751676229656,-24.146248323770344,-26.75,-1.5466849000772624,-0.7795933682843822,0.13122275835721817
26.76,-26.76,2.6257754693907613,32.62577546939076,-24.13422453060924,-26.76,-1.5465488118095627,-0.7798633038490972,0.13120035073423128
26.77,-26.77,2.6477992625518567,32.64779926255186,-24.122200737448143,-26.77,-1.5464126764312915,-0.780133215657819,0.13117794208473338
26.78,-26.78,2.6698230557129596,32.66982305571296,-24.11017694428704,-26.78,-1.546276493946597,-0.7804031037023235,0.13115553244953765
26.79,-26.79,2.6918468488740546,32.69184684887406,-24.098153151125945,-26.79,-1.5461402643596271,-0.7806729679743892,0.13113312186945553
26.8,-26.8,2.7138706420351575,32.71387064203516,-24.086129357964843,-26.8,-1.546003987674531,-0.7809428084657979,0.13111071038529415
26.81,-26.81,2.735894435196253,32.73589443519625,-24.074105564803745,-26.81,-1.5458676638954607,-0.7812126251683277,0.13108829803786487
26.82,-26.82,2.7579182283573562,32.757918228357354,-24.062081771642646,-26.82,-1.5457312930265692,-0.7814824180737594,0.13106588486797638
26.83,-26.83,2.779942021518451,32.77994202151845,-24.050057978481547,-26.83,-1.5455948750720094,-0.7817521871738761,0.13104347091643567
26.84,-26.84,2.801965814679554,32.801965814679555,-24.038034185320445,-26.84,-1.5454584100359374,-0.7820219324604601,0.1310210562240497
26.85,-26.85,2.823989607840657,32.82398960784066,-24.026010392159343,-26.85,-1.54532189792251,-0.7822916539252932,0.13099864083162693
26.86,-26.86,2.8460134010017524,32.846013401001755,-24.013986598998248,-26.86,-1.5451853387358863,-0.7825613515601598,0.1309762247799709
26.87,-26.87,2.8680371941628557,32.86803719416285,-24.001962805837145,-26.87,-1.5450487324802253,-0.7828310253568445,0.13095380810988916
26.88,-26.88,2.8900609873239507,32.89006098732395,-23.989939012676047,-26.88,-1.5449120791596889,-0.7831006753071326,0.13093139086218422
26.89,-26.89,2.9120847804850536,32.91208478048505,-23.977915219514948,-26.89,-1.5447753787784397,-0.7833703014028093,0.13090897307766192
26.9,-26.9,2.934108573646149,32.93410857364615,-23.96589142635385,-26.9,-1.5446386313406406,-0.7836399036356634,0.13088655479712125
26.91,-26.91,2.956132366807252,32.95613236680725,-23.953867633192747,-26.91,-1.5445018368504588,-0.7839094819974803,0.13086413606136796
26.92,-26.92,2.978156159968355,32.97815615996836,-23.94184384003165,-26.92,-1.5443649953120606,-0.7841790364800497,0.130841716911201
26.93,-26.93,3.00017995312945,33.00017995312945,-23.92982004687055,-26.93,-1.5442281067296149,-0.7844485670751583,0.13081929738742346
26.94,-26.94,3.022203746290553,33.02220374629055,-23.917796253709447,-26.94,-1.5440911711072907,-0.7847180737745978,0.13079687753083247
26.95,-26.95,3.0442275394516485,33.04422753945165,-23.905772460548352,-26.95,-1.54395418844926,-0.7849875565701578,0.13077445738223023
26.96,-26.96,3.0662513326127514,33.06625133261275,-23.89374866738725,-26.96,-1.5438171587596952,-0.7852570154536295,0.13075203698241125
26.97,-26.97,3.0882751257738468,33.08827512577385,-23.88172487422615,-26.97,-1.5436800820427707,-0.7855264504168046,0.13072961637217512
26.98,-26.98,3.1102989189349497,33.11029891893495,-23.869701081065053,-26.98,-1.5435429583026619,-0.7857958614514757,0.13070719559231966
26.99,-26.99,3.132322712096045,33.13232271209605,-23.857677287903954,-26.99,-1.5434057875435454,-0.7860652485494369,0.1306847746836367
27.0,-27.0,3.154346505257148,33.154346505257145,-23.84565349474285,-27.0,-1.543268569769601,-0.7863346117024799,0.1306623536869249
27.01,-27.01,3.2222845353596075,33.222284535359606,-23.787715464640392,-27.01,-1.5431313049850073,-0.7866039509024016,0.13121972340442073
27.02,-27.02,3.290222565462043,33.290222565462045,-23.729777434537958,-27.02,-1.5429939931939458,-0.7868732661409975,0.13177698049704747
27.03,-27.03,3.358160595564503,33.358160595564506,-23.6718394044355,-27.03,-1.5428566344006,-0.7871425574100618,0.13233412484891252
27.04,-27.04,3.4260986256669383,33.42609862566694,-23.61390137433306,-27.04,-1.5427192286091536,-0.7874118247013933,0.1328911563442094
27.05,-27.05,3.494036655769398,33.4940366557694,-23.5559633442306,-27.05,-1.5425817758237919,-0.7876810680067895,0.13344807486721091
27.06,-27.06,3.5619746858718333,33.56197468587183,-23.498025314128164,-27.06,-1.5424442760487027,-0.7879502873180472,0.1340048803022772
27.07,-27.07,3.629912715974293,33.62991271597429,-23.440087284025708,-27.07,-1.5423067292880739,-0.7882194826269672,0.13456157253384965
27.08,-27.08,3.6978507460767287,33.69785074607673,-23.38214925392327,-27.08,-1.5421691355460956,-0.7884886539253487,0.1351181514464516
27.09,-27.09,3.765788776179188,33.765788776179186,-23.32421122382081,-27.09,-1.5420314948269587,-0.788757801204993,0.13567461692468813
27.1,-27.1,3.833726806281648,33.833726806281646,-23.266273193718355,-27.1,-1.541893807134857,-0.7890269244576994,0.13623096885324992
27.11,-27.11,3.901664836384083,33.901664836384086,-23.208335163615917,-27.11,-1.5417560724739834,-0.7892960236752727,0.13678720711689765
27.12,-27.12,3.969602866486543,33.96960286648654,-23.150397133513458,-27.12,-1.5416182908485347,-0.7895650988495135,0.13734333160048456
27.13,-27.13,4.037540896588979,34.03754089658898,-23.09245910341102,-27.13,-1.541480462262708,-0.7898341499722255,0.1378993421889352
27.14,-27.14,4.105478926691438,34.10547892669144,-23.03452107330856,-27.14,-1.5413425867207007,-0.790103177035214,0.13845523876725593
27.15,-27.15,4.173416956793874,34.17341695679387,-22.976583043206126,-27.15,-1.5412046642267132,-0.7903721800302842,0.13901102122053216
27.16,-27.16,4.241354986896333,34.24135498689633,-22.918645013103667,-27.16,-1.5410666947849474,-0.7906411589492397,0.13956668943392925
27.17,-27.17,4.309293016998793,34.309293016998794,-22.860706983001208,-27.17,-1.5409286783996052,-0.7909101137838895,0.14012224329268347
27.18,-27.18,4.377231047101229,34.377231047101226,-22.80276895289877,-27.18,-1.5407906150748918,-0.791179044526039,0.14067768268211633
27.19,-27.19,4.445169077203688,34.44516907720369,-22.744830922796314,-27.19,-1.5406525048150121,-0.7914479511674967,0.14123300748762097
27.2,-27.2,4.513107107306124,34.513107107306126,-22.686892892693876,-27.2,-1.540514347624174,-0.7917168337000704,0.14178821759466753
27.21,-27.21,4.581045137408584,34.58104513740858,-22.628954862591417,-27.21,-1.5403761435065848,-0.7919856921155717,0.142343312888801
27.22,-27.22,4.648983167511019,34.64898316751102,-22.57101683248898,-27.22,-1.5402378924664553,-0.7922545264058084,0.142898293255644
27.23,-27.23,4.716921197613479,34.71692119761348,-22.513078802386524,-27.23,-1.540099594507997,-0.7925233365625917,0.14345315858089216
27.24,-27.24,4.784859227715914,34.78485922771591,-22.455140772284086,-27.24,-1.5399612496354216,-0.7927921225777349,0.14400790875031108
27.25,-27.25,4.852797257818374,34.852797257818374,-22.397202742181626,-27.25,-1.5398228578529445,-0.7930608844430486,0.14456254364974708
27.26,-27.26,4.9207352879208335,34.920735287920834,-22.339264712079167,-27.26,-1.5396844191647812,-0.7933296221503454,0.14511706316511475
27.27,-27.27,4.9886733180232685,34.98867331802327,-22.28132668197673,-27.27,-1.5395459335751478,-0.7935983356914416,0.14567146718239943
27.28,-27.28,5.056611348125728,35.05661134812573,-22.223388651874274,-27.28,-1.539407401088264,-0.7938670250581492,0.1462257555876655
27.29,-27.29,5.1245493782281635,35.12454937822817,-22.165450621771836,-27.29,-1.5392688217083494,-0.7941356902422845,0.14677992826704125
27.3,-27.3,5.192487408330623,35.19248740833062,-22.107512591669376,-27.3,-1.539130195439625,-0.7944043312356635,0.14733398510672793
27.31,-27.31,5.260425438433058,35.26042543843306,-22.049574561566942,-27.31,-1.5389915222863138,-0.7946729480301026,0.14788792599299985
27.32,-27.32,5.328363468535519,35.32836346853552,-21.99163653146448,-27.32,-1.53885280225264,-0.7949415406174195,0.14844175081219693
27.33,-27.33,5.396301498637954,35.39630149863795,-21.933698501362045,-27.33,-1.53871403534283,-0.7952101089894317,0.14899545945073364
27.34,-27.34,5.464239528740414,35.464239528740414,-21.875760471259586,-27.34,-1.5385752215611093,-0.7954786531379602,0.1495490517950857
27.35,-27.35,5.532177558842873,35.532177558842875,-21.817822441157126,-27.35,-1.5384363609117075,-0.7957471730548226,0.15010252773180432
27.36,-27.36,5.600115588945309,35.60011558894531,-21.759884411054692,-27.36,-1.5382974533988543,-0.7960156687318406,0.15065588714750364
27.37,-27.37,5.668053619047768,35.66805361904777,-21.701946380952233,-27.37,-1.5381584990267816,-0.7962841401608334,0.15120912992886892
27.38,-27.38,5.735991649150204,35.73599164915021,-21.644008350849795,-27.38,-1.5380194977997215,-0.796552587333625,0.15176225596264858
27.39,-27.39,5.803929679252663,35.80392967925266,-21.58607032074734,-27.39,-1.5378804497219083,-0.7968210102420372,0.15231526513565802
27.4,-27.4,5.871867709355099,35.8718677093551,-21.528132290644898,-27.4,-1.5377413547975778,-0.7970894088778936,0.1528681573347782
27.41,-27.41,5.939805739457559,35.93980573945756,-21.470194260542442,-27.41,-1.537602213030967,-0.797357783233018,0.1534209324469588
27.42,-27.42,6.007743769560019,36.00774376956002,-21.412256230439983,-27.42,-1.537463024426314,-0.7976261332992362,0.15397359035920657
27.43,-27.43,6.075681799662454,36.075681799662455,-21.354318200337545,-27.43,-1.5373237889878602,-0.7978944590683714,0.15452613095860082
27.44,-27.44,6.143619829764914,36.143619829764916,-21.29638017023509,-27.44,-1.5371845067198453,-0.7981627605322524,0.1550785541322784
27.45,-27.45,6.21155785986735,36.21155785986735,-21.238442140132648,-27.45,-1.5370451776265126,-0.7984310376827054,0.15563085976743957
27.46,-27.46,6.279495889969809,36.27949588996981,-21.180504110030192,-27.46,-1.5369058017121062,-0.7986992905115587,0.15618304775135108
27.47,-27.47,6.347433920072245,36.34743392007225,-21.122566079927754,-27.47,-1.5367663789808728,-0.7989675190106392,0.15673511797133854
27.48,-27.48,6.415371950174704,36.4153719501747,-21.064628049825295,-27.48,-1.5366269094370582,-0.7992357231717779,0.1572870703147893
27.49,-27.49,6.48330998027714,36.48330998027714,-21.00669001972286,-27.49,-1.5364873930849108,-0.7995039029868051,0.1578389046691508
27.5,-27.5,6.551248010379599,36.551248010379595,-20.9487519896204,-27.5,-1.5363478299286817,-0.7997720584475493,0.15839062092193468
27.51,-27.51,6.619186040482059,36.619186040482056,-20.890813959517942,-27.51,-1.5362082199726212,-0.8000401895458441,0.1589422189607074
27.52,-27.52,6.687124070584494,36.687124070584495,-20.832875929415508,-27.52,-1.536068563220982,-0.800308296273522,0.15949369867309673
27.53,-27.53,6.7550621006869545,36.755062100686956,-20.774937899313045,-27.53,-1.5359288596780192,-0.8005763786224144,0.16004505994679327
27.54,-27.54,6.8230001307893895,36.82300013078939,-20.71699986921061,-27.54,-1.5357891093479883,-0.800844436584355,0.16059630266954103
27.55,-27.55,6.890938160891849,36.89093816089185,-20.65906183910815,-27.55,-1.535649312235145,-0.8011124701511804,0.16114742672913976
27.56,-27.56,6.9588761909942844,36.95887619099428,-20.601123809005713,-27.56,-1.5355094683437491,-0.8013804793147239,0.16169843201345488
27.57,-27.57,7.026814221096744,37.02681422109674,-20.543185778903258,-27.57,-1.5353695776780605,-0.8016484640668213,0.16224931841040255
27.58,-27.58,7.09475225119918,37.09475225119918,-20.485247748800816,-27.58,-1.5352296402423398,-0.801916424399311,0.1628000858079541
27.59,-27.59,7.162690281301639,37.162690281301636,-20.42730971869836,-27.59,-1.5350896560408496,-0.8021843603040301,0.16335073409413908
27.6,-27.6,7.230628311404098,37.2306283114041,-20.369371688595905,-27.6,-1.5349496250778552,-0.8024522717728149,0.16390126315704545
27.61,-27.61,7.298566341506534,37.298566341506536,-20.311433658493463,-27.61,-1.5348095473576209,-0.802720158797507,0.163496121932962
27.62,-27.62,7.366504371608993,37.366504371609,-20.253495628391008,-27.62,-1.5346694228844144,-0.8029880213699443,0.16253335309994807
27.63,-27.63,7.434442401711429,37.43444240171143,-20.19555759828857,-27.63,-1.5345292516625042,-0.8032558594819675,0.16157785852522616
27.64,-27.64,7.50238043181389,37.50238043181389,-20.13761956818611,-27.64,-1.5343890336961603,-0.8035236731254175,0.1606297745604297
27.65,-27.65,7.570318461916324,37.57031846191632,-20.079681538083676,-27.65,-1.5342487689896531,-0.8037914622921382,0.15968923975605165
27.66,-27.66,7.638256492018785,37.63825649201878,-20.021743507981213,-27.66,-1.534108457547256,-0.80405922697397,0.1587563948617994
27.67,-27.67,7.706194522121244,37.706194522121244,-19.963805477878758,-27.67,-1.5339680993732434,-0.8043269671627572,0.15783138282415307
27.68,-27.68,7.77413255222368,37.774132552223676,-19.90586744777632,-27.68,-1.5338276944718903,-0.8045946828503439,0.1569143487809304
27.69,-27.69,7.842070582326139,37.84207058232614,-19.84792941767386,-27.69,-1.5336872428474737,-0.8048623740285751,0.15600544005268702
27.7,-27.7,7.910008612428575,37.91000861242858,-19.789991387571426,-27.7,-1.5335467445042725,-0.8051300406892957,0.15510480613073868
27.71,-27.71,7.977946642531034,37.97794664253104,-19.732053357468967,-27.71,-1.5334061994465655,-0.8053976828243541,0.15421259866162584
27.72,-27.72,8.04588467263347,38.04588467263347,-19.67411532736653,-27.72,-1.5332656076786353,-0.8056653004255955,0.1533289714277931
27.73,-27.73,8.113822702735929,38.11382270273593,-19.616177297264073,-27.73,-1.5331249692047637,-0.8059328934848685,0.1524540803242834
27.74,-27.74,8.181760732838365,38.18176073283836,-19.558239267161632,-27.74,-1.532984284029235,-0.8062004619940217,0.15158808333126736
27.75,-27.75,8.249698762940826,38.249698762940824,-19.500301237059176,-27.75,-1.5328435521563344,-0.8064680059449045,0.15073114048211556
27.76,-27.76,8.317636793043285,38.317636793043285,-19.442363206956717,-27.76,-1.5327027735903493,-0.806735525329367,0.14988341382689
27.77,-27.77,8.38557482314572,38.38557482314572,-19.38442517685428,-27.77,-1.532561948335568,-0.8070030201392602,0.14904506739096357
27.78,-27.78,8.45351285324818,38.45351285324818,-19.326487146751823,-27.78,-1.5324210763962802,-0.8072704903664357,0.14821626712858962
27.79,-27.79,8.521450883350616,38.52145088335062,-19.268549116649382,-27.79,-1.532280157776777,-0.8075379360027458,0.14739718087118714
27.8,-27.8,8.589388913453075,38.58938891345308,-19.210611086546926,-27.8,-1.532139192481351,-0.8078053570400445,0.14658797827012054
27.81,-27.81,8.65732694355551,38.65732694355551,-19.15267305644449,-27.81,-1.5319981805142966,-0.8080727534701835,0.14578883073377974
27.82,-27.82,8.72526497365797,38.72526497365797,-19.09473502634203,-27.82,-1.531857121879909,-0.8083401252850195,0.14499991135873092
27.83,-27.83,8.793203003760405,38.793203003760404,-19.036796996239595,-27.83,-1.531716016582485,-0.8086074724764073,0.14422139485474816
27.84,-27.84,8.861141033862864,38.861141033862864,-18.978858966137135,-27.84,-1.5315748646263232,-0.808874795036203,0.1434534574635067
27.85,-27.85,8.929079063965325,38.929079063965325,-18.920920936034676,-27.85,-1.531433666015723,-0.8091420929562634,0.14269627687079114
27.86,-27.86,8.99701709406776,38.99701709406776,-18.862982905932242,-27.86,-1.5312924207549854,-0.8094093662284468,0.1419500321119893
27.87,-27.87,9.06495512417022,39.06495512417022,-18.80504487582978,-27.87,-1.531151128848414,-0.8096766148446097,0.14121490347074456
27.88,-27.88,9.132893154272656,39.13289315427266,-18.747106845727345,-27.88,-1.531009790300312,-0.8099438387966134,0.14049107237058933
27.89,-27.89,9.200831184375115,39.20083118437512,-18.689168815624885,-27.89,-1.5308684051149848,-0.8102110380763166,0.13977872125945365
27.9,-27.9,9.268769214477551,39.26876921447755,-18.631230785522447,-27.9,-1.530726973296739,-0.8104782126755812,0.13907803348689268
27.91,-27.91,9.33670724458001,39.33670724458001,-18.573292755419992,-27.91,-1.5305854948498838,-0.8107453625862662,0.1383891931739591
27.92,-27.92,9.40464527468247,39.404645274682466,-18.515354725317533,-27.92,-1.5304439697787275,-0.8110124878002366,0.13771238507565084
27.93,-27.93,9.472583304784905,39.472583304784905,-18.457416695215095,-27.93,-1.5303023980875825,-0.8112795883093532,0.13704779443585108
27.94,-27.94,9.540521334887364,39.540521334887366,-18.39947866511264,-27.94,-1.5301607797807613,-0.8115466641054797,0.13639560683478097
27.95,-27.95,9.6084593649898,39.6084593649898,-18.341540635010197,-27.95,-1.5300191148625768,-0.811813715180482,0.13575600802892437
27.96,-27.96,9.67639739509226,39.67639739509226,-18.283602604907742,-27.96,-1.5298774033373448,-0.812080741526225,0.13512918378349753
27.97,-27.97,9.744335425194695,39.74433542519469,-18.225664574805304,-27.97,-1.5297356452093822,-0.8123477431345734,0.13451531969750477
27.98,-27.98,9.812273455297156,39.81227345529716,-18.167726544702845,-27.98,-1.5295938404830078,-0.8126147199973937,0.13391460102149966
27.99,-27.99,9.88021148539959,39.88021148539959,-18.10978851460041,-27.99,-1.5294519891625398,-0.8128816721065556,0.1333272124681946
28.0,-28.0,9.94814951550205,39.94814951550205,-18.051850484497947,-28.0,-1.5293100912523006,-0.8131485994539251,0.13275333801609082
28.01,-28.01,10.12634335114999,40.12634335114999,-17.883656648850014,-28.01,-1.5291681467566123,-0.8134155020313711,0.13117473477685646
28.02,-28.02,10.304537186797864,40.304537186797866,-17.715462813202137,-28.02,-1.529026155679798,-0.8136823798307656,0.1296703479671794
28.03,-28.03,10.482731022445803,40.482731022445805,-17.547268977554197,-28.03,-1.5288841180261836,-0.8139492328439766,0.12824285295442503
28.04,-28.04,10.66092485809368,40.66092485809368,-17.37907514190632,-28.04,-1.5287420338000965,-0.8142160610628756,0.12689490790249924
28.05,-28.05,10.839118693741618,40.83911869374162,-17.210881306258383,-28.05,-1.5285999030058635,-0.8144828644793363,0.1256291362447698
28.06,-28.06,11.017312529389493,41.01731252938949,-17.042687470610506,-28.06,-1.5284577256478147,-0.8147496430852295,0.12444810775986434
28.07,-28.07,11.195506365037431,41.19550636503743,-16.87449363496257,-28.07,-1.5283155017302816,-0.8150163968724294,0.12335431843709432
28.08,-28.08,11.373700200685306,41.373700200685306,-16.706299799314692,-28.08,-1.5281732312575964,-0.8152831258328096,0.12235016937921668
28.09,-28.09,11.551894036333245,41.551894036333245,-16.538105963666755,-28.09,-1.5280309142340918,-0.815549829958247,0.12143794505117109
28.1,-28.1,11.730087871981183,41.73008787198118,-16.369912128018818,-28.1,-1.5278885506641042,-0.8158165092406152,0.12061979124162886
28.11,-28.11,11.90828170762906,41.90828170762906,-16.20171829237094,-28.11,-1.5277461405519699,-0.8160831636717915,0.11989769315541848
28.12,-28.12,12.086475543276999,42.086475543277,-16.033524456723,-28.12,-1.527603683902027,-0.8163497932436531,0.11927345409596911
28.13,-28.13,12.264669378924873,42.26466937892487,-15.865330621075126,-28.13,-1.5274611807186151,-0.8166163979480779,0.11874867522383406
28.14,-28.14,12.442863214572812,42.44286321457281,-15.697136785427189,-28.14,-1.5273186310060753,-0.8168829777769442,0.1183247368868145
28.15,-28.15,12.621057050220688,42.621057050220685,-15.52894294977931,-28.15,-1.5271760347687489,-0.8171495327221333,0.11800278200690105
28.16,-28.16,12.799250885868627,42.79925088586863,-15.360749114131373,-28.16,-1.5270333920109804,-0.8174160627755237,0.1177837019775635
28.17,-28.17,12.977444721516566,42.97744472151656,-15.192555278483436,-28.17,-1.5268907027371148,-0.8176825679289976,0.11766812547188203
28.18,-28.18,13.15563855716444,43.15563855716444,-15.02436144283556,-28.18,-1.526747966951499,-0.8179490481744347,0.11765641048909292
28.19,-28.19,13.33383239281238,43.33383239281238,-14.856167607187622,-28.19,-1.5266051846584807,-0.8182155035037199,0.1177486398771793
28.2,-28.2,13.512026228460254,43.51202622846026,-14.687973771539745,-28.2,-1.526462355862409,-0.8184819339087354,0.11794462046656477
28.21,-28.21,13.690220064108193,43.69022006410819,-14.519779935891808,-28.21,-1.5263194805676352,-0.8187483393813656,0.11824388584004956
28.22,-28.22,13.868413899756069,43.86841389975607,-14.35158610024393,-28.22,-1.5261765587785112,-0.8190147199134952,0.11864570265295764
28.23,-28.23,14.046607735404006,44.04660773540401,-14.183392264595994,-28.23,-1.526033590499391,-0.8192810754970097,0.11914908031081427
28.24,-28.24,14.224801571051882,44.224801571051884,-14.015198428948116,-28.24,-1.5258905757346288,-0.8195474061237963,0.11975278371593616
28.25,-28.25,14.402995406699821,44.40299540669982,-13.847004593300179,-28.25,-1.5257475144885826,-0.8198137117857399,0.12045534871331766
28.26,-28.26,14.58118924234776,44.58118924234776,-13.678810757652242,-28.26,-1.525604406765609,-0.8200799924747306,0.12125509980419709
28.27,-28.27,14.759383077995636,44.759383077995636,-13.510616922004363,-28.27,-1.5254612525700673,-0.8203462481826568,0.12215016965439608
28.28,-28.28,14.937576913643575,44.937576913643575,-13.342423086356426,-28.28,-1.5253180519063192,-0.820612478901406,0.12313851990492193
28.29,-28.29,15.11577074929145,45.11577074929145,-13.17422925070855,-28.29,-1.5251748047787261,-0.8208786846228704,0.12421796279312662
28.3,-28.3,15.293964584939388,45.29396458493939,-13.006035415060612,-28.3,-1.5250315111916517,-0.8211448653389407,0.12538618311227448
28.31,-28.31,15.472158420587263,45.47215842058726,-12.837841579412736,-28.31,-1.5248881711494613,-0.8214110210415069,0.1266407600723663
28.32,-28.32,15.650352256235202,45.6503522562352,-12.669647743764799,-28.32,-1.5247447846565207,-0.8216771517224631,0.1279791886722448
28.33,-28.33,15.828546091883076,45.82854609188308,-12.501453908116922,-28.33,-1.5246013517171981,-0.821943257373702,0.12939890024827264
28.34,-28.34,16.006739927531015,46.006739927531015,-12.333260072468985,-28.34,-1.5244578723358624,-0.8222093379871183,0.1308972819248924
28.35,-28.35,16.184933763178954,46.184933763178954,-12.165066236821048,-28.35,-1.524314346516885,-0.8224753935546045,0.13247169475342516
28.36,-28.36,16.36312759882683,46.36312759882683,-11.99687240117317,-28.36,-1.5241707742646367,-0.822741424068059,0.13411949038503396
28.37,-28.37,16.541321434474767,46.54132143447477,-11.828678565525234,-28.37,-1.524027155583492,-0.8230074295193758,0.13583802617918614
28.38,-28.38,16.719515270122642,46.71951527012264,-11.660484729877357,-28.38,-1.5238834904778258,-0.8232734099004522,0.13762467869908385
28.39,-28.39,16.89770910577058,46.89770910577058,-11.49229089422942,-28.39,-1.5237397789520137,-0.8235393652031869,0.1394768555888113
28.4,-28.4,17.07590294141846,47.07590294141846,-11.32409705858154,-28.4,-1.5235960210104333,-0.8238052954194788,0.1413920058632231
28.41,-28.41,17.254096777066398,47.254096777066394,-11.155903222933603,-28.41,-1.5234522166574649,-0.8240712005412252,0.14336762867083236
28.42,-28.42,17.432290612714336,47.43229061271434,-10.987709387285665,-28.42,-1.5233083658974875,-0.8243370805603285,0.14540128061216392
28.43,-28.43,17.61048444836221,47.610484448362214,-10.819515551637789,-28.43,-1.5231644687348844,-0.8246029354686879,0.14749058171204607
28.44,-28.44,17.78867828401015,47.788678284010146,-10.651321715989852,-28.44,-1.5230205251740383,-0.8248687652582054,0.14963322015478164
28.45,-28.45,17.966872119658024,47.96687211965802,-10.483127880341975,-28.45,-1.5228765352193343,-0.8251345699207829,0.15182695589670073
28.46,-28.46,18.145065955305963,48.14506595530597,-10.314934044694038,-28.46,-1.5227324988751576,-0.8254003494483254,0.1540696232723467
28.47,-28.47,18.32325979095384,48.32325979095384,-10.146740209046158,-28.47,-1.5225884161458971,-0.8256661038327349,0.15635913270886445
28.48,-28.48,18.50145362660178,48.50145362660178,-9.97854637339822,-28.48,-1.5224442870359414,-0.8259318330659158,0.15869347165940362
28.49,-28.49,18.679647462249655,48.679647462249655,-9.810352537750344,-28.49,-1.5223001115496801,-0.8261975371397758,0.16107070486030645
28.5,-28.5,18.857841297897593,48.85784129789759,-9.642158702102407,-28.5,-1.5221558896915062,-0.826463216046219,0.16348897401008985
28.51,-28.51,19.036035133545532,49.03603513354553,-9.47396486645447,-28.51,-1.5220116214658121,-0.8267288697771531,0.16594649696024086
28.52,-28.52,19.214228969193407,49.21422896919341,-9.305771030806593,-28.52,-1.5218673068769932,-0.8269944983244857,0.16844156649985031
28.53,-28.53,19.392422804841345,49.392422804841345,-9.137577195158656,-28.53,-1.521722945929445,-0.8272601016801252,0.1709725488077547
28.54,-28.54,19.57061664048922,49.57061664048922,-8.969383359510779,-28.54,-1.5215785386275653,-0.8275256798359811,0.1735378816378789
28.55,-28.55,19.74881047613716,49.74881047613716,-8.801189523862842,-28.55,-1.5214340849757526,-0.8277912327839634,0.1761360722957029
28.56,-28.56,19.927004311785034,49.92700431178503,-8.632995688214965,-28.56,-1.5212895849784078,-0.8280567605159826,0.1787656954564435
28.57,-28.57,20.105198147432972,50.10519814743297,-8.464801852567028,-28.57,-1.5211450386399323,-0.8283222630239507,0.18142539086889406
28.58,-28.58,20.283391983080847,50.28339198308085,-8.296608016919151,-28.58,-1.5210004459647293,-0.8285877402997791,0.18411386098251242
28.59,-28.59,20.461585818728786,50.461585818728786,-8.128414181271214,-28.59,-1.5208558069572027,-0.8288531923353829,0.1868298685298747
28.6,-28.6,20.639779654376724,50.639779654376724,-7.960220345623277,-28.6,-1.5207111216217595,-0.829118619122674,0.18957223409147098
28.61,-28.61,20.8179734900246,50.8179734900246,-7.7920265099754005,-28.61,-1.5205663899628061,-0.8293840206535685,0.19233983366541038
28.62,-28.62,20.996167325672538,50.99616732567254,-7.623832674327463,-28.62,-1.5204216119847527,-0.8296493969199795,0.19513159626055127
28.63,-28.63,21.174361161320412,51.17436116132041,-7.455638838679587,-28.63,-1.520276787692008,-0.8299147479138256,0.19794650152823484
28.64,-28.64,21.35255499696835,51.35255499696835,-7.2874450030316495,-28.64,-1.5201319170889844,-0.8301800736270227,0.2007835774446502
28.65,-28.65,21.53074883261623,51.530748832616226,-7.119251167383769,-28.65,-1.5199870001800944,-0.8304453740514887,0.20364189805335356
28.66,-28.66,21.708942668264168,51.70894266826417,-6.951057331735832,-28.66,-1.519842036969753,-0.8307106491791421,0.20652058127520748
28.67,-28.67,21.887136503912107,51.8871365039121,-6.782863496087895,-28.67,-1.5196970274623753,-0.8309758990019027,0.20941878679103632
28.68,-28.68,22.06533033955998,52.06533033955998,-6.614669660440018,-28.68,-1.5195519716623793,-0.8312411235116892,0.21233571400081977
28.69,-28.69,22.24352417520792,52.243524175207924,-6.446475824792081,-28.69,-1.5194068695741836,-0.8315063227004227,0.21527060006176263
28.7,-28.7,22.421718010855795,52.4217180108558,-6.2782819891442045,-28.7,-1.5192617212022077,-0.8317714965600256,0.21822271800649004
28.71,-28.71,22.599911846503733,52.59991184650373,-6.110088153496267,-28.71,-1.519116526550873,-0.8320366450824207,0.22119137494177604
28.72,-28.72,22.77810568215161,52.77810568215161,-5.941894317848387,-28.72,-1.5189712856246036,-0.832301768259529,0.22417591032728632
28.73,-28.73,22.95629951779955,52.95629951779955,-5.77370048220045,-28.73,-1.5188259984278225,-0.8325668660832761,0.22717569433338838
28.74,-28.74,23.134493353447425,53.134493353447425,-5.605506646552573,-28.74,-1.5186806649649554,-0.832831938545587,0.23019012627640134
28.75,-28.75,23.312687189095364,53.312687189095364,-5.437312810904636,-28.75,-1.5185352852404306,-0.833096985638385,0.23321863312947835
28.76,-28.76,23.490881024743302,53.4908810247433,-5.269118975256699,-28.76,-1.5183898592586758,-0.8333620073535983,0.2362606681068252
28.77,-28.77,23.669074860391177,53.66907486039118,-5.100925139608822,-28.77,-1.5182443870241202,-0.833627003683154,0.23931570931890028
28.78,-28.78,23.847268696039116,53.847268696039116,-4.932731303960885,-28.78,-1.5180988685411965,-0.8338919746189782,0.24238325849598508
28.79,-28.79,24.02546253168699,54.02546253168699,-4.764537468313009,-28.79,-1.5179533038143371,-0.8341569201529997,0.24546283977746527
28.8,-28.8,24.20365636733493,54.20365636733493,-4.5963436326650715,-28.8,-1.5178076928479756,-0.8344218402771498,0.24855399856411162
28.81,-28.81,24.381850202982804,54.381850202982804,-4.428149797017195,-28.81,-1.517662035646548,-0.8346867349833564,0.2516563004305535
28.82,-28.82,24.560044038630743,54.56004403863074,-4.259955961369258,-28.82,-1.5175163322144913,-0.8349516042635505,0.2547693300952978
28.83,-28.83,24.738237874278617,54.73823787427862,-4.091762125721381,-28.83,-1.5173705825562438,-0.835216448109665,0.25789269044548085
28.84,-28.84,24.916431709926556,54.916431709926556,-3.923568290073444,-28.84,-1.5172247866762447,-0.8354812665136324,0.26102600161378126
28.85,-28.85,25.094625545574495,55.094625545574495,-3.7553744544255068,-28.85,-1.5170789445789366,-0.8357460594673836,0.26416890010484495
28.86,-28.86,25.27281938122237,55.27281938122237,-3.58718061877763,-28.86,-1.5169330562687604,-0.8360108269628554,0.26732103796874074
28.87,-28.87,25.451013216870308,55.45101321687031,-3.418986783129693,-28.87,-1.5167871217501614,-0.8362755689919805,0.2704820820189923
28.88,-28.88,25.629207052518183,55.62920705251818,-3.2507929474818162,-28.88,-1.5166411410275844,-0.8365402855466951,0.2736517130928421
28.89,-28.89,25.80740088816612,55.80740088816612,-3.082599111833879,-28.89,-1.516495114105477,-0.8368049766189347,0.27682962535153166
28.9,-28.9,25.985594723813996,55.985594723813996,-2.9144052761860024,-28.9,-1.516349040988286,-0.8370696422006385,0.28001552561839316
28.91,-28.91,26.163788559461935,56.163788559461935,-2.7462114405380653,-28.91,-1.5162029216804624,-0.8373342822837422,0.2832091327527267
28.92,-28.92,26.341982395109873,56.34198239510987,-2.578017604890128,-28.92,-1.5160567561864562,-0.8375988968601857,0.28641017705750954
28.93,-28.93,26.520176230757748,56.52017623075775,-2.4098237692422515,-28.93,-1.515910544510721,-0.8378634859219066,0.289618399719033
28.94,-28.94,26.698370066405687,56.69837006640569,-2.2416299335943144,-28.94,-1.51576428665771,-0.8381280494608468,0.2928335522767372
28.95,-28.95,26.87656390205357,56.87656390205357,-2.0734360979464306,-28.95,-1.515617982631878,-0.8383925874689467,0.2960553961215143
28.96,-28.96,27.054757737701507,57.05475773770151,-1.9052422622984935,-28.96,-1.5154716324376827,-0.8386570999381481,0.29928370202094456
28.97,-28.97,27.232951573349382,57.23295157334938,-1.7370484266506168,-28.97,-1.5153252360795815,-0.8389215868603932,0.30251824966987617
28.98,-28.98,27.41114540899732,57.41114540899732,-1.5688545910026797,-28.98,-1.515178793562034,-0.8391860482276255,0.3057588272650031
28.99,-28.99,27.589339244645195,57.589339244645195,-1.400660755354803,-28.99,-1.5150323048895014,-0.839450484031789,0.3090052311020245
29.0,-29.0,27.76753308029313,57.767533080293134,-1.2324669197068694,-29.0,-1.5148857700664455,-0.8397148942648286,0.3122572651941519
29.01,-29.01,28.08985774949025,58.08985774949025,-0.9201422505097518,-29.01,-1.5147391890973303,-0.8399792789186897,0.3179158351793227
29.02,-29.02,28.412182418687255,58.41218241868725,-0.6078175813127444,-29.02,-1.5145925619866205,-0.8402436379853195,0.32359174370313987
29.03,-29.03,28.734507087884374,58.734507087884374,-0.2954929121156269,-29.03,-1.5144458887387837,-0.8405079714566632,0.32928397143186516
29.04,-29.04,29.056831757081376,59.056831757081376,0.016831757081376963,-29.04,-1.514299169358287,-0.8407722793246706,0.3349915620327699
29.05,-29.05,29.379156426278495,59.3791564262785,0.3291564262784945,-29.05,-1.5141524038495993,-0.8410365615812906,0.3407136173600065
29.06,-29.06,29.7014810954755,59.7014810954755,0.6414810954755019,-29.06,-1.5140055922171924,-0.8413008182184705,0.3464492930521011
29.07,-29.07,30.02380576467262,60.023805764672616,0.9538057646726195,-29.07,-1.5138587344655376,-0.8415650492281627,0.3521977945033915
29.08,-29.08,30.346130433869625,60.346130433869625,1.2661304338696269,-29.08,-1.513711830599109,-0.8418292546023176,0.35795837317510043
29.09,-29.09,30.668455103066744,60.66845510306675,1.5784551030667444,-29.09,-1.5135648806223814,-0.842093434332887,0.3637303232151361
29.1,-29.1,30.990779772263863,60.99077977226386,1.890779772263862,-29.1,-1.5134178845398307,-0.8423575884118235,0.3695129783585043
29.11,-29.11,31.31310444146087,61.313104441460865,2.2031044414608694,-29.11,-1.513270842355935,-0.8426217168310812,0.3753057090829623
29.12,-29.12,31.635429110657988,61.63542911065799,2.515429110657987,-29.12,-1.5131237540751734,-0.8428858195826132,0.3811079199969528
29.13,-29.13,31.95775377985499,61.95775377985499,2.8277537798549908,-29.13,-1.5129766197020273,-0.8431498966583739,0.3869190474389577
29.14,-29.14,32.28007844905211,62.28007844905211,3.140078449052112,-29.14,-1.5128294392409773,-0.843413948050321,0.3927385572695506
29.15,-29.15,32.602403118249114,62.602403118249114,3.4524031182491157,-29.15,-1.5126822126965072,-0.8436779737504108,0.39856594283900243
29.16,-29.16,32.92472778744623,62.92472778744623,3.7647277874462297,-29.16,-1.5125349400731025,-0.8439419737505984,0.4044007231151071
29.17,-29.17,33.24705245664335,63.24705245664335,4.077052456643351,-29.17,-1.5123876213752483,-0.8442059480428448,0.41024244095719403
29.18,-29.18,33.569377125840354,63.569377125840354,4.389377125840355,-29.18,-1.5122402566074329,-0.8444698966191069,0.41609066152368446
29.19,-29.19,33.89170179503748,63.89170179503748,4.701701795037476,-29.19,-1.5120928457741456,-0.8447338194713442,0.4219449708017379
29.2,-29.2,34.21402646423448,64.21402646423448,5.01402646423448,-29.2,-1.511945388879876,-0.8449977165915187,0.4278049742485209
29.21,-29.21,34.5363511334316,64.5363511334316,5.326351133431601,-29.21,-1.5117978859291157,-0.8452615879715913,0.433670295534712
29.22,-29.22,34.8586758026286,64.8586758026286,5.638675802628605,-29.22,-1.5116503369263588,-0.8455254336035231,0.4376627874375779
29.23,-29.23,35.181000471825726,65.18100047182573,5.951000471825726,-29.23,-1.5115027418760998,-0.8457892534792766,0.44071387241590804
29.24,-29.24,35.50332514102273,65.50332514102273,6.2633251410227295,-29.24,-1.5113551007828336,-0.8460530475908176,0.44375297572747696
29.25,-29.25,35.82564981021984,65.82564981021984,6.5756498102198435,-29.25,-1.511207413651059,-0.8463168159301083,0.4467800159387378
29.26,-29.26,36.147974479416966,66.14797447941697,6.887974479416965,-29.26,-1.5110596804852745,-0.846580558489114,0.44979491193905513
29.27,-29.27,36.47029914861397,66.47029914861398,7.2002991486139685,-29.27,-1.510911901289979,-0.8468442752598024,0.4527975829428362
29.28,-29.28,36.79262381781109,66.79262381781109,7.51262381781109,-29.28,-1.5107640760696759,-0.8471079662341384,0.4557879484916648
29.29,-29.29,37.11494848700809,67.11494848700809,7.824948487008093,-29.29,-1.5106162048288676,-0.8473716314040897,0.4587659284563983
29.3,-29.3,37.437273156205215,67.43727315620521,8.137273156205215,-29.3,-1.5104682875720576,-0.8476352707616263,0.4617314430392841
29.31,-29.31,37.75959782540222,67.75959782540221,8.449597825402218,-29.31,-1.510320324303753,-0.8478988842987153,0.4646844127760504
29.32,-29.32,38.08192249459934,68.08192249459934,8.76192249459934,-29.32,-1.5101723150284603,-0.8481624720073274,0.4676247585379969
29.33,-29.33,38.40424716379634,68.40424716379634,9.074247163796343,-29.33,-1.5100242597506888,-0.8484260338794325,0.4705524015340684
29.34,-29.34,38.72657183299346,68.72657183299346,9.386571832993457,-29.34,-1.5098761584749472,-0.8486895699070041,0.4734672633129297
29.35,-29.35,39.04889650219058,69.04889650219059,9.698896502190578,-29.35,-1.5097280112057483,-0.8489530800820124,0.47636926576502475
29.36,-29.36,39.37122117138758,69.37122117138759,10.011221171387582,-29.36,-1.509579817947604,-0.8492165643964311,0.4792583311246243
29.37,-29.37,39.693545840584704,69.6935458405847,10.323545840584703,-29.37,-1.5094315787050294,-0.8494800228422339,0.4821343819718785
29.38,-29.38,40.015870509781706,70.0158705097817,10.635870509781707,-29.38,-1.5092832934825393,-0.8497434554113956,0.4849973412348381
29.39,-29.39,40.33819517897883,70.33819517897882,10.948195178978828,-29.39,-1.5091349622846515,-0.8500068620958908,0.48784713219149195
29.4,-29.4,40.66051984817583,70.66051984817582,11.260519848175832,-29.4,-1.5089865851158835,-0.8502702428876977,0.4906836784717698
29.41,-29.41,40.98284451737295,70.98284451737295,11.572844517372953,-29.41,-1.5088381619807558,-0.8505335977787911,0.4935069040595617
29.42,-29.42,41.30516918657007,71.30516918657007,11.885169186570067,-29.42,-1.508689692883789,-0.8507969267611505,0.49631673329470277
29.43,-29.43,41.62749385576707,71.62749385576707,12.197493855767071,-29.43,-1.5085411778295068,-0.8510602298267519,0.49911309087496974
29.44,-29.44,41.94981852496419,71.9498185249642,12.509818524964192,-29.44,-1.5083926168224324,-0.851323506967577,0.501895901858056
29.45,-29.45,42.272143194161195,72.2721431941612,12.822143194161196,-29.45,-1.5082440098670915,-0.8515867581756053,0.504665091663538
29.46,-29.46,42.59446786335832,72.59446786335832,13.134467863358317,-29.46,-1.5080953569680102,-0.851849983442818,0.5074205860748408
29.47,-29.47,42.91679253255532,72.91679253255532,13.446792532555321,-29.47,-1.5079466581297183,-0.8521131827611952,0.510162311241183
29.48,-29.48,43.23911720175244,73.23911720175244,13.759117201752442,-29.48,-1.507797913356744,-0.8523763561227211,0.5128901936795197
29.49,-29.49,43.561441870949444,73.56144187094944,14.071441870949446,-29.49,-1.5076491226536186,-0.8526395035193792,0.5156041602764689
29.5,-29.5,43.88376654014657,73.88376654014657,14.383766540146567,-29.5,-1.5075002860248756,-0.8529026249431515,0.5183041382902435
29.51,-29.51,44.20609120934368,74.20609120934368,14.696091209343681,-29.51,-1.5073514034750473,-0.8531657203860248,0.5209900553525464
29.52,-29.52,44.528415878540685,74.52841587854068,15.008415878540685,-29.52,-1.5072024750086694,-0.8534287898399847,0.5236618394704853
29.53,-29.53,44.85074054773781,74.85074054773781,15.320740547737806,-29.53,-1.5070535006302794,-0.8536918332970158,0.5263194190284634
29.54,-29.54,45.17306521693481,75.17306521693482,15.63306521693481,-29.54,-1.5069044803444145,-0.8539548507491074,0.5289627227900507
29.55,-29.55,45.49538988613193,75.49538988613193,15.945389886131931,-29.55,-1.5067554141556134,-0.8542178421882473,0.5315916798998697
29.56,-29.56,45.817714555328934,75.81771455532893,16.257714555328935,-29.56,-1.5066063020684184,-0.8544808076064231,0.5342062198854489
29.57,-29.57,46.14003922452605,76.14003922452605,16.57003922452605,-29.57,-1.5064571440873715,-0.8547437469956243,0.5368062726590793
29.58,-29.58,46.46236389372306,76.46236389372305,16.88236389372306,-29.58,-1.5063079402170154,-0.8550066603478429,0.5393917685196494
29.59,-29.59,46.78468856292018,76.78468856292018,17.19468856292018,-29.59,-1.5061586904618955,-0.8552695476550699,0.5419626381544885
29.6,-29.6,47.107013232117296,77.1070132321173,17.507013232117295,-29.6,-1.5060093948265587,-0.8555324089092954,0.5445188126411783
29.61,-29.61,47.4293379013143,77.4293379013143,17.8193379013143,-29.61,-1.505860053315552,-0.8557952441025147,0.5470602234493676
29.62,-29.62,47.75166257051142,77.75166257051143,18.13166257051142,-29.62,-1.5057106659334252,-0.8560580532267196,0.5495868024425788
29.63,-29.63,48.07398723970842,78.07398723970843,18.443987239708424,-29.63,-1.505561232684729,-0.8563208362739043,0.5520984818799901
29.64,-29.64,48.396311908905545,78.39631190890555,18.756311908905545,-29.64,-1.5054117535740148,-0.8565835932360655,0.5545951944182239
29.65,-29.65,48.71863657810255,78.71863657810255,19.06863657810255,-29.65,-1.505262228605836,-0.8568463241051989,0.5570768731131103
29.66,-29.66,49.04096124729966,79.04096124729966,19.380961247299663,-29.66,-1.505112657784748,-0.8571090288733001,0.5595434514214565
29.67,-29.67,49.363285916496785,79.36328591649678,19.693285916496784,-29.67,-1.5049630411153068,-0.8573717075323672,0.5619948632027851
29.68,-29.68,49.685610585693794,79.6856105856938,20.005610585693795,-29.68,-1.5048133786020699,-0.8576343600743987,0.5644310427210807
29.69,-29.69,50.00793525489091,80.00793525489091,20.31793525489091,-29.69,-1.504663670249596,-0.8578969864913937,0.5668519246465166
29.7,-29.7,50.33025992408791,80.33025992408791,20.630259924087913,-29.7,-1.5045139160624463,-0.8581595867753514,0.5692574440571713
29.71,-29.71,50.652584593285034,80.65258459328504,20.942584593285034,-29.71,-1.5043641160451813,-0.8584221609182746,0.5716475364407366
29.72,-29.72,50.974909262482036,80.97490926248204,21.254909262482037,-29.72,-1.504214270202365,-0.8586847089121629,0.5740221376962139
29.73,-29.73,51.29723393167916,81.29723393167916,21.56723393167916,-29.73,-1.5040643785385623,-0.8589472307490185,0.576381184135602
29.74,-29.74,51.61955860087616,81.61955860087616,21.879558600876162,-29.74,-1.503914441058338,-0.8592097264208465,0.5787246124855653
29.75,-29.75,51.941883270073276,81.94188327007328,22.191883270073276,-29.75,-1.5037644577662606,-0.8594721959196491,0.5810523598891091
29.76,-29.76,52.2642079392704,82.26420793927039,22.504207939270398,-29.76,-1.5036144286668984,-0.8597346392374314,0.583364363907222
29.77,-29.77,52.58653260846741,82.58653260846741,22.81653260846741,-29.77,-1.5034643537648216,-0.8599970563661989,0.5856605625205232
29.78,-29.78,52.908857277664524,82.90885727766452,23.128857277664522,-29.78,-1.5033142330646017,-0.8602594472979582,0.5879408941308962
29.79,-29.79,53.231181946861525,83.23118194686153,23.441181946861526,-29.79,-1.5031640665708113,-0.8605218120247162,0.5902052975631031
29.8,-29.8,53.55350661605864,83.55350661605864,23.75350661605864,-29.8,-1.5030138542880256,-0.8607841505384808,0.5924537120664023
29.81,-29.81,53.87583128525565,83.87583128525566,24.06583128525565,-29.81,-1.5028635962208194,-0.8610464628312607,0.5946860773161365
29.82,-29.82,54.19815595445277,84.19815595445277,24.378155954452772,-29.82,-1.5027132923737703,-0.8613087488950657,0.5969023334153307
29.83,-29.83,54.520480623649775,84.52048062364977,24.690480623649776,-29.83,-1.502562942751457,-0.8615710087219051,0.5991024208962598
29.84,-29.84,54.84280529284689,84.84280529284689,25.00280529284689,-29.84,-1.5024125473584586,-0.8618332423037922,0.6012862807220185
29.85,-29.85,55.16512996204401,85.165129962044,25.31512996204401,-29.85,-1.5022621061993573,-0.8620954496327368,0.603453854288074
29.86,-29.86,55.48745463124102,85.48745463124102,25.627454631241022,-29.86,-1.502111619278735,-0.862357630700753,0.6056050834238048
29.87,-29.87,55.80977930043814,85.80977930043814,25.939779300438136,-29.87,-1.501961086601177,-0.8626197854998523,0.6077399103940403
29.88,-29.88,56.13210396963514,86.13210396963514,26.25210396963514,-29.88,-1.5018105081712678,-0.8628819140220509,0.6098582779005689
29.89,-29.89,56.454428638832255,86.45442863883225,26.564428638832254,-29.89,-1.5016598839935942,-0.8631440162593635,0.6119601290836569
29.9,-29.9,56.776753308029264,86.77675330802927,26.876753308029265,-29.9,-1.501509214072745,-0.8634060922038058,0.6140454075235392
29.91,-29.91,57.099077977226386,87.09907797722639,27.189077977226386,-29.91,-1.5013584984133097,-0.8636681418473946,0.6161140572419079
29.92,-29.92,57.4214026464235,87.4214026464235,27.5014026464235,-29.92,-1.5012077370198789,-0.863930165182148,0.6181660227033836
29.93,-29.93,57.743727315620504,87.7437273156205,27.813727315620504,-29.93,-1.501056929897046,-0.864192162200083,0.6202012488169798
29.94,-29.94,58.066051984817626,88.06605198481762,28.126051984817625,-29.94,-1.5009060770494045,-0.8644541328932188,0.622219680937555
29.95,-29.95,58.388376654014635,88.38837665401464,28.438376654014636,-29.95,-1.5007551784815492,-0.8647160772535765,0.624221264867246
29.96,-29.96,58.71070132321175,88.71070132321175,28.75070132321175,-29.96,-1.5006042341980765,-0.8649779952731769,0.6262059468569039
29.97,-29.97,59.03302599240875,89.03302599240875,29.063025992408754,-29.97,-1.5004532442035858,-0.8652398869440395,0.6281736736075038
29.98,-29.98,59.35535066160587,89.35535066160587,29.375350661605868,-29.98,-1.5003022085026751,-0.8655017522581888,0.6301243922715509
29.99,-29.99,59.67767533080288,89.67767533080288,29.68767533080288,-29.99,-1.5001511270999455,-0.8657635912076477,0.6320580504544718
30.0,-30.0,60.0,90.0,30.0,-30.0,-1.4999999999999998,-0.8660254037844388,0.6339745962157807
30.01,-30.01,60.32232466919712,90.32232466919712,30.31232466919712,-30.01,-1.4998488272074415,-0.866287189980587,0.6320580504542501
30.02,-30.02,60.644649338394125,90.64464933839412,30.624649338394125,-30.02,-1.499697608726875,-0.8665489497881197,0.6301243922713273
30.03,-30.03,60.96697400759125,90.96697400759125,30.936974007591246,-30.03,-1.4995463445629067,-0.8668106831990613,0.6281736736072778
30.04,-30.04,61.28929867678825,91.28929867678825,31.24929867678825,-30.04,-1.4993950347201457,-0.8670723902054388,0.6262059468566759
30.05,-30.05,61.61162334598537,91.61162334598538,31.56162334598537,-30.05,-1.4992436792031991,-0.8673340707992824,0.6242212648670159
30.06,-30.06,61.93394801518238,91.93394801518238,31.873948015182382,-30.06,-1.4990922780166789,-0.8675957249726187,0.6222196809373226
30.07,-30.07,62.256272684379496,92.2562726843795,32.186272684379496,-30.07,-1.498940831165197,-0.8678573527174774,0.6202012488167455
30.08,-30.08,62.578597353576505,92.5785973535765,32.49859735357651,-30.08,-1.498789338653366,-0.8681189540258899,0.6181660227031472
30.09,-30.09,62.90092202277363,92.90092202277363,32.810922022773624,-30.09,-1.4986378004858008,-0.8683805288898875,0.6161140572416692
30.1,-30.1,63.22324669197074,93.22324669197074,33.12324669197074,-30.1,-1.498486216667118,-0.868642077301501,0.6140454075232985
30.11,-30.11,63.54557136116775,93.54557136116776,33.43557136116775,-30.11,-1.4983345872019347,-0.8689035992527638,0.6119601290834144
30.12,-30.12,63.867896030364875,93.86789603036488,33.74789603036487,-30.12,-1.49818291209487,-0.8691650947357094,0.609858277900324
30.13,-30.13,64.19022069956188,94.19022069956188,34.06022069956188,-30.13,-1.4980311913505442,-0.8694265637423721,0.6077399103937934
30.14,-30.14,64.51254536875899,94.51254536875899,34.37254536875899,-30.14,-1.497879424973579,-0.8696880062647866,0.6056050834235559
30.15,-30.15,64.83487003795601,94.83487003795601,34.68487003795601,-30.15,-1.4977276129685968,-0.8699494222949911,0.6034538542878232
30.16,-30.16,65.15719470715312,95.15719470715312,34.99719470715313,-30.16,-1.4975757553402231,-0.8702108118250199,0.6012862807217658
30.17,-30.17,65.47951937635024,95.47951937635024,35.30951937635024,-30.17,-1.4974238520930827,-0.8704721748469122,0.5991024208960049
30.18,-30.18,65.80184404554726,95.80184404554726,35.621844045547256,-30.18,-1.4972719032318043,-0.8707335113527045,0.5969023334150736
30.19,-30.19,66.12416871474437,96.12416871474437,35.934168714744374,-30.19,-1.4971199087610152,-0.870994821334438,0.5946860773158775
30.2,-30.2,66.44649338394137,96.44649338394137,36.24649338394137,-30.2,-1.4969678686853458,-0.8712561047841519,0.5924537120661412
30.21,-30.21,66.76881805313849,96.76881805313849,36.55881805313849,-30.21,-1.4968157830094273,-0.8715173616938875,0.5902052975628403
30.22,-30.22,67.0911427223355,97.0911427223355,36.871142722335506,-30.22,-1.496663651737893,-0.8717785920556861,0.5879408941306312
30.23,-30.23,67.41346739153262,97.41346739153262,37.183467391532616,-30.23,-1.496511474875377,-0.8720397958615901,0.5856605625202563
30.24,-30.24,67.73579206072962,97.73579206072962,37.49579206072963,-30.24,-1.4963592524265146,-0.8723009731036427,0.5833643639069531
30.25,-30.25,68.05811672992675,98.05811672992675,37.80811672992675,-30.25,-1.4962069843959427,-0.8725621237738886,0.5810523598888383
30.26,-30.26,68.38044139912387,98.38044139912387,38.12044139912386,-30.26,-1.4960546707882998,-0.8728232478643722,0.5787246124852926
30.27,-30.27,68.70276606832087,98.70276606832087,38.43276606832087,-30.27,-1.4959023116082255,-0.87308434536714,0.5763811841353275
30.28,-30.28,69.025090737518,99.025090737518,38.745090737518,-30.28,-1.4957499068603617,-0.8733454162742361,0.5740221376959369
30.29,-30.29,69.347415406715,99.347415406715,39.057415406715,-30.29,-1.49559745654935,-0.8736064605777107,0.571647536440458
30.3,-30.3,69.66974007591212,99.66974007591212,39.36974007591212,-30.3,-1.495444960679834,-0.8738674782696112,0.5692574440568907
30.31,-30.31,69.99206474510913,99.99206474510913,39.68206474510913,-30.31,-1.4952924192564605,-0.8741284693419847,0.5668519246462341
30.32,-30.32,70.31438941430625,100.31438941430625,39.99438941430625,-30.32,-1.4951398322838747,-0.8743894337868832,0.564431042720796
30.33,-30.33,70.63671408350325,100.63671408350325,40.30671408350325,-30.33,-1.4949871997667254,-0.8746503715963565,0.5619948632024989
30.34,-30.34,70.95903875270037,100.95903875270037,40.61903875270036,-30.34,-1.494834521709662,-0.8749112827624559,0.5595434514211685
30.35,-30.35,71.2813634218975,101.2813634218975,40.931363421897494,-30.35,-1.4946817981173348,-0.8751721672772335,0.5570768731128203
30.36,-30.36,71.6036880910945,101.6036880910945,41.2436880910945,-30.36,-1.4945290289943964,-0.8754330251327431,0.554595194417932
30.37,-30.37,71.92601276029163,101.92601276029163,41.55601276029162,-30.37,-1.4943762143455008,-0.8756938563210371,0.5520984818796965
30.38,-30.38,72.24833742948863,102.24833742948863,41.86833742948863,-30.38,-1.494223354175303,-0.8759546608341705,0.5495868024422831
30.39,-30.39,72.57066209868574,102.57066209868574,42.180662098685744,-30.39,-1.4940704484884588,-0.8762154386641995,0.5470602234490699
30.4,-30.4,72.89298676788275,102.89298676788275,42.49298676788275,-30.4,-1.4939174972896254,-0.8764761898031808,0.5445188126408791
30.41,-30.41,73.21531143707988,103.21531143707988,42.80531143707988,-30.41,-1.4937645005834639,-0.8767369142431692,0.5419626381541872
30.42,-30.42,73.53763610627699,103.53763610627699,43.11763610627699,-30.42,-1.493611458374633,-0.8769976119762253,0.5393917685193468
30.43,-30.43,73.859960775474,103.859960775474,43.429960775473994,-30.43,-1.4934583706677955,-0.8772582829944058,0.5368062726587746
30.44,-30.44,74.18228544467112,104.18228544467112,43.742285444671126,-30.44,-1.4933052374676148,-0.877518927289771,0.5342062198851432
30.45,-30.45,74.50461011386813,104.50461011386813,44.05461011386812,-30.45,-1.4931520587787557,-0.8777795448543805,0.5315916798995616
30.46,-30.46,74.82693478306524,104.82693478306524,44.36693478306524,-30.46,-1.492998834605883,-0.8780401356802973,0.5289627227897407
30.47,-30.47,75.14925945226224,105.14925945226224,44.679259452262244,-30.47,-1.4928455649536656,-0.8783006997595815,0.5263194190281515
30.48,-30.48,75.47158412145937,105.47158412145937,44.99158412145937,-30.48,-1.4926922498267725,-0.8785612370842956,0.5236618394701718
30.49,-30.49,75.79390879065637,105.79390879065637,45.30390879065638,-30.49,-1.4925388892298723,-0.8788217476465056,0.5209900553522314
30.5,-30.5,76.1162334598535,106.1162334598535,45.616233459853504,-30.5,-1.4923854831676382,-0.8790822314382736,0.5183041382899263
30.51,-30.51,76.43855812905062,106.43855812905062,45.928558129050614,-30.51,-1.492232031644743,-0.879342688451665,0.5156041602761505
30.52,-30.52,76.76088279824762,106.76088279824762,46.240882798247625,-30.52,-1.49207853466586,-0.8796031186787476,0.5128901936791993
30.53,-30.53,77.08320746744474,107.08320746744474,46.553207467444736,-30.53,-1.4919249922356665,-0.8798635221115864,0.5101623112408611
30.54,-30.54,77.40553213664175,107.40553213664175,46.865532136641754,-30.54,-1.4917714043588388,-0.8801238987422497,0.5074205860745175
30.55,-30.55,77.72785680583887,107.72785680583887,47.17785680583887,-30.55,-1.4916177710400556,-0.8803842485628057,0.5046650916632122
30.56,-30.56,78.05018147503587,108.05018147503587,47.49018147503587,-30.56,-1.4914640922839966,-0.8806445715653244,0.5018959018577288
30.57,-30.57,78.372506144233,108.372506144233,47.802506144233,-30.57,-1.4913103680953435,-0.8809048677418752,0.4991130908746409
30.58,-30.58,78.69483081343,108.69483081343,48.114830813430004,-30.58,-1.4911565984787793,-0.8811651370845286,0.49631673329437237
30.59,-30.59,79.01715548262712,109.01715548262712,48.427155482627114,-30.59,-1.491002783438987,-0.8814253795853584,0.4935069040592294
30.6,-30.6,79.33948015182423,109.33948015182423,48.73948015182423,-30.6,-1.490848922980653,-0.881685595236435,0.49068367847143607
30.61,-30.61,79.66180482102125,109.66180482102125,49.05180482102125,-30.61,-1.4906950171084634,-0.8819457840298335,0.48784713219115683
30.62,-30.62,79.98412949021836,109.98412949021836,49.36412949021836,-30.62,-1.4905410658271079,-0.8822059459576256,0.48499734123450117
30.63,-30.63,80.30645415941538,110.30645415941538,49.676454159415385,-30.63,-1.4903870691412746,-0.8824660810118886,0.4821343819715399
30.64,-30.64,80.6287788286125,110.6287788286125,49.988778828612496,-30.64,-1.4902330270556552,-0.8827261891846975,0.4792583311242841
30.65,-30.65,80.9511034978095,110.9511034978095,50.3011034978095,-30.65,-1.4900789395749419,-0.8829862704681293,0.47636926576468286
30.66,-30.66,81.27342816700661,111.27342816700661,50.61342816700662,-30.66,-1.4899248067038287,-0.883246324854261,0.47346726331258654
30.67,-30.67,81.59575283620374,111.59575283620374,50.92575283620374,-30.67,-1.48977062844701,-0.8835063523351718,0.4705524015337237
30.68,-30.68,81.91807750540075,111.91807750540075,51.238077505400746,-30.68,-1.4896164048091836,-0.8837663529029388,0.46762475853765023
30.69,-30.69,82.24040217459788,112.24040217459788,51.55040217459788,-30.69,-1.4894621357950466,-0.884026326549644,0.46468441277570216
30.7,-30.7,82.56272684379488,112.56272684379488,51.862726843794874,-30.7,-1.4893078214092983,-0.8842862732673674,0.4617314430389347
30.71,-30.71,82.88505151299199,112.88505151299199,52.17505151299199,-30.71,-1.489153461656639,-0.8845461930481912,0.4587659284560473
30.72,-30.72,83.207376182189,113.207376182189,52.487376182188996,-30.72,-1.4889990565417723,-0.8848060858841958,0.4557879484913121
30.73,-30.73,83.52970085138612,113.52970085138612,52.79970085138612,-30.73,-1.4888446060694003,-0.8850659517674666,0.45279758294248224
30.74,-30.74,83.85202552058313,113.85202552058313,53.11202552058313,-30.74,-1.4886901102442278,-0.8853257906900873,0.4497949119386994
30.75,-30.75,84.17435018978024,114.17435018978024,53.42435018978024,-30.75,-1.488535569070962,-0.8855856026441412,0.44678001593838096
30.76,-30.76,84.49667485897737,114.49667485897737,53.736674858977366,-30.76,-1.4883809825543097,-0.8858453876217156,0.4437529757271186
30.77,-30.77,84.81899952817437,114.81899952817437,54.04899952817438,-30.77,-1.4882263506989795,-0.886105145614897,0.44071387241554816
30.78,-30.78,85.14132419737149,115.14132419737149,54.36132419737149,-30.78,-1.4880716735096833,-0.8863648766157708,0.4376627874372166
30.79,-30.79,85.46364886656849,115.46364886656849,54.67364886656849,-30.79,-1.4879169509911312,-0.8866245806164272,0.43367029553468484
30.8,-30.8,85.78597353576562,115.78597353576562,54.98597353576562,-30.8,-1.4877621831480368,-0.8868842576089552,0.4278049742484934
30.81,-30.81,86.10829820496262,116.10829820496262,55.29829820496262,-30.81,-1.487607369985115,-0.8871439075854431,0.4219449708017105
30.82,-30.82,86.43062287415975,116.43062287415975,55.61062287415975,-30.82,-1.4874525115070818,-0.8874035305379817,0.4160906615236578
30.83,-30.83,86.75294754335675,116.75294754335675,55.922947543356756,-30.83,-1.4872976077186537,-0.8876631264586635,0.41024244095716916
30.84,-30.84,87.07527221255387,117.07527221255387,56.235272212553866,-30.84,-1.4871426586245495,-0.887922695339581,0.4044007231150824
30.85,-30.85,87.39759688175099,117.39759688175099,56.547596881750984,-30.85,-1.4869876642294901,-0.8881822371728251,0.39856594283897956
30.86,-30.86,87.719921550948,117.719921550948,56.859921550948,-30.86,-1.4868326245381955,-0.8884417519504927,0.3927385572695269
30.87,-30.87,88.04224622014512,118.04224622014512,57.17224622014511,-30.87,-1.4866775395553897,-0.888701239664676,0.38691904743893535
30.88,-30.88,88.36457088934212,118.36457088934212,57.48457088934212,-30.88,-1.486522409285797,-0.888960700307471,0.3811079199969319
30.89,-30.89,88.68689555853925,118.68689555853925,57.79689555853925,-30.89,-1.4863672337341416,-0.8892201338709753,0.37530570908294275
30.9,-30.9,89.00922022773625,119.00922022773625,58.10922022773625,-30.9,-1.4862120129051508,-0.8894795403472859,0.36951297835848385
30.91,-30.91,89.33154489693337,119.33154489693337,58.42154489693337,-30.91,-1.486056746803554,-0.8897389197284997,0.363730323215119
30.92,-30.92,89.65386956613048,119.65386956613048,58.73386956613048,-30.92,-1.4859014354340798,-0.8899982720067162,0.35795837317508306
30.93,-30.93,89.9761942353275,119.9761942353275,59.0461942353275,-30.93,-1.4857460788014596,-0.8902575971740352,0.35219779450337574
30.94,-30.94,90.29851890452461,120.29851890452461,59.358518904524615,-30.94,-1.485590676910426,-0.8905168952225568,0.34644929305208827
30.95,-30.95,90.62084357372163,120.62084357372163,59.670843573721626,-30.95,-1.4854352297657127,-0.890776166144382,0.3407136173599948
30.96,-30.96,90.94316824291874,120.94316824291874,59.983168242918744,-30.96,-1.4852797373720543,-0.8910354099316149,0.3349915620327593
30.97,-30.97,91.26549291211575,121.26549291211575,60.29549291211575,-30.97,-1.4851241997341884,-0.8912946265763565,0.3292839714318557
30.98,-30.98,91.58781758131286,121.58781758131286,60.60781758131286,-30.98,-1.484968616856852,-0.8915538160707112,0.32359174370313165
30.99,-30.99,91.91014225050988,121.91014225050988,60.92014225050988,-30.99,-1.4848129887447852,-0.8918129784067835,0.3179158351793178
31.0,-31.0,92.232466919707,122.232466919707,61.232466919706994,-31.0,-1.4846573154027283,-0.8920721135766791,0.31225726519414904
31.01,-31.01,92.41066075535493,122.41066075535493,61.40066075535492,-31.01,-1.4845015968354232,-0.8923312215725043,0.30900523110202305
31.02,-31.02,92.5888545910028,122.5888545910028,61.568854591002804,-31.02,-1.4843458330476138,-0.8925903023863663,0.30575882726500236
31.03,-31.03,92.76704842665075,122.76704842665075,61.737048426650745,-31.03,-1.4841900240440449,-0.8928493560103726,0.3025182496698769
31.04,-31.04,92.94524226229862,122.94524226229862,61.90524226229862,-31.04,-1.4840341698294623,-0.8931083824366324,0.29928370202094684
31.05,-31.05,93.12343609794655,123.12343609794655,62.073436097946555,-31.05,-1.4838782704086138,-0.8933673816572557,0.2960553961215173
31.06,-31.06,93.30162993359443,123.30162993359443,62.241629933594425,-31.06,-1.483722325786249,-0.8936263536643512,0.2928335522767417
31.07,-31.07,93.47982376924236,123.47982376924236,62.40982376924236,-31.07,-1.4835663359671172,-0.893885298450032,0.28961839971903997
31.08,-31.08,93.65801760489023,123.65801760489023,62.578017604890235,-31.08,-1.4834103009559707,-0.8941442160064095,0.28641017705751726
31.09,-31.09,93.83621144053818,123.83621144053818,62.746211440538175,-31.09,-1.483254220757562,-0.8944031063255967,0.28320913275273535
31.1,-31.1,94.01440527618611,124.01440527618611,62.91440527618611,-31.1,-1.4830980953766466,-0.8946619693997072,0.2800155256184027
31.11,-31.11,94.19259911183399,124.19259911183399,63.082599111833986,-31.11,-1.4829419248179794,-0.8949208052208566,0.2768296253515437
31.12,-31.12,94.37079294748193,124.37079294748193,63.250792947481926,-31.12,-1.4827857090863186,-0.8951796137811578,0.27365171309285585
31.13,-31.13,94.54898678312979,124.54898678312979,63.418986783129796,-31.13,-1.482629448186422,-0.8954383950727295,0.2704820820190071
31.14,-31.14,94.72718061877774,124.72718061877774,63.58718061877774,-31.14,-1.4824731421230497,-0.8956971490876879,0.26732103796875734
31.15,-31.15,94.90537445442561,124.90537445442561,63.75537445442561,-31.15,-1.4823167909009627,-0.8959558758181516,0.26416890010486427
31.16,-31.16,95.08356829007354,125.08356829007354,63.92356829007355,-31.16,-1.4821603945249253,-0.8962145752562373,0.2610260016138017
31.17,-31.17,95.26176212572149,125.26176212572149,64.09176212572149,-31.17,-1.4820039529996996,-0.8964732473940672,0.2578926904455032
31.18,-31.18,95.43995596136936,125.43995596136936,64.25995596136937,-31.18,-1.481847466330052,-0.8967318922237598,0.2547693300953213
31.19,-31.19,95.6181497970173,125.6181497970173,64.4281497970173,-31.19,-1.48169093452075,-0.8969905097374363,0.25165630043057996
31.2,-31.2,95.79634363266517,125.79634363266517,64.59634363266517,-31.2,-1.481534357576561,-0.89724909992722,0.24855399856413932
31.21,-31.21,95.9745374683131,125.9745374683131,64.76453746831311,-31.21,-1.4813777355022542,-0.8975076627852341,0.24546283977749694
31.22,-31.22,96.15273130396098,126.15273130396098,64.93273130396098,-31.22,-1.481221068302602,-0.8977661983035999,0.24238325849601713
31.23,-31.23,96.33092513960892,126.33092513960892,65.10092513960892,-31.23,-1.4810643559823753,-0.898024706474444,0.23931570931893462
31.24,-31.24,96.5091189752568,126.5091189752568,65.2691189752568,-31.24,-1.4809075985463482,-0.8982831872898921,0.23626066810686092
31.25,-31.25,96.68731281090473,126.68731281090473,65.43731281090473,-31.25,-1.4807507959992965,-0.898541640742069,0.23321863312951738
31.26,-31.26,96.86550664655266,126.86550664655266,65.60550664655266,-31.26,-1.4805939483459967,-0.8988000668231015,0.23019012627644378
31.27,-31.27,97.04370048220053,127.04370048220053,65.77370048220054,-31.27,-1.4804370555912252,-0.8990584655251198,0.22717569433343238
31.28,-31.28,97.22189431784848,127.22189431784848,65.94189431784848,-31.28,-1.4802801177397629,-0.8993168368402505,0.22417591032733386
31.29,-31.29,97.40008815349636,127.40008815349636,66.11008815349635,-31.29,-1.4801231347963897,-0.8995751807606231,0.22119137494182622
31.3,-31.3,97.57828198914429,127.57828198914429,66.27828198914429,-31.3,-1.479966106765887,-0.8998334972783701,0.21822271800654294
31.31,-31.31,97.75647582479216,127.75647582479216,66.44647582479216,-31.31,-1.4798090336530392,-0.9000917863856207,0.21527060006181833
31.32,-31.32,97.9346696604401,127.9346696604401,66.61466966044009,-31.32,-1.4796519154626309,-0.9003500480745069,0.21233571400087936
31.33,-31.33,98.11286349608797,128.11286349608798,66.78286349608797,-31.33,-1.4794947521994475,-0.9006082823371631,0.20941878679109677
31.34,-31.34,98.29105733173591,128.2910573317359,66.95105733173591,-31.34,-1.4793375438682763,-0.9008664891657229,0.20652058127527198
31.35,-31.35,98.46925116738385,128.46925116738385,67.11925116738385,-31.35,-1.479180290473907,-0.9011246685523193,0.20364189805342334
31.36,-31.36,98.64744500303172,128.64744500303172,67.28744500303172,-31.36,-1.4790229920211295,-0.9013828204890888,0.20078357744472208
31.37,-31.37,98.82563883867965,128.82563883867965,67.45563883867965,-31.37,-1.4788656485147356,-0.9016409449681676,0.19794650152831
31.38,-31.38,99.00383267432753,129.00383267432753,67.62383267432753,-31.38,-1.4787082599595178,-0.9018990419816926,0.19513159626063092
31.39,-31.39,99.18202650997547,129.18202650997546,67.79202650997547,-31.39,-1.478550826360271,-0.902157111521801,0.19233983366549234
31.4,-31.4,99.36022034562335,129.36022034562336,67.96022034562336,-31.4,-1.4783933477217899,-0.9024151535806336,0.18957223409155882
31.41,-31.41,99.53841418127128,129.53841418127126,68.12841418127128,-31.41,-1.4782358240488724,-0.902673168150328,0.18682986852996503
31.42,-31.42,99.71660801691922,129.71660801691922,68.29660801691922,-31.42,-1.4780782553463165,-0.9029311552230261,0.1841138609826077
31.43,-31.43,99.8948018525671,129.8948018525671,68.46480185256709,-31.43,-1.477920641618923,-0.9031891147908672,0.18142539086899317
31.44,-31.44,100.07299568821503,130.07299568821503,68.63299568821503,-31.44,-1.4777629828714922,-0.9034470468459952,0.17876569545654658
31.45,-31.45,100.2511895238629,130.2511895238629,68.8011895238629,-31.45,-1.4776052791088266,-0.9037049513805524,0.17613607229580883
31.46,-31.46,100.42938335951084,130.42938335951084,68.96938335951083,-31.46,-1.4774475303357304,-0.9039628283866824,0.1735378816379915
31.47,-31.47,100.60757719515871,130.6075771951587,69.13757719515871,-31.47,-1.477289736557009,-0.9042206778565303,0.1709725488078716
31.48,-31.48,100.78577103080666,130.78577103080664,69.30577103080665,-31.48,-1.4771318977774686,-0.904478499782241,0.16844156649997422
31.49,-31.49,100.96396486645453,130.96396486645455,69.47396486645454,-31.49,-1.4769740140019174,-0.9047362941559621,0.16594649696036662
31.5,-31.5,101.14215870210246,131.14215870210245,69.64215870210246,-31.5,-1.4768160852351657,-0.9049940609698381,0.16348897401022158
31.51,-31.51,101.3203525377504,131.3203525377504,69.81035253775039,-31.51,-1.4766581114820232,-0.9052518002160196,0.16107070486044292
31.52,-31.52,101.49854637339827,131.49854637339826,69.97854637339827,-31.52,-1.476500092747302,-0.9055095118866547,0.15869347165954634
31.53,-31.53,101.67674020904622,131.67674020904622,70.14674020904621,-31.53,-1.4763420290358171,-0.9057671959738918,0.15635913270901358
31.54,-31.54,101.85493404469409,131.8549340446941,70.3149340446941,-31.54,-1.4761839203523817,-0.9060248524698827,0.154069623272498
31.55,-31.55,102.03312788034202,132.03312788034202,70.48312788034202,-31.55,-1.4760257667018124,-0.9062824813667792,0.15182695589686016
31.56,-31.56,102.2113217159899,132.2113217159899,70.6513217159899,-31.56,-1.475867568088928,-0.9065400826567314,0.14963322015494784
31.57,-31.57,102.38951555163783,132.38951555163783,70.81951555163783,-31.57,-1.475709324518546,-0.906797656331894,0.1474905817122207
31.58,-31.58,102.5677093872857,132.5677093872857,70.9877093872857,-31.58,-1.4755510359954878,-0.9070552023844206,0.1454012806123426
31.59,-31.59,102.74590322293365,132.74590322293363,71.15590322293365,-31.59,-1.4753927025245743,-0.9073127208064664,0.14336762867101666
31.6,-31.6,102.92409705858158,132.9240970585816,71.32409705858157,-31.6,-1.4752343241106298,-0.9075702115901849,0.1413920058634147
31.61,-31.61,103.10229089422945,133.10229089422944,71.49229089422946,-31.61,-1.4750759007584773,-0.9078276747277353,0.1394768555890103
31.62,-31.62,103.2804847298774,133.2804847298774,71.6604847298774,-31.62,-1.4749174324729437,-0.9080851102112726,0.13762467869929035
31.63,-31.63,103.45867856552528,133.45867856552528,71.82867856552528,-31.63,-1.4747589192588566,-0.908342518032955,0.13583802617939864
31.64,-31.64,103.6368724011732,133.6368724011732,71.9968724011732,-31.64,-1.4746003611210432,-0.9085998981849428,0.13411949038525414
31.65,-31.65,103.81506623682108,133.81506623682108,72.16506623682108,-31.65,-1.474441758064334,-0.9088572506593956,0.13247169475365145
31.66,-31.66,103.99326007246901,133.993260072469,72.33326007246902,-31.66,-1.4742831100935614,-0.9091145754484722,0.1308972819251248
31.67,-31.67,104.17145390811696,134.17145390811697,72.50145390811696,-31.67,-1.4741244172135564,-0.9093718725443364,0.12939890024851286
31.68,-31.68,104.34964774376483,134.34964774376482,72.66964774376484,-31.68,-1.4739656794291542,-0.9096291419391487,0.12797918867249117
31.69,-31.69,104.52784157941277,134.52784157941278,72.83784157941277,-31.69,-1.4738068967451898,-0.9098863836250729,0.12664076007262054
31.7,-31.7,104.70603541506064,134.70603541506063,73.00603541506064,-31.7,-1.4736480691665006,-0.9101435975942721,0.12538618311253655
31.71,-31.71,104.88422925070857,134.8842292507086,73.17422925070858,-31.71,-1.4734891966979236,-0.9104007838389133,0.12421796279339654
31.72,-31.72,105.06242308635645,135.06242308635643,73.34242308635645,-31.72,-1.473330279344299,-0.9106579423511604,0.12313851990519782
31.73,-31.73,105.24061692200439,135.2406169220044,73.51061692200439,-31.73,-1.4731713171104686,-0.9109150731231795,0.12215016965467966
31.74,-31.74,105.41881075765227,135.41881075765227,73.67881075765227,-31.74,-1.4730123100012724,-0.91117217614714,0.12125509980448826
31.75,-31.75,105.5970045933002,135.5970045933002,73.8470045933002,-31.75,-1.472853258021556,-0.9114292514152083,0.12045534871361445
31.76,-31.76,105.77519842894813,135.77519842894813,74.01519842894812,-31.76,-1.4726941611761646,-0.9116862989195531,0.11975278371623839
31.77,-31.77,105.953392264596,135.953392264596,74.18339226459601,-31.77,-1.4725350194699427,-0.9119433186523466,0.11914908031112363
31.78,-31.78,106.13158610024395,136.13158610024396,74.35158610024395,-31.78,-1.4723758329077392,-0.9122003106057576,0.1186457026532758
31.79,-31.79,106.30977993589183,136.3097799358918,74.51977993589182,-31.79,-1.4722166014944036,-0.912457274771958,0.11824388584037256
31.8,-31.8,106.48797377153976,136.48797377153977,74.68797377153976,-31.8,-1.4720573252347855,-0.9127142111431203,0.11794462046689423
31.81,-31.81,106.66616760718763,136.66616760718762,74.85616760718763,-31.81,-1.4718980041337373,-0.9129711197114182,0.11774863987751497
31.82,-31.82,106.84436144283556,136.84436144283558,75.02436144283556,-31.82,-1.4717386381961117,-0.9132280004690252,0.11765641048943451
31.83,-31.83,107.02255527848344,137.02255527848342,75.19255527848344,-31.83,-1.4715792274267643,-0.913484853408116,0.11766812547222548
31.84,-31.84,107.20074911413138,137.20074911413138,75.36074911413138,-31.84,-1.4714197718305493,-0.9137416785208682,0.11778370197791603
31.85,-31.85,107.37894294977932,137.37894294977932,75.52894294977932,-31.85,-1.4712602714123253,-0.9139984757994568,0.11800278200725857
31.86,-31.86,107.55713678542719,137.5571367854272,75.69713678542719,-31.86,-1.4711007261769504,-0.9142552452360602,0.11832473688717667
31.87,-31.87,107.73533062107512,137.73533062107512,75.86533062107512,-31.87,-1.4709411361292857,-0.914511986822855,0.11874867522420056
31.88,-31.88,107.913524456723,137.913524456723,76.033524456723,-31.88,-1.4707815012741914,-0.9147687005520223,0.11927345409634145
31.89,-31.89,108.09171829237094,138.09171829237096,76.20171829237094,-31.89,-1.4706218216165303,-0.9150253864157417,0.11989769315578887
31.9,-31.9,108.26991212801882,138.2699121280188,76.36991212801883,-31.9,-1.4704620971611673,-0.9152820444061938,0.1206197912420044
31.91,-31.91,108.44810596366675,138.44810596366676,76.53810596366675,-31.91,-1.470302327912967,-0.9155386745155605,0.12143794505154774
31.92,-31.92,108.6262997993147,138.6262997993147,76.70629979931469,-31.92,-1.4701425138767965,-0.915795276736025,0.12235016937959961
31.93,-31.93,108.80449363496257,138.80449363496257,76.87449363496256,-31.93,-1.4699826550575246,-0.9160518510597698,0.12335431843747774
31.94,-31.94,108.9826874706105,138.9826874706105,77.0426874706105,-31.94,-1.4698227514600206,-0.9163083974789786,0.12444810776024973
31.95,-31.95,109.16088130625837,139.16088130625837,77.21088130625837,-31.95,-1.4696628030891552,-0.9165649159858382,0.12562913624515687
31.96,-31.96,109.3390751419063,139.3390751419063,77.3790751419063,-31.96,-1.4695028099498002,-0.9168214065725346,0.1268949079028877
31.97,-31.97,109.51726897755418,139.51726897755418,77.54726897755418,-31.97,-1.469342772046831,-0.9170778692312526,0.12824285295481289
31.98,-31.98,109.69546281320213,139.69546281320214,77.71546281320212,-31.98,-1.4691826893851208,-0.9173343039541819,0.12967034796756985
31.99,-31.99,109.87365664884999,139.87365664885,77.88365664884999,-31.99,-1.4690225619695463,-0.9175907107335111,0.13117473477724748
32.0,-32.0,110.05185048449793,140.05185048449795,78.05185048449793,-32.0,-1.4688623898049866,-0.9178470895614276,0.1327533380164822
32.01,-32.01,110.11978851460037,140.11978851460037,78.10978851460038,-32.01,-1.4687021728963194,-0.9181034404301234,0.13332721246858764
32.02,-32.02,110.18772654470285,140.18772654470285,78.16772654470284,-32.02,-1.4685419112484255,-0.91835976333179,0.13391460102189262
32.03,-32.03,110.2556645748053,140.25566457480528,78.2256645748053,-32.03,-1.4683816048661873,-0.9186160582586177,0.13451531969789599
32.04,-32.04,110.32360260490772,140.3236026049077,78.28360260490771,-32.04,-1.4682212537544876,-0.9188723252027998,0.1351291837838886
32.05,-32.05,110.39154063501016,140.39154063501016,78.34154063501016,-32.05,-1.4680608579182106,-0.9191285641565313,0.13575600802931528
32.06,-32.06,110.45947866511264,140.45947866511264,78.39947866511264,-32.06,-1.467900417362243,-0.9193847751120052,0.13639560683517166
32.07,-32.07,110.52741669521508,140.5274166952151,78.45741669521507,-32.07,-1.4677399320914721,-0.9196409580614165,0.13704779443624154
32.08,-32.08,110.59535472531752,140.59535472531752,78.51535472531752,-32.08,-1.467579402110786,-0.9198971129969632,0.13771238507604264
32.09,-32.09,110.66329275542,140.66329275542,78.57329275542,-32.09,-1.4674188274250743,-0.9201532399108421,0.1383891931743522
32.1,-32.1,110.73123078552244,140.73123078552243,78.63123078552243,-32.1,-1.46725820803923,-0.9204093387952491,0.13907803348728384
32.11,-32.11,110.79916881562487,140.79916881562485,78.68916881562487,-32.11,-1.4670975439581437,-0.9206654096423857,0.13977872125984445
32.12,-32.12,110.8671068457273,140.8671068457273,78.7471068457273,-32.12,-1.4669368351867116,-0.9209214524444497,0.1404910723709797
32.13,-32.13,110.93504487582979,140.9350448758298,78.8050448758298,-32.13,-1.4667760817298279,-0.9211774671936418,0.14121490347113608
32.14,-32.14,111.00298290593223,141.00298290593224,78.86298290593223,-32.14,-1.4666152835923902,-0.9214334538821632,0.1419500321123819
32.15,-32.15,111.07092093603467,141.07092093603467,78.92092093603466,-32.15,-1.4664544407792957,-0.9216894125022178,0.14269627687118172
32.16,-32.16,111.1388589661371,141.1388589661371,78.9788589661371,-32.16,-1.4662935532954444,-0.921945343046007,0.1434534574638968
32.17,-32.17,111.20679699623959,141.20679699623958,79.03679699623959,-32.17,-1.4661326211457377,-0.9222012455057348,0.14422139485513769
32.18,-32.18,111.27473502634201,141.274735026342,79.09473502634202,-32.18,-1.4659716443350774,-0.9224571198736063,0.1449999113591214
32.19,-32.19,111.34267305644445,141.34267305644445,79.15267305644446,-32.19,-1.4658106228683672,-0.9227129661418272,0.14578883073416812
32.2,-32.2,111.41061108654694,141.41061108654694,79.21061108654693,-32.2,-1.4656495567505128,-0.9229687843026032,0.14658797827050984
32.21,-32.21,111.47854911664938,141.4785491166494,79.26854911664938,-32.21,-1.4654884459864188,-0.9232245743481434,0.1473971808715758
32.22,-32.22,111.54648714675182,141.54648714675182,79.32648714675182,-32.22,-1.4653272905809944,-0.9234803362706546,0.14821626712897615
32.23,-32.23,111.61442517685424,141.61442517685424,79.38442517685425,-32.23,-1.4651660905391484,-0.9237360700623459,0.14904506739135093
32.24,-32.24,111.68236320695674,141.68236320695672,79.44236320695674,-32.24,-1.4650048458657912,-0.9239917757154276,0.14988341382727813
32.25,-32.25,111.75030123705916,141.75030123705915,79.50030123705916,-32.25,-1.4648435565658344,-0.9242474532221103,0.15073114048250152
32.26,-32.26,111.8182392671616,141.8182392671616,79.55823926716161,-32.26,-1.4646822226441911,-0.9245031025746057,0.15158808333165405
32.27,-32.27,111.88617729726408,141.88617729726408,79.61617729726407,-32.27,-1.4645208441057762,-0.924758723765126,0.1524540803246708
32.28,-32.28,111.95411532736652,141.95411532736654,79.67411532736652,-32.28,-1.464359420955505,-0.9250143167858847,0.1533289714281783
32.29,-32.29,112.02205335746896,142.02205335746896,79.73205335746897,-32.29,-1.4641979531982956,-0.9252698816290962,0.15421259866201317
32.3,-32.3,112.08999138757139,142.0899913875714,79.78999138757139,-32.3,-1.4640364408390654,-0.9255254182869759,0.15510480613112235
32.31,-32.31,112.15792941767387,142.15792941767387,79.84792941767387,-32.31,-1.4638748838827356,-0.925780926751738,0.15600544005307132
32.32,-32.32,112.22586744777631,142.2258674477763,79.9058674477763,-32.32,-1.4637132823342267,-0.9260364070156012,0.1569143487813139
32.33,-32.33,112.29380547787875,142.29380547787875,79.96380547787875,-32.33,-1.4635516361984615,-0.9262918590707822,0.15783138282453574
32.34,-32.34,112.36174350798123,142.36174350798123,80.02174350798123,-32.34,-1.463389945480364,-0.9265472829094997,0.15875639486218265
32.35,-32.35,112.42968153808367,142.42968153808368,80.07968153808366,-32.35,-1.46322821018486,-0.9268026785239729,0.15968923975643265
32.36,-32.36,112.49761956818611,142.4976195681861,80.13761956818611,-32.36,-1.4630664303168754,-0.9270580459064229,0.16062977456080846
32.37,-32.37,112.56555759828854,142.56555759828854,80.19555759828853,-32.37,-1.4629046058813395,-0.9273133850490687,0.16157785852560544
32.38,-32.38,112.63349562839102,142.63349562839102,80.25349562839102,-32.38,-1.4627427368831807,-0.927568695944134,0.16253335310032785
32.39,-32.39,112.70143365849346,142.70143365849344,80.31143365849346,-32.39,-1.46258082332733,-0.9278239785838412,0.16349612193333954
32.4,-32.4,112.7693716885959,142.7693716885959,80.36937168859589,-32.4,-1.4624188652187198,-0.9280792329604145,0.16390126315660922
32.41,-32.41,112.83730971869834,142.83730971869835,80.42730971869834,-32.41,-1.462256862562284,-0.9283344590660766,0.16335073409370343
32.42,-32.42,112.90524774880082,142.90524774880083,80.48524774880082,-32.42,-1.4620948153629565,-0.9285896568930551,0.16280008580751765
32.43,-32.43,112.97318577890326,142.97318577890326,80.54318577890325,-32.43,-1.4619327236256743,-0.9288448264335744,0.16224931840996668
32.44,-32.44,113.04112380900568,143.04112380900568,80.60112380900568,-32.44,-1.4617705873553755,-0.9290999676798618,0.16169843201301956
32.45,-32.45,113.10906183910816,143.10906183910816,80.65906183910816,-32.45,-1.4616084065569976,-0.9293550806241464,0.16114742672870364
32.46,-32.46,113.1769998692106,143.1769998692106,80.71699986921061,-32.46,-1.4614461812354813,-0.9296101652586571,0.1605963026691048
32.47,-32.47,113.24493789931304,143.24493789931304,80.77493789931304,-32.47,-1.4612839113957694,-0.9298652215756223,0.16004505994635831
32.48,-32.48,113.31287592941548,143.3128759294155,80.83287592941548,-32.48,-1.4611215970428042,-0.9301202495672722,0.15949369867266167
32.49,-32.49,113.38081395951797,143.38081395951798,80.89081395951797,-32.49,-1.4609592381815293,-0.9303752492258408,0.15894221896027083
32.5,-32.5,113.4487519896204,143.4487519896204,80.9487519896204,-32.5,-1.4607968348168914,-0.9306302205435577,0.15839062092149797
32.51,-32.51,113.51669001972283,143.51669001972283,81.00669001972284,-32.51,-1.460634386953838,-0.9308851635126567,0.1578389046687147
32.52,-32.52,113.58462804982531,143.5846280498253,81.0646280498253,-32.52,-1.460471894597316,-0.931140078125373,0.15728707031435238
32.53,-32.53,113.65256607992775,143.65256607992774,81.12256607992775,-32.53,-1.4603093577522765,-0.9313949643739402,0.1567351179709022
32.54,-32.54,113.72050411003019,143.7205041100302,81.1805041100302,-32.54,-1.4601467764236706,-0.9316498222505937,0.15618304775091463
32.55,-32.55,113.78844214013263,143.78844214013264,81.23844214013263,-32.55,-1.4599841506164497,-0.9319046517475721,0.1556308597670037
32.56,-32.56,113.85638017023511,143.85638017023513,81.29638017023511,-32.56,-1.459821480335569,-0.9321594528571107,0.15507855413184024
32.57,-32.57,113.92431820033754,143.92431820033755,81.35431820033753,-32.57,-1.4596587655859827,-0.9324142255714487,0.1545261309581647
32.58,-32.58,113.99225623043998,143.99225623043998,81.41225623043998,-32.58,-1.4594960063726488,-0.9326689698828246,0.15397359035877034
32.59,-32.59,114.06019426054246,144.06019426054246,81.47019426054246,-32.59,-1.4593332027005228,-0.9329236857834804,0.15342093244652172
32.6,-32.6,114.1281322906449,144.12813229064488,81.52813229064489,-32.6,-1.4591703545745662,-0.933178373265655,0.15286815733434173
32.61,-32.61,114.19607032074734,144.19607032074734,81.58607032074734,-32.61,-1.4590074619997389,-0.9334330323215909,0.15231526513522067
32.62,-32.62,114.26400835084978,144.2640083508498,81.64400835084979,-32.62,-1.4588445249810027,-0.9336876629435304,0.1517622559622111
32.63,-32.63,114.33194638095226,144.33194638095227,81.70194638095225,-32.63,-1.4586815435233211,-0.9339422651237176,0.15120912992843205
32.64,-32.64,114.39988441105469,144.3998844110547,81.75988441105468,-32.64,-1.4585185176316593,-0.934196838854396,0.15065588714706665
32.65,-32.65,114.46782244115713,144.46782244115713,81.81782244115712,-32.65,-1.4583554473109823,-0.9344513841278125,0.1501025277313672
32.66,-32.66,114.53576047125956,144.53576047125955,81.87576047125957,-32.66,-1.4581923325662582,-0.9347059009362116,0.1495490517946492
32.67,-32.67,114.60369850136205,144.60369850136203,81.93369850136204,-32.67,-1.458029173402455,-0.9349603892718412,0.148995459450297
32.68,-32.68,114.67163653146449,144.6716365314645,81.99163653146448,-32.68,-1.4578659698245446,-0.9352148491269476,0.14844175081176014
32.69,-32.69,114.73957456156691,144.7395745615669,82.04957456156691,-32.69,-1.4577027218374967,-0.9354692804937813,0.14788792599256295
32.7,-32.7,114.80751259166941,144.80751259166942,82.1075125916694,-32.7,-1.4575394294462851,-0.9357236833645912,0.14733398510629012
32.71,-32.71,114.87545062177183,144.87545062177185,82.16545062177184,-32.71,-1.4573760926558832,-0.9359780577316277,0.1467799282666033
32.72,-32.72,114.94338865187427,144.94338865187427,82.22338865187427,-32.72,-1.457212711471267,-0.9362324035871424,0.14622575558722817
32.73,-32.73,115.01132668197671,145.0113266819767,82.28132668197671,-32.73,-1.4570492858974131,-0.9364867209233871,0.14567146718196272
32.74,-32.74,115.0792647120792,145.07926471207918,82.3392647120792,-32.74,-1.4568858159392999,-0.9367410097326155,0.14511706316467715
32.75,-32.75,115.14720274218163,145.14720274218163,82.39720274218163,-32.75,-1.4567223016019075,-0.9369952700070802,0.14456254364930932
32.76,-32.76,115.21514077228406,145.21514077228406,82.45514077228407,-32.76,-1.456558742890216,-0.937249501739037,0.14400790874987318
32.77,-32.77,115.28307880238656,145.28307880238657,82.51307880238656,-32.77,-1.4563951398092077,-0.9375037049207423,0.14345315858045335
32.78,-32.78,115.35101683248898,145.351016832489,82.57101683248898,-32.78,-1.4562314923638673,-0.9377578795444502,0.1428982932552066
32.79,-32.79,115.41895486259142,145.41895486259142,82.62895486259143,-32.79,-1.4560678005591785,-0.9380120256024204,0.14234331288836344
32.8,-32.8,115.48689289269386,145.48689289269385,82.68689289269386,-32.8,-1.455904064400128,-0.9382661430869111,0.14178821759423063
32.81,-32.81,115.55483092279634,145.55483092279633,82.74483092279634,-32.81,-1.4557402838917044,-0.9385202319901793,0.1412330074871831
32.82,-32.82,115.62276895289878,145.62276895289878,82.80276895289879,-32.82,-1.4555764590388955,-0.9387742923044871,0.14067768268167755
32.83,-32.83,115.6907069830012,145.6907069830012,82.86070698300121,-32.83,-1.455412589846692,-0.9390283240220946,0.14012224329224612
32.84,-32.84,115.7586450131037,145.75864501310372,82.9186450131037,-32.84,-1.4552486763200856,-0.9392823271352645,0.13956668943349096
32.85,-32.85,115.82658304320613,145.82658304320614,82.97658304320612,-32.85,-1.4550847184640705,-0.9395363016362572,0.1390110212200945
32.86,-32.86,115.89452107330857,145.89452107330857,83.03452107330857,-32.86,-1.4549207162836395,-0.9397902475173389,0.13845523876681892
32.87,-32.87,115.962459103411,145.962459103411,83.09245910341102,-32.87,-1.4547566697837895,-0.9400441647707718,0.13789934218849725
32.88,-32.88,116.03039713351349,146.03039713351347,83.15039713351348,-32.88,-1.4545925789695175,-0.9402980533888216,0.13734333160004644
32.89,-32.89,116.09833516361593,146.09833516361593,83.20833516361593,-32.89,-1.4544284438458217,-0.9405519133637552,0.13678720711646017
32.9,-32.9,116.16627319371835,146.16627319371835,83.26627319371835,-32.9,-1.4542642644177015,-0.94080574468784,0.13623096885281147
32.91,-32.91,116.2342112238208,146.2342112238208,83.3242112238208,-32.91,-1.4541000406901596,-0.9410595473533416,0.13567461692425034
32.92,-32.92,116.30214925392328,146.3021492539233,83.38214925392327,-32.92,-1.4539357726681963,-0.9413133213525314,0.13511815144601363
32.93,-32.93,116.37008728402571,146.37008728402571,83.44008728402571,-32.93,-1.4537714603568175,-0.9415670666776772,0.13456157253341153
32.94,-32.94,116.43802531412815,146.43802531412814,83.49802531412816,-32.94,-1.4536071037610276,-0.9418207833210501,0.13400488030183974
32.95,-32.95,116.50596334423064,146.50596334423062,83.55596334423063,-32.95,-1.4534427028858339,-0.9420744712749206,0.13344807486677165
32.96,-32.96,116.57390137433308,146.57390137433308,83.61390137433307,-32.96,-1.4532782577362426,-0.9423281305315633,0.13289115634376997
32.97,-32.97,116.6418394044355,146.6418394044355,83.6718394044355,-32.97,-1.4531137683172648,-0.9425817610832486,0.13233412484847543
32.98,-32.98,116.70977743453794,146.70977743453795,83.72977743453794,-32.98,-1.4529492346339106,-0.9428353629222513,0.13177698049660852
32.99,-32.99,116.77771546464042,146.77771546464044,83.78771546464043,-32.99,-1.452784656691191,-0.9430889360408476,0.13121972340398247
33.0,-33.0,116.84565349474286,146.84565349474286,83.84565349474286,-33.0,-1.4526200344941207,-0.9433424804313116,0.1306623536864873
33.01,-33.01,116.86767728790396,146.86767728790397,83.85767728790395,-33.01,-1.4524553680477137,-0.9435959960859204,0.13068477468319836
33.02,-33.02,116.88970108106507,146.88970108106508,83.86970108106507,-33.02,-1.452290657356986,-0.9438494829969515,0.13070719559187968
33.03,-33.03,116.91172487422617,146.91172487422617,83.88172487422617,-33.03,-1.4521259024269555,-0.9441029411566833,0.13072961637173608
33.04,-33.04,116.93374866738726,146.93374866738725,83.89374866738726,-33.04,-1.4519611032626403,-0.944356370557395,0.13075203698197227
33.05,-33.05,116.95577246054836,146.95577246054836,83.90577246054836,-33.05,-1.451796259869061,-0.9446097711913665,0.1307744573817913
33.06,-33.06,116.97779625370947,146.97779625370947,83.91779625370947,-33.06,-1.4516313722512384,-0.9448631430508792,0.13079687753039446
33.07,-33.07,116.99982004687055,146.99982004687055,83.92982004687056,-33.07,-1.4514664404141957,-0.9451164861282145,0.13081929738698383
33.08,-33.08,117.02184384003165,147.02184384003164,83.94184384003165,-33.08,-1.4513014643629574,-0.9453698004156549,0.1308417169107623
33.09,-33.09,117.04386763319276,147.04386763319275,83.95386763319276,-33.09,-1.4511364441025478,-0.9456230859054855,0.1308641360609285
33.1,-33.1,117.06589142635386,147.06589142635386,83.96589142635386,-33.1,-1.4509713796379944,-0.9458763425899892,0.1308865547966827
33.11,-33.11,117.08791521951495,147.08791521951497,83.97791521951495,-33.11,-1.4508062709743252,-0.9461295704614524,0.13090897307722346
33.12,-33.12,117.10993901267605,147.10993901267605,83.98993901267605,-33.12,-1.4506411181165706,-0.9463827695121597,0.13093139086174668
33.13,-33.13,117.13196280583716,147.13196280583716,84.00196280583717,-33.13,-1.4504759210697602,-0.9466359397343999,0.13095380810944998
33.14,-33.14,117.15398659899826,147.15398659899824,84.01398659899826,-33.14,-1.4503106798389267,-0.9468890811204604,0.13097622477953266
33.15,-33.15,117.17601039215936,147.17601039215936,84.02601039215935,-33.15,-1.4501453944291036,-0.9471421936626302,0.13099864083118792
33.16,-33.16,117.19803418532045,147.19803418532047,84.03803418532046,-33.16,-1.4499800648453258,-0.947395277353199,0.13102105622361074
33.17,-33.17,117.22005797848156,147.22005797848158,84.05005797848156,-33.17,-1.449814691092629,-0.9476483321844577,0.13104347091599683
33.18,-33.18,117.24208177164266,147.24208177164266,84.06208177164265,-33.18,-1.4496492731760517,-0.947901358148697,0.13106588486753762
33.19,-33.19,117.26410556480374,147.26410556480374,84.07410556480374,-33.19,-1.449483811100633,-0.9481543552382093,0.13108829803742617
33.2,-33.2,117.28612935796485,147.28612935796485,84.08612935796485,-33.2,-1.449318304871412,-0.9484073234452889,0.13111071038485553
33.21,-33.21,117.30815315112595,147.30815315112596,84.09815315112596,-33.21,-1.4491527544934304,-0.9486602627622301,0.13113312186901696
33.22,-33.22,117.33017694428705,147.33017694428705,84.11017694428705,-33.22,-1.4489871599717323,-0.9489131731813257,0.13115553244909917
33.23,-33.23,117.35220073744814,147.35220073744813,84.12220073744814,-33.23,-1.4488215213113613,-0.949166054694874,0.13117794208429498
33.24,-33.24,117.37422453060925,147.37422453060924,84.13422453060926,-33.24,-1.4486558385173622,-0.9494189072951715,0.1312003507337921
33.25,-33.25,117.39624832377035,147.39624832377035,84.14624832377035,-33.25,-1.4484901115947841,-0.949671730974514,0.1312227583567782
33.26,-33.26,117.41827211693145,147.41827211693146,84.15827211693144,-33.26,-1.4483243405486732,-0.949924525725202,0.1312451649124434
33.27,-33.27,117.44029591009256,147.44029591009257,84.17029591009256,-33.27,-1.44815852538408,-0.9501772915395349,0.13126757035997516
33.28,-33.28,117.46231970325366,147.46231970325366,84.18231970325365,-33.28,-1.4479926661060558,-0.9504300284098119,0.13128997465855843
33.29,-33.29,117.48434349641475,147.48434349641474,84.19434349641475,-33.29,-1.4478267627196533,-0.9506827363283338,0.131312377767378
33.3,-33.3,117.50636728957585,147.50636728957585,84.20636728957585,-33.3,-1.4476608152299246,-0.9509354152874049,0.13133477964562373
33.31,-33.31,117.52839108273696,147.52839108273696,84.21839108273696,-33.31,-1.4474948236419263,-0.9511880652793262,0.1313571802524777
33.32,-33.32,117.55041487589804,147.55041487589804,84.23041487589805,-33.32,-1.447328787960715,-0.9514406862964015,0.1313795795471228
33.33,-33.33,117.57243866905914,147.57243866905912,84.24243866905914,-33.33,-1.447162708191347,-0.951693278330937,0.1314019774887452
33.34,-33.34,117.59446246222025,147.59446246222024,84.25446246222025,-33.34,-1.4469965843388817,-0.9519458413752379,0.13142437403652676
33.35,-33.35,117.61648625538135,147.61648625538135,84.26648625538135,-33.35,-1.4468304164083807,-0.952198375421609,0.13144676914964926
33.36,-33.36,117.63851004854244,147.63851004854246,84.27851004854244,-33.36,-1.4466642044049043,-0.9524508804623603,0.131469162787296
33.37,-33.37,117.66053384170354,147.66053384170354,84.29053384170354,-33.37,-1.4464979483335165,-0.952703356489798,0.13149155490864692
33.38,-33.38,117.68255763486465,147.68255763486465,84.30255763486466,-33.38,-1.4463316481992816,-0.9529558034962321,0.13151394547288253
33.39,-33.39,117.70458142802575,147.70458142802573,84.31458142802575,-33.39,-1.4461653040072657,-0.9532082214739717,0.13153633443918422
33.4,-33.4,117.72660522118684,147.72660522118684,84.32660522118684,-33.4,-1.4459989157625348,-0.9534606104153298,0.1315587217667315
33.41,-33.41,117.74862901434794,147.74862901434796,84.33862901434794,-33.41,-1.4458324834701586,-0.9537129703126163,0.13158110741470375
33.42,-33.42,117.77065280750905,147.77065280750907,84.35065280750905,-33.42,-1.4456660071352059,-0.9539653011581449,0.13160349134227856
33.43,-33.43,117.79267660067015,147.79267660067015,84.36267660067014,-33.43,-1.4454994867627493,-0.9542176029442275,0.13162587350863167
33.44,-33.44,117.81470039383123,147.81470039383123,84.37470039383123,-33.44,-1.4453329223578602,-0.9544698756631804,0.13164825387294465
33.45,-33.45,117.83672418699234,147.83672418699234,84.38672418699234,-33.45,-1.4451663139256126,-0.9547221193073185,0.1316706323943921
33.46,-33.46,117.85874798015344,147.85874798015345,84.39874798015344,-33.46,-1.4449996614710816,-0.9549743338689575,0.1316930090321511
33.47,-33.47,117.88077177331454,147.88077177331454,84.41077177331454,-33.47,-1.4448329649993439,-0.955226519340415,0.1317153837453976
33.48,-33.48,117.90279556647563,147.90279556647562,84.42279556647563,-33.48,-1.4446662245154773,-0.9554786757140088,0.13173775649330832
33.49,-33.49,117.92481935963674,147.92481935963673,84.43481935963675,-33.49,-1.4444994400245612,-0.9557308029820579,0.13176012723505565
33.5,-33.5,117.94684315279784,147.94684315279784,84.44684315279784,-33.5,-1.4443326115316757,-0.9559829011368818,0.1317824959298159
33.51,-33.51,117.96886694595894,147.96886694595895,84.45886694595893,-33.51,-1.4441657390419032,-0.9562349701708013,0.1318048625367619
33.52,-33.52,117.99089073912005,147.99089073912006,84.47089073912005,-33.52,-1.4439988225603262,-0.9564870100761386,0.13182722701506971
33.53,-33.53,118.01291453228114,148.01291453228114,84.48291453228114,-33.53,-1.4438318620920305,-0.9567390208452141,0.1318495893239092
33.54,-33.54,118.03493832544224,148.03493832544223,84.49493832544223,-33.54,-1.443664857642101,-0.9569910024703533,0.13187194942245434
33.55,-33.55,118.05696211860334,148.05696211860334,84.50696211860334,-33.55,-1.4434978092156248,-0.9572429549438801,0.1318943072698797
33.56,-33.56,118.07898591176445,148.07898591176445,84.51898591176445,-33.56,-1.4433307168176917,-0.9574948782581179,0.13191666282535208
33.57,-33.57,118.10100970492553,148.10100970492553,84.53100970492554,-33.57,-1.4431635804533904,-0.9577467724053944,0.13193901604804817
33.58,-33.58,118.12303349808663,148.1230334980866,84.54303349808663,-33.58,-1.4429964001278124,-0.9579986373780359,0.131961366897136
33.59,-33.59,118.14505729124774,148.14505729124772,84.55505729124773,-33.59,-1.4428291758460507,-0.9582504731683701,0.13198371533178763
33.6,-33.6,118.16708108440884,148.16708108440884,84.56708108440884,-33.6,-1.442661907613199,-0.9585022797687258,0.13200606131117057
33.61,-33.61,118.18910487756993,148.18910487756995,84.57910487756993,-33.61,-1.4424945954343524,-0.9587540571714332,0.13202840479445896
33.62,-33.62,118.21112867073103,148.21112867073103,84.59112867073102,-33.62,-1.442327239314608,-0.9590058053688212,0.13205074574081987
33.63,-33.63,118.23315246389214,148.23315246389214,84.60315246389214,-33.63,-1.4421598392590638,-0.9592575243532211,0.13207308410942095
33.64,-33.64,118.25517625705324,148.25517625705322,84.61517625705324,-33.64,-1.4419923952728186,-0.9595092141169668,0.13209541985943385
33.65,-33.65,118.27720005021433,148.27720005021433,84.62720005021433,-33.65,-1.4418249073609726,-0.9597608746523909,0.1321177529500248
33.66,-33.66,118.29922384337543,148.29922384337544,84.63922384337543,-33.66,-1.4416573755286293,-0.9600125059518256,0.1321400833403599
33.67,-33.67,118.32124763653654,148.32124763653655,84.65124763653654,-33.67,-1.4414897997808904,-0.9602641080076086,0.1321624109896132
33.68,-33.68,118.34327142969764,148.34327142969764,84.66327142969763,-33.68,-1.4413221801228615,-0.9605156808120736,0.13218473585694762
33.69,-33.69,118.36529522285872,148.36529522285872,84.67529522285872,-33.69,-1.4411545165596489,-0.9607672243575571,0.13220705790152917
33.7,-33.7,118.38731901601983,148.38731901601983,84.68731901601983,-33.7,-1.440986809096359,-0.961018738636398,0.1322293770825268
33.71,-33.71,118.40934280918093,148.40934280918094,84.69934280918093,-33.71,-1.4408190577381002,-0.9612702236409347,0.1322516933591067
33.72,-33.72,118.43136660234202,148.43136660234202,84.71136660234203,-33.72,-1.4406512624899837,-0.9615216793635054,0.13227400669043388
33.73,-33.73,118.45339039550312,148.4533903955031,84.72339039550312,-33.73,-1.4404834233571207,-0.9617731057964501,0.1322963170356738
33.74,-33.74,118.47541418866423,148.47541418866422,84.73541418866424,-33.74,-1.4403155403446226,-0.9620245029321122,0.13231862435399414
33.75,-33.75,118.49743798182533,148.49743798182533,84.74743798182533,-33.75,-1.4401476134576048,-0.9622758707628314,0.13234092860455804
33.76,-33.76,118.51946177498642,148.51946177498644,84.75946177498642,-33.76,-1.4399796427011822,-0.9625272092809509,0.1323632297465307
33.77,-33.77,118.54148556814754,148.54148556814755,84.77148556814754,-33.77,-1.439811628080471,-0.962778518478816,0.13238552773907789
33.78,-33.78,118.56350936130863,148.56350936130863,84.78350936130863,-33.78,-1.4396435696005896,-0.9630297983487699,0.13240782254136324
33.79,-33.79,118.58553315446973,148.58553315446972,84.79553315446972,-33.79,-1.4394754672666576,-0.9632810488831579,0.1324301141125509
33.8,-33.8,118.60755694763083,148.60755694763083,84.80755694763083,-33.8,-1.439307321083795,-0.9635322700743285,0.13245240241180536
33.81,-33.81,118.62958074079194,148.62958074079194,84.81958074079193,-33.81,-1.4391391310571247,-0.9637834619146273,0.13247468739828908
33.82,-33.82,118.65160453395302,148.65160453395302,84.83160453395303,-33.82,-1.4389708971917696,-0.9640346243964029,0.1324969690311666
33.83,-33.83,118.67362832711412,148.6736283271141,84.84362832711412,-33.83,-1.4388026194928547,-0.9642857575120038,0.13251924726960032
33.84,-33.84,118.69565212027523,148.6956521202752,84.85565212027522,-33.84,-1.4386342979655051,-0.9645368612537822,0.13254152207275477
33.85,-33.85,118.71767591343632,148.71767591343632,84.86767591343633,-33.85,-1.438465932614849,-0.9647879356140872,0.1325637933997898
33.86,-33.86,118.73969970659742,148.73969970659743,84.87969970659742,-33.86,-1.4382975234460151,-0.965038980585271,0.13258606120987315
33.87,-33.87,118.76172349975852,148.76172349975852,84.89172349975851,-33.87,-1.4381290704641334,-0.9652899961596866,0.13260832546216206
33.88,-33.88,118.78374729291963,148.78374729291963,84.90374729291963,-33.88,-1.4379605736743348,-0.9655409823296873,0.1326305861158208
33.89,-33.89,118.80577108608072,148.8057710860807,84.91577108608072,-33.89,-1.437792033081753,-0.9657919390876272,0.1326528431300107
33.9,-33.9,118.82779487924182,148.82779487924182,84.92779487924182,-33.9,-1.4376234486915205,-0.9660428664258637,0.13267509646389664
33.91,-33.91,118.84981867240292,148.84981867240293,84.93981867240292,-33.91,-1.4374548205087738,-0.966293764336751,0.13269734607663639
33.92,-33.92,118.87184246556403,148.87184246556404,84.95184246556403,-33.92,-1.437286148538649,-0.9665446328126477,0.1327195919273947
33.93,-33.93,118.89386625872513,148.89386625872513,84.96386625872512,-33.93,-1.4371174327862857,-0.9667954718459099,0.13274183397533154
33.94,-33.94,118.91589005188621,148.9158900518862,84.97589005188621,-33.94,-1.4369486732568213,-0.9670462814288987,0.1327640721796081
33.95,-33.95,118.93791384504732,148.93791384504732,84.98791384504732,-33.95,-1.4367798699553973,-0.9672970615539732,0.13278630649938572
33.96,-33.96,118.95993763820842,148.95993763820843,84.99993763820842,-33.96,-1.4366110228871554,-0.9675478122134951,0.1328085368938261
33.97,-33.97,118.98196143136951,148.9819614313695,85.01196143136951,-33.97,-1.4364421320572403,-0.9677985333998237,0.13283076332208865
33.98,-33.98,119.00398522453061,149.0039852245306,85.0239852245306,-33.98,-1.4362731974707952,-0.968049225105324,0.13285298574333718
33.99,-33.99,119.02600901769172,149.0260090176917,85.03600901769173,-33.99,-1.436104219132966,-0.9682998873223593,0.13287520411672984
34.0,-34.0,119.04803281085282,149.04803281085282,85.04803281085282,-34.0,-1.4359351970489016,-0.968550520043292,0.13289741840142755
34.01,-34.01,119.05474795060115,149.05474795060115,85.04474795060116,-34.01,-1.4357661312237497,-0.9688011232604893,0.13311353403102139
34.02,-34.02,119.0614630903495,149.0614630903495,85.04146309034951,-34.02,-1.43559702166266,-0.9690516969663175,0.1333296493954647
34.03,-34.03,119.06817823009784,149.06817823009783,85.03817823009784,-34.03,-1.435427868370785,-0.9693022411531419,0.13354576449281919
34.04,-34.04,119.07489336984618,149.07489336984617,85.03489336984617,-34.04,-1.4352586713532767,-0.9695527558133322,0.1337618793211532
34.05,-34.05,119.08160850959452,149.0816085095945,85.03160850959452,-34.05,-1.4350894306152884,-0.9698032409392573,0.1339779938785326
34.06,-34.06,119.08832364934285,149.08832364934284,85.02832364934285,-34.06,-1.4349201461619767,-0.9700536965232855,0.1341941081630185
34.07,-34.07,119.0950387890912,149.0950387890912,85.02503878909121,-34.07,-1.4347508179984985,-0.9703041225577882,0.13441022217267848
34.08,-34.08,119.10175392883954,149.10175392883954,85.02175392883954,-34.08,-1.4345814461300106,-0.9705545190351375,0.13462633590557707
34.09,-34.09,119.10846906858788,149.10846906858788,85.01846906858788,-34.09,-1.4344120305616725,-0.9708048859477061,0.13484244935978032
34.1,-34.1,119.11518420833622,149.11518420833622,85.01518420833622,-34.1,-1.4342425712986464,-0.9710552232878658,0.13505856253335283
34.11,-34.11,119.12189934808457,149.12189934808458,85.01189934808457,-34.11,-1.4340730683460923,-0.971305531047993,0.13527467542436078
34.12,-34.12,119.1286144878329,149.12861448783292,85.00861448783292,-34.12,-1.433903521709175,-0.9715558092204613,0.1354907880308672
34.13,-34.13,119.13532962758124,149.13532962758126,85.00532962758123,-34.13,-1.433733931393059,-0.9718060577976466,0.13570690035093838
34.14,-34.14,119.14204476732958,149.1420447673296,85.00204476732958,-34.14,-1.4335642974029097,-0.9720562767719272,0.13592301238263912
34.15,-34.15,119.14875990707792,149.14875990707793,84.99875990707793,-34.15,-1.4333946197438943,-0.972306466135681,0.1361391241240358
34.16,-34.16,119.15547504682627,149.15547504682627,84.99547504682627,-34.16,-1.4332248984211824,-0.9725566258812856,0.1363552355731917
34.17,-34.17,119.1621901865746,149.1621901865746,84.9921901865746,-34.17,-1.4330551334399437,-0.9728067560011213,0.13657134672817411
34.18,-34.18,119.16890532632294,149.16890532632294,84.98890532632294,-34.18,-1.432885324805349,-0.9730568564875686,0.13678745758704555
34.19,-34.19,119.17562046607128,149.17562046607128,84.98562046607128,-34.19,-1.432715472522572,-0.973306927333009,0.13700356814787268
34.2,-34.2,119.18233560581963,149.18233560581962,84.98233560581963,-34.2,-1.4325455765967858,-0.9735569685298245,0.13721967840872054
34.21,-34.21,119.18905074556797,149.18905074556795,84.97905074556797,-34.21,-1.4323756370331655,-0.9738069800704002,0.13743578836765502
34.22,-34.22,119.1957658853163,149.1957658853163,84.9757658853163,-34.22,-1.4322056538368886,-0.9740569619471183,0.1376518980227389
34.23,-34.23,119.20248102506464,149.20248102506463,84.97248102506464,-34.23,-1.4320356270131331,-0.9743069141523639,0.13786800737203894
34.24,-34.24,119.209196164813,149.209196164813,84.96919616481298,-34.24,-1.4318655565670773,-0.9745568366785252,0.13808411641362045
34.25,-34.25,119.21591130456133,149.21591130456133,84.96591130456133,-34.25,-1.4316954425039026,-0.974806729517987,0.13830022514554874
34.26,-34.26,119.22262644430967,149.22262644430967,84.96262644430968,-34.26,-1.4315252848287912,-0.9750565926631377,0.13851633356588752
34.27,-34.27,119.229341584058,149.229341584058,84.959341584058,-34.27,-1.4313550835469258,-0.9753064261063663,0.13873244167270385
34.28,-34.28,119.23605672380634,149.23605672380634,84.95605672380634,-34.28,-1.431184838663491,-0.9755562298400621,0.13894854946406077
34.29,-34.29,119.2427718635547,149.2427718635547,84.95277186355469,-34.29,-1.4310145501836735,-0.975806003856616,0.13916465693802374
34.3,-34.3,119.24948700330303,149.24948700330305,84.94948700330303,-34.3,-1.43084421811266,-0.9760557481484192,0.13938076409265998
34.31,-34.31,119.25620214305137,149.25620214305138,84.94620214305137,-34.31,-1.4306738424556393,-0.976305462707864,0.13959687092603268
34.32,-34.32,119.2629172827997,149.26291728279972,84.9429172827997,-34.32,-1.430503423217801,-0.9765551475273437,0.1398129774362075
34.33,-34.33,119.26963242254806,149.26963242254806,84.93963242254806,-34.33,-1.4303329604043373,-0.9768048025992522,0.14002908362124852
34.34,-34.34,119.2763475622964,149.2763475622964,84.93634756229639,-34.34,-1.4301624540204392,-0.977054427915986,0.14024518947922315
34.35,-34.35,119.28306270204473,149.28306270204473,84.93306270204474,-34.35,-1.429991904071302,-0.9773040234699394,0.14046129500819554
34.36,-34.36,119.28977784179307,149.28977784179307,84.92977784179307,-34.36,-1.42982131056212,-0.9775535892535107,0.14067740020623073
34.37,-34.37,119.2964929815414,149.2964929815414,84.9264929815414,-34.37,-1.4296506734980912,-0.9778031252590953,0.14089350507139153
34.38,-34.38,119.30320812128976,149.30320812128974,84.92320812128975,-34.38,-1.4294799928844122,-0.9780526314790943,0.14110960960174546
34.39,-34.39,119.3099232610381,149.30992326103808,84.9199232610381,-34.39,-1.4293092687262825,-0.9783021079059063,0.14132571379535844
34.4,-34.4,119.31663840078643,149.31663840078642,84.91663840078644,-34.4,-1.4291385010289026,-0.9785515545319321,0.1415418176502926
34.41,-34.41,119.32335354053477,149.32335354053475,84.91335354053477,-34.41,-1.4289676897974748,-0.9788009713495731,0.14175792116461644
34.42,-34.42,119.33006868028312,149.33006868028312,84.91006868028312,-34.42,-1.4287968350372013,-0.979050358351232,0.1419740243363937
34.43,-34.43,119.33678382003146,149.33678382003146,84.90678382003145,-34.43,-1.4286259367532883,-0.9792997155293109,0.14219012716368895
34.44,-34.44,119.3434989597798,149.3434989597798,84.9034989597798,-34.44,-1.4284549949509409,-0.9795490428762142,0.14240622964456537
34.45,-34.45,119.35021409952813,149.35021409952813,84.90021409952813,-34.45,-1.4282840096353655,-0.9797983403843478,0.1426223317770931
34.46,-34.46,119.35692923927648,149.3569292392765,84.89692923927649,-34.46,-1.4281129808117712,-0.9800476080461181,0.14283843355933376
34.47,-34.47,119.36364437902482,149.36364437902483,84.89364437902482,-34.47,-1.4279419084853684,-0.9802968458539296,0.1430545349893522
34.48,-34.48,119.37035951877316,149.37035951877317,84.89035951877315,-34.48,-1.4277707926613676,-0.9805460538001923,0.1432706360652148
34.49,-34.49,119.3770746585215,149.3770746585215,84.8870746585215,-34.49,-1.4275996333449807,-0.980795231877315,0.14348673678498805
34.5,-34.5,119.38378979826985,149.38378979826985,84.88378979826985,-34.5,-1.4274284305414229,-0.9810443800777057,0.1437028371467338
34.51,-34.51,119.39050493801818,149.39050493801818,84.88050493801819,-34.51,-1.427257184255909,-0.981293498393775,0.14391893714851778
34.52,-34.52,119.39722007776652,149.39722007776652,84.87722007776651,-34.52,-1.4270858944936542,-0.9815425868179365,0.14413503678840817
34.53,-34.53,119.40393521751486,149.40393521751486,84.87393521751486,-34.53,-1.4269145612598777,-0.9817916453426003,0.1443511360644662
34.54,-34.54,119.4106503572632,149.4106503572632,84.8706503572632,-34.54,-1.4267431845597986,-0.9820406739601797,0.14456723497475854
34.55,-34.55,119.41736549701155,149.41736549701153,84.86736549701155,-34.55,-1.426571764398636,-0.982289672663091,0.1447833335173527
34.56,-34.56,119.42408063675988,149.42408063675987,84.86408063675988,-34.56,-1.4264003007816128,-0.9825386414437469,0.14499943169030932
34.57,-34.57,119.43079577650822,149.4307957765082,84.86079577650821,-34.57,-1.4262287937139524,-0.982787580294564,0.14521552949169597
34.58,-34.58,119.43751091625656,149.43751091625654,84.85751091625656,-34.58,-1.426057243200878,-0.9830364892079598,0.14543162691957723
34.59,-34.59,119.44422605600491,149.4442260560049,84.8542260560049,-34.59,-1.4258856492476157,-0.9832853681763528,0.14564772397201997
34.6,-34.6,119.45094119575324,149.45094119575324,84.85094119575325,-34.6,-1.425714011859393,-0.9835342171921597,0.14586382064708658
34.61,-34.61,119.45765633550158,149.45765633550158,84.84765633550158,-34.61,-1.425542331041438,-0.9837830362478014,0.14607991694284406
34.62,-34.62,119.46437147524992,149.46437147524992,84.84437147524991,-34.62,-1.4253706067989804,-0.9840318253356979,0.14629601285735638
34.63,-34.63,119.47108661499827,149.47108661499828,84.84108661499826,-34.63,-1.4251988391372516,-0.984280584448271,0.1465121083886891
34.64,-34.64,119.47780175474661,149.47780175474662,84.83780175474661,-34.64,-1.4250270280614838,-0.9845293135779424,0.14672820353490634
34.65,-34.65,119.48451689449494,149.48451689449496,84.83451689449495,-34.65,-1.4248551735769097,-0.9847780127171372,0.14694429829407524
34.66,-34.66,119.49123203424328,149.4912320342433,84.83123203424329,-34.66,-1.4246832756887653,-0.9850266818582778,0.14716039266425995
34.67,-34.67,119.49794717399162,149.49794717399163,84.82794717399162,-34.67,-1.4245113344022866,-0.9852753209937903,0.1473764866435255
34.68,-34.68,119.50466231373997,149.50466231373997,84.82466231373996,-34.68,-1.424339349722712,-0.9855239301160992,0.1475925802299369
34.69,-34.69,119.51137745348831,149.5113774534883,84.82137745348831,-34.69,-1.424167321655279,-0.9857725092176332,0.14780867342155923
34.7,-34.7,119.51809259323664,149.51809259323664,84.81809259323664,-34.7,-1.4239952502052289,-0.9860210582908191,0.1480247662164576
34.71,-34.71,119.52480773298498,149.52480773298498,84.81480773298497,-34.71,-1.423823135377803,-0.9862695773280863,0.14824085861269642
34.72,-34.72,119.53152287273333,149.53152287273332,84.81152287273333,-34.72,-1.4236509771782444,-0.986518066321864,0.1484569506083417
34.73,-34.73,119.53823801248167,149.53823801248166,84.80823801248167,-34.73,-1.4234787756117968,-0.9867665252645831,0.14867304220145935
34.74,-34.74,119.54495315223001,149.54495315223,84.80495315223001,-34.74,-1.4233065306837063,-0.987014954148675,0.14888913339011323
34.75,-34.75,119.55166829197834,149.55166829197833,84.80166829197834,-34.75,-1.4231342423992197,-0.9872633529665721,0.14910522417236868
34.76,-34.76,119.55838343172668,149.55838343172667,84.79838343172668,-34.76,-1.4229619107635854,-0.9875117217107077,0.1493213145462896
34.77,-34.77,119.56509857147503,149.56509857147503,84.79509857147502,-34.77,-1.4227895357820517,-0.9877600603735168,0.14953740450994438
34.78,-34.78,119.57181371122337,149.57181371122337,84.79181371122337,-34.78,-1.4226171174598714,-0.9880083689474327,0.14975349406139404
34.79,-34.79,119.57852885097171,149.5785288509717,84.78852885097172,-34.79,-1.4224446558022952,-0.9882566474248932,0.14996958319870635
34.8,-34.8,119.58524399072004,149.58524399072004,84.78524399072005,-34.8,-1.4222721508145766,-0.9885048957983353,0.15018567191994756
34.81,-34.81,119.5919591304684,149.5919591304684,84.7819591304684,-34.81,-1.4220996025019716,-0.9887531140601953,0.15040176022317814
34.82,-34.82,119.59867427021673,149.59867427021675,84.77867427021673,-34.82,-1.4219270108697355,-0.9890013022029136,0.1506178481064667
34.83,-34.83,119.60538940996507,149.60538940996508,84.77538940996507,-34.83,-1.4217543759231255,-0.9892494602189297,0.15083393556787889
34.84,-34.84,119.61210454971341,149.61210454971342,84.7721045497134,-34.84,-1.4215816976674007,-0.9894975881006839,0.15105002260547823
34.85,-34.85,119.61881968946176,149.61881968946176,84.76881968946176,-34.85,-1.4214089761078212,-0.9897456858406181,0.1512661092173298
34.86,-34.86,119.6255348292101,149.6255348292101,84.7655348292101,-34.86,-1.4212362112496477,-0.9899937534311752,0.15148219540150087
34.87,-34.87,119.63224996895843,149.63224996895843,84.76224996895843,-34.87,-1.4210634030981442,-0.9902417908647975,0.15169828115605363
34.88,-34.88,119.63896510870677,149.63896510870677,84.75896510870678,-34.88,-1.4208905516585744,-0.9904897981339292,0.15191436647905326
34.89,-34.89,119.64568024845511,149.6456802484551,84.7556802484551,-34.89,-1.4207176569362028,-0.9907377752310171,0.1521304513685664
34.9,-34.9,119.65239538820346,149.65239538820344,84.75239538820347,-34.9,-1.4205447189362963,-0.9909857221485072,0.15234653582265836
34.91,-34.91,119.6591105279518,149.65911052795178,84.7491105279518,-34.91,-1.4203717376641243,-0.9912336388788446,0.1525626198393922
34.92,-34.92,119.66582566770013,149.66582566770012,84.74582566770013,-34.92,-1.4201987131249538,-0.9914815254144803,0.15277870341683694
34.93,-34.93,119.67254080744847,149.67254080744846,84.74254080744848,-34.93,-1.4200256453240572,-0.9917293817478608,0.15299478655305432
34.94,-34.94,119.67925594719682,149.67925594719682,84.73925594719682,-34.94,-1.419852534266706,-0.991977207871437,0.153210869246109
34.95,-34.95,119.68597108694516,149.68597108694516,84.73597108694516,-34.95,-1.4196793799581737,-0.9922250037776587,0.15342695149406793
34.96,-34.96,119.6926862266935,149.6926862266935,84.73268622669349,-34.96,-1.4195061824037338,-0.9924727694589798,0.15364303329499587
34.97,-34.97,119.69940136644183,149.69940136644183,84.72940136644183,-34.97,-1.4193329416086633,-0.9927205049078509,0.1538591146469584
34.98,-34.98,119.70611650619017,149.70611650619017,84.72611650619018,-34.98,-1.4191596575782395,-0.9929682101167254,0.1540751955480182
34.99,-34.99,119.71283164593852,149.71283164593854,84.72283164593853,-34.99,-1.4189863303177397,-0.9932158850780601,0.15429127599624382
35.0,-35.0,119.71954678568686,149.71954678568687,84.71954678568686,-35.0,-1.4188129598324448,-0.9934635297843082,0.154507355989698
35.01,-35.01,119.72153989948616,149.72153989948617,84.71153989948616,-35.01,-1.4186395461276362,-0.993711144227926,0.15478316128677896
35.02,-35.02,119.72353301328546,149.72353301328548,84.70353301328547,-35.02,-1.4184660892085952,-0.9939587284013726,0.15505896347205572
35.03,-35.03,119.72552612708476,149.72552612708478,84.69552612708476,-35.03,-1.4182925890806066,-0.9942062822971043,0.15533476254077677
35.04,-35.04,119.72751924088406,149.72751924088408,84.68751924088406,-35.04,-1.4181190457489552,-0.9944538059075809,0.1556105584881949
35.05,-35.05,119.72951235468337,149.72951235468338,84.67951235468337,-35.05,-1.4179454592189273,-0.9947012992252622,0.1558863513095614
35.06,-35.06,119.73150546848268,149.73150546848268,84.67150546848268,-35.06,-1.417771829495811,-0.9949487622426093,0.15616214100012682
35.07,-35.07,119.73349858228198,149.73349858228198,84.66349858228199,-35.07,-1.4175981565848952,-0.9951961949520842,0.15643792755514305
35.08,-35.08,119.73549169608128,149.73549169608128,84.65549169608128,-35.08,-1.4174244404914706,-0.9954435973461485,0.15671371096985975
35.09,-35.09,119.73748480988058,149.73748480988058,84.64748480988058,-35.09,-1.4172506812208276,-0.9956909694172685,0.15698949123953232
35.1,-35.1,119.73947792367989,149.73947792367989,84.63947792367989,-35.1,-1.4170768787782606,-0.9959383111579062,0.15726526835940888
35.11,-35.11,119.74147103747919,149.7414710374792,84.63147103747919,-35.11,-1.4169030331690629,-0.9961856225605291,0.1575410423247432
35.12,-35.12,119.74346415127849,149.7434641512785,84.62346415127848,-35.12,-1.4167291443985317,-0.9964329036176011,0.15781681313078338
35.13,-35.13,119.74545726507779,149.7454572650778,84.6154572650778,-35.13,-1.4165552124719625,-0.996680154321592,0.15809258077278443
35.14,-35.14,119.74745037887709,149.7474503788771,84.60745037887709,-35.14,-1.4163812373946543,-0.9969273746649692,0.15836834524599713
35.15,-35.15,119.74944349267639,149.7494434926764,84.59944349267639,-35.15,-1.416207219171906,-0.997174564640202,0.1586441065456743
35.16,-35.16,119.7514366064757,149.7514366064757,84.59143660647571,-35.16,-1.416033157809019,-0.9974217242397607,0.1589198646670651
35.17,-35.17,119.75342972027501,149.753429720275,84.583429720275,-35.17,-1.4158590533112954,-0.9976688534561167,0.15919561960542433
35.18,-35.18,119.75542283407431,149.7554228340743,84.57542283407432,-35.18,-1.415684905684039,-0.9979159522817403,0.15947137135600178
35.19,-35.19,119.75741594787361,149.7574159478736,84.56741594787361,-35.19,-1.4155107149325545,-0.9981630207091067,0.15974711991405133
35.2,-35.2,119.75940906167291,149.7594090616729,84.55940906167291,-35.2,-1.4153364810621476,-0.9984100587306884,0.16002286527482337
35.21,-35.21,119.76140217547221,149.7614021754722,84.55140217547222,-35.21,-1.4151622040781258,-0.9986570663389615,0.16029860743357233
35.22,-35.22,119.76339528927151,149.7633952892715,84.54339528927152,-35.22,-1.4149878839857988,-0.9989040435263995,0.16057434638554705
35.23,-35.23,119.76538840307082,149.7653884030708,84.53538840307081,-35.23,-1.4148135207904762,-0.9991509902854807,0.16085008212600382
35.24,-35.24,119.76738151687012,149.7673815168701,84.52738151687012,-35.24,-1.4146391144974684,-0.9993979066086832,0.1611258146501935
35.25,-35.25,119.76937463066943,149.76937463066943,84.51937463066943,-35.25,-1.41446466511209,-0.9996447924884833,0.16140154395336667
35.26,-35.26,119.77136774446873,149.77136774446873,84.51136774446874,-35.26,-1.4142901726396535,-0.9998916479173624,0.16167727003077878
35.27,-35.27,119.77336085826803,149.77336085826803,84.50336085826802,-35.27,-1.4141156370854744,-1.0001384728878007,0.16195299287768036
35.28,-35.28,119.77535397206734,149.77535397206734,84.49535397206733,-35.28,-1.4139410584548708,-1.000385267392278,0.1622287124893232
35.29,-35.29,119.77734708586664,149.77734708586664,84.48734708586665,-35.29,-1.413766436753159,-1.0006320314232777,0.16250442886096317
35.3,-35.3,119.77934019966594,149.77934019966594,84.47934019966594,-35.3,-1.4135917719856588,-1.0008787649732835,0.16278014198785187
35.31,-35.31,119.78133331346524,149.78133331346524,84.47133331346524,-35.31,-1.4134170641576909,-1.001125468034778,0.16305585186524088
35.32,-35.32,119.78332642726454,149.78332642726454,84.46332642726455,-35.32,-1.4132423132745777,-1.0013721406002465,0.16333155848838235
35.33,-35.33,119.78531954106384,149.78531954106384,84.45531954106384,-35.33,-1.4130675193416415,-1.0016187826621759,0.16360726185253174
35.34,-35.34,119.78731265486314,149.78731265486314,84.44731265486314,-35.34,-1.412892682364207,-1.001865394213053,0.16388296195294175
35.35,-35.35,119.78930576866246,149.78930576866247,84.43930576866245,-35.35,-1.4127178023476008,-1.0021119752453638,0.16415865878486285
35.36,-35.36,119.79129888246176,149.79129888246177,84.43129888246176,-35.36,-1.412542879297149,-1.0023585257515992,0.1644343523435516
35.37,-35.37,119.79329199626106,149.79329199626108,84.42329199626107,-35.37,-1.4123679132181808,-1.0026050457242477,0.16471004262425906
35.38,-35.38,119.79528511006036,149.79528511006038,84.41528511006035,-35.38,-1.4121929041160264,-1.0028515351557992,0.16498572962223812
35.39,-35.39,119.79727822385966,149.79727822385968,84.40727822385966,-35.39,-1.4120178519960156,-1.0030979940387468,0.1652614133327444
35.4,-35.4,119.79927133765896,149.79927133765898,84.39927133765897,-35.4,-1.411842756863481,-1.0033444223655827,0.16553709375102998
35.41,-35.41,119.80126445145827,149.80126445145828,84.39126445145827,-35.41,-1.4116676187237571,-1.0035908201287995,0.16581277087234753
35.42,-35.42,119.80325756525757,149.80325756525758,84.38325756525757,-35.42,-1.411492437582179,-1.0038371873208913,0.16608844469195094
35.43,-35.43,119.80525067905687,149.80525067905688,84.37525067905688,-35.43,-1.4113172134440821,-1.0040835239343542,0.16636411520509536
35.44,-35.44,119.80724379285617,149.80724379285618,84.36724379285617,-35.44,-1.4111419463148047,-1.0043298299616839,0.16663978240703317
35.45,-35.45,119.80923690665549,149.80923690665549,84.35923690665548,-35.45,-1.410966636199686,-1.0045761053953766,0.166915446293016
35.46,-35.46,119.81123002045479,149.8112300204548,84.35123002045478,-35.46,-1.4107912831040648,-1.0048223502279328,0.16719110685830196
35.47,-35.47,119.81322313425409,149.8132231342541,84.34322313425409,-35.47,-1.410615887033284,-1.005068564451849,0.16746676409814248
35.48,-35.48,119.81521624805339,149.8152162480534,84.3352162480534,-35.48,-1.4104404479926864,-1.0053147480596263,0.16774241800779147
35.49,-35.49,119.81720936185269,149.8172093618527,84.32720936185268,-35.49,-1.4102649659876159,-1.005560901043765,0.16801806858250282
35.5,-35.5,119.81920247565199,149.819202475652,84.31920247565199,-35.5,-1.4100894410234177,-1.005807023396767,0.1682937158175309
35.51,-35.51,119.82119558945129,149.8211955894513,84.3111955894513,-35.51,-1.4099138731054393,-1.0060531151111354,0.16856935970812995
35.52,-35.52,119.8231887032506,149.8231887032506,84.30318870325058,-35.52,-1.4097382622390282,-1.0062991761793731,0.16884500024955484
35.53,-35.53,119.8251818170499,149.8251818170499,84.2951818170499,-35.53,-1.4095626084295338,-1.006545206593985,0.16912063743705702
35.54,-35.54,119.8271749308492,149.8271749308492,84.2871749308492,-35.54,-1.4093869116823072,-1.0067912063474769,0.1693962712658943
35.55,-35.55,119.8291680446485,149.8291680446485,84.2791680446485,-35.55,-1.4092111720026999,-1.0070371754323555,0.16967190173132055
35.56,-35.56,119.83116115844781,149.8311611584478,84.27116115844781,-35.56,-1.4090353893960663,-1.0072831138411262,0.16994752882858685
35.57,-35.57,119.83315427224711,149.8331542722471,84.2631542722471,-35.57,-1.4088595638677601,-1.0075290215662993,0.1702231525529507
35.58,-35.58,119.83514738604642,149.8351473860464,84.25514738604642,-35.58,-1.4086836954231374,-1.0077748986003834,0.17049877289966692
35.59,-35.59,119.83714049984572,149.8371404998457,84.24714049984571,-35.59,-1.4085077840675555,-1.008020744935889,0.1707743898639888
35.6,-35.6,119.83913361364502,149.839133613645,84.23913361364501,-35.6,-1.4083318298063732,-1.0082665605653263,0.17105000344117158
35.61,-35.61,119.84112672744432,149.8411267274443,84.23112672744432,-35.61,-1.4081558326449495,-1.0085123454812088,0.1713256136264703
35.62,-35.62,119.84311984124362,149.8431198412436,84.22311984124363,-35.62,-1.4079797925886472,-1.008758099676047,0.17160122041513798
35.63,-35.63,119.84511295504292,149.8451129550429,84.21511295504291,-35.63,-1.4078037096428273,-1.0090038231423573,0.17187682380243136
35.64,-35.64,119.84710606884222,149.8471060688422,84.20710606884222,-35.64,-1.4076275838128545,-1.0092495158726533,0.17215242378360573
35.65,-35.65,119.84909918264152,149.8490991826415,84.19909918264153,-35.65,-1.4074514151040929,-1.0094951778594519,0.17242802035391638
35.66,-35.66,119.85109229644084,149.85109229644084,84.19109229644084,-35.66,-1.4072752035219105,-1.0097408090952673,0.17270361350861446
35.67,-35.67,119.85308541024014,149.85308541024014,84.18308541024014,-35.67,-1.407098949071673,-1.0099864095726203,0.1729792032429601
35.68,-35.68,119.85507852403944,149.85507852403944,84.17507852403944,-35.68,-1.4069226517587512,-1.0102319792840273,0.1732547895522055
35.69,-35.69,119.85707163783874,149.85707163783874,84.16707163783875,-35.69,-1.4067463115885148,-1.010477518222008,0.17353037243160732
35.7,-35.7,119.85906475163804,149.85906475163804,84.15906475163804,-35.7,-1.4065699285663353,-1.0107230263790838,0.1738059518764214
35.71,-35.71,119.86105786543735,149.86105786543735,84.15105786543734,-35.71,-1.406393502697585,-1.0109685037477762,0.1740815278819021
35.72,-35.72,119.86305097923665,149.86305097923665,84.14305097923665,-35.72,-1.4062170339876396,-1.011213950320606,0.17435710044330438
35.73,-35.73,119.86504409303595,149.86504409303595,84.13504409303596,-35.73,-1.4060405224418737,-1.011459366090098,0.17463266955588433
35.74,-35.74,119.86703720683525,149.86703720683525,84.12703720683524,-35.74,-1.4058639680656637,-1.0117047510487762,0.17490823521489976
35.75,-35.75,119.86903032063455,149.86903032063455,84.11903032063455,-35.75,-1.4056873708643887,-1.0119501051891648,0.1751837974156026
35.76,-35.76,119.87102343443387,149.87102343443388,84.11102343443386,-35.76,-1.4055107308434285,-1.0121954285037902,0.17545935615325048
35.77,-35.77,119.87301654823317,149.87301654823318,84.10301654823317,-35.77,-1.405334048008162,-1.0124407209851807,0.17573491142310138
35.78,-35.78,119.87500966203247,149.87500966203248,84.09500966203247,-35.78,-1.4051573223639733,-1.0126859826258625,0.1760104632204069
35.79,-35.79,119.87700277583177,149.87700277583178,84.08700277583176,-35.79,-1.4049805539162448,-1.012931213418365,0.1762860115404254
35.8,-35.8,119.87899588963107,149.87899588963108,84.07899588963107,-35.8,-1.4048037426703608,-1.0131764133552195,0.17656155637841447
35.81,-35.81,119.88098900343037,149.8809890034304,84.07098900343037,-35.81,-1.4046268886317081,-1.0134215824289547,0.17683709772962716
35.82,-35.82,119.88298211722967,149.8829821172297,84.06298211722967,-35.82,-1.4044499918056743,-1.0136667206321028,0.17711263558932014
35.83,-35.83,119.88497523102897,149.884975231029,84.05497523102898,-35.83,-1.4042730521976465,-1.0139118279571975,0.1773881699527512
35.84,-35.84,119.88696834482828,149.8869683448283,84.04696834482827,-35.84,-1.4040960698130152,-1.0141569043967724,0.17766370081517668
35.85,-35.85,119.88896145862759,149.8889614586276,84.0389614586276,-35.85,-1.403919044657172,-1.0144019499433607,0.17793922817185284
35.86,-35.86,119.89095457242689,149.8909545724269,84.0309545724269,-35.86,-1.4037419767355097,-1.0146469645894987,0.17821475201803388
35.87,-35.87,119.8929476862262,149.8929476862262,84.02294768622619,-35.87,-1.4035648660534215,-1.0148919483277228,0.1784902723489788
35.88,-35.88,119.8949408000255,149.8949408000255,84.0149408000255,-35.88,-1.4033877126163024,-1.0151369011505702,0.17876578915994154
35.89,-35.89,119.8969339138248,149.8969339138248,84.0069339138248,-35.89,-1.4032105164295494,-1.015381823050579,0.17904130244618266
35.9,-35.9,119.8989270276241,149.8989270276241,83.99892702762409,-35.9,-1.4030332774985592,-1.0156267140202895,0.17931681220295576
35.91,-35.91,119.9009201414234,149.9009201414234,83.9909201414234,-35.91,-1.4028559958287314,-1.0158715740522408,0.17959231842551984
35.92,-35.92,119.9029132552227,149.9029132552227,83.9829132552227,-35.92,-1.4026786714254664,-1.016116403138975,0.1798678211091301
35.93,-35.93,119.904906369022,149.904906369022,83.974906369022,-35.93,-1.4025013042941665,-1.0163612012730325,0.18014332024904273
35.94,-35.94,119.9068994828213,149.9068994828213,83.9668994828213,-35.94,-1.4023238944402332,-1.016605968446958,0.1804188158405169
35.95,-35.95,119.90889259662062,149.9088925966206,83.95889259662061,-35.95,-1.4021464418690714,-1.0168507046532946,0.18069430787880786
35.96,-35.96,119.91088571041992,149.9108857104199,83.95088571041993,-35.96,-1.401968946586087,-1.017095409884588,0.18096979635917448
35.97,-35.97,119.91287882421922,149.9128788242192,83.94287882421922,-35.97,-1.401791408596686,-1.017340084133383,0.18124528127687356
35.98,-35.98,119.91487193801852,149.9148719380185,83.93487193801852,-35.98,-1.4016138279062769,-1.017584727392227,0.18152076262716113
35.99,-35.99,119.91686505181782,149.9168650518178,83.92686505181783,-35.99,-1.4014362045202686,-1.0178293396536684,0.18179624040529613
36.0,-36.0,119.91885816561712,149.9188581656171,83.91885816561712,-36.0,-1.4012585384440734,-1.018073920910254,0.18207171460653424
36.01,-36.01,119.91943913866243,149.91943913866243,83.90943913866244,-36.01,-1.401080829683102,-1.0183184711545352,0.1823649868395059
36.02,-36.02,119.92002011170773,149.92002011170774,83.90002011170773,-36.02,-1.4009030782427674,-1.0185629903790627,0.18265825410619788
36.03,-36.03,119.92060108475302,149.920601084753,83.89060108475302,-36.03,-1.4007252841284858,-1.0188074785763857,0.18295151639895588
36.04,-36.04,119.92118205779832,149.92118205779832,83.88118205779833,-36.04,-1.4005474473456714,-1.019051935739059,0.18324477371012804
36.05,-36.05,119.92176303084362,149.92176303084364,83.87176303084362,-36.05,-1.4003695678997419,-1.019296361859636,0.18353802603206387
36.06,-36.06,119.92234400388892,149.92234400388892,83.86234400388892,-36.06,-1.4001916457961168,-1.019540756930669,0.1838312733571088
36.07,-36.07,119.92292497693423,149.9229249769342,83.85292497693422,-36.07,-1.4000136810402148,-1.0197851209447153,0.18412451567761248
36.08,-36.08,119.92350594997951,149.92350594997953,83.84350594997952,-36.08,-1.3998356736374575,-1.0200294538943302,0.18441775298592056
36.09,-36.09,119.92408692302482,149.92408692302482,83.83408692302481,-36.09,-1.3996576235932665,-1.0202737557720718,0.18471098527438534
36.1,-36.1,119.92466789607012,149.9246678960701,83.82466789607011,-36.1,-1.3994795309130674,-1.0205180265704965,0.18500421253535018
36.11,-36.11,119.92524886911542,149.92524886911542,83.81524886911542,-36.11,-1.3993013956022828,-1.0207622662821656,0.18529743476116883
36.12,-36.12,119.92582984216072,149.92582984216074,83.80582984216073,-36.12,-1.399123217666341,-1.0210064748996375,0.18559065194418545
36.13,-36.13,119.92641081520603,149.92641081520603,83.79641081520603,-36.13,-1.3989449971106693,-1.021250652415473,0.1858838640767503
36.14,-36.14,119.92699178825131,149.9269917882513,83.78699178825131,-36.14,-1.3987667339406955,-1.0214947988222354,0.18617707115121435
36.15,-36.15,119.92757276129662,149.92757276129663,83.77757276129663,-36.15,-1.3985884281618501,-1.0217389141124873,0.18647027315992443
36.16,-36.16,119.92815373434192,149.92815373434192,83.76815373434192,-36.16,-1.398410079779566,-1.0219829982787911,0.1867634700952298
36.17,-36.17,119.92873470738722,149.9287347073872,83.75873470738722,-36.17,-1.398231688799274,-1.0222270513137137,0.18705666194948053
36.18,-36.18,119.92931568043252,149.92931568043252,83.74931568043252,-36.18,-1.3980532552264096,-1.022471073209819,0.1873498487150254
36.19,-36.19,119.92989665347781,149.9298966534778,83.73989665347781,-36.19,-1.3978747790664077,-1.0227150639596745,0.18764303038421518
36.2,-36.2,119.93047762652311,149.9304776265231,83.73047762652311,-36.2,-1.3976962603247058,-1.022959023555847,0.18793620694939703
36.21,-36.21,119.93105859956842,149.93105859956842,83.72105859956841,-36.21,-1.39751769900674,-1.0232029519909072,0.18822937840292475
36.22,-36.22,119.93163957261372,149.93163957261373,83.71163957261372,-36.22,-1.3973390951179512,-1.0234468492574222,0.18852254473714453
36.23,-36.23,119.93222054565902,149.93222054565902,83.70222054565903,-36.23,-1.3971604486637803,-1.0236907153479629,0.18881570594440847
36.24,-36.24,119.93280151870431,149.9328015187043,83.6928015187043,-36.24,-1.3969817596496672,-1.0239345502551027,0.18910886201706817
36.25,-36.25,119.93338249174961,149.93338249174963,83.68338249174961,-36.25,-1.3968030280810568,-1.0241783539714115,0.18940201294747053
36.26,-36.26,119.93396346479491,149.9339634647949,83.67396346479492,-36.26,-1.3966242539633935,-1.0244221264894635,0.18969515872796897
36.27,-36.27,119.93454443784022,149.9345444378402,83.66454443784022,-36.27,-1.3964454373021218,-1.024665867801834,0.1899882993509135
36.28,-36.28,119.93512541088552,149.93512541088552,83.65512541088552,-36.28,-1.39626657810269,-1.0249095779010968,0.19028143480865467
36.29,-36.29,119.9357063839308,149.9357063839308,83.64570638393081,-36.29,-1.396087676370546,-1.0251532567798285,0.1905745650935425
36.3,-36.3,119.93628735697611,149.9362873569761,83.63628735697611,-36.3,-1.3959087321111396,-1.0253969044306064,0.19086769019793004
36.31,-36.31,119.93686833002141,149.9368683300214,83.62686833002141,-36.31,-1.395729745329922,-1.0256405208460082,0.19116081011416677
36.32,-36.32,119.93744930306671,149.93744930306673,83.6174493030667,-36.32,-1.3955507160323448,-1.0258841060186135,0.19145392483460577
36.33,-36.33,119.93803027611202,149.93803027611202,83.60803027611202,-36.33,-1.3953716442238624,-1.0261276599410007,0.19174703435159715
36.34,-36.34,119.93861124915732,149.9386112491573,83.59861124915732,-36.34,-1.3951925299099281,-1.0263711826057538,0.19204013865749464
36.35,-36.35,119.9391922222026,149.93919222220262,83.5891922222026,-36.35,-1.3950133730959997,-1.026614674005452,0.19233323774464725
36.36,-36.36,119.93977319524791,149.9397731952479,83.57977319524791,-36.36,-1.3948341737875336,-1.02685813413268,0.19262633160541043
36.37,-36.37,119.94035416829321,149.9403541682932,83.57035416829322,-36.37,-1.3946549319899895,-1.0271015629800186,0.19291942023213093
36.38,-36.38,119.94093514133851,149.9409351413385,83.56093514133852,-36.38,-1.3944756477088265,-1.0273449605400555,0.193212503617166
36.39,-36.39,119.94151611438382,149.94151611438383,83.55151611438382,-36.39,-1.3942963209495063,-1.0275883268053754,0.19350558175286645
36.4,-36.4,119.9420970874291,149.9420970874291,83.54209708742911,-36.4,-1.3941169517174914,-1.0278316617685648,0.19379865463158424
36.41,-36.41,119.9426780604744,149.9426780604744,83.53267806047441,-36.41,-1.3939375400182457,-1.0280749654222114,0.194091722245672
36.42,-36.42,119.94325903351971,149.94325903351972,83.52325903351971,-36.42,-1.393758085857234,-1.0283182377589044,0.19438478458748462
36.43,-36.43,119.94384000656501,149.943840006565,83.513840006565,-36.43,-1.3935785892399237,-1.0285614787712323,0.19467784164937232
36.44,-36.44,119.94442097961031,149.9444209796103,83.50442097961032,-36.44,-1.3933990501717826,-1.0288046884517847,0.19497089342368945
36.45,-36.45,119.9450019526556,149.94500195265562,83.4950019526556,-36.45,-1.3932194686582786,-1.0290478667931553,0.19526393990278854
36.46,-36.46,119.9455829257009,149.9455829257009,83.4855829257009,-36.46,-1.3930398447048824,-1.0292910137879356,0.19555698107902497
36.47,-36.47,119.9461638987462,149.9461638987462,83.47616389874621,-36.47,-1.3928601783170669,-1.029534129428718,0.19585001694474957
36.48,-36.48,119.94674487179151,149.9467448717915,83.46674487179152,-36.48,-1.3926804695003039,-1.0297772137080976,0.19614304749231717
36.49,-36.49,119.94732584483681,149.94732584483683,83.45732584483682,-36.49,-1.392500718260067,-1.0300202666186704,0.19643607271408361
36.5,-36.5,119.94790681788211,149.9479068178821,83.44790681788211,-36.5,-1.392320924601834,-1.0302632881530303,0.1967290926023986
36.51,-36.51,119.9484877909274,149.9484877909274,83.43848779092741,-36.51,-1.3921410885310797,-1.0305062783037766,0.19702210714962018
36.52,-36.52,119.9490687639727,149.94906876397272,83.42906876397271,-36.52,-1.391961210053282,-1.0307492370635072,0.19731511634810078
36.53,-36.53,119.949649737018,149.949649737018,83.419649737018,-36.53,-1.391781289173922,-1.0309921644248197,0.19760812019019564
36.54,-36.54,119.95023071006331,149.9502307100633,83.4102307100633,-36.54,-1.3916013258984803,-1.0312350603803146,0.1979011186682571
36.55,-36.55,119.95081168310861,149.9508116831086,83.40081168310861,-36.55,-1.391421320232437,-1.0314779249225945,0.19819411177464255
36.56,-36.56,119.9513926561539,149.9513926561539,83.3913926561539,-36.56,-1.391241272181277,-1.0317207580442596,0.19848709950170595
36.57,-36.57,119.9519736291992,149.9519736291992,83.3819736291992,-36.57,-1.391061181750485,-1.0319635597379124,0.19878008184180068
36.58,-36.58,119.9525546022445,149.9525546022445,83.3725546022445,-36.58,-1.3908810489455459,-1.0322063299961584,0.1990730587872845
36.59,-36.59,119.9531355752898,149.95313557528982,83.3631355752898,-36.59,-1.3907008737719466,-1.032449068811602,0.19936603033051126
36.6,-36.6,119.95371654833511,149.9537165483351,83.35371654833511,-36.6,-1.3905206562351775,-1.032691776176847,0.1996589964638353
36.61,-36.61,119.9542975213804,149.9542975213804,83.3442975213804,-36.61,-1.3903403963407257,-1.0329344520845034,0.19995195717961536
36.62,-36.62,119.9548784944257,149.9548784944257,83.33487849442571,-36.62,-1.3901600940940841,-1.0331770965271765,0.20024491247020454
36.63,-36.63,119.955459467471,149.955459467471,83.325459467471,-36.63,-1.3899797495007449,-1.0334197094974753,0.20053786232795867
36.64,-36.64,119.9560404405163,149.9560404405163,83.3160404405163,-36.64,-1.3897993625662015,-1.033662290988009,0.20083080674523407
36.65,-36.65,119.9566214135616,149.9566214135616,83.3066214135616,-36.65,-1.3896189332959479,-1.0339048409913902,0.20112374571438868
36.66,-36.66,119.9572023866069,149.9572023866069,83.2972023866069,-36.66,-1.3894384616954811,-1.0341473595002284,0.20141667922777645
36.67,-36.67,119.9577833596522,149.95778335965218,83.2877833596522,-36.67,-1.3892579477702989,-1.0343898465071366,0.20170960727775517
36.68,-36.68,119.9583643326975,149.9583643326975,83.27836433269749,-36.68,-1.3890773915258994,-1.034632302004728,0.20200252985668082
36.69,-36.69,119.9589453057428,149.95894530574282,83.2689453057428,-36.69,-1.388896792967783,-1.0348747259856177,0.20229544695690999
36.7,-36.7,119.9595262787881,149.9595262787881,83.2595262787881,-36.7,-1.3887161521014513,-1.0351171184424195,0.20258835857079902
36.71,-36.71,119.9601072518334,149.9601072518334,83.25010725183341,-36.71,-1.388535468932406,-1.0353594793677523,0.2028812646907076
36.72,-36.72,119.9606882248787,149.9606882248787,83.2406882248787,-36.72,-1.3883547434661518,-1.0356018087542314,0.20317416530899032
36.73,-36.73,119.961269197924,149.961269197924,83.23126919792401,-36.73,-1.3881739757081937,-1.0358441065944752,0.20346706041800555
36.74,-36.74,119.9618501709693,149.96185017096929,83.2218501709693,-36.74,-1.3879931656640385,-1.0360863728811034,0.2037599500101099
36.75,-36.75,119.9624311440146,149.9624311440146,83.2124311440146,-36.75,-1.3878123133391935,-1.0363286076067357,0.20405283407766156
36.76,-36.76,119.9630121170599,149.96301211705992,83.2030121170599,-36.76,-1.387631418739168,-1.0365708107639937,0.20434571261301857
36.77,-36.77,119.96359309010519,149.96359309010518,83.1935930901052,-36.77,-1.3874504818694726,-1.036812982345499,0.20463858560853945
36.78,-36.78,119.9641740631505,149.9641740631505,83.1841740631505,-36.78,-1.3872695027356186,-1.0370551223438749,0.20493145305658042
36.79,-36.79,119.9647550361958,149.9647550361958,83.17475503619579,-36.79,-1.387088481343119,-1.0372972307517452,0.20522431494950089
36.8,-36.8,119.9653360092411,149.9653360092411,83.1653360092411,-36.8,-1.3869074176974876,-1.0375393075617356,0.2055171712796601
36.81,-36.81,119.9659169822864,149.9659169822864,83.1559169822864,-36.81,-1.3867263118042414,-1.0377813527664703,0.20581002203941398
36.82,-36.82,119.96649795533169,149.9664979553317,83.14649795533168,-36.82,-1.386545163668896,-1.038023366358578,0.2061028672211232
36.83,-36.83,119.96707892837699,149.967078928377,83.137078928377,-36.83,-1.3863639732969693,-1.0382653483306856,0.20639570681714667
36.84,-36.84,119.9676599014223,149.96765990142228,83.12765990142229,-36.84,-1.386182740693981,-1.0385072986754225,0.2066885408198432
36.85,-36.85,119.9682408744676,149.9682408744676,83.1182408744676,-36.85,-1.386001465865452,-1.0387492173854176,0.20698136922157037
36.86,-36.86,119.9688218475129,149.9688218475129,83.1088218475129,-36.86,-1.3858201488169037,-1.038991104453303,0.20727419201469
36.87,-36.87,119.96940282055819,149.96940282055817,83.0994028205582,-36.87,-1.3856387895538607,-1.0392329598717083,0.20756700919155996
36.88,-36.88,119.96998379360349,149.9699837936035,83.0899837936035,-36.88,-1.3854573880818457,-1.039474783633268,0.2078598207445396
36.89,-36.89,119.97056476664879,149.9705647666488,83.08056476664879,-36.89,-1.3852759444063856,-1.039716575730615,0.20815262666598872
36.9,-36.9,119.9711457396941,149.9711457396941,83.07114573969409,-36.9,-1.3850944585330067,-1.039958336156385,0.20844542694826962
36.91,-36.91,119.9717267127394,149.97172671273938,83.0617267127394,-36.91,-1.384912930467239,-1.040200064903211,0.20873822158373803
36.92,-36.92,119.9723076857847,149.9723076857847,83.0523076857847,-36.92,-1.3847313602146096,-1.0404417619637327,0.20903101056475812
36.93,-36.93,119.97288865882999,149.97288865883,83.04288865882998,-36.93,-1.3845497477806519,-1.040683427330585,0.20932379388368802
36.94,-36.94,119.97346963187529,149.97346963187528,83.03346963187529,-36.94,-1.3843680931708973,-1.040925060996407,0.20961657153288787
36.95,-36.95,119.97405060492059,149.9740506049206,83.02405060492059,-36.95,-1.384186396390879,-1.0411666629538388,0.20990934350471924
36.96,-36.96,119.9746315779659,149.9746315779659,83.0146315779659,-36.96,-1.384004657446131,-1.041408233195521,0.21020210979154455
36.97,-36.97,119.9752125510112,149.9752125510112,83.0052125510112,-36.97,-1.3838228763421914,-1.041649771714094,0.21049487038572245
36.98,-36.98,119.97579352405648,149.97579352405648,82.9957935240565,-36.98,-1.3836410530845966,-1.0418912785021999,0.21078762527961403
36.99,-36.99,119.97637449710179,149.9763744971018,82.98637449710179,-36.99,-1.3834591876788842,-1.0421327535524836,0.21108037446558234
37.0,-37.0,119.97695547014709,149.9769554701471,82.97695547014709,-37.0,-1.3832772801305957,-1.042374196857588,0.2113731179359876
37.01,-37.01,119.97712184443519,149.9771218444352,82.96712184443518,-37.01,-1.383095330445272,-1.0426156084101579,0.21167105859198662
37.02,-37.02,119.97728821872329,149.9772882187233,82.95728821872328,-37.02,-1.3829133386284544,-1.0428569882028413,0.21196899300112623
37.03,-37.03,119.9774545930114,149.9774545930114,82.9474545930114,-37.03,-1.3827313046856882,-1.043098336228284,0.2122669211547128
37.04,-37.04,119.9776209672995,149.97762096729952,82.9376209672995,-37.04,-1.3825492286225185,-1.0433396524791334,0.212564843044058
37.05,-37.05,119.9777873415876,149.9777873415876,82.9277873415876,-37.05,-1.38236711044449,-1.043580936948041,0.2128627586604727
37.06,-37.06,119.9779537158757,149.97795371587569,82.9179537158757,-37.06,-1.3821849501571517,-1.043822189627655,0.21316066799526512
37.07,-37.07,119.9781200901638,149.9781200901638,82.9081200901638,-37.07,-1.3820027477660521,-1.0440634105106268,0.2134585710397447
37.08,-37.08,119.97828646445191,149.9782864644519,82.89828646445191,-37.08,-1.381820503276742,-1.0443045995896076,0.21375646778522253
37.09,-37.09,119.97845283874001,149.97845283874,82.88845283874001,-37.09,-1.3816382166947716,-1.0445457568572527,0.21405435822301144
37.1,-37.1,119.97861921302811,149.9786192130281,82.87861921302812,-37.1,-1.381455888025695,-1.0447868823062139,0.2143522423444185
37.11,-37.11,119.97878558731621,149.97878558731622,82.86878558731621,-37.11,-1.3812735172750654,-1.0450279759291468,0.21465012014075566
37.12,-37.12,119.97895196160431,149.9789519616043,82.8589519616043,-37.12,-1.3810911044484386,-1.045269037718707,0.2149479916033349
37.13,-37.13,119.97911833589242,149.97911833589242,82.84911833589243,-37.13,-1.380908649551371,-1.0455100676675517,0.21524585672346674
37.14,-37.14,119.97928471018052,149.97928471018054,82.83928471018052,-37.14,-1.380726152589421,-1.045751065768338,0.21554371549246237
37.15,-37.15,119.97945108446862,149.97945108446862,82.82945108446862,-37.15,-1.3805436135681464,-1.0459920320137264,0.2158415679016355
37.16,-37.16,119.97961745875672,149.9796174587567,82.81961745875672,-37.16,-1.3803610324931088,-1.0462329663963748,0.21613941394229488
37.17,-37.17,119.97978383304482,149.97978383304482,82.80978383304482,-37.17,-1.3801784093698697,-1.0464738689089452,0.21643725360575494
37.18,-37.18,119.97995020733293,149.97995020733293,82.79995020733293,-37.18,-1.3799957442039927,-1.0467147395440977,0.21673508688332505
37.19,-37.19,119.98011658162103,149.98011658162102,82.79011658162104,-37.19,-1.379813037001041,-1.0469555782944964,0.21703291376632025
37.2,-37.2,119.98028295590913,149.98028295590913,82.78028295590913,-37.2,-1.379630287766581,-1.0471963851528046,0.21733073424605268
37.21,-37.21,119.98044933019723,149.98044933019725,82.77044933019724,-37.21,-1.379447496506179,-1.0474371601116867,0.21762854831383388
37.22,-37.22,119.98061570448533,149.98061570448533,82.76061570448533,-37.22,-1.3792646632254035,-1.0476779031638084,0.21792635596097806
37.23,-37.23,119.98078207877344,149.98078207877344,82.75078207877345,-37.23,-1.3790817879298236,-1.0479186143018362,0.21822415717879695
37.24,-37.24,119.98094845306154,149.98094845306156,82.74094845306155,-37.24,-1.3788988706250098,-1.0481592935184383,0.2185219519586064
37.25,-37.25,119.98111482734964,149.98111482734964,82.73111482734964,-37.25,-1.3787159113165357,-1.0483999408062812,0.21881974029171664
37.26,-37.26,119.98128120163774,149.98128120163773,82.72128120163774,-37.26,-1.3785329100099728,-1.0486405561580363,0.21911752216944258
37.27,-37.27,119.98144757592584,149.98144757592584,82.71144757592583,-37.27,-1.3783498667108958,-1.0488811395663742,0.21941529758310016
37.28,-37.28,119.98161395021395,149.98161395021395,82.70161395021395,-37.28,-1.3781667814248815,-1.0491216910239642,0.21971306652399977
37.29,-37.29,119.98178032450205,149.98178032450204,82.69178032450205,-37.29,-1.3779836541575061,-1.0493622105234808,0.2200108289834589
37.3,-37.3,119.98194669879015,149.98194669879015,82.68194669879016,-37.3,-1.377800484914348,-1.0496026980575972,0.22030858495279101
37.31,-37.31,119.98211307307825,149.98211307307827,82.67211307307825,-37.31,-1.377617273700988,-1.0498431536189856,0.22060633442330863
37.32,-37.32,119.98227944736635,149.98227944736635,82.66227944736636,-37.32,-1.3774340205230056,-1.0500835772003236,0.22090407738632978
37.33,-37.33,119.98244582165447,149.98244582165447,82.65244582165447,-37.33,-1.3772507253859836,-1.0503239687942867,0.22120181383316753
37.34,-37.34,119.98261219594256,149.98261219594258,82.64261219594256,-37.34,-1.3770673882955051,-1.0505643283935526,0.22149954375513892
37.35,-37.35,119.98277857023066,149.98277857023066,82.63277857023067,-37.35,-1.376884009257156,-1.0508046559907982,0.22179726714355696
37.36,-37.36,119.98294494451876,149.98294494451875,82.62294494451876,-37.36,-1.3767005882765206,-1.0510449515787046,0.2220949839897393
37.37,-37.37,119.98311131880686,149.98311131880686,82.61311131880686,-37.37,-1.376517125359188,-1.0512852151499503,0.22239269428500089
37.38,-37.38,119.98327769309498,149.98327769309498,82.60327769309498,-37.38,-1.3763336205107461,-1.0515254466972166,0.22269039802065535
37.39,-37.39,119.98344406738308,149.98344406738306,82.59344406738307,-37.39,-1.3761500737367844,-1.0517656462131866,0.2229880951880237
37.4,-37.4,119.98361044167117,149.98361044167117,82.58361044167117,-37.4,-1.3759664850428939,-1.052005813690544,0.22328578577842
37.41,-37.41,119.98377681595927,149.9837768159593,82.57377681595928,-37.41,-1.375782854434668,-1.0522459491219707,0.2235834697831592
37.42,-37.42,119.98394319024737,149.98394319024737,82.56394319024737,-37.42,-1.3755991819176998,-1.0524860525001531,0.22388114719356036
37.43,-37.43,119.98410956453549,149.9841095645355,82.55410956453548,-37.43,-1.3754154674975843,-1.052726123817777,0.2241788180009389
37.44,-37.44,119.98427593882359,149.9842759388236,82.54427593882359,-37.44,-1.3752317111799177,-1.0529661630675293,0.22447648219661273
37.45,-37.45,119.98444231311169,149.98444231311169,82.53444231311168,-37.45,-1.3750479129702984,-1.0532061702420976,0.2247741397718993
37.46,-37.46,119.98460868739978,149.98460868739977,82.52460868739979,-37.46,-1.3748640728743236,-1.0534461453341726,0.22507179071811645
37.47,-37.47,119.98477506168788,149.98477506168788,82.51477506168789,-37.47,-1.3746801908975943,-1.0536860883364423,0.22536943502658102
37.48,-37.48,119.984941435976,149.984941435976,82.50494143597601,-37.48,-1.3744962670457126,-1.053925999241598,0.22566707268861078
37.49,-37.49,119.9851078102641,149.98510781026408,82.4951078102641,-37.49,-1.3743123013242795,-1.0541658780423329,0.22596470369552593
37.5,-37.5,119.9852741845522,149.9852741845522,82.4852741845522,-37.5,-1.3741282937389,-1.0544057247313383,0.22626232803864174
37.51,-37.51,119.9854405588403,149.9854405588403,82.47544055884029,-37.51,-1.3739442442951793,-1.0546455393013088,0.22655994570927923
37.52,-37.52,119.9856069331284,149.9856069331284,82.46560693312838,-37.52,-1.3737601529987238,-1.054885321744939,0.22685755669875599
37.53,-37.53,119.98577330741651,149.9857733074165,82.45577330741651,-37.53,-1.3735760198551406,-1.0551250720549248,0.22715516099839056
37.54,-37.54,119.98593968170461,149.98593968170462,82.4459396817046,-37.54,-1.3733918448700395,-1.0553647902239627,0.22745275859950284
37.55,-37.55,119.9861060559927,149.9861060559927,82.43610605599271,-37.55,-1.3732076280490304,-1.055604476244751,0.22775034949341266
37.56,-37.56,119.9862724302808,149.9862724302808,82.4262724302808,-37.56,-1.3730233693977252,-1.0558441301099883,0.22804793367143783
37.57,-37.57,119.9864388045689,149.9864388045689,82.41643880456891,-37.57,-1.372839068921736,-1.0560837518123742,0.22834551112490004
37.58,-37.58,119.98660517885702,149.98660517885702,82.40660517885702,-37.58,-1.3726547266266782,-1.0563233413446087,0.22864308184511647
37.59,-37.59,119.98677155314512,149.9867715531451,82.39677155314511,-37.59,-1.3724703425181655,-1.0565628986993956,0.228940645823411
37.6,-37.6,119.98693792743322,149.98693792743322,82.38693792743322,-37.6,-1.372285916601816,-1.0568024238694353,0.22923820305110024
37.61,-37.61,119.98710430172132,149.98710430172133,82.37710430172132,-37.61,-1.3721014488832464,-1.0570419168474332,0.2295357535195074
37.62,-37.62,119.98727067600942,149.98727067600942,82.36727067600941,-37.62,-1.3719169393680775,-1.0572813776260916,0.22983329721995127
37.63,-37.63,119.98743705029753,149.98743705029753,82.35743705029753,-37.63,-1.3717323880619285,-1.0575208061981183,0.23013083414375352
37.64,-37.64,119.98760342458563,149.98760342458564,82.34760342458563,-37.64,-1.3715477949704218,-1.0577602025562192,0.23042836428223465
37.65,-37.65,119.98776979887373,149.98776979887373,82.33776979887372,-37.65,-1.3713631600991798,-1.0579995666931017,0.23072588762671753
37.66,-37.66,119.98793617316183,149.9879361731618,82.32793617316183,-37.66,-1.3711784834538274,-1.0582388986014746,0.23102340416852302
37.67,-37.67,119.98810254744993,149.98810254744993,82.31810254744993,-37.67,-1.3709937650399893,-1.0584781982740477,0.23132091389897275
37.68,-37.68,119.98826892173804,149.98826892173804,82.30826892173803,-37.68,-1.3708090048632935,-1.0587174657035305,0.23161841680938686
37.69,-37.69,119.98843529602614,149.98843529602613,82.29843529602614,-37.69,-1.370624202929368,-1.0589567008826348,0.23191591289108923
37.7,-37.7,119.98860167031424,149.98860167031424,82.28860167031424,-37.7,-1.3704393592438415,-1.059195903804074,0.23221340213540215
37.71,-37.71,119.98876804460234,149.98876804460235,82.27876804460234,-37.71,-1.3702544738123443,-1.0594350744605612,0.23251088453364827
37.72,-37.72,119.98893441889044,149.98893441889044,82.26893441889044,-37.72,-1.3700695466405102,-1.0596742128448096,0.23280836007714917
37.73,-37.73,119.98910079317855,149.98910079317855,82.25910079317856,-37.73,-1.3698845777339703,-1.0599133189495362,0.23310582875722866
37.74,-37.74,119.98926716746665,149.98926716746666,82.24926716746666,-37.74,-1.3696995670983598,-1.0601523927674577,0.23340329056520998
37.75,-37.75,119.98943354175475,149.98943354175475,82.23943354175475,-37.75,-1.3695145147393155,-1.060391434291289,0.23370074549241623
37.76,-37.76,119.98959991604285,149.98959991604283,82.22959991604284,-37.76,-1.3693294206624729,-1.0606304435137508,0.23399819353017032
37.77,-37.77,119.98976629033095,149.98976629033095,82.21976629033094,-37.77,-1.3691442848734705,-1.0608694204275624,0.23429563466979653
37.78,-37.78,119.98993266461906,149.98993266461906,82.20993266461906,-37.78,-1.3689591073779488,-1.0611083650254431,0.2345930689026189
37.79,-37.79,119.99009903890716,149.99009903890715,82.20009903890715,-37.79,-1.3687738881815488,-1.061347277300114,0.23489049621996003
37.8,-37.8,119.99026541319526,149.99026541319526,82.19026541319526,-37.8,-1.3685886272899106,-1.0615861572442993,0.2351879166131474
37.81,-37.81,119.99043178748336,149.99043178748337,82.18043178748336,-37.81,-1.3684033247086793,-1.0618250048507203,0.23548533007350275
37.82,-37.82,119.99059816177146,149.99059816177146,82.17059816177147,-37.82,-1.3682179804434997,-1.0620638201121015,0.23578273659235105
37.83,-37.83,119.99076453605957,149.99076453605957,82.16076453605957,-37.83,-1.368032594500017,-1.0623026030211693,0.23608013616101836
37.84,-37.84,119.99093091034767,149.99093091034769,82.15093091034767,-37.84,-1.3678471668838774,-1.0625413535706503,0.2363775287708307
37.85,-37.85,119.99109728463577,149.99109728463577,82.14109728463578,-37.85,-1.3676616976007319,-1.0627800717532694,0.23667491441311012
37.86,-37.86,119.99126365892387,149.99126365892386,82.13126365892387,-37.86,-1.3674761866562275,-1.0630187575617573,0.23697229307918594
37.87,-37.87,119.99143003321197,149.99143003321197,82.12143003321196,-37.87,-1.367290634056017,-1.063257410988842,0.2372696647603813
37.88,-37.88,119.99159640750008,149.99159640750008,82.11159640750009,-37.88,-1.3671050398057518,-1.0634960320272535,0.2375670294480229
37.89,-37.89,119.99176278178818,149.99176278178817,82.10176278178818,-37.89,-1.3669194039110868,-1.063734620669723,0.23786438713343586
37.9,-37.9,119.99192915607628,149.99192915607628,82.09192915607628,-37.9,-1.3667337263776742,-1.063973176908984,0.23816173780795014
37.91,-37.91,119.99209553036438,149.9920955303644,82.08209553036438,-37.91,-1.3665480072111724,-1.0642117007377683,0.23845908146288866
37.92,-37.92,119.99226190465248,149.99226190465248,82.07226190465248,-37.92,-1.3663622464172376,-1.0644501921488108,0.23875641808957965
37.93,-37.93,119.9924282789406,149.9924282789406,82.06242827894059,-37.93,-1.3661764440015292,-1.0646886511348452,0.23905374767934837
37.94,-37.94,119.99259465322869,149.9925946532287,82.0525946532287,-37.94,-1.3659905999697064,-1.0649270776886093,0.23935107022352503
37.95,-37.95,119.99276102751679,149.9927610275168,82.04276102751679,-37.95,-1.3658047143274303,-1.0651654718028396,0.23964838571343589
37.96,-37.96,119.99292740180489,149.99292740180488,82.0329274018049,-37.96,-1.3656187870803638,-1.0654038334702742,0.23994569414040698
37.97,-37.97,119.99309377609299,149.993093776093,82.02309377609299,-37.97,-1.36543281823417,-1.0656421626836523,0.24024299549576786
37.98,-37.98,119.9932601503811,149.9932601503811,82.01326015038111,-37.98,-1.3652468077945141,-1.0658804594357139,0.24054028977084604
37.99,-37.99,119.9934265246692,149.9934265246692,82.00342652466921,-37.99,-1.3650607557670627,-1.0661187237192,0.2408375769569702
38.0,-38.0,119.9935928989573,149.9935928989573,81.9935928989573,-38.0,-1.3648746621574823,-1.0663569555268526,0.24113485704546783
38.01,-38.01,119.99363959358651,149.99363959358652,81.9836395935865,-38.01,-1.3646885269714426,-1.066595154851415,0.2414336237857123
38.02,-38.02,119.99368628821571,149.9936862882157,81.9736862882157,-38.02,-1.3645023502146125,-1.0668333216856316,0.24173238323664253
38.03,-38.03,119.99373298284492,149.9937329828449,81.96373298284492,-38.03,-1.364316131892665,-1.0670714560222456,0.24203113538926344
38.04,-38.04,119.99377967747412,149.99377967747412,81.95377967747413,-38.04,-1.3641298720112716,-1.067309557854005,0.24232988023458638
38.05,-38.05,119.99382637210333,149.99382637210334,81.94382637210333,-38.05,-1.3639435705761052,-1.0675476271736568,0.24262861776362063
38.06,-38.06,119.99387306673253,149.99387306673253,81.93387306673253,-38.06,-1.3637572275928427,-1.0677856639739471,0.2429273479673733
38.07,-38.07,119.99391976136174,149.99391976136172,81.92391976136173,-38.07,-1.3635708430671591,-1.0680236682476267,0.2432260708368568
38.08,-38.08,119.99396645599096,149.99396645599097,81.91396645599096,-38.08,-1.3633844170047325,-1.068261639987445,0.24352478636307845
38.09,-38.09,119.99401315062016,149.99401315062016,81.90401315062016,-38.09,-1.3631979494112416,-1.0684995791861527,0.2438234945370504
38.1,-38.1,119.99405984524937,149.99405984524935,81.89405984524936,-38.1,-1.3630114402923668,-1.0687374858365024,0.24412219534978083
38.11,-38.11,119.99410653987857,149.99410653987857,81.88410653987857,-38.11,-1.3628248896537887,-1.068975359931247,0.24442088879228255
38.12,-38.12,119.99415323450778,149.9941532345078,81.87415323450779,-38.12,-1.3626382975011908,-1.0692132014631393,0.24471957485556262
38.13,-38.13,119.99419992913698,149.99419992913698,81.86419992913699,-38.13,-1.3624516638402573,-1.0694510104249346,0.24501825353063458
38.14,-38.14,119.99424662376619,149.99424662376617,81.85424662376619,-38.14,-1.3622649886766727,-1.06968878680939,0.24531692480850933
38.15,-38.15,119.99429331839539,149.9942933183954,81.84429331839539,-38.15,-1.3620782720161229,-1.0699265306092622,0.24561558868019884
38.16,-38.16,119.9943400130246,149.9943400130246,81.8343400130246,-38.16,-1.3618915138642973,-1.0701642418173072,0.24591424513671015
38.17,-38.17,119.9943867076538,149.9943867076538,81.8243867076538,-38.17,-1.361704714226883,-1.0704019204262867,0.24621289416906267
38.18,-38.18,119.99443340228301,149.994433402283,81.81443340228302,-38.18,-1.3615178731095716,-1.0706395664289585,0.24651153576826187
38.19,-38.19,119.99448009691221,149.9944800969122,81.80448009691222,-38.19,-1.3613309905180548,-1.0708771798180834,0.24681016992532148
38.2,-38.2,119.99452679154142,149.99452679154143,81.79452679154141,-38.2,-1.361144066458024,-1.0711147605864246,0.2471087966312557
38.21,-38.21,119.99457348617062,149.99457348617062,81.78457348617061,-38.21,-1.3609571009351735,-1.0713523087267454,0.24740741587707757
38.22,-38.22,119.99462018079984,149.99462018079984,81.77462018079984,-38.22,-1.3607700939551999,-1.0715898242318076,0.24770602765379696
38.23,-38.23,119.99466687542905,149.99466687542906,81.76466687542904,-38.23,-1.3605830455237988,-1.071827307094377,0.24800463195242842
38.24,-38.24,119.99471357005825,149.99471357005825,81.75471357005824,-38.24,-1.3603959556466676,-1.0720647573072204,0.24830322876398692
38.25,-38.25,119.99476026468746,149.99476026468744,81.74476026468746,-38.25,-1.3602088243295063,-1.0723021748631036,0.24860181807948442
38.26,-38.26,119.99480695931666,149.99480695931666,81.73480695931667,-38.26,-1.3600216515780152,-1.072539559754794,0.24890039988993298
38.27,-38.27,119.99485365394587,149.99485365394588,81.72485365394587,-38.27,-1.3598344373978948,-1.072776911975062,0.24919897418634962
38.28,-38.28,119.99490034857507,149.99490034857507,81.71490034857507,-38.28,-1.3596471817948492,-1.0730142315166764,0.24949754095974827
38.29,-38.29,119.99494704320428,149.99494704320426,81.70494704320427,-38.29,-1.3594598847745825,-1.0732515183724078,0.249796100201142
38.3,-38.3,119.99499373783348,149.99499373783348,81.69499373783349,-38.3,-1.3592725463427986,-1.0734887725350293,0.2500946519015463
38.31,-38.31,119.99504043246269,149.9950404324627,81.68504043246269,-38.31,-1.359085166505206,-1.0737259939973123,0.2503931960519761
38.32,-38.32,119.99508712709189,149.9950871270919,81.6750871270919,-38.32,-1.3588977452675115,-1.0739631827520315,0.25069173264344596
38.33,-38.33,119.9951338217211,149.99513382172108,81.6651338217211,-38.33,-1.3587102826354254,-1.0742003387919603,0.2509902616669711
38.34,-38.34,119.9951805163503,149.9951805163503,81.6551805163503,-38.34,-1.3585227786146559,-1.0744374621098773,0.2512887831135688
38.35,-38.35,119.99522721097951,149.99522721097952,81.6452272109795,-38.35,-1.358335233210917,-1.0746745526985568,0.2515872969742528
38.36,-38.36,119.99527390560873,149.9952739056087,81.63527390560873,-38.36,-1.3581476464299207,-1.0749116105507774,0.2518858032400411
38.37,-38.37,119.99532060023793,149.99532060023793,81.62532060023793,-38.37,-1.3579600182773814,-1.075148635659318,0.25218430190194796
38.38,-38.38,119.99536729486714,149.99536729486715,81.61536729486713,-38.38,-1.3577723487590148,-1.0753856280169585,0.25248279295099174
38.39,-38.39,119.99541398949634,149.99541398949634,81.60541398949634,-38.39,-1.3575846378805374,-1.0756225876164789,0.2527812763781877
38.4,-38.4,119.99546068412555,149.99546068412553,81.59546068412556,-38.4,-1.3573968856476664,-1.0758595144506629,0.2530797521745551
38.41,-38.41,119.99550737875475,149.99550737875475,81.58550737875476,-38.41,-1.3572090920661222,-1.0760964085122913,0.25337822033110874
38.42,-38.42,119.99555407338396,149.99555407338397,81.57555407338396,-38.42,-1.3570212571416245,-1.0763332697941494,0.25367668083886663
38.43,-38.43,119.99560076801316,149.99560076801316,81.56560076801316,-38.43,-1.3568333808798962,-1.0765700982890198,0.2539751336888467
38.44,-38.44,119.99564746264237,149.99564746264235,81.55564746264237,-38.44,-1.3566454632866596,-1.0768068939896906,0.2542735788720669
38.45,-38.45,119.99569415727157,149.99569415727157,81.54569415727157,-38.45,-1.3564575043676388,-1.0770436568889477,0.25457201637954613
38.46,-38.46,119.99574085190078,149.9957408519008,81.53574085190078,-38.46,-1.356269504128559,-1.077280386979579,0.2548704462023013
38.47,-38.47,119.99578754652998,149.99578754652998,81.52578754652998,-38.47,-1.356081462575149,-1.0775170842543726,0.2551688683313517
38.48,-38.48,119.99583424115919,149.99583424115917,81.51583424115918,-38.48,-1.3558933797131347,-1.0777537487061193,0.25546728275771663
38.49,-38.49,119.99588093578839,149.9958809357884,81.50588093578838,-38.49,-1.3557052555482458,-1.07799038032761,0.2557656894724148
38.5,-38.5,119.99592763041761,149.9959276304176,81.49592763041761,-38.5,-1.3555170900862141,-1.0782269791116348,0.25606408846646406
38.51,-38.51,119.99597432504682,149.9959743250468,81.48597432504681,-38.51,-1.3553288833327706,-1.0784635450509883,0.2563624797308862
38.52,-38.52,119.99602101967602,149.99602101967602,81.47602101967601,-38.52,-1.3551406352936477,-1.0787000781384641,0.25666086325670084
38.53,-38.53,119.99606771430523,149.99606771430524,81.46606771430523,-38.53,-1.3549523459745816,-1.0789365783668556,0.25695923903492607
38.54,-38.54,119.99611440893443,149.99611440893443,81.45611440893444,-38.54,-1.3547640153813063,-1.07917304572896,0.25725760705658324
38.55,-38.55,119.99616110356364,149.99616110356362,81.44616110356364,-38.55,-1.3545756435195586,-1.079409480217574,0.25755596731269387
38.56,-38.56,119.99620779819284,149.99620779819284,81.43620779819284,-38.56,-1.354387230395078,-1.0796458818254946,0.2578543197942774
38.57,-38.57,119.99625449282205,149.99625449282206,81.42625449282204,-38.57,-1.3541987760136034,-1.0798822505455203,0.2581526644923532
38.58,-38.58,119.99630118745125,149.99630118745125,81.41630118745125,-38.58,-1.3540102803808747,-1.0801185863704525,0.2584510013979466
38.59,-38.59,119.99634788208046,149.99634788208044,81.40634788208045,-38.59,-1.353821743502634,-1.0803548892930914,0.258749330502076
38.6,-38.6,119.99639457670966,149.99639457670966,81.39639457670967,-38.6,-1.3536331653846259,-1.0805911593062374,0.2590476517957623
38.61,-38.61,119.99644127133887,149.99644127133888,81.38644127133887,-38.61,-1.3534445460325923,-1.0808273964026955,0.2593459652700306
38.62,-38.62,119.99648796596807,149.99648796596807,81.37648796596807,-38.62,-1.353255885452281,-1.0810636005752678,0.2596442709159001
38.63,-38.63,119.99653466059728,149.99653466059726,81.36653466059727,-38.63,-1.3530671836494386,-1.0812997718167594,0.2599425687243944
38.64,-38.64,119.99658135522648,149.99658135522648,81.35658135522648,-38.64,-1.3528784406298124,-1.0815359101199769,0.26024085868653546
38.65,-38.65,119.9966280498557,149.9966280498557,81.3466280498557,-38.65,-1.352689656399152,-1.081772015477727,0.26053914079334733
38.66,-38.66,119.9966747444849,149.9966747444849,81.33667474448491,-38.66,-1.3525008309632087,-1.0820080878828169,0.26083741503585256
38.67,-38.67,119.99672143911411,149.9967214391141,81.32672143911411,-38.67,-1.3523119643277344,-1.0822441273280554,0.2611356814050728
38.68,-38.68,119.99676813374332,149.99676813374333,81.31676813374332,-38.68,-1.3521230564984819,-1.0824801338062529,0.261433939892034
38.69,-38.69,119.99681482837252,149.99681482837252,81.30681482837252,-38.69,-1.3519341074812057,-1.0827161073102198,0.26173219048775853
38.7,-38.7,119.99686152300173,149.9968615230017,81.29686152300172,-38.7,-1.3517451172816624,-1.0829520478327677,0.26203043318327024
38.71,-38.71,119.99690821763093,149.99690821763093,81.28690821763092,-38.71,-1.351556085905607,-1.0831879553667105,0.2623286679695948
38.72,-38.72,119.99695491226014,149.99695491226015,81.27695491226014,-38.72,-1.3513670133587996,-1.0834238299048613,0.2626268948377555
38.73,-38.73,119.99700160688934,149.99700160688934,81.26700160688935,-38.73,-1.3511778996469994,-1.0836596714400342,0.26292511377877636
38.74,-38.74,119.99704830151855,149.99704830151853,81.25704830151855,-38.74,-1.3509887447759659,-1.083895479965047,0.2632233247836852
38.75,-38.75,119.99709499614775,149.99709499614775,81.24709499614775,-38.75,-1.3507995487514624,-1.0841312554727152,0.26352152784350424
38.76,-38.76,119.99714169077696,149.99714169077697,81.23714169077695,-38.76,-1.3506103115792516,-1.0843669979558566,0.26381972294926004
38.77,-38.77,119.99718838540616,149.99718838540616,81.22718838540615,-38.77,-1.350421033265098,-1.0846027074072904,0.26411791009197844
38.78,-38.78,119.99723508003537,149.99723508003535,81.21723508003537,-38.78,-1.3502317138147677,-1.0848383838198365,0.2644160892626854
38.79,-38.79,119.99728177466459,149.9972817746646,81.20728177466458,-38.79,-1.3500423532340273,-1.085074027186316,0.26471426045240676
38.8,-38.8,119.99732846929379,149.9973284692938,81.1973284692938,-38.8,-1.3498529515286453,-1.0853096374995501,0.2650124236521683
38.81,-38.81,119.997375163923,149.99737516392298,81.187375163923,-38.81,-1.3496635087043907,-1.0855452147523623,0.26531057885299825
38.82,-38.82,119.9974218585522,149.9974218585522,81.17742185855221,-38.82,-1.349474024767035,-1.0857807589375765,0.26560872604592234
38.83,-38.83,119.9974685531814,149.99746855318142,81.16746855318141,-38.83,-1.3492844997223503,-1.0860162700480165,0.2659068652219669
38.84,-38.84,119.99751524781061,149.9975152478106,81.15751524781061,-38.84,-1.3490949335761082,-1.0862517480765108,0.2662049963721628
38.85,-38.85,119.99756194243982,149.9975619424398,81.14756194243981,-38.85,-1.3489053263340853,-1.086487193015884,0.26650311948753397
38.86,-38.86,119.99760863706902,149.99760863706902,81.13760863706902,-38.86,-1.348715678002056,-1.086722604858965,0.26680123455911026
38.87,-38.87,119.99765533169823,149.99765533169824,81.12765533169824,-38.87,-1.3485259885857983,-1.0869579835985819,0.2670993415779184
38.88,-38.88,119.99770202632743,149.99770202632743,81.11770202632744,-38.88,-1.34833625809109,-1.0871933292275655,0.26739744053498765
38.89,-38.89,119.99774872095664,149.99774872095662,81.10774872095664,-38.89,-1.3481464865237103,-1.0874286417387464,0.2676955314213465
38.9,-38.9,119.99779541558584,149.99779541558584,81.09779541558584,-38.9,-1.34795667388944,-1.0876639211249575,0.2679936142280234
38.91,-38.91,119.99784211021505,149.99784211021506,81.08784211021505,-38.91,-1.3477668201940622,-1.0878991673790295,0.268291688946047
38.92,-38.92,119.99788880484425,149.99788880484425,81.07788880484425,-38.92,-1.3475769254433587,-1.0881343804937993,0.26858975556644904
38.93,-38.93,119.99793549947347,149.99793549947347,81.06793549947346,-38.93,-1.347386989643115,-1.0883695604620998,0.26888781408025614
38.94,-38.94,119.99798219410268,149.9979821941027,81.05798219410268,-38.94,-1.3471970127991169,-1.088604707276767,0.26918586447849885
38.95,-38.95,119.99802888873188,149.99802888873188,81.04802888873188,-38.95,-1.3470069949171508,-1.0888398209306394,0.26948390675220807
38.96,-38.96,119.99807558336109,149.99807558336107,81.03807558336109,-38.96,-1.346816936003005,-1.0890749014165544,0.26978194089241475
38.97,-38.97,119.99812227799029,149.9981222779903,81.02812227799029,-38.97,-1.34662683606247,-1.0893099487273499,0.27007996689014646
38.98,-38.98,119.9981689726195,149.9981689726195,81.01816897261949,-38.98,-1.3464366951013353,-1.0895449628558673,0.2703779847364363
38.99,-38.99,119.9982156672487,149.9982156672487,81.00821566724869,-38.99,-1.3462465131253933,-1.089779943794948,0.27067599442231716
39.0,-39.0,119.9982623618779,149.9982623618779,80.9982623618779,-39.0,-1.3460562901404378,-1.0900148915374328,0.270973995938816
39.01,-39.01,119.99827516063986,149.99827516063988,80.98827516063986,-39.01,-1.3458660261522635,-1.0902498060761647,0.27127240970600286
39.02,-39.02,119.99828795940184,149.99828795940184,80.97828795940183,-39.02,-1.3456757211666648,-1.0904846874039893,0.27157081522998533
39.03,-39.03,119.9983007581638,149.9983007581638,80.96830075816379,-39.03,-1.3454853751894398,-1.0907195355137504,0.2718692125017011
39.04,-39.04,119.99831355692577,149.99831355692578,80.95831355692576,-39.04,-1.3452949882263876,-1.0909543503982941,0.27216760151209035
39.05,-39.05,119.99832635568772,149.9983263556877,80.94832635568773,-39.05,-1.3451045602833052,-1.091189132050469,0.2724659822520961
39.06,-39.06,119.9983391544497,149.9983391544497,80.9383391544497,-39.06,-1.3449140913659956,-1.0914238804631213,0.27276435471265675
39.07,-39.07,119.99835195321165,149.99835195321165,80.92835195321166,-39.07,-1.3447235814802605,-1.091658595629101,0.27306271888471434
39.08,-39.08,119.99836475197363,149.9983647519736,80.91836475197363,-39.08,-1.3445330306319023,-1.0918932775412586,0.27336107475921007
39.09,-39.09,119.99837755073558,149.9983775507356,80.90837755073558,-39.09,-1.3443424388267253,-1.0921279261924455,0.273659422327087
39.1,-39.1,119.99839034949756,149.99839034949756,80.89839034949756,-39.1,-1.3441518060705364,-1.0923625415755132,0.2739577615792847
39.11,-39.11,119.99840314825951,149.9984031482595,80.88840314825951,-39.11,-1.3439611323691423,-1.0925971236833145,0.2742560925067461
39.12,-39.12,119.99841594702148,149.9984159470215,80.8784159470215,-39.12,-1.343770417728351,-1.0928316725087046,0.2745544151004141
39.13,-39.13,119.99842874578344,149.99842874578343,80.86842874578343,-39.13,-1.343579662153972,-1.0930661880445385,0.27485272935123123
39.14,-39.14,119.99844154454541,149.99844154454541,80.85844154454541,-39.14,-1.3433888656518165,-1.0933006702836714,0.27515103525013823
39.15,-39.15,119.99845434330737,149.99845434330737,80.84845434330737,-39.15,-1.3431980282276952,-1.0935351192189628,0.27544933278808215
39.16,-39.16,119.99846714206934,149.99846714206933,80.83846714206935,-39.16,-1.3430071498874228,-1.093769534843269,0.27574762195600366
39.17,-39.17,119.9984799408313,149.99847994083132,80.8284799408313,-39.17,-1.3428162306368128,-1.0940039171494504,0.2760459027448469
39.18,-39.18,119.99849273959326,149.99849273959325,80.81849273959327,-39.18,-1.3426252704816821,-1.0942382661303658,0.27634417514555504
39.19,-39.19,119.99850553835523,149.99850553835523,80.80850553835523,-39.19,-1.3424342694278466,-1.094472581778878,0.2766424391490728
39.2,-39.2,119.99851833711719,149.9985183371172,80.79851833711719,-39.2,-1.342243227481125,-1.0947068640878492,0.27694069474634575
39.21,-39.21,119.99853113587916,149.99853113587915,80.78853113587917,-39.21,-1.3420521446473366,-1.0949411130501423,0.27723894192831705
39.22,-39.22,119.99854393464112,149.99854393464113,80.77854393464112,-39.22,-1.3418610209323019,-1.0951753286586217,0.277537180685932
39.23,-39.23,119.99855673340309,149.9985567334031,80.7685567334031,-39.23,-1.3416698563418432,-1.095409510906153,0.2778354110101361
39.24,-39.24,119.99856953216505,149.99856953216505,80.75856953216504,-39.24,-1.3414786508817838,-1.0956436597856025,0.2781336328918742
39.25,-39.25,119.99858233092702,149.99858233092704,80.74858233092702,-39.25,-1.3412874045579477,-1.0958777752898374,0.2784318463220921
39.26,-39.26,119.99859512968898,149.99859512968897,80.73859512968897,-39.26,-1.341096117376161,-1.0961118574117268,0.278730051291737
39.27,-39.27,119.99860792845095,149.99860792845095,80.72860792845094,-39.27,-1.34090478934225,-1.0963459061441398,0.2790282477917533
39.28,-39.28,119.99862072721291,149.9986207272129,80.71862072721291,-39.28,-1.3407134204620446,-1.096579921479946,0.2793264358130872
39.29,-39.29,119.99863352597488,149.99863352597487,80.70863352597488,-39.29,-1.3405220107413722,-1.0968139034120181,0.2796246153466871
39.3,-39.3,119.99864632473684,149.99864632473685,80.69864632473684,-39.3,-1.340330560186064,-1.0970478519332287,0.2799227863834993
39.31,-39.31,119.99865912349881,149.9986591234988,80.68865912349881,-39.31,-1.3401390688019532,-1.0972817670364496,0.28022094891446975
39.32,-39.32,119.99867192226077,149.99867192226077,80.67867192226078,-39.32,-1.3399475365948714,-1.0975156487145572,0.28051910293054744
39.33,-39.33,119.99868472102274,149.99868472102276,80.66868472102274,-39.33,-1.3397559635706537,-1.0977494969604265,0.28081724842267997
39.34,-39.34,119.9986975197847,149.99869751978468,80.6586975197847,-39.34,-1.3395643497351355,-1.0979833117669338,0.28111538538181585
39.35,-39.35,119.99871031854666,149.99871031854667,80.64871031854665,-39.35,-1.3393726950941538,-1.0982170931269566,0.2814135137989017
39.36,-39.36,119.99872311730863,149.99872311730863,80.63872311730863,-39.36,-1.3391809996535464,-1.0984508410333746,0.2817116336648875
39.37,-39.37,119.99873591607059,149.9987359160706,80.62873591607058,-39.37,-1.3389892634191531,-1.098684555479066,0.28200974497072157
39.38,-39.38,119.99874871483256,149.99874871483257,80.61874871483255,-39.38,-1.3387974863968155,-1.0989182364569114,0.28230784770735
39.39,-39.39,119.99876151359452,149.9987615135945,80.60876151359452,-39.39,-1.3386056685923737,-1.0991518839597938,0.28260594186572774
39.4,-39.4,119.99877431235649,149.9987743123565,80.59877431235648,-39.4,-1.338413810011671,-1.0993854979805957,0.28290402743680115
39.41,-39.41,119.99878711111845,149.99878711111845,80.58878711111845,-39.41,-1.338221910660553,-1.099619078512199,0.2832021044115189
39.42,-39.42,119.99879990988042,149.9987999098804,80.57879990988042,-39.42,-1.3380299705448642,-1.0998526255474912,0.28350017278083384
39.43,-39.43,119.99881270864238,149.9988127086424,80.56881270864238,-39.43,-1.3378379896704518,-1.1000861390793557,0.28379823253569436
39.44,-39.44,119.99882550740435,149.99882550740435,80.55882550740435,-39.44,-1.337645968043164,-1.1003196191006805,0.28409628366705153
39.45,-39.45,119.9988383061663,149.9988383061663,80.5488383061663,-39.45,-1.3374539056688504,-1.1005530656043523,0.2843943261658555
39.46,-39.46,119.99885110492828,149.9988511049283,80.53885110492828,-39.46,-1.3372618025533602,-1.1007864785832617,0.28469236002305937
39.47,-39.47,119.99886390369024,149.99886390369022,80.52886390369024,-39.47,-1.3370696587025463,-1.1010198580302972,0.28499038522961373
39.48,-39.48,119.99887670245221,149.9988767024522,80.51887670245222,-39.48,-1.3368774741222624,-1.1012532039383491,0.2852884017764679
39.49,-39.49,119.99888950121417,149.99888950121417,80.50888950121416,-39.49,-1.3366852488183607,-1.1014865163003116,0.2855864096545782
39.5,-39.5,119.99890229997612,149.99890229997612,80.49890229997612,-39.5,-1.3364929827966987,-1.1017197951090751,0.28588440885489275
39.51,-39.51,119.9989150987381,149.9989150987381,80.48891509873809,-39.51,-1.3363006760631329,-1.1019530403575344,0.28618239936836476
39.52,-39.52,119.99892789750005,149.99892789750004,80.47892789750006,-39.52,-1.3361083286235196,-1.1021862520385854,0.28648038118594954
39.53,-39.53,119.99894069626203,149.99894069626203,80.46894069626202,-39.53,-1.3359159404837198,-1.1024194301451231,0.2867783542985973
39.54,-39.54,119.99895349502398,149.99895349502398,80.45895349502399,-39.54,-1.3357235116495936,-1.1026525746700444,0.28707631869726297
39.55,-39.55,119.99896629378595,149.99896629378594,80.44896629378596,-39.55,-1.3355310421270021,-1.1028856856062477,0.2873742743728987
39.56,-39.56,119.99897909254791,149.99897909254793,80.43897909254791,-39.56,-1.3353385319218092,-1.1031187629466317,0.28767222131645837
39.57,-39.57,119.99899189130988,149.99899189130988,80.42899189130989,-39.57,-1.3351459810398782,-1.1033518066840968,0.28797015951889726
39.58,-39.58,119.99900469007184,149.99900469007184,80.41900469007184,-39.58,-1.3349533894870758,-1.1035848168115432,0.28826808897116735
39.59,-39.59,119.99901748883381,149.99901748883383,80.40901748883381,-39.59,-1.3347607572692666,-1.1038177933218751,0.2885660096642263
39.6,-39.6,119.99903028759577,149.99903028759576,80.39903028759576,-39.6,-1.33456808439232,-1.1040507362079937,0.28886392158902674
39.61,-39.61,119.99904308635774,149.99904308635774,80.38904308635774,-39.61,-1.3343753708621047,-1.1042836454628042,0.28916182473652496
39.62,-39.62,119.9990558851197,149.9990558851197,80.3790558851197,-39.62,-1.3341826166844921,-1.1045165210792103,0.2894597190976747
39.63,-39.63,119.99906868388167,149.99906868388166,80.36906868388166,-39.63,-1.3339898218653525,-1.1047493630501195,0.28975760466343337
39.64,-39.64,119.99908148264363,149.99908148264365,80.35908148264363,-39.64,-1.3337969864105592,-1.104982171368439,0.29005548142475507
39.65,-39.65,119.9990942814056,149.9990942814056,80.3490942814056,-39.65,-1.3336041103259864,-1.1052149460270764,0.2903533493725976
39.66,-39.66,119.99910708016756,149.99910708016756,80.33910708016757,-39.66,-1.3334111936175095,-1.1054476870189418,0.29065120849791654
39.67,-39.67,119.99911987892952,149.99911987892952,80.32911987892952,-39.67,-1.3332182362910043,-1.1056803943369455,0.29094905879167005
39.68,-39.68,119.99913267769149,149.99913267769148,80.3191326776915,-39.68,-1.3330252383523504,-1.1059130679739972,0.2912469002448114
39.69,-39.69,119.99914547645345,149.99914547645346,80.30914547645345,-39.69,-1.3328321998074253,-1.106145707923011,0.29154473284830135
39.7,-39.7,119.99915827521542,149.99915827521542,80.29915827521542,-39.7,-1.3326391206621095,-1.1063783141769,0.29184255659309616
39.71,-39.71,119.99917107397738,149.99917107397738,80.28917107397737,-39.71,-1.3324460009222845,-1.1066108867285787,0.292140371470155
39.72,-39.72,119.99918387273935,149.99918387273937,80.27918387273935,-39.72,-1.332252840593834,-1.106843425570961,0.29243817747043216
39.73,-39.73,119.99919667150131,149.9991966715013,80.2691966715013,-39.73,-1.3320596396826412,-1.1070759306969653,0.29273597458489004
39.74,-39.74,119.99920947026328,149.99920947026328,80.25920947026327,-39.74,-1.3318663981945909,-1.1073084020995088,0.2930337628044853
39.75,-39.75,119.99922226902524,149.99922226902524,80.24922226902524,-39.75,-1.3316731161355708,-1.1075408397715083,0.2933315421201764
39.76,-39.76,119.99923506778721,149.9992350677872,80.2392350677872,-39.76,-1.3314797935114677,-1.1077732437058854,0.293629312522924
39.77,-39.77,119.99924786654917,149.99924786654918,80.22924786654917,-39.77,-1.3312864303281704,-1.1080056138955603,0.2939270740036869
39.78,-39.78,119.99926066531114,149.99926066531114,80.21926066531114,-39.78,-1.3310930265915704,-1.108237950333453,0.2942248265534229
39.79,-39.79,119.9992734640731,149.9992734640731,80.2092734640731,-39.79,-1.3308995823075573,-1.108470253012488,0.29452257016309397
39.8,-39.8,119.99928626283507,149.99928626283508,80.19928626283507,-39.8,-1.3307060974820244,-1.1087025219255886,0.2948203048236608
39.81,-39.81,119.99929906159703,149.99929906159701,80.18929906159703,-39.81,-1.3305125721208664,-1.1089347570656787,0.29511803052608243
39.82,-39.82,119.999311860359,149.999311860359,80.17931186035901,-39.82,-1.3303190062299783,-1.1091669584256838,0.29541574726131864
39.83,-39.83,119.99932465912096,149.99932465912096,80.16932465912096,-39.83,-1.3301253998152553,-1.109399125998532,0.2957134550203335
39.84,-39.84,119.99933745788292,149.99933745788292,80.15933745788291,-39.84,-1.3299317528825954,-1.1096312597771507,0.29601115379408666
39.85,-39.85,119.99935025664489,149.9993502566449,80.14935025664488,-39.85,-1.3297380654378985,-1.1098633597544674,0.2963088435735382
39.86,-39.86,119.99936305540685,149.99936305540683,80.13936305540685,-39.86,-1.3295443374870632,-1.1100954259234141,0.2966065243496536
39.87,-39.87,119.99937585416882,149.99937585416882,80.12937585416881,-39.87,-1.3293505690359915,-1.1103274582769196,0.29690419611339086
39.88,-39.88,119.99938865293078,149.99938865293078,80.11938865293078,-39.88,-1.3291567600905867,-1.1105594568079165,0.2972018588557145
39.89,-39.89,119.99940145169275,149.99940145169273,80.10940145169275,-39.89,-1.328962910656751,-1.1107914215093382,0.2974995125675877
39.9,-39.9,119.9994142504547,149.99941425045472,80.09941425045471,-39.9,-1.32876902074039,-1.1110233523741186,0.2977971572399726
39.91,-39.91,119.99942704921668,149.99942704921668,80.08942704921668,-39.91,-1.32857509034741,-1.1112552493951922,0.2980947928638325
39.92,-39.92,119.99943984797864,149.99943984797864,80.07943984797863,-39.92,-1.328381119483719,-1.111487112565495,0.2983924194301307
39.93,-39.93,119.99945264674061,149.99945264674062,80.06945264674061,-39.93,-1.3281871081552248,-1.1117189418779643,0.2986900369298304
39.94,-39.94,119.99946544550257,149.99946544550255,80.05946544550257,-39.94,-1.327993056367838,-1.1119507373255382,0.29898764535389716
39.95,-39.95,119.99947824426454,149.99947824426454,80.04947824426453,-39.95,-1.32779896412747,-1.1121824989011553,0.29928524469329343
39.96,-39.96,119.9994910430265,149.9994910430265,80.03949104302649,-39.96,-1.3276048314400313,-1.112414226597757,0.29958283493898646
39.97,-39.97,119.99950384178847,149.99950384178845,80.02950384178847,-39.97,-1.3274106583114376,-1.112645920408283,0.29988041608193877
39.98,-39.98,119.99951664055042,149.99951664055044,80.01951664055042,-39.98,-1.3272164447476031,-1.1128775803256765,0.3001779881131159
39.99,-39.99,119.9995294393124,149.9995294393124,80.00952943931239,-39.99,-1.3270221907544435,-1.1131092063428802,0.30047555102348417
40.0,-40.0,119.99954223807435,149.99954223807435,79.99954223807435,-40.0,-1.3268278963378768,-1.1133407984528385,0.3007731048040077
40.01,-40.01,119.99954564986095,149.99954564986095,79.98954564986096,-40.01,-1.326633561503821,-1.113572356648497,0.3010707650601255
40.02,-40.02,119.99954906164753,149.99954906164754,79.97954906164753,-40.02,-1.3264391862581961,-1.1138038809228017,0.3013684161511186
40.03,-40.03,119.99955247343412,149.9995524734341,79.96955247343412,-40.03,-1.3262447706069231,-1.1140353712687,0.3016660580679289
40.04,-40.04,119.99955588522072,149.99955588522073,79.95955588522071,-40.04,-1.3260503145559241,-1.11426682767914,0.3019636908014959
40.05,-40.05,119.9995592970073,149.9995592970073,79.9495592970073,-40.05,-1.3258558181111222,-1.1144982501470726,0.3022613143427643
40.06,-40.06,119.99956270879389,149.9995627087939,79.93956270879389,-40.06,-1.3256612812784436,-1.1147296386654455,0.30255892868267187
40.07,-40.07,119.99956612058048,149.99956612058048,79.92956612058049,-40.07,-1.3254667040638126,-1.1149609932272129,0.3028565338121644
40.08,-40.08,119.99956953236706,149.99956953236705,79.91956953236706,-40.08,-1.325272086473157,-1.1151923138253261,0.303154129722183
40.09,-40.09,119.99957294415366,149.99957294415367,79.90957294415365,-40.09,-1.3250774285124052,-1.115423600452739,0.3034517164036688
40.1,-40.1,119.99957635594025,149.99957635594023,79.89957635594024,-40.1,-1.3248827301874868,-1.1156548531024058,0.3037492938475679
40.11,-40.11,119.99957976772683,149.99957976772683,79.88957976772683,-40.11,-1.3246879915043321,-1.115886071767283,0.3040468620448218
40.12,-40.12,119.99958317951342,149.99958317951342,79.87958317951342,-40.12,-1.3244932124688746,-1.1161172564403259,0.3043444209863731
40.13,-40.13,119.99958659130002,149.99958659130002,79.86958659130002,-40.13,-1.3242983930870464,-1.1163484071144931,0.3046419706631668
40.14,-40.14,119.99959000308661,149.9995900030866,79.85959000308661,-40.14,-1.3241035333647824,-1.1165795237827436,0.3049395110661474
40.15,-40.15,119.99959341487319,149.99959341487317,79.8495934148732,-40.15,-1.3239086333080177,-1.1168106064380374,0.3052370421862599
40.16,-40.16,119.99959682665978,149.9995968266598,79.83959682665979,-40.16,-1.3237136929226907,-1.1170416550733333,0.3055345640144456
40.17,-40.17,119.99960023844638,149.99960023844636,79.82960023844637,-40.17,-1.323518712214738,-1.117272669681596,0.3058320765416542
40.18,-40.18,119.99960365023296,149.99960365023296,79.81960365023295,-40.18,-1.3233236911901005,-1.1175036502557865,0.30612957975882665
40.19,-40.19,119.99960706201955,149.99960706201955,79.80960706201955,-40.19,-1.3231286298547187,-1.1177345967888686,0.30642707365691024
40.2,-40.2,119.99961047380614,149.99961047380614,79.79961047380614,-40.2,-1.3229335282145336,-1.1179655092738086,0.3067245582268518
40.21,-40.21,119.99961388559272,149.99961388559274,79.78961388559273,-40.21,-1.3227383862754882,-1.118196387703572,0.30702203345959683
40.22,-40.22,119.99961729737932,149.9996172973793,79.77961729737932,-40.22,-1.3225432040435285,-1.1184272320711246,0.30731949934609
40.23,-40.23,119.99962070916591,149.99962070916592,79.7696207091659,-40.23,-1.3223479815245986,-1.1186580423694363,0.30761695587728005
40.24,-40.24,119.99962412095249,149.9996241209525,79.75962412095248,-40.24,-1.3221527187246453,-1.1188888185914758,0.3079144030441138
40.25,-40.25,119.99962753273908,149.99962753273908,79.74962753273908,-40.25,-1.3219574156496177,-1.1191195607302125,0.30821184083753805
40.26,-40.26,119.99963094452568,149.99963094452568,79.73963094452569,-40.26,-1.321762072305465,-1.1193502687786172,0.3085092692484983
40.27,-40.27,119.99963435631226,149.99963435631224,79.72963435631226,-40.27,-1.321566688698136,-1.1195809427296644,0.3088066882679473
40.28,-40.28,119.99963776809885,149.99963776809886,79.71963776809885,-40.28,-1.321371264833584,-1.119811582576325,0.3091040978868282
40.29,-40.29,119.99964117988544,149.99964117988543,79.70964117988544,-40.29,-1.3211758007177623,-1.1200421883115739,0.3094014980960905
40.3,-40.3,119.99964459167202,149.99964459167202,79.69964459167203,-40.3,-1.3209802963566237,-1.1202727599283875,0.30969888888668506
40.31,-40.31,119.99964800345862,149.99964800345862,79.68964800345861,-40.31,-1.3207847517561242,-1.120503297419741,0.3099962702495593
40.32,-40.32,119.99965141524521,149.9996514152452,79.67965141524522,-40.32,-1.3205891669222212,-1.1207338007786118,0.31029364217566147
40.33,-40.33,119.99965482703179,149.9996548270318,79.66965482703179,-40.33,-1.3203935418608714,-1.1209642699979794,0.31059100465594247
40.34,-40.34,119.99965823881838,149.99965823881837,79.65965823881838,-40.34,-1.3201978765780338,-1.1211947050708233,0.31088835768135387
40.35,-40.35,119.99966165060498,149.999661650605,79.64966165060497,-40.35,-1.3200021710796697,-1.1214251059901228,0.3111857012428418
40.36,-40.36,119.99966506239156,149.99966506239156,79.63966506239156,-40.36,-1.31980642537174,-1.1216554727488603,0.3114830353313591
40.37,-40.37,119.99966847417815,149.99966847417815,79.62966847417815,-40.37,-1.3196106394602078,-1.121885805340018,0.3117803599378555
40.38,-40.38,119.99967188596474,149.99967188596474,79.61967188596475,-40.38,-1.319414813351037,-1.12211610375658,0.3120776750532828
40.39,-40.39,119.99967529775134,149.99967529775134,79.60967529775134,-40.39,-1.319218947050193,-1.1223463679915304,0.31237498066859126
40.4,-40.4,119.99967870953792,149.99967870953793,79.59967870953793,-40.4,-1.319023040563641,-1.1225765980378566,0.31267227677473375
40.41,-40.41,119.99968212132451,149.9996821213245,79.58968212132451,-40.41,-1.3188270938973499,-1.1228067938885435,0.3129695633626618
40.42,-40.42,119.9996855331111,149.99968553311112,79.5796855331111,-40.42,-1.3186311070572878,-1.1230369555365802,0.3132668404233272
40.43,-40.43,119.99968894489768,149.99968894489768,79.56968894489768,-40.43,-1.3184350800494264,-1.123267082974954,0.3135641079476807
40.44,-40.44,119.99969235668428,149.99969235668428,79.55969235668428,-40.44,-1.3182390128797354,-1.1234971761966561,0.3138613659266771
40.45,-40.45,119.99969576847087,149.99969576847087,79.54969576847087,-40.45,-1.3180429055541878,-1.1237272351946777,0.3141586143512697
40.46,-40.46,119.99969918025745,149.99969918025744,79.53969918025746,-40.46,-1.3178467580787572,-1.1239572599620098,0.3144558532124106
40.47,-40.47,119.99970259204404,149.99970259204406,79.52970259204405,-40.47,-1.317650570459419,-1.1241872504916464,0.31475308250105305
40.48,-40.48,119.99970600383064,149.99970600383062,79.51970600383063,-40.48,-1.317454342702149,-1.1244172067765807,0.3150503022081529
40.49,-40.49,119.99970941561722,149.99970941561722,79.50970941561721,-40.49,-1.3172580748129248,-1.124647128809809,0.3153475123246626
40.5,-40.5,119.99971282740381,149.9997128274038,79.49971282740381,-40.5,-1.3170617667977256,-1.1248770165843256,0.3156447128415358
40.51,-40.51,119.9997162391904,149.9997162391904,79.48971623919041,-40.51,-1.3168654186625306,-1.1251068700931293,0.3159419037497292
40.52,-40.52,119.99971965097699,149.999719650977,79.47971965097699,-40.52,-1.3166690304133204,-1.1253366893292187,0.3162390850401978
40.53,-40.53,119.99972306276358,149.99972306276356,79.46972306276358,-40.53,-1.3164726020560793,-1.125566474285591,0.31653625670389507
40.54,-40.54,119.99972647455017,149.9997264745502,79.45972647455017,-40.54,-1.3162761335967887,-1.1257962249552484,0.31683341873177784
40.55,-40.55,119.99972988633675,149.99972988633675,79.44972988633675,-40.55,-1.316079625041434,-1.1260259413311926,0.317130571114804
40.56,-40.56,119.99973329812335,149.99973329812335,79.43973329812334,-40.56,-1.3158830763960023,-1.1262556234064238,0.31742771384392515
40.57,-40.57,119.99973670990994,149.99973670990994,79.42973670990995,-40.57,-1.3156864876664796,-1.1264852711739477,0.31772484691010183
40.58,-40.58,119.99974012169652,149.9997401216965,79.41974012169652,-40.58,-1.3154898588588546,-1.1267148846267678,0.3180219703042889
40.59,-40.59,119.99974353348311,149.99974353348313,79.40974353348311,-40.59,-1.3152931899791165,-1.1269444637578905,0.31831908401744463
40.6,-40.6,119.9997469452697,149.9997469452697,79.3997469452697,-40.6,-1.3150964810332577,-1.1271740085603206,0.31861618804052455
40.61,-40.61,119.99975035705629,149.99975035705629,79.38975035705629,-40.61,-1.3148997320272684,-1.1274035190270684,0.3189132823644891
40.62,-40.62,119.99975376884288,149.99975376884288,79.37975376884287,-40.62,-1.3147029429671435,-1.1276329951511403,0.319210366980293
40.63,-40.63,119.99975718062947,149.99975718062947,79.36975718062948,-40.63,-1.3145061138588772,-1.1278624369255466,0.3195074418788963
40.64,-40.64,119.99976059241607,149.99976059241607,79.35976059241607,-40.64,-1.3143092447084643,-1.128091844343299,0.3198045070512582
40.65,-40.65,119.99976400420265,149.99976400420263,79.34976400420265,-40.65,-1.3141123355219022,-1.128321217397409,0.3201015624883375
40.66,-40.66,119.99976741598924,149.99976741598925,79.33976741598924,-40.66,-1.3139153863051902,-1.1285505560808886,0.3203986081810905
40.67,-40.67,119.99977082777583,149.99977082777582,79.32977082777583,-40.67,-1.3137183970643258,-1.1287798603867534,0.320695644120481
40.68,-40.68,119.99977423956241,149.9997742395624,79.3197742395624,-40.68,-1.313521367805311,-1.1290091303080168,0.3209926702974652
40.69,-40.69,119.999777651349,149.999777651349,79.30977765134901,-40.69,-1.3133242985341473,-1.1292383658376957,0.3212896867030052
40.7,-40.7,119.9997810631356,149.9997810631356,79.2997810631356,-40.7,-1.3131271892568386,-1.1294675669688061,0.3215866933280598
40.71,-40.71,119.99978447492218,149.9997844749222,79.28978447492219,-40.71,-1.3129300399793873,-1.1296967336943682,0.3218836901635918
40.72,-40.72,119.99978788670877,149.99978788670876,79.27978788670877,-40.72,-1.3127328507078002,-1.1299258660073994,0.32218067720056043
40.73,-40.73,119.99979129849537,149.99979129849538,79.26979129849536,-40.73,-1.3125356214480848,-1.13015496390092,0.3224776544299258
40.74,-40.74,119.99979471028195,149.99979471028195,79.25979471028194,-40.74,-1.3123383522062466,-1.1303840273679528,0.3227746218426533
40.75,-40.75,119.99979812206854,149.99979812206854,79.24979812206854,-40.75,-1.3121410429882967,-1.1306130564015189,0.32307157942970205
40.76,-40.76,119.99980153385513,149.99980153385513,79.23980153385514,-40.76,-1.311943693800246,-1.130842050994641,0.3233685271820329
40.77,-40.77,119.99980494564171,149.9998049456417,79.22980494564172,-40.77,-1.3117463046481037,-1.1310710111403457,0.3236654650906126
40.78,-40.78,119.99980835742831,149.99980835742832,79.2198083574283,-40.78,-1.3115488755378848,-1.1312999368316565,0.3239623931463993
40.79,-40.79,119.9998117692149,149.9998117692149,79.2098117692149,-40.79,-1.3113514064756024,-1.1315288280616005,0.32425931134035896
40.8,-40.8,119.99981518100148,149.99981518100148,79.19981518100148,-40.8,-1.311153897467272,-1.1317576848232056,0.3245562196634539
40.81,-40.81,119.99981859278807,149.99981859278807,79.18981859278807,-40.81,-1.3109563485189097,-1.1319865071095,0.32485311810664735
40.82,-40.82,119.99982200457467,149.99982200457467,79.17982200457467,-40.82,-1.3107587596365338,-1.1322152949135138,0.325150006660904
40.83,-40.83,119.99982541636125,149.99982541636126,79.16982541636125,-40.83,-1.310561130826163,-1.1324440482282767,0.3254468853171871
40.84,-40.84,119.99982882814784,149.99982882814783,79.15982882814784,-40.84,-1.3103634620938167,-1.1326727670468228,0.3257437540664642
40.85,-40.85,119.99983223993443,149.99983223993445,79.14983223993443,-40.85,-1.3101657534455173,-1.1329014513621827,0.326040612899696
40.86,-40.86,119.99983565172101,149.999835651721,79.13983565172101,-40.86,-1.3099680048872862,-1.1331301011673913,0.3263374618078509
40.87,-40.87,119.99983906350761,149.9998390635076,79.1298390635076,-40.87,-1.3097702164251488,-1.1333587164554824,0.32663430078189143
40.88,-40.88,119.9998424752942,149.9998424752942,79.1198424752942,-40.88,-1.3095723880651287,-1.1335872972194931,0.3269311298127857
40.89,-40.89,119.9998458870808,149.9998458870808,79.1098458870808,-40.89,-1.3093745198132525,-1.1338158434524603,0.32722794889149825
40.9,-40.9,119.99984929886737,149.9998492988674,79.09984929886738,-40.9,-1.3091766116755477,-1.1340443551474217,0.3275247580089967
40.91,-40.91,119.99985271065397,149.99985271065395,79.08985271065397,-40.91,-1.3089786636580427,-1.1342728322974172,0.3278215571562476
40.92,-40.92,119.99985612244056,149.99985612244058,79.07985612244056,-40.92,-1.3087806757667673,-1.1345012748954866,0.32811834632421716
40.93,-40.93,119.99985953422714,149.99985953422714,79.06985953422713,-40.93,-1.3085826480077527,-1.1347296829346702,0.32841512550387303
40.94,-40.94,119.99986294601374,149.99986294601374,79.05986294601374,-40.94,-1.3083845803870322,-1.1349580564080108,0.3287118946861816
40.95,-40.95,119.99986635780033,149.99986635780033,79.04986635780033,-40.95,-1.3081864729106376,-1.1351863953085526,0.3290086538621126
40.96,-40.96,119.99986976958691,149.9998697695869,79.03986976958691,-40.96,-1.3079883255846039,-1.13541469962934,0.32930540302263445
40.97,-40.97,119.9998731813735,149.99987318137352,79.0298731813735,-40.97,-1.3077901384149684,-1.1356429693634165,0.3296021421587123
40.98,-40.98,119.9998765931601,149.99987659316008,79.01987659316009,-40.98,-1.3075919114077665,-1.1358712045038306,0.32989887126131884
40.99,-40.99,119.99988000494668,149.99988000494668,79.00988000494667,-40.99,-1.307393644569037,-1.13609940504363,0.3301955903214223
41.0,-41.0,119.99988341673327,149.99988341673327,78.99988341673327,-41.0,-1.3071953379048207,-1.1363275709758611,0.33049229932998947
41.01,-41.01,119.99988429707061,149.9998842970706,78.9898842970706,-41.01,-1.306996991421157,-1.136555702293576,0.3307890292129813
41.02,-41.02,119.99988517740795,149.99988517740795,78.97988517740794,-41.02,-1.3067986051240879,-1.1367837989898248,0.3310857490212768
41.03,-41.03,119.99988605774529,149.9998860577453,78.96988605774528,-41.03,-1.306600179019657,-1.1370118610576583,0.33138245874583705
41.04,-41.04,119.99988693808262,149.99988693808262,78.95988693808263,-41.04,-1.3064017131139096,-1.1372398884901294,0.3316791583776261
41.05,-41.05,119.99988781841996,149.99988781841995,78.94988781841997,-41.05,-1.3062032074128893,-1.1374678812802939,0.3319758479076116
41.06,-41.06,119.9998886987573,149.9998886987573,78.9398886987573,-41.06,-1.3060046619226444,-1.1376958394212044,0.3322725273267533
41.07,-41.07,119.99988957909464,149.99988957909466,78.92988957909463,-41.07,-1.3058060766492232,-1.1379237629059173,0.33256919662601736
41.08,-41.08,119.99989045943197,149.99989045943198,78.91989045943197,-41.08,-1.3056074515986738,-1.1381516517274912,0.3328658557963706
41.09,-41.09,119.9998913397693,149.9998913397693,78.9098913397693,-41.09,-1.3054087867770465,-1.1383795058789836,0.3331625048287773
41.1,-41.1,119.99989222010664,149.99989222010663,78.89989222010664,-41.1,-1.305210082190395,-1.138607325353452,0.3334591437142015
41.11,-41.11,119.99989310044398,149.99989310044398,78.88989310044398,-41.11,-1.3050113378447696,-1.1388351101439596,0.33375577244361215
41.12,-41.12,119.99989398078132,149.99989398078134,78.87989398078133,-41.12,-1.304812553746226,-1.139062860243565,0.3340523910079725
41.13,-41.13,119.99989486111866,149.99989486111866,78.86989486111867,-41.13,-1.3046137299008196,-1.1392905756453315,0.3343489993982505
41.14,-41.14,119.999895741456,149.999895741456,78.859895741456,-41.14,-1.3044148663146067,-1.1395182563423223,0.334645597605412
41.15,-41.15,119.99989662179334,149.99989662179334,78.84989662179333,-41.15,-1.304215962993644,-1.1397459023276029,0.3349421856204261
41.16,-41.16,119.99989750213068,149.9998975021307,78.83989750213068,-41.16,-1.3040170199439913,-1.1399735135942377,0.3352387634342595
41.17,-41.17,119.99989838246802,149.99989838246802,78.82989838246802,-41.17,-1.3038180371717092,-1.1402010901352932,0.3355353310378788
41.18,-41.18,119.99989926280536,149.99989926280534,78.81989926280536,-41.18,-1.3036190146828583,-1.1404286319438377,0.3358318884222532
41.19,-41.19,119.9999001431427,149.9999001431427,78.8099001431427,-41.19,-1.3034199524835015,-1.1406561390129395,0.3361284355783512
41.2,-41.2,119.99990102348004,149.99990102348005,78.79990102348003,-41.2,-1.3032208505797032,-1.1408836113356677,0.33642497249713954
41.21,-41.21,119.99990190381737,149.99990190381737,78.78990190381737,-41.21,-1.3030217089775264,-1.1411110489050948,0.3367214991695909
41.22,-41.22,119.9999027841547,149.9999027841547,78.7799027841547,-41.22,-1.3028225276830394,-1.1413384517142913,0.3370180155866719
41.23,-41.23,119.99990366449204,149.99990366449202,78.76990366449203,-41.23,-1.3026233067023085,-1.1415658197563305,0.3373145217393531
41.24,-41.24,119.99990454482938,149.99990454482938,78.75990454482937,-41.24,-1.302424046041403,-1.1417931530242862,0.3376110176186033
41.25,-41.25,119.99990542516672,149.99990542516673,78.74990542516672,-41.25,-1.302224745706392,-1.1420204515112338,0.33790750321539414
41.26,-41.26,119.99990630550406,149.99990630550406,78.73990630550406,-41.26,-1.302025405703347,-1.142247715210249,0.3382039785206966
41.27,-41.27,119.9999071858414,149.99990718584138,78.7299071858414,-41.27,-1.3018260260383403,-1.142474944114409,0.3385004435254801
41.28,-41.28,119.99990806617873,149.99990806617873,78.71990806617873,-41.28,-1.3016266067174451,-1.1427021382167923,0.33879689822071624
41.29,-41.29,119.99990894651607,149.9999089465161,78.70990894651607,-41.29,-1.301427147746736,-1.142929297510478,0.33909334259737733
41.3,-41.3,119.99990982685341,149.9999098268534,78.69990982685341,-41.3,-1.3012276491322887,-1.1431564219885468,0.33938977664643494
41.31,-41.31,119.99991070719075,149.99991070719074,78.68991070719075,-41.31,-1.3010281108801818,-1.1433835116440787,0.3396862003588598
41.32,-41.32,119.99991158752809,149.9999115875281,78.6799115875281,-41.32,-1.3008285329964915,-1.1436105664701577,0.33998261372562644
41.33,-41.33,119.99991246786543,149.99991246786544,78.66991246786543,-41.33,-1.3006289154872983,-1.1438375864598669,0.340279016737707
41.34,-41.34,119.99991334820277,149.99991334820277,78.65991334820276,-41.34,-1.3004292583586827,-1.1440645716062907,0.3405754093860741
41.35,-41.35,119.9999142285401,149.9999142285401,78.6499142285401,-41.35,-1.300229561616727,-1.144291521902515,0.34087179166170156
41.36,-41.36,119.99991510887743,149.99991510887742,78.63991510887743,-41.36,-1.3000298252675133,-1.1445184373416264,0.341168163555564
41.37,-41.37,119.99991598921477,149.99991598921477,78.62991598921477,-41.37,-1.2998300493171275,-1.1447453179167117,0.34146452505863245
41.38,-41.38,119.99991686955211,149.99991686955212,78.6199168695521,-41.38,-1.2996302337716539,-1.1449721636208612,0.34176087616188383
41.39,-41.39,119.99991774988945,149.99991774988945,78.60991774988945,-41.39,-1.2994303786371793,-1.1451989744471642,0.3420572168562937
41.4,-41.4,119.99991863022679,149.99991863022677,78.5999186302268,-41.4,-1.2992304839197915,-1.1454257503887122,0.3423535471328352
41.41,-41.41,119.99991951056413,149.99991951056413,78.58991951056413,-41.41,-1.2990305496255812,-1.1456524914385953,0.3426498669824828
41.42,-41.42,119.99992039090147,149.99992039090148,78.57992039090146,-41.42,-1.2988305757606362,-1.145879197589909,0.34294617639621505
41.43,-41.43,119.9999212712388,149.9999212712388,78.5699212712388,-41.43,-1.2986305623310501,-1.146105868835746,0.34324247536500585
41.44,-41.44,119.99992215157614,149.99992215157613,78.55992215157615,-41.44,-1.2984305093429156,-1.146332505169201,0.34353876387983073
41.45,-41.45,119.99992303191348,149.99992303191348,78.54992303191348,-41.45,-1.2982304168023255,-1.1465591065833718,0.3438350419316685
41.46,-41.46,119.99992391225082,149.99992391225084,78.53992391225083,-41.46,-1.2980302847153748,-1.1467856730713555,0.34413130951149534
41.47,-41.47,119.99992479258816,149.99992479258816,78.52992479258816,-41.47,-1.2978301130881615,-1.1470122046262496,0.3444275666102883
41.48,-41.48,119.9999256729255,149.99992567292549,78.5199256729255,-41.48,-1.2976299019267825,-1.1472387012411533,0.3447238132190239
41.49,-41.49,119.99992655326284,149.99992655326284,78.50992655326283,-41.49,-1.2974296512373353,-1.147465162909169,0.345020049328682
41.5,-41.5,119.99992743360016,149.99992743360016,78.49992743360016,-41.5,-1.2972293610259216,-1.1476915896233966,0.3453162749302396
41.51,-41.51,119.9999283139375,149.99992831393752,78.4899283139375,-41.51,-1.297029031298642,-1.1479179813769385,0.3456124900146743
41.52,-41.52,119.99992919427484,149.99992919427484,78.47992919427483,-41.52,-1.2968286620615985,-1.1481443381629002,0.3459086945729674
41.53,-41.53,119.99993007461218,149.99993007461217,78.46993007461218,-41.53,-1.296628253320895,-1.1483706599743848,0.34620488859609616
41.54,-41.54,119.99993095494952,149.99993095494952,78.45993095494953,-41.54,-1.296427805082637,-1.1485969468044985,0.3465010720750396
41.55,-41.55,119.99993183528686,149.99993183528687,78.44993183528686,-41.55,-1.2962273173529286,-1.1488231986463493,0.3467972450007794
41.56,-41.56,119.9999327156242,149.9999327156242,78.4399327156242,-41.56,-1.296026790137879,-1.1490494154930437,0.3470934073642942
41.57,-41.57,119.99993359596154,149.99993359596152,78.42993359596153,-41.57,-1.2958262234435955,-1.1492755973376916,0.3473895591565654
41.58,-41.58,119.99993447629888,149.99993447629888,78.41993447629888,-41.58,-1.295625617276189,-1.1495017441734021,0.3476857003685721
41.59,-41.59,119.99993535663621,149.99993535663623,78.40993535663621,-41.59,-1.295424971641768,-1.1497278559932884,0.3479818309912978
41.6,-41.6,119.99993623697355,149.99993623697355,78.39993623697356,-41.6,-1.2952242865464465,-1.149953932790461,0.348277951015723
41.61,-41.61,119.99993711731089,149.99993711731088,78.3899371173109,-41.61,-1.2950235619963368,-1.150179974558034,0.3485740604328289
41.62,-41.62,119.99993799764823,149.99993799764823,78.37993799764823,-41.62,-1.2948227979975542,-1.1504059812891207,0.3488701592335966
41.63,-41.63,119.99993887798557,149.99993887798558,78.36993887798556,-41.63,-1.2946219945562132,-1.1506319529768378,0.34916624740901
41.64,-41.64,119.99993975832291,149.9999397583229,78.35993975832291,-41.64,-1.2944211516784316,-1.1508578896143007,0.34946232495005153
41.65,-41.65,119.99994063866023,149.99994063866023,78.34994063866023,-41.65,-1.2942202693703262,-1.1510837911946288,0.34975839184770496
41.66,-41.66,119.99994151899757,149.99994151899756,78.33994151899758,-41.66,-1.2940193476380173,-1.151309657710939,0.35005444809295244
41.67,-41.67,119.99994239933491,149.9999423993349,78.32994239933491,-41.67,-1.2938183864876247,-1.1515354891563518,0.35035049367677795
41.68,-41.68,119.99994327967225,149.99994327967227,78.31994327967226,-41.68,-1.2936173859252713,-1.151761285523987,0.35064652859016426
41.69,-41.69,119.99994416000959,149.9999441600096,78.3099441600096,-41.69,-1.2934163459570784,-1.1519870468069677,0.35094255282409803
41.7,-41.7,119.99994504034693,149.99994504034692,78.29994504034693,-41.7,-1.2932152665891707,-1.1522127729984162,0.35123856636956313
41.71,-41.71,119.99994592068427,149.99994592068427,78.28994592068426,-41.71,-1.2930141478276733,-1.1524384640914567,0.351534569217543
41.72,-41.72,119.99994680102161,149.99994680102162,78.27994680102161,-41.72,-1.2928129896787128,-1.1526641200792138,0.3518305613590247
41.73,-41.73,119.99994768135895,149.99994768135895,78.26994768135896,-41.73,-1.2926117921484164,-1.1528897409548144,0.35212654278499333
41.74,-41.74,119.99994856169629,149.99994856169627,78.25994856169629,-41.74,-1.2924105552429128,-1.1531153267113856,0.3524225134864358
41.75,-41.75,119.99994944203362,149.99994944203362,78.24994944203362,-41.75,-1.2922092789683337,-1.1533408773420541,0.35271847345433516
41.76,-41.76,119.99995032237096,149.99995032237098,78.23995032237096,-41.76,-1.2920079633308081,-1.153566392839951,0.3530144226796812
41.77,-41.77,119.9999512027083,149.9999512027083,78.22995120270829,-41.77,-1.291806608336469,-1.1537918731982073,0.3533103611534613
41.78,-41.78,119.99995208304564,149.99995208304563,78.21995208304564,-41.78,-1.2916052139914518,-1.1540173184099518,0.353606288866659
41.79,-41.79,119.99995296338297,149.99995296338295,78.20995296338296,-41.79,-1.2914037803018892,-1.1542427284683192,0.3539022058102648
41.8,-41.8,119.9999538437203,149.9999538437203,78.19995384372031,-41.8,-1.2912023072739172,-1.154468103366443,0.3541981119752669
41.81,-41.81,119.99995472405764,149.99995472405766,78.18995472405764,-41.81,-1.291000794913675,-1.1546934430974565,0.35449400735265124
41.82,-41.82,119.99995560439498,149.99995560439498,78.17995560439499,-41.82,-1.2907992432272992,-1.1549187476544966,0.35478989193340826
41.83,-41.83,119.99995648473232,149.9999564847323,78.16995648473232,-41.83,-1.2905976522209301,-1.1551440170307004,0.35508576570852696
41.84,-41.84,119.99995736506966,149.99995736506966,78.15995736506966,-41.84,-1.290396021900708,-1.1553692512192053,0.35538162866899603
41.85,-41.85,119.999958245407,149.99995824540702,78.14995824540699,-41.85,-1.2901943522727761,-1.1555944502131494,0.35567748080580336
41.86,-41.86,119.99995912574434,149.99995912574434,78.13995912574434,-41.86,-1.2899926433432762,-1.155819614005675,0.3559733221099424
41.87,-41.87,119.99996000608168,149.99996000608166,78.12996000608169,-41.87,-1.2897908951183537,-1.1560447425899207,0.35626915257240027
41.88,-41.88,119.99996088641902,149.99996088641902,78.11996088641902,-41.88,-1.2895891076041541,-1.1562698359590295,0.3565649721841684
41.89,-41.89,119.99996176675636,149.99996176675637,78.10996176675636,-41.89,-1.2893872808068234,-1.1564948941061457,0.3568607809362374
41.9,-41.9,119.9999626470937,149.9999626470937,78.09996264709369,-41.9,-1.28918541473251,-1.1567199170244133,0.35715657881960083
41.91,-41.91,119.99996352743104,149.99996352743102,78.08996352743104,-41.91,-1.2889835093873636,-1.156944904706977,0.35745236582524764
41.92,-41.92,119.99996440776837,149.99996440776837,78.07996440776837,-41.92,-1.288781564777534,-1.1571698571469835,0.3577481419441696
41.93,-41.93,119.9999652881057,149.9999652881057,78.06996528810569,-41.93,-1.2885795809091733,-1.1573947743375805,0.35804390716736023
41.94,-41.94,119.99996616844304,149.99996616844305,78.05996616844304,-41.94,-1.288377557788434,-1.1576196562719165,0.358339661485811
41.95,-41.95,119.99996704878038,149.99996704878038,78.04996704878037,-41.95,-1.2881754954214704,-1.1578445029431408,0.3586354048905153
41.96,-41.96,119.99996792911772,149.9999679291177,78.03996792911772,-41.96,-1.2879733938144364,-1.1580693143444059,0.3589311373724676
41.97,-41.97,119.99996880945505,149.99996880945505,78.02996880945506,-41.97,-1.2877712529734897,-1.1582940904688617,0.359226858922659
41.98,-41.98,119.9999696897924,149.9999696897924,78.01996968979239,-41.98,-1.2875690729047882,-1.1585188313096615,0.35952256953208456
41.99,-41.99,119.99997057012973,149.99997057012973,78.00997057012972,-41.99,-1.2873668536144887,-1.1587435368599606,0.3598182691917395
42.0,-42.0,119.99997145046707,149.99997145046706,77.99997145046707,-42.0,-1.287164595108753,-1.1589682071129128,0.3601139578926166
42.01,-42.01,119.99997166915422,149.9999716691542,77.98997166915422,-42.01,-1.2869622973937416,-1.1591928420616746,0.3604096436416027
42.02,-42.02,119.99997188784138,149.99997188784138,77.97997188784137,-42.02,-1.2867599604756168,-1.159417441699403,0.36070531841234743
42.03,-42.03,119.99997210652853,149.99997210652853,77.96997210652853,-42.03,-1.2865575843605424,-1.1596420060192567,0.3610009821958462
42.04,-42.04,119.9999723252157,149.9999723252157,77.95997232521569,-42.04,-1.2863551690546826,-1.159866535014395,0.3612966349830921
42.05,-42.05,119.99997254390284,149.99997254390286,77.94997254390285,-42.05,-1.2861527145642038,-1.1600910286779782,0.36159227676508
42.06,-42.06,119.99997276259,149.99997276259,77.93997276259,-42.06,-1.2859502208952729,-1.1603154870031678,0.3618879075328041
42.07,-42.07,119.99997298127715,149.99997298127715,77.92997298127716,-42.07,-1.2857476880540584,-1.1605399099831266,0.36218352727726033
42.08,-42.08,119.9999731999643,149.9999731999643,77.9199731999643,-42.08,-1.2855451160467302,-1.1607642976110175,0.3624791359894428
42.09,-42.09,119.99997341865146,149.99997341865145,77.90997341865146,-42.09,-1.2853425048794573,-1.1609886498800073,0.36277473366034957
42.1,-42.1,119.99997363733861,149.9999736373386,77.8999736373386,-42.1,-1.2851398545584132,-1.1612129667832598,0.3630703202809744
42.11,-42.11,119.99997385602578,149.99997385602578,77.88997385602578,-42.11,-1.2849371650897703,-1.1614372483139432,0.3633658958423151
42.12,-42.12,119.99997407471292,149.99997407471292,77.87997407471292,-42.12,-1.284734436479704,-1.1616614944652237,0.3636614603353664
42.13,-42.13,119.99997429340009,149.9999742934001,77.86997429340008,-42.13,-1.2845316687343884,-1.1618857052302722,0.36395701375112766
42.14,-42.14,119.99997451208723,149.99997451208725,77.85997451208723,-42.14,-1.2843288618600006,-1.1621098806022583,0.3642525560805955
42.15,-42.15,119.99997473077438,149.9999747307744,77.84997473077439,-42.15,-1.2841260158627184,-1.162334020574353,0.36454808731476757
42.16,-42.16,119.99997494946155,149.99997494946155,77.83997494946155,-42.16,-1.283923130748721,-1.162558125139729,0.36484360744464267
42.17,-42.17,119.9999751681487,149.9999751681487,77.82997516814869,-42.17,-1.2837202065241882,-1.16278219429156,0.3651391164612195
42.18,-42.18,119.99997538683586,149.99997538683584,77.81997538683586,-42.18,-1.2835172431953024,-1.1630062280230191,0.365434614355495
42.19,-42.19,119.999975605523,149.999975605523,77.80997560552301,-42.19,-1.2833142407682459,-1.1632302263272822,0.36573010111846876
42.2,-42.2,119.99997582421017,149.99997582421017,77.79997582421016,-42.2,-1.2831111992492017,-1.163454189197527,0.3660255767411414
42.21,-42.21,119.99997604289732,149.99997604289732,77.78997604289731,-42.21,-1.282908118644355,-1.1636781166269312,0.3663210412145128
42.22,-42.22,119.99997626158446,149.99997626158446,77.77997626158447,-42.22,-1.282704998959893,-1.1639020086086718,0.3666164945295819
42.23,-42.23,119.99997648027163,149.99997648027164,77.76997648027162,-42.23,-1.2825018402020023,-1.16412586513593,0.3669119366773491
42.24,-42.24,119.99997669895878,149.9999766989588,77.75997669895878,-42.24,-1.2822986423768707,-1.1643496862018876,0.36720736764881784
42.25,-42.25,119.99997691764594,149.99997691764594,77.74997691764594,-42.25,-1.28209540549069,-1.164573471799724,0.36750278743498543
42.26,-42.26,119.99997713633309,149.9999771363331,77.7399771363331,-42.26,-1.2818921295496493,-1.1647972219226248,0.367798196026856
42.27,-42.27,119.99997735502025,149.99997735502023,77.72997735502025,-42.27,-1.281688814559941,-1.1650209365637738,0.36809359341543213
42.28,-42.28,119.9999775737074,149.99997757370738,77.7199775737074,-42.28,-1.2814854605277595,-1.1652446157163552,0.3683889795917133
42.29,-42.29,119.99997779239455,149.99997779239453,77.70997779239454,-42.29,-1.2812820674592988,-1.165468259373555,0.36868435454670306
42.3,-42.3,119.99997801108171,149.9999780110817,77.69997801108171,-42.3,-1.2810786353607537,-1.165691867528563,0.3689797182714053
42.31,-42.31,119.99997822976886,149.99997822976886,77.68997822976885,-42.31,-1.2808751642383223,-1.1659154401745655,0.369275070756822
42.32,-42.32,119.99997844845602,149.99997844845603,77.67997844845601,-42.32,-1.2806716540982026,-1.1661389773047521,0.3695704119939566
42.33,-42.33,119.99997866714317,149.99997866714318,77.66997866714317,-42.33,-1.2804681049465934,-1.1663624789123148,0.36986574197381444
42.34,-42.34,119.99997888583033,149.99997888583033,77.65997888583033,-42.34,-1.2802645167896944,-1.1665859449904452,0.37016106068739946
42.35,-42.35,119.99997910451748,149.99997910451748,77.64997910451748,-42.35,-1.2800608896337093,-1.1668093755323343,0.3704563681257141
42.36,-42.36,119.99997932320463,149.99997932320463,77.63997932320463,-42.36,-1.2798572234848387,-1.167032770531179,0.3707516642797671
42.37,-42.37,119.99997954189179,149.99997954189178,77.6299795418918,-42.37,-1.279653518349288,-1.1672561299801716,0.37104694914056013
42.38,-42.38,119.99997976057894,149.99997976057892,77.61997976057893,-42.38,-1.2794497742332627,-1.1674794538725097,0.37134222269910105
42.39,-42.39,119.9999799792661,149.9999799792661,77.6099799792661,-42.39,-1.2792459911429686,-1.167702742201389,0.37163748494639315
42.4,-42.4,119.99998019795325,149.99998019795325,77.59998019795324,-42.4,-1.2790421690846123,-1.1679259949600103,0.3719327358734469
42.41,-42.41,119.99998041664041,149.99998041664043,77.58998041664042,-42.41,-1.2788383080644041,-1.1681492121415704,0.3722279754712651
42.42,-42.42,119.99998063532756,149.99998063532757,77.57998063532756,-42.42,-1.278634408088553,-1.1683723937392714,0.3725232037308577
42.43,-42.43,119.99998085401471,149.99998085401472,77.56998085401472,-42.43,-1.2784304691632717,-1.1685955397463132,0.37281842064322906
42.44,-42.44,119.99998107270187,149.99998107270187,77.55998107270187,-42.44,-1.2782264912947705,-1.1688186501558997,0.37311362619938976
42.45,-42.45,119.99998129138902,149.99998129138902,77.54998129138902,-42.45,-1.2780224744892643,-1.169041724961234,0.37340882039034523
42.46,-42.46,119.99998151007618,149.99998151007617,77.53998151007619,-42.46,-1.277818418752967,-1.1692647641555212,0.37370400320710595
42.47,-42.47,119.99998172876333,149.99998172876332,77.52998172876333,-42.47,-1.2776143240920952,-1.1694877677319668,0.37399917464067944
42.48,-42.48,119.9999819474505,149.9999819474505,77.5199819474505,-42.48,-1.2774101905128652,-1.169710735683778,0.37429433468207535
42.49,-42.49,119.99998216613764,149.99998216613764,77.50998216613763,-42.49,-1.277206018021496,-1.1699336680041623,0.37458948332230324
42.5,-42.5,119.99998238482479,149.9999823848248,77.49998238482479,-42.5,-1.2770018066242066,-1.1701565646863294,0.37488462055237226
42.51,-42.51,119.99998260351195,149.99998260351197,77.48998260351195,-42.51,-1.2767975563272176,-1.1703794257234894,0.3751797463632925
42.52,-42.52,119.9999828221991,149.99998282219912,77.4799828221991,-42.52,-1.2765932671367506,-1.1706022511088539,0.37547486074607583
42.53,-42.53,119.99998304088626,149.99998304088626,77.46998304088626,-42.53,-1.27638893905903,-1.1708250408356335,0.3757699636917306
42.54,-42.54,119.99998325957341,149.9999832595734,77.45998325957342,-42.54,-1.2761845721002785,-1.1710477948970437,0.3760650551912704
42.55,-42.55,119.99998347826057,149.99998347826056,77.44998347826058,-42.55,-1.2759801662667214,-1.1712705132862986,0.37636013523570583
42.56,-42.56,119.99998369694772,149.9999836969477,77.43998369694772,-42.56,-1.2757757215645869,-1.1714931959966124,0.37665520381604717
42.57,-42.57,119.99998391563489,149.99998391563489,77.42998391563489,-42.57,-1.2755712380001012,-1.1717158430212034,0.37695026092330886
42.58,-42.58,119.99998413432203,149.99998413432203,77.41998413432204,-42.58,-1.2753667155794934,-1.1719384543532887,0.3772453065485025
42.59,-42.59,119.99998435300918,149.99998435300918,77.40998435300918,-42.59,-1.2751621543089942,-1.1721610299860872,0.3775403406826417
42.6,-42.6,119.99998457169634,149.99998457169636,77.39998457169634,-42.6,-1.2749575541948341,-1.172383569912819,0.3778353633167385
42.61,-42.61,119.9999847903835,149.9999847903835,77.3899847903835,-42.61,-1.2747529152432457,-1.1726060741267057,0.3781303744418086
42.62,-42.62,119.99998500907066,149.99998500907066,77.37998500907065,-42.62,-1.274548237460464,-1.1728285426209684,0.3784253740488634
42.63,-42.63,119.9999852277578,149.9999852277578,77.36998522775781,-42.63,-1.274343520852723,-1.17305097538883,0.37872036212891735
42.64,-42.64,119.99998544644497,149.99998544644495,77.35998544644497,-42.64,-1.274138765426258,-1.173273372423516,0.3790153386729875
42.65,-42.65,119.99998566513212,149.9999856651321,77.34998566513212,-42.65,-1.2739339711873063,-1.173495733718252,0.37931030367208785
42.66,-42.66,119.99998588381926,149.99998588381925,77.33998588381927,-42.66,-1.2737291381421079,-1.173718059266263,0.379605257117232
42.67,-42.67,119.99998610250643,149.99998610250643,77.32998610250642,-42.67,-1.2735242662969002,-1.1739403490607783,0.37990019899943805
42.68,-42.68,119.99998632119357,149.99998632119357,77.31998632119357,-42.68,-1.2733193556579254,-1.174162603095025,0.3801951293097205
42.69,-42.69,119.99998653988074,149.99998653988075,77.30998653988074,-42.69,-1.2731144062314257,-1.1743848213622332,0.3804900480390956
42.7,-42.7,119.99998675856789,149.9999867585679,77.29998675856788,-42.7,-1.2729094180236427,-1.1746070038556344,0.3807849551785816
42.71,-42.71,119.99998697725505,149.99998697725505,77.28998697725504,-42.71,-1.2727043910408213,-1.174829150568461,0.38107985071919576
42.72,-42.72,119.9999871959422,149.9999871959422,77.2799871959422,-42.72,-1.2724993252892078,-1.1750512614939446,0.38137473465195393
42.73,-42.73,119.99998741462935,149.99998741462935,77.26998741462936,-42.73,-1.2722942207750487,-1.1752733366253192,0.3816696069678737
42.74,-42.74,119.99998763331651,149.9999876333165,77.25998763331651,-42.74,-1.2720890775045905,-1.1754953759558222,0.3819644676579757
42.75,-42.75,119.99998785200366,149.99998785200364,77.24998785200366,-42.75,-1.2718838954840836,-1.1757173794786877,0.3822593167132768
42.76,-42.76,119.99998807069082,149.99998807069082,77.23998807069083,-42.76,-1.2716786747197781,-1.1759393471871533,0.38255415412479443
42.77,-42.77,119.99998828937797,149.99998828937797,77.22998828937796,-42.77,-1.2714734152179241,-1.176161279074459,0.38284897988355165
42.78,-42.78,119.99998850806513,149.99998850806514,77.21998850806513,-42.78,-1.2712681169847757,-1.1763831751338432,0.38314379398056453
42.79,-42.79,119.99998872675228,149.9999887267523,77.20998872675227,-42.79,-1.2710627800265863,-1.176605035358546,0.3834385964068542
42.8,-42.8,119.99998894543943,149.99998894543944,77.19998894543943,-42.8,-1.27085740434961,-1.1768268597418108,0.38373338715344246
42.81,-42.81,119.99998916412659,149.9999891641266,77.18998916412659,-42.81,-1.2706519899601034,-1.1770486482768792,0.38402816621134817
42.82,-42.82,119.99998938281374,149.99998938281374,77.17998938281374,-42.82,-1.2704465368643243,-1.1772704009569954,0.38432293357159253
42.83,-42.83,119.9999896015009,149.99998960150089,77.1699896015009,-42.83,-1.2702410450685309,-1.1774921177754039,0.38461768922519685
42.84,-42.84,119.99998982018805,149.99998982018803,77.15998982018804,-42.84,-1.270035514578982,-1.1777137987253525,0.3849124331631847
42.85,-42.85,119.99999003887521,149.9999900388752,77.14999003887522,-42.85,-1.269829945401939,-1.177935443800087,0.38520716537657607
42.86,-42.86,119.99999025756236,149.99999025756236,77.13999025756236,-42.86,-1.2696243375436642,-1.178157052992856,0.38550188585639406
42.87,-42.87,119.99999047624951,149.9999904762495,77.1299904762495,-42.87,-1.2694186910104206,-1.1783786262969087,0.3857965945936614
42.88,-42.88,119.99999069493667,149.99999069493668,77.11999069493666,-42.88,-1.2692130058084723,-1.1786001637054961,0.38609129157940125
42.89,-42.89,119.99999091362382,149.99999091362383,77.10999091362382,-42.89,-1.2690072819440859,-1.1788216652118688,0.3863859768046365
42.9,-42.9,119.99999113231098,149.99999113231098,77.09999113231098,-42.9,-1.2688015194235256,-1.1790431308092812,0.38668065026039367
42.91,-42.91,119.99999135099813,149.99999135099813,77.08999135099813,-42.91,-1.2685957182530618,-1.1792645604909857,0.38697531193769474
42.92,-42.92,119.99999156968529,149.99999156968528,77.07999156968529,-42.92,-1.268389878438962,-1.179485954250238,0.38726996182756485
42.93,-42.93,119.99999178837244,149.99999178837243,77.06999178837245,-42.93,-1.2681839999874984,-1.1797073120802926,0.38756459992102754
42.94,-42.94,119.99999200705959,149.99999200705957,77.05999200705959,-42.94,-1.2679780829049403,-1.1799286339744077,0.3878592262091098
42.95,-42.95,119.99999222574675,149.99999222574675,77.04999222574675,-42.95,-1.267772127197561,-1.1801499199258416,0.38815384068283687
42.96,-42.96,119.9999924444339,149.9999924444339,77.03999244443389,-42.96,-1.2675661328716343,-1.1803711699278538,0.388448443333236
42.97,-42.97,119.99999266312106,149.99999266312108,77.02999266312106,-42.97,-1.2673600999334358,-1.180592383973703,0.3887430341513309
42.98,-42.98,119.99999288180821,149.99999288180823,77.01999288180821,-42.98,-1.2671540283892408,-1.180813562056652,0.38903761312815044
42.99,-42.99,119.99999310049537,149.99999310049537,77.00999310049536,-42.99,-1.2669479182453263,-1.1810347041699638,0.38933218025472166
43.0,-43.0,119.99999331918252,149.99999331918252,76.99999331918252,-43.0,-1.2667417695079721,-1.1812558103069002,0.38962673552207083
43.01,-43.01,119.99999337115894,149.99999337115895,76.98999337115893,-43.01,-1.2665355821834567,-1.1814768804607274,0.3899212809218747
43.02,-43.02,119.99999342313535,149.99999342313535,76.97999342313534,-43.02,-1.2663293562780609,-1.1816979146247115,0.3902158144441184
43.03,-43.03,119.99999347511176,149.99999347511175,76.96999347511176,-43.03,-1.266123091798068,-1.1819189127921175,0.39051033607982705
43.04,-43.04,119.99999352708818,149.99999352708818,76.95999352708819,-43.04,-1.2659167887497595,-1.1821398749562153,0.3908048458200315
43.05,-43.05,119.99999357906458,149.99999357906458,76.94999357906458,-43.05,-1.2657104471394205,-1.1823608011102735,0.3910993436557604
43.06,-43.06,119.999993631041,149.99999363104098,76.93999363104099,-43.06,-1.2655040669733366,-1.182581691247562,0.39139382957804225
43.07,-43.07,119.99999368301741,149.9999936830174,76.92999368301741,-43.07,-1.2652976482577953,-1.1828025453613515,0.3916883035779057
43.08,-43.08,119.99999373499382,149.99999373499384,76.91999373499382,-43.08,-1.2650911909990827,-1.1830233634449159,0.3919827656463828
43.09,-43.09,119.99999378697024,149.99999378697024,76.90999378697023,-43.09,-1.2648846952034887,-1.1832441454915283,0.3922772157745033
43.1,-43.1,119.99999383894665,149.99999383894664,76.89999383894664,-43.1,-1.2646781608773046,-1.1834648914944619,0.3925716539532963
43.11,-43.11,119.99999389092307,149.99999389092307,76.88999389092307,-43.11,-1.2644715880268191,-1.1836856014469948,0.3928660801737958
43.12,-43.12,119.99999394289948,149.9999939428995,76.87999394289949,-43.12,-1.2642649766583276,-1.1839062753424014,0.39316049442702966
43.13,-43.13,119.9999939948759,149.9999939948759,76.8699939948759,-43.13,-1.2640583267781231,-1.1841269131739602,0.39345489670403044
43.14,-43.14,119.9999940468523,149.9999940468523,76.8599940468523,-43.14,-1.2638516383924994,-1.1843475149349514,0.39374928699583267
43.15,-43.15,119.99999409882871,149.99999409882872,76.84999409882872,-43.15,-1.2636449115077528,-1.1845680806186545,0.39404366529346757
43.16,-43.16,119.99999415080512,149.99999415080512,76.83999415080513,-43.16,-1.2634381461301818,-1.18478861021835,0.39433803158796743
43.17,-43.17,119.99999420278154,149.99999420278152,76.82999420278153,-43.17,-1.263231342266084,-1.1850091037273205,0.3946323858703652
43.18,-43.18,119.99999425475795,149.99999425475795,76.81999425475794,-43.18,-1.2630244999217588,-1.18522956113885,0.3949267281316948
43.19,-43.19,119.99999430673437,149.99999430673438,76.80999430673437,-43.19,-1.2628176191035074,-1.1854499824462221,0.3952210583629909
43.2,-43.2,119.99999435871078,149.99999435871078,76.79999435871078,-43.2,-1.2626106998176325,-1.1856703676427225,0.39551537655528624
43.21,-43.21,119.9999944106872,149.99999441068718,76.7899944106872,-43.21,-1.2624037420704348,-1.185890716721639,0.39580968269961786
43.22,-43.22,119.99999446266361,149.9999944626636,76.77999446266361,-43.22,-1.2621967458682208,-1.1861110296762583,0.3961039767870186
43.23,-43.23,119.99999451464001,149.99999451464,76.76999451464002,-43.23,-1.261989711217296,-1.1863313064998688,0.39639825880852453
43.24,-43.24,119.99999456661642,149.9999945666164,76.75999456661643,-43.24,-1.2617826381239652,-1.1865515471857624,0.3966925287551728
43.25,-43.25,119.99999461859284,149.99999461859284,76.74999461859284,-43.25,-1.2615755265945376,-1.1867717517272285,0.39698678661799763
43.26,-43.26,119.99999467056925,149.99999467056927,76.73999467056925,-43.26,-1.2613683766353223,-1.1869919201175596,0.39728103238803586
43.27,-43.27,119.99999472254567,149.99999472254567,76.72999472254565,-43.27,-1.261161188252629,-1.1872120523500496,0.3975752660563253
43.28,-43.28,119.99999477452208,149.99999477452207,76.71999477452208,-43.28,-1.260953961452769,-1.1874321484179922,0.39786948761390273
43.29,-43.29,119.9999948264985,149.9999948264985,76.7099948264985,-43.29,-1.2607466962420548,-1.1876522083146832,0.39816369705180576
43.3,-43.3,119.99999487847491,149.99999487847492,76.69999487847491,-43.3,-1.2605393926268003,-1.1878722320334192,0.3984578943610718
43.31,-43.31,119.99999493045132,149.99999493045132,76.68999493045132,-43.31,-1.26033205061332,-1.1880922195674977,0.3987520795327397
43.32,-43.32,119.99999498242772,149.99999498242772,76.67999498242773,-43.32,-1.2601246702079303,-1.1883121709102178,0.39904625255784903
43.33,-43.33,119.99999503440414,149.99999503440415,76.66999503440414,-43.33,-1.2599172514169483,-1.1885320860548787,0.39934041342743704
43.34,-43.34,119.99999508638055,149.99999508638055,76.65999508638055,-43.34,-1.2597097942466915,-1.1887519649947829,0.3996345621325457
43.35,-43.35,119.99999513835697,149.99999513835695,76.64999513835696,-43.35,-1.2595022987034805,-1.1889718077232312,0.399928698664213
43.36,-43.36,119.99999519033338,149.99999519033338,76.63999519033338,-43.36,-1.2592947647936348,-1.1891916142335277,0.40022282301347956
43.37,-43.37,119.9999952423098,149.9999952423098,76.6299952423098,-43.37,-1.2590871925234783,-1.189411384518975,0.4005169351713847
43.38,-43.38,119.99999529428621,149.9999952942862,76.61999529428621,-43.38,-1.258879581899332,-1.1896311185728805,0.40081103512897215
43.39,-43.39,119.99999534626262,149.9999953462626,76.60999534626262,-43.39,-1.258671932927521,-1.1898508163885497,0.4011051228772811
43.4,-43.4,119.99999539823904,149.99999539823904,76.59999539823903,-43.4,-1.2584642456143698,-1.1900704779592908,0.40139919840735394
43.41,-43.41,119.99999545021544,149.99999545021544,76.58999545021544,-43.41,-1.2582565199662066,-1.1902901032784112,0.401693261710232
43.42,-43.42,119.99999550219185,149.99999550219184,76.57999550219185,-43.42,-1.258048755989357,-1.1905096923392227,0.40198731277696004
43.43,-43.43,119.99999555416827,149.99999555416827,76.56999555416826,-43.43,-1.2578409536901514,-1.1907292451350349,0.40228135159857814
43.44,-43.44,119.99999560614468,149.9999956061447,76.55999560614468,-43.44,-1.2576331130749199,-1.1909487616591594,0.40257537816612926
43.45,-43.45,119.9999956581211,149.9999956581211,76.54999565812109,-43.45,-1.2574252341499925,-1.1911682419049108,0.40286939247066
43.46,-43.46,119.99999571009751,149.9999957100975,76.53999571009751,-43.46,-1.2572173169217016,-1.1913876858656032,0.40316339450321265
43.47,-43.47,119.99999576207392,149.99999576207392,76.52999576207392,-43.47,-1.2570093613963826,-1.1916070935345502,0.40345738425483
43.48,-43.48,119.99999581405034,149.99999581405035,76.51999581405033,-43.48,-1.256801367580368,-1.19182646490507,0.4037513617165588
43.49,-43.49,119.99999586602675,149.99999586602675,76.50999586602674,-43.49,-1.2565933354799943,-1.1920457999704803,0.40404532687944456
43.5,-43.5,119.99999591800315,149.99999591800315,76.49999591800315,-43.5,-1.256385265101599,-1.1922650987240986,0.4043392797345309
43.51,-43.51,119.99999596997957,149.99999596997958,76.48999596997956,-43.51,-1.2561771564515205,-1.1924843611592444,0.4046332202728634
43.52,-43.52,119.99999602195598,149.99999602195598,76.47999602195597,-43.52,-1.255969009536097,-1.1927035872692406,0.4049271484854909
43.53,-43.53,119.9999960739324,149.99999607393238,76.46999607393239,-43.53,-1.25576082436167,-1.1929227770474076,0.40522106436345695
43.54,-43.54,119.99999612590881,149.9999961259088,76.45999612590882,-43.54,-1.2555526009345812,-1.193141930487068,0.40551496789780933
43.55,-43.55,119.99999617788522,149.99999617788524,76.44999617788523,-43.55,-1.2553443392611723,-1.1933610475815482,0.405808859079597
43.56,-43.56,119.99999622986164,149.99999622986164,76.43999622986163,-43.56,-1.2551360393477888,-1.1935801283241714,0.40610273789986584
43.57,-43.57,119.99999628183805,149.99999628183804,76.42999628183804,-43.57,-1.2549277012007756,-1.1937991727082644,0.4063966043496639
43.58,-43.58,119.99999633381447,149.99999633381447,76.41999633381447,-43.58,-1.254719324826478,-1.1940181807271557,0.4066904584200406
43.59,-43.59,119.99999638579088,149.9999963857909,76.40999638579088,-43.59,-1.254510910231244,-1.1942371523741737,0.4069843001020455
43.6,-43.6,119.99999643776728,149.99999643776727,76.39999643776727,-43.6,-1.2543024574214225,-1.1944560876426475,0.4072781293867259
43.61,-43.61,119.9999964897437,149.9999964897437,76.3899964897437,-43.61,-1.2540939664033637,-1.194674986525908,0.40757194626513205
43.62,-43.62,119.99999654172011,149.99999654172012,76.37999654172012,-43.62,-1.2538854371834178,-1.1948938490172878,0.40786575072831355
43.63,-43.63,119.99999659369652,149.99999659369652,76.36999659369653,-43.63,-1.2536768697679377,-1.195112675110119,0.4081595427673214
43.64,-43.64,119.99999664567294,149.99999664567292,76.35999664567294,-43.64,-1.2534682641632766,-1.1953314647977362,0.40845332237320564
43.65,-43.65,119.99999669764935,149.99999669764935,76.34999669764935,-43.65,-1.2532596203757878,-1.195550218073476,0.4087470895370191
43.66,-43.66,119.99999674962577,149.99999674962578,76.33999674962577,-43.66,-1.2530509384118285,-1.1957689349306728,0.40904084424981024
43.67,-43.67,119.99999680160218,149.99999680160218,76.32999680160218,-43.67,-1.2528422182777543,-1.1959876153626656,0.40933458650263455
43.68,-43.68,119.9999968535786,149.99999685357858,76.3199968535786,-43.68,-1.2526334599799251,-1.1962062593627911,0.40962831628653984
43.69,-43.69,119.999996905555,149.999996905555,76.309996905555,-43.69,-1.2524246635246978,-1.196424866924391,0.4099220335925825
43.7,-43.7,119.99999695753141,149.9999969575314,76.2999969575314,-43.7,-1.252215828918434,-1.1966434380408055,0.4102157384118138
43.71,-43.71,119.99999700950782,149.9999970095078,76.28999700950783,-43.71,-1.2520069561674947,-1.1968619727053762,0.4105094307352878
43.72,-43.72,119.99999706148424,149.99999706148424,76.27999706148424,-43.72,-1.2517980452782425,-1.1970804709114464,0.41080311055405744
43.73,-43.73,119.99999711346065,149.99999711346067,76.26999711346065,-43.73,-1.2515890962570415,-1.1972989326523604,0.41109677785917753
43.74,-43.74,119.99999716543707,149.99999716543707,76.25999716543706,-43.74,-1.2513801091102565,-1.1975173579214633,0.41139043264170205
43.75,-43.75,119.99999721741348,149.99999721741347,76.24999721741348,-43.75,-1.2511710838442536,-1.1977357467121015,0.4116840748926864
43.76,-43.76,119.9999972693899,149.9999972693899,76.2399972693899,-43.76,-1.2509620204654,-1.1979540990176225,0.4119777046031855
43.77,-43.77,119.99999732136631,149.99999732136632,76.22999732136631,-43.77,-1.2507529189800637,-1.1981724148313755,0.41227132176425574
43.78,-43.78,119.99999737334271,149.9999973733427,76.21999737334271,-43.78,-1.250543779394616,-1.1983906941467086,0.41256492636695175
43.79,-43.79,119.99999742531912,149.99999742531912,76.20999742531913,-43.79,-1.2503346017154255,-1.1986089369569741,0.41285851840233073
43.8,-43.8,119.99999747729554,149.99999747729555,76.19999747729554,-43.8,-1.250125385948865,-1.198827143255524,0.41315209786144996
43.81,-43.81,119.99999752927195,149.99999752927195,76.18999752927195,-43.81,-1.2499161321013086,-1.19904531303571,0.4134456647353649
43.82,-43.82,119.99999758124837,149.99999758124835,76.17999758124836,-43.82,-1.2497068401791287,-1.1992634462908878,0.4137392190151359
43.83,-43.83,119.99999763322478,149.99999763322478,76.16999763322478,-43.83,-1.249497510188702,-1.199481543014412,0.4140327606918181
43.84,-43.84,119.9999976852012,149.9999976852012,76.15999768520119,-43.84,-1.2492881421364044,-1.1996996031996385,0.41432628975647123
43.85,-43.85,119.99999773717761,149.9999977371776,76.14999773717761,-43.85,-1.249078736028614,-1.1999176268399259,0.4146198062001545
43.86,-43.86,119.99999778915402,149.999997789154,76.13999778915402,-43.86,-1.248869291871709,-1.2001356139286325,0.4149133100139267
43.87,-43.87,119.99999784113042,149.99999784113044,76.12999784113043,-43.87,-1.2486598096720705,-1.2003535644591172,0.41520680118884595
43.88,-43.88,119.99999789310684,149.99999789310684,76.11999789310684,-43.88,-1.2484502894360796,-1.200571478424741,0.41550027971597236
43.89,-43.89,119.99999794508325,149.99999794508324,76.10999794508325,-43.89,-1.2482407311701178,-1.2007893558188671,0.4157937455863685
43.9,-43.9,119.99999799705967,149.99999799705967,76.09999799705966,-43.9,-1.2480311348805682,-1.2010071966348579,0.4160871987910932
43.91,-43.91,119.99999804903608,149.9999980490361,76.08999804903608,-43.91,-1.2478215005738176,-1.2012250008660765,0.41638063932120684
43.92,-43.92,119.9999981010125,149.9999981010125,76.07999810101249,-43.92,-1.2476118282562494,-1.2014427685058904,0.41667406716777317
43.93,-43.93,119.99999815298891,149.9999981529889,76.06999815298892,-43.93,-1.247402117934252,-1.201660499547664,0.4169674823218519
43.94,-43.94,119.99999820496532,149.99999820496532,76.05999820496532,-43.94,-1.2471923696142138,-1.2018781939847656,0.4172608847745049
43.95,-43.95,119.99999825694174,149.99999825694175,76.04999825694173,-43.95,-1.2469825833025234,-1.2020958518105636,0.41755427451679616
43.96,-43.96,119.99999830891814,149.99999830891812,76.03999830891814,-43.96,-1.2467727590055708,-1.2023134730184288,0.4178476515397893
43.97,-43.97,119.99999836089455,149.99999836089455,76.02999836089455,-43.97,-1.2465628967297486,-1.202531057601731,0.4181410158345457
43.98,-43.98,119.99999841287097,149.99999841287098,76.01999841287096,-43.98,-1.24635299648145,-1.2027486055538419,0.4184343673921287
43.99,-43.99,119.99999846484738,149.99999846484738,76.00999846484737,-43.99,-1.2461430582670665,-1.2029661168681363,0.41872770620360616
44.0,-44.0,119.9999985168238,149.99999851682378,75.9999985168238,-44.0,-1.2459330820929955,-1.2031835915379865,0.41902103226003906
44.01,-44.01,119.99999852855815,149.99999852855814,75.98999852855815,-44.01,-1.245723067965633,-1.2034010295567683,0.4193143460304654
44.02,-44.02,119.9999985402925,149.9999985402925,75.97999854029248,-44.02,-1.245513015891375,-1.2036184309178597,0.41960764702787745
44.03,-44.03,119.99999855202685,149.99999855202685,75.96999855202685,-44.03,-1.2453029258766217,-1.2038357956146366,0.41990093524333766
44.04,-44.04,119.99999856376121,149.9999985637612,75.95999856376122,-44.04,-1.2450927979277717,-1.2040531236404781,0.420194210667914
44.05,-44.05,119.99999857549555,149.99999857549557,75.94999857549556,-44.05,-1.2448826320512265,-1.2042704149887642,0.42048747329267155
44.06,-44.06,119.99999858722991,149.99999858722992,75.93999858722991,-44.06,-1.2446724282533876,-1.2044876696528757,0.42078072310867737
44.07,-44.07,119.99999859896425,149.99999859896425,75.92999859896426,-44.07,-1.2444621865406587,-1.2047048876261945,0.42107396010699966
44.08,-44.08,119.99999861069861,149.9999986106986,75.91999861069861,-44.08,-1.2442519069194444,-1.2049220689021036,0.4213671842787033
44.09,-44.09,119.99999862243297,149.99999862243297,75.90999862243297,-44.09,-1.2440415893961485,-1.2051392134739887,0.4216603956148593
44.1,-44.1,119.99999863416731,149.9999986341673,75.8999986341673,-44.1,-1.2438312339771793,-1.2053563213352338,0.42195359410653493
44.11,-44.11,119.99999864590167,149.99999864590166,75.88999864590167,-44.11,-1.2436208406689435,-1.205573392479226,0.4222467797447988
44.12,-44.12,119.99999865763603,149.999998657636,75.87999865763604,-44.12,-1.2434104094778518,-1.2057904268993516,0.4225399525207175
44.13,-44.13,119.99999866937037,149.99999866937037,75.86999866937037,-44.13,-1.2431999404103127,-1.2060074245890011,0.4228331124253641
44.14,-44.14,119.99999868110473,149.99999868110473,75.85999868110473,-44.14,-1.2429894334727376,-1.2062243855415635,0.4231262594498067
44.15,-44.15,119.99999869283907,149.99999869283909,75.84999869283908,-44.15,-1.2427788886715394,-1.20644130975043,0.42341939358511654
44.16,-44.16,119.99999870457343,149.99999870457344,75.83999870457343,-44.16,-1.2425683060131314,-1.206658197208993,0.42371251482236294
44.17,-44.17,119.99999871630779,149.9999987163078,75.82999871630778,-44.17,-1.2423576855039276,-1.2068750479106458,0.42400562315261875
44.18,-44.18,119.99999872804213,149.99999872804213,75.81999872804212,-44.18,-1.242147027150346,-1.2070918618487811,0.4242987185669531
44.19,-44.19,119.99999873977649,149.9999987397765,75.80999873977649,-44.19,-1.2419363309588016,-1.2073086390167964,0.4245918010564394
44.2,-44.2,119.99999875151084,149.99999875151084,75.79999875151084,-44.2,-1.2417255969357133,-1.2075253794080878,0.4248848706121501
44.21,-44.21,119.99999876324519,149.99999876324517,75.7899987632452,-44.21,-1.2415148250874997,-1.2077420830160528,0.4251779272251577
44.22,-44.22,119.99999877497955,149.99999877497953,75.77999877497955,-44.22,-1.2413040154205832,-1.2079587498340894,0.4254709708865333
44.23,-44.23,119.99999878671389,149.9999987867139,75.7699987867139,-44.23,-1.2410931679413835,-1.2081753798555988,0.42576400158735217
44.24,-44.24,119.99999879844825,149.99999879844825,75.75999879844824,-44.24,-1.2408822826563235,-1.2083919730739823,0.4260570193186888
44.25,-44.25,119.9999988101826,149.9999988101826,75.7499988101826,-44.25,-1.2406713595718288,-1.20860852948264,0.4263500240716142
44.26,-44.26,119.99999882191695,149.99999882191696,75.73999882191694,-44.26,-1.2404603986943228,-1.2088250490749772,0.4266430158372065
44.27,-44.27,119.9999988336513,149.99999883365132,75.72999883365131,-44.27,-1.2402494000302318,-1.2090415318443986,0.4269359946065396
44.28,-44.28,119.99999884538566,149.99999884538568,75.71999884538566,-44.28,-1.2400383635859846,-1.2092579777843075,0.42722896037068697
44.29,-44.29,119.99999885712,149.99999885712,75.70999885712001,-44.29,-1.2398272893680085,-1.2094743868881126,0.4275219131207273
44.3,-44.3,119.99999886885436,149.99999886885436,75.69999886885437,-44.3,-1.239616177382733,-1.2096907591492216,0.4278148528477355
44.31,-44.31,119.99999888058872,149.99999888058872,75.68999888058872,-44.31,-1.2394050276365898,-1.2099070945610426,0.42810777954278734
44.32,-44.32,119.99999889232306,149.99999889232305,75.67999889232306,-44.32,-1.239193840136011,-1.2101233931169852,0.42840069319696045
44.33,-44.33,119.99999890405742,149.9999989040574,75.66999890405742,-44.33,-1.238982614887429,-1.2103396548104621,0.4286935938013326
44.34,-44.34,119.99999891579176,149.99999891579176,75.65999891579176,-44.34,-1.2387713518972776,-1.2105558796348854,0.4289864813469819
44.35,-44.35,119.99999892752612,149.99999892752612,75.64999892752613,-44.35,-1.2385600511719943,-1.2107720675836666,0.42927935582498405
44.36,-44.36,119.99999893926048,149.99999893926048,75.63999893926048,-44.36,-1.2383487127180133,-1.2109882186502225,0.42957221722642114
44.37,-44.37,119.99999895099482,149.99999895099484,75.62999895099483,-44.37,-1.2381373365417736,-1.2112043328279678,0.4298650655423695
44.38,-44.38,119.99999896272918,149.9999989627292,75.61999896272917,-44.38,-1.2379259226497141,-1.211420410110319,0.43015790076390953
44.39,-44.39,119.99999897446354,149.99999897446355,75.60999897446354,-44.39,-1.2377144710482755,-1.2116364504906938,0.43045072288212005
44.4,-44.4,119.99999898619788,149.99999898619788,75.59999898619787,-44.4,-1.2375029817438967,-1.2118524539625128,0.43074353188808373
44.41,-44.41,119.99999899793224,149.99999899793224,75.58999899793224,-44.41,-1.237291454743022,-1.2120684205191947,0.43103632777287804
44.42,-44.42,119.99999900966658,149.99999900966657,75.57999900966658,-44.42,-1.2370798900520947,-1.2122843501541611,0.43132911052758566
44.43,-44.43,119.99999902140094,149.99999902140092,75.56999902140095,-44.43,-1.2368682876775587,-1.212500242860835,0.4316218801432878
44.44,-44.44,119.9999990331353,149.99999903313528,75.5599990331353,-44.44,-1.2366566476258605,-1.2127160986326389,0.4319146366110655
44.45,-44.45,119.99999904486964,149.99999904486964,75.54999904486964,-44.45,-1.2364449699034468,-1.2129319174629976,0.4322073799220007
44.46,-44.46,119.999999056604,149.999999056604,75.53999905660399,-44.46,-1.2362332545167647,-1.2131476993453383,0.43250011006717787
44.47,-44.47,119.99999906833835,149.99999906833835,75.52999906833836,-44.47,-1.2360215014722649,-1.2133634442730865,0.43279282703767785
44.48,-44.48,119.9999990800727,149.9999990800727,75.5199990800727,-44.48,-1.235809710776397,-1.2135791522396706,0.43308553082458584
44.49,-44.49,119.99999909180706,149.99999909180707,75.50999909180706,-44.49,-1.2355978824356129,-1.2137948232385196,0.4333782214189837
44.5,-44.5,119.9999991035414,149.9999991035414,75.4999991035414,-44.5,-1.2353860164563648,-1.2140104572630643,0.43367089881195703
44.51,-44.51,119.99999911527576,149.99999911527576,75.48999911527577,-44.51,-1.2351741128451066,-1.2142260543067356,0.4339635629945898
44.52,-44.52,119.99999912701011,149.9999991270101,75.4799991270101,-44.52,-1.2349621716082935,-1.2144416143629662,0.43425621395796715
44.53,-44.53,119.99999913874446,149.99999913874444,75.46999913874446,-44.53,-1.2347501927523814,-1.2146571374251898,0.4345488516931744
44.54,-44.54,119.99999915047881,149.9999991504788,75.45999915047881,-44.54,-1.2345381762838277,-1.2148726234868412,0.43484147619129726
44.55,-44.55,119.99999916221317,149.99999916221316,75.44999916221317,-44.55,-1.2343261222090902,-1.2150880725413569,0.43513408744342263
44.56,-44.56,119.99999917394751,149.99999917394751,75.43999917394751,-44.56,-1.2341140305346299,-1.2153034845821722,0.4354266854406349
44.57,-44.57,119.99999918568187,149.99999918568187,75.42999918568188,-44.57,-1.2339019012669061,-1.2155188596027269,0.4357192701740233
44.58,-44.58,119.99999919741623,149.99999919741623,75.41999919741623,-44.58,-1.2336897344123812,-1.21573419759646,0.4360118416346744
44.59,-44.59,119.99999920915057,149.9999992091506,75.40999920915057,-44.59,-1.2334775299775176,-1.2159494985568116,0.4363043998136762
44.6,-44.6,119.99999922088493,149.99999922088494,75.39999922088492,-44.6,-1.2332652879687802,-1.2161647624772234,0.43659694470211613
44.61,-44.61,119.99999923261927,149.99999923261927,75.38999923261927,-44.61,-1.2330530083926332,-1.216379989351139,0.4368894762910853
44.62,-44.62,119.99999924435363,149.99999924435363,75.37999924435363,-44.62,-1.2328406912555447,-1.2165951791719996,0.43718199457166884
44.63,-44.63,119.99999925608799,149.999999256088,75.369999256088,-44.63,-1.232628336563981,-1.2168103319332528,0.4374744995349587
44.64,-44.64,119.99999926782233,149.99999926782232,75.35999926782233,-44.64,-1.2324159443244107,-1.2170254476283437,0.4377669911720446
44.65,-44.65,119.99999927955669,149.99999927955668,75.3499992795567,-44.65,-1.232203514543304,-1.21724052625072,0.4380594694740161
44.66,-44.66,119.99999929129105,149.99999929129103,75.33999929129105,-44.66,-1.2319910472271323,-1.2174555677938284,0.43835193443196313
44.67,-44.67,119.99999930302539,149.9999993030254,75.32999930302539,-44.67,-1.2317785423823666,-1.2176705722511207,0.43864438603697936
44.68,-44.68,119.99999931475975,149.99999931475975,75.31999931475974,-44.68,-1.2315660000154813,-1.217885539616046,0.43893682428015335
44.69,-44.69,119.99999932649409,149.9999993264941,75.3099993264941,-44.69,-1.2313534201329508,-1.2181004698820554,0.4392292491525777
44.7,-44.7,119.99999933822845,149.99999933822846,75.29999933822845,-44.7,-1.23114080274125,-1.2183153630426031,0.4395216606453452
44.71,-44.71,119.9999993499628,149.99999934996282,75.28999934996281,-44.71,-1.230928147846855,-1.2185302190911436,0.4398140587495496
44.72,-44.72,119.99999936169715,149.99999936169715,75.27999936169715,-44.72,-1.2307154554562456,-1.21874503802113,0.4401064434562816
44.73,-44.73,119.9999993734315,149.9999993734315,75.26999937343152,-44.73,-1.2305027255758993,-1.21895981982602,0.4403988147566365
44.74,-44.74,119.99999938516586,149.99999938516586,75.25999938516586,-44.74,-1.2302899582122957,-1.219174564499271,0.44069117264170776
44.75,-44.75,119.99999939690021,149.9999993969002,75.24999939690021,-44.75,-1.2300771533719177,-1.2193892720343407,0.4409835171025888
44.76,-44.76,119.99999940863457,149.99999940863455,75.23999940863456,-44.76,-1.2298643110612473,-1.2196039424246885,0.44127584813037435
44.77,-44.77,119.99999942036892,149.9999994203689,75.22999942036893,-44.77,-1.2296514312867668,-1.219818575663777,0.44156816571616203
44.78,-44.78,119.99999943210327,149.99999943210327,75.21999943210326,-44.78,-1.2294385140549624,-1.220033171745066,0.4418604698510439
44.79,-44.79,119.99999944383762,149.99999944383762,75.20999944383763,-44.79,-1.2292255593723196,-1.2202477306620192,0.442152760526117
44.8,-44.8,119.99999945557197,149.99999945557198,75.19999945557197,-44.8,-1.229012567245324,-1.220462252408102,0.4424450377324795
44.81,-44.81,119.99999946730632,149.99999946730634,75.18999946730632,-44.81,-1.2287995376804652,-1.2206767369767781,0.44273730146122664
44.82,-44.82,119.99999947904068,149.9999994790407,75.17999947904067,-44.82,-1.2285864706842329,-1.220891184361514,0.4430295517034547
44.83,-44.83,119.99999949077502,149.99999949077502,75.16999949077503,-44.83,-1.228373366263116,-1.2211055945557783,0.44332178845026327
44.84,-44.84,119.99999950250938,149.99999950250938,75.15999950250938,-44.84,-1.228160224423606,-1.2213199675530395,0.4436140116927497
44.85,-44.85,119.99999951424374,149.99999951424374,75.14999951424375,-44.85,-1.2279470451721968,-1.2215343033467667,0.44390622142201164
44.86,-44.86,119.99999952597808,149.99999952597807,75.13999952597808,-44.86,-1.2277338285153816,-1.221748601930431,0.4441984176291482
44.87,-44.87,119.99999953771244,149.99999953771243,75.12999953771245,-44.87,-1.2275205744596556,-1.221962863297505,0.4444906003052582
44.88,-44.88,119.99999954944678,149.99999954944678,75.11999954944679,-44.88,-1.2273072830115146,-1.2221770874414615,0.44478276944144257
44.89,-44.89,119.99999956118114,149.99999956118114,75.10999956118114,-44.89,-1.2270939541774564,-1.2223912743557745,0.4450749250287996
44.9,-44.9,119.9999995729155,149.9999995729155,75.0999995729155,-44.9,-1.2268805879639777,-1.2226054240339213,0.44536706705843204
44.91,-44.91,119.99999958464984,149.99999958464986,75.08999958464985,-44.91,-1.2266671843775798,-1.2228195364693764,0.44565919552143846
44.92,-44.92,119.9999995963842,149.9999995963842,75.0799995963842,-44.92,-1.2264537434247622,-1.2230336116556189,0.44595131040892244
44.93,-44.93,119.99999960811856,149.99999960811857,75.06999960811856,-44.93,-1.2262402651120283,-1.2232476495861262,0.4462434117119824
44.94,-44.94,119.9999996198529,149.9999996198529,75.0599996198529,-44.94,-1.2260267494458794,-1.2234616502543798,0.44653549942172355
44.95,-44.95,119.99999963158726,149.99999963158726,75.04999963158726,-44.95,-1.22581319643282,-1.2236756136538605,0.44682757352924724
44.96,-44.96,119.9999996433216,149.9999996433216,75.03999964332161,-44.96,-1.2255996060793557,-1.2238895397780505,0.4471196340256564
44.97,-44.97,119.99999965505596,149.99999965505594,75.02999965505596,-44.97,-1.2253859783919923,-1.224103428620433,0.4474116809020543
44.98,-44.98,119.99999966679032,149.9999996667903,75.01999966679031,-44.98,-1.2251723133772374,-1.224317280174493,0.44770371414954485
44.99,-44.99,119.99999967852466,149.99999967852466,75.00999967852465,-44.99,-1.2249586110415993,-1.2245310944337167,0.4479957337592333
45.0,-45.0,119.99999969025902,149.99999969025902,74.99999969025902,-45.0,-1.2247448713915892,-1.224744871391589,0.4482877397222216
45.01,-45.01,119.99999969275409,149.9999996927541,74.98999969275408,-45.01,-1.2245310944337164,-1.2249586110415993,0.4485797321381342
45.02,-45.02,119.99999969524914,149.99999969524913,74.97999969524915,-45.02,-1.224317280174493,-1.2251723133772374,0.4488717108895353
45.03,-45.03,119.99999969774422,149.99999969774422,74.96999969774421,-45.03,-1.2241034286204335,-1.2253859783919918,0.4491636759675267
45.04,-45.04,119.99999970023927,149.99999970023927,74.95999970023928,-45.04,-1.2238895397780507,-1.2255996060793553,0.4494556273632183
45.05,-45.05,119.99999970273434,149.99999970273433,74.94999970273435,-45.05,-1.2236756136538602,-1.2258131964328203,0.44974756506771524
45.06,-45.06,119.99999970522941,149.9999997052294,74.93999970522941,-45.06,-1.2234616502543803,-1.226026749445879,0.45003948907212316
45.07,-45.07,119.99999970772447,149.99999970772447,74.92999970772448,-45.07,-1.2232476495861264,-1.2262402651120279,0.4503313993675523
45.08,-45.08,119.99999971021954,149.99999971021953,74.91999971021954,-45.08,-1.2230336116556186,-1.2264537434247624,0.4506232959451092
45.09,-45.09,119.9999997127146,149.9999997127146,74.9099997127146,-45.09,-1.2228195364693761,-1.2266671843775798,0.45091517879590176
45.1,-45.1,119.99999971520967,149.99999971520967,74.89999971520967,-45.1,-1.2226054240339215,-1.2268805879639773,0.4512070479110391
45.11,-45.11,119.99999971770474,149.99999971770472,74.88999971770474,-45.11,-1.222391274355775,-1.227093954177456,0.45149890328163145
45.12,-45.12,119.9999997201998,149.9999997201998,74.8799997201998,-45.12,-1.2221770874414615,-1.2273072830115148,0.45179074489878673
45.13,-45.13,119.99999972269487,149.99999972269487,74.86999972269487,-45.13,-1.2219628632975055,-1.2275205744596553,0.45208257275361513
45.14,-45.14,119.99999972518994,149.99999972518992,74.85999972518994,-45.14,-1.2217486019304316,-1.2277338285153814,0.45237438683722847
45.15,-45.15,119.999999727685,149.999999727685,74.849999727685,-45.15,-1.2215343033467665,-1.227947045172197,0.45266618714073703
45.16,-45.16,119.99999973018006,149.99999973018006,74.83999973018007,-45.16,-1.22131996755304,-1.2281602244236056,0.4529579736552507
45.17,-45.17,119.99999973267512,149.99999973267512,74.82999973267512,-45.17,-1.2211055945557785,-1.2283733662631156,0.45324974637188364
45.18,-45.18,119.99999973517019,149.9999997351702,74.8199997351702,-45.18,-1.2208911843615142,-1.2285864706842327,0.4535415052817457
45.19,-45.19,119.99999973766526,149.99999973766526,74.80999973766527,-45.19,-1.220676736976778,-1.2287995376804655,0.4538332503759499
45.2,-45.2,119.99999974016032,149.99999974016032,74.79999974016032,-45.2,-1.2204622524081024,-1.2290125672453236,0.4541249816456094
45.21,-45.21,119.99999974265539,149.9999997426554,74.7899997426554,-45.21,-1.2202477306620196,-1.2292255593723191,0.4544166990818386
45.22,-45.22,119.99999974515045,149.99999974515043,74.77999974515045,-45.22,-1.2200331717450659,-1.2294385140549624,0.45470840267575036
45.23,-45.23,119.99999974764552,149.99999974764552,74.76999974764553,-45.23,-1.2198185756637774,-1.2296514312867666,0.4550000924184575
45.24,-45.24,119.99999975014059,149.9999997501406,74.7599997501406,-45.24,-1.219603942424689,-1.229864311061247,0.4552917683010776
45.25,-45.25,119.99999975263565,149.99999975263563,74.74999975263565,-45.25,-1.2193892720343404,-1.230077153371918,0.4555834303147239
45.26,-45.26,119.99999975513072,149.99999975513072,74.73999975513073,-45.26,-1.2191745644992715,-1.2302899582122955,0.4558750784505104
45.27,-45.27,119.99999975762577,149.99999975762577,74.72999975762576,-45.27,-1.2189598198260203,-1.230502725575899,0.4561667126995569
45.28,-45.28,119.99999976012084,149.99999976012083,74.71999976012084,-45.28,-1.2187450380211304,-1.2307154554562452,0.4564583330529769
45.29,-45.29,119.99999976261591,149.99999976261591,74.70999976261592,-45.29,-1.2185302190911436,-1.2309281478468552,0.4567499395018873
45.3,-45.3,119.99999976511097,149.99999976511097,74.69999976511097,-45.3,-1.2183153630426036,-1.2311408027412496,0.4570415320374063
45.31,-45.31,119.99999976760604,149.99999976760603,74.68999976760604,-45.31,-1.2181004698820557,-1.2313534201329506,0.4573331106506508
45.32,-45.32,119.99999977010111,149.9999997701011,74.67999977010112,-45.32,-1.2178855396160457,-1.2315660000154816,0.45762467533273854
45.33,-45.33,119.99999977259617,149.99999977259617,74.66999977259617,-45.33,-1.2176705722511212,-1.2317785423823664,0.4579162260747879
45.34,-45.34,119.99999977509124,149.99999977509123,74.65999977509124,-45.34,-1.2174555677938288,-1.231991047227132,0.45820776286791987
45.35,-45.35,119.9999997775863,149.9999997775863,74.64999977758629,-45.35,-1.21724052625072,-1.232203514543304,0.458499285703251
45.36,-45.36,119.99999978008137,149.99999978008137,74.63999978008137,-45.36,-1.2170254476283435,-1.232415944324411,0.45879079457190314
45.37,-45.37,119.99999978257644,149.99999978257642,74.62999978257645,-45.37,-1.2168103319332533,-1.2326283365639807,0.4590822894649939
45.38,-45.38,119.9999997850715,149.9999997850715,74.61999978507149,-45.38,-1.216595179172,-1.2328406912555443,0.45937377037364546
45.39,-45.39,119.99999978756657,149.99999978756657,74.60999978756657,-45.39,-1.2163799893511387,-1.2330530083926334,0.4596652372889793
45.4,-45.4,119.99999979006162,149.99999979006162,74.59999979006162,-45.4,-1.2161647624772238,-1.2332652879687798,0.4599566902021157
45.41,-45.41,119.9999997925567,149.9999997925567,74.5899997925567,-45.41,-1.215949498556812,-1.2334775299775171,0.4602481291041774
45.42,-45.42,119.99999979505176,149.99999979505176,74.57999979505176,-45.42,-1.2157341975964597,-1.2336897344123812,0.46053955398628715
45.43,-45.43,119.99999979754682,149.99999979754682,74.56999979754681,-45.43,-1.2155188596027267,-1.2339019012669061,0.4608309648395656
45.44,-45.44,119.99999980004189,149.9999998000419,74.5599998000419,-45.44,-1.2153034845821726,-1.2341140305346294,0.46112236165513587
45.45,-45.45,119.99999980253695,149.99999980253693,74.54999980253695,-45.45,-1.2150880725413566,-1.2343261222090902,0.46141374442412475
45.46,-45.46,119.99999980503202,149.99999980503202,74.53999980503201,-45.46,-1.214872623486841,-1.234538176283828,0.46170511313765356
45.47,-45.47,119.99999980752709,149.9999998075271,74.52999980752709,-45.47,-1.2146571374251902,-1.234750192752381,0.4619964677868461
45.48,-45.48,119.99999981002215,149.99999981002213,74.51999981002214,-45.48,-1.2144416143629666,-1.234962171608293,0.46228780836282984
45.49,-45.49,119.99999981251722,149.99999981251722,74.50999981251721,-45.49,-1.2142260543067354,-1.2351741128451068,0.46257913485672897
45.5,-45.5,119.99999981501227,149.99999981501227,74.49999981501227,-45.5,-1.2140104572630648,-1.2353860164563641,0.4628704472596671
45.51,-45.51,119.99999981750734,149.99999981750733,74.48999981750734,-45.51,-1.21379482323852,-1.2355978824356124,0.4631617455627733
45.52,-45.52,119.99999982000242,149.99999982000242,74.4799998200024,-45.52,-1.2135791522396704,-1.2358097107763972,0.46345302975717323
45.53,-45.53,119.99999982249747,149.99999982249747,74.46999982249747,-45.53,-1.2133634442730863,-1.2360215014722649,0.46374429983399285
45.54,-45.54,119.99999982499254,149.99999982499253,74.45999982499254,-45.54,-1.2131476993453387,-1.2362332545167642,0.4640355557843596
45.55,-45.55,119.99999982748761,149.9999998274876,74.44999982748762,-45.55,-1.212931917462998,-1.2364449699034465,0.46432679759940343
45.56,-45.56,119.99999982998267,149.99999982998267,74.43999982998267,-45.56,-1.2127160986326389,-1.2366566476258605,0.46461802527025026
45.57,-45.57,119.99999983247774,149.99999983247773,74.42999983247773,-45.57,-1.2125002428608351,-1.2368682876775583,0.4649092387880295
45.58,-45.58,119.9999998349728,149.9999998349728,74.4199998349728,-45.58,-1.2122843501541616,-1.2370798900520943,0.4652004381438707
45.59,-45.59,119.99999983746787,149.99999983746787,74.40999983746786,-45.59,-1.2120684205191947,-1.2372914547430223,0.465491623328904
45.6,-45.6,119.99999983996294,149.99999983996292,74.39999983996293,-45.6,-1.2118524539625133,-1.2375029817438963,0.4657827943342571
45.61,-45.61,119.999999842458,149.999999842458,74.389999842458,-45.61,-1.211636450490694,-1.237714471048275,0.4660739511510636
45.62,-45.62,119.99999984495307,149.99999984495307,74.37999984495306,-45.62,-1.211420410110319,-1.2379259226497143,0.46636509377045154
45.63,-45.63,119.99999984744812,149.99999984744812,74.36999984744813,-45.63,-1.2112043328279676,-1.2381373365417738,0.4666562221835537
45.64,-45.64,119.9999998499432,149.9999998499432,74.3599998499432,-45.64,-1.210988218650223,-1.2383487127180128,0.46694733638150066
45.65,-45.65,119.99999985243826,149.99999985243826,74.34999985243826,-45.65,-1.2107720675836668,-1.2385600511719939,0.46723843635542694
45.66,-45.66,119.99999985493332,149.99999985493332,74.33999985493332,-45.66,-1.2105558796348852,-1.2387713518972778,0.4675295220964631
45.67,-45.67,119.99999985742839,149.9999998574284,74.32999985742839,-45.67,-1.2103396548104626,-1.2389826148874286,0.46782059359574185
45.68,-45.68,119.99999985992345,149.99999985992343,74.31999985992346,-45.68,-1.2101233931169857,-1.2391938401360105,0.46811165084439826
45.69,-45.69,119.99999986241852,149.99999986241852,74.30999986241852,-45.69,-1.2099070945610424,-1.23940502763659,0.4684026938335656
45.7,-45.7,119.99999986491359,149.9999998649136,74.29999986491359,-45.7,-1.209690759149222,-1.2396161773827326,0.4686937225543765
45.71,-45.71,119.99999986740865,149.99999986740863,74.28999986740865,-45.71,-1.209474386888113,-1.2398272893680082,0.4689847369979695
45.72,-45.72,119.99999986990372,149.99999986990372,74.27999986990372,-45.72,-1.209257977784308,-1.2400383635859844,0.46927573715547594
45.73,-45.73,119.99999987239879,149.9999998723988,74.26999987239878,-45.73,-1.2090415318443983,-1.240249400030232,0.4695667230180333
45.74,-45.74,119.99999987489385,149.99999987489383,74.25999987489385,-45.74,-1.2088250490749777,-1.2404603986943226,0.46985769457677834
45.75,-45.75,119.99999987738892,149.99999987738892,74.24999987738892,-45.75,-1.2086085294826403,-1.2406713595718284,0.4701486518228453
45.76,-45.76,119.99999987988397,149.99999987988397,74.23999987988398,-45.76,-1.208391973073982,-1.2408822826563237,0.4704395947473734
45.77,-45.77,119.99999988237904,149.99999988237903,74.22999988237905,-45.77,-1.2081753798555992,-1.241093167941383,0.47073052334149834
45.78,-45.78,119.99999988487411,149.99999988487411,74.21999988487411,-45.78,-1.2079587498340896,-1.241304015420583,0.47102143759635934
45.79,-45.79,119.99999988736917,149.99999988736917,74.20999988736918,-45.79,-1.2077420830160526,-1.2415148250874999,0.4713123375030938
45.8,-45.8,119.99999988986424,149.99999988986423,74.19999988986424,-45.8,-1.2075253794080876,-1.2417255969357135,0.47160322305284114
45.81,-45.81,119.9999998923593,149.9999998923593,74.1899998923593,-45.81,-1.2073086390167969,-1.2419363309588012,0.4718940942367382
45.82,-45.82,119.99999989485437,149.99999989485437,74.17999989485438,-45.82,-1.2070918618487816,-1.2421470271503456,0.47218495104592734
45.83,-45.83,119.99999989734944,149.99999989734943,74.16999989734944,-45.83,-1.2068750479106454,-1.2423576855039278,0.4724757934715476
45.84,-45.84,119.9999998998445,149.9999998998445,74.1599998998445,-45.84,-1.2066581972089934,-1.242568306013131,0.4727666215047391
45.85,-45.85,119.99999990233957,149.99999990233957,74.14999990233957,-45.85,-1.2064413097504305,-1.2427788886715387,0.4730574351366427
45.86,-45.86,119.99999990483462,149.99999990483462,74.13999990483462,-45.86,-1.2062243855415635,-1.2429894334727378,0.4733482343584014
45.87,-45.87,119.9999999073297,149.9999999073297,74.1299999073297,-45.87,-1.206007424589001,-1.2431999404103127,0.47363901916115414
45.88,-45.88,119.99999990982477,149.99999990982477,74.11999990982477,-45.88,-1.205790426899352,-1.2434104094778515,0.47392978953604425
45.89,-45.89,119.99999991231982,149.99999991231982,74.10999991231982,-45.89,-1.2055733924792258,-1.2436208406689437,0.47422054547421494
45.9,-45.9,119.9999999148149,149.9999999148149,74.0999999148149,-45.9,-1.2053563213352336,-1.2438312339771793,0.4745112869668095
45.91,-45.91,119.99999991730996,149.99999991730996,74.08999991730997,-45.91,-1.2051392134739891,-1.244041589396148,0.4748020140049698
45.92,-45.92,119.99999991980502,149.99999991980502,74.07999991980502,-45.92,-1.204922068902104,-1.244251906919444,0.4750927265798425
45.93,-45.93,119.99999992230009,149.9999999223001,74.0699999223001,-45.93,-1.2047048876261943,-1.2444621865406589,0.47538342468256917
45.94,-45.94,119.99999992479515,149.99999992479513,74.05999992479515,-45.94,-1.204487669652876,-1.2446724282533874,0.4756741083042957
45.95,-45.95,119.99999992729022,149.99999992729022,74.04999992729022,-45.95,-1.2042704149887646,-1.244882632051226,0.4759647774361675
45.96,-45.96,119.99999992978529,149.9999999297853,74.0399999297853,-45.96,-1.204053123640478,-1.2450927979277717,0.47625543206933113
45.97,-45.97,119.99999993228035,149.99999993228033,74.02999993228035,-45.97,-1.2038357956146364,-1.2453029258766217,0.4765460721949319
45.98,-45.98,119.99999993477542,149.99999993477542,74.01999993477543,-45.98,-1.2036184309178601,-1.2455130158913748,0.47683669780411464
45.99,-45.99,119.99999993727047,149.99999993727047,74.00999993727046,-45.99,-1.2034010295567688,-1.2457230679656328,0.47712730888803045
46.0,-46.0,119.99999993976554,149.99999993976553,73.99999993976554,-46.0,-1.2031835915379865,-1.2459330820929957,0.4774179054378235
46.01,-46.01,119.99999994026014,149.99999994026012,73.98999994026013,-46.01,-1.2029661168681365,-1.2461430582670663,0.47770848746785616
46.02,-46.02,119.99999994075475,149.99999994075475,73.97999994075474,-46.02,-1.202748605553842,-1.2463529964814495,0.47799905494605854
46.03,-46.03,119.99999994124934,149.99999994124934,73.96999994124934,-46.03,-1.2025310576017307,-1.2465628967297488,0.478289607863578
46.04,-46.04,119.99999994174394,149.99999994174394,73.95999994174394,-46.04,-1.2023134730184293,-1.2467727590055706,0.47858014621156303
46.05,-46.05,119.99999994223853,149.99999994223853,73.94999994223853,-46.05,-1.202095851810564,-1.2469825833025234,0.4788706699811668
46.06,-46.06,119.99999994273314,149.99999994273315,73.93999994273314,-46.06,-1.2018781939847654,-1.247192369614214,0.4791611791635361
46.07,-46.07,119.99999994322773,149.99999994322775,73.92999994322773,-46.07,-1.2016604995476639,-1.2474021179342525,0.4794516737498224
46.08,-46.08,119.99999994372233,149.99999994372234,73.91999994372233,-46.08,-1.2014427685058906,-1.2476118282562492,0.4797421537311769
46.09,-46.09,119.99999994421694,149.99999994421694,73.90999994421693,-46.09,-1.201225000866077,-1.2478215005738171,0.48003261909875183
46.1,-46.1,119.99999994471153,149.99999994471153,73.89999994471154,-46.1,-1.2010071966348579,-1.2480311348805684,0.48032306984369844
46.11,-46.11,119.99999994520613,149.99999994520613,73.88999994520613,-46.11,-1.2007893558188674,-1.2482407311701174,0.48061350595716906
46.12,-46.12,119.99999994570072,149.99999994570072,73.87999994570072,-46.12,-1.2005714784247414,-1.2484502894360792,0.4809039274303165
46.13,-46.13,119.99999994619533,149.99999994619532,73.86999994619532,-46.13,-1.2003535644591172,-1.2486598096720707,0.48119433425429337
46.14,-46.14,119.99999994668993,149.9999999466899,73.85999994668992,-46.14,-1.2001356139286328,-1.2488692918717086,0.4814847264202539
46.15,-46.15,119.99999994718452,149.9999999471845,73.84999994718453,-46.15,-1.1999176268399263,-1.2490787360286137,0.4817751039193541
46.16,-46.16,119.99999994767913,149.99999994767913,73.83999994767913,-46.16,-1.199699603199639,-1.2492881421364042,0.48206546674274553
46.17,-46.17,119.99999994817372,149.99999994817372,73.82999994817372,-46.17,-1.1994815430144117,-1.2494975101887023,0.4823558148815854
46.18,-46.18,119.99999994866832,149.99999994866832,73.81999994866831,-46.18,-1.1992634462908882,-1.2497068401791285,0.48264614832702707
46.19,-46.19,119.99999994916293,149.99999994916294,73.80999994916293,-46.19,-1.1990453130357104,-1.2499161321013081,0.48293646707022825
46.2,-46.2,119.99999994965752,149.99999994965754,73.79999994965752,-46.2,-1.198827143255524,-1.2501253859488652,0.48322677110234535
46.21,-46.21,119.99999995015212,149.99999995015213,73.78999995015212,-46.21,-1.1986089369569746,-1.2503346017154253,0.4835170604145339
46.22,-46.22,119.99999995064671,149.99999995064672,73.77999995064671,-46.22,-1.1983906941467088,-1.2505437793946155,0.4838073349979526
46.23,-46.23,119.99999995114132,149.99999995114132,73.76999995114133,-46.23,-1.1981724148313753,-1.2507529189800637,0.4840975948437584
46.24,-46.24,119.99999995163591,149.9999999516359,73.7599999516359,-46.24,-1.1979540990176223,-1.2509620204654002,0.48438783994311063
46.25,-46.25,119.99999995213051,149.9999999521305,73.74999995213051,-46.25,-1.197735746712102,-1.2511710838442534,0.48467807028716514
46.26,-46.26,119.99999995262512,149.9999999526251,73.73999995262511,-46.26,-1.1975173579214637,-1.251380109110256,0.4849682858670837
46.27,-46.27,119.99999995311971,149.9999999531197,73.72999995311972,-46.27,-1.1972989326523604,-1.2515890962570417,0.4852584866740254
46.28,-46.28,119.9999999536143,149.9999999536143,73.7199999536143,-46.28,-1.1970804709114469,-1.2517980452782422,0.4855486726991486
46.29,-46.29,119.9999999541089,149.9999999541089,73.7099999541089,-46.29,-1.1968619727053766,-1.2520069561674942,0.4858388439336157
46.3,-46.3,119.99999995460351,149.9999999546035,73.69999995460351,-46.3,-1.1966434380408053,-1.2522158289184342,0.4861290003685867
46.31,-46.31,119.9999999550981,149.9999999550981,73.6899999550981,-46.31,-1.1964248669243913,-1.2524246635246974,0.4864191419952223
46.32,-46.32,119.9999999555927,149.9999999555927,73.6799999555927,-46.32,-1.1962062593627916,-1.2526334599799245,0.4867092688046858
46.33,-46.33,119.99999995608731,149.99999995608732,73.66999995608731,-46.33,-1.1959876153626654,-1.2528422182777545,0.48699938078813787
46.34,-46.34,119.9999999565819,149.99999995658192,73.6599999565819,-46.34,-1.1957689349306726,-1.2530509384118287,0.4872894779367434
46.35,-46.35,119.9999999570765,149.9999999570765,73.64999995707649,-46.35,-1.1955502180734763,-1.2532596203757875,0.48757956024166255
46.36,-46.36,119.99999995757109,149.9999999575711,73.63999995757109,-46.36,-1.1953314647977367,-1.2534682641632762,0.4878696276940618
46.37,-46.37,119.9999999580657,149.9999999580657,73.6299999580657,-46.37,-1.1951126751101189,-1.253676869767938,0.4881596802851031
46.38,-46.38,119.9999999585603,149.9999999585603,73.6199999585603,-46.38,-1.194893849017288,-1.2538854371834176,0.4884497180059507
46.39,-46.39,119.99999995905489,149.9999999590549,73.60999995905489,-46.39,-1.1946749865259085,-1.2540939664033632,0.48873974084777155
46.4,-46.4,119.9999999595495,149.99999995954948,73.5999999595495,-46.4,-1.1944560876426473,-1.2543024574214228,0.4890297488017306
46.41,-46.41,119.9999999600441,149.99999996004408,73.5899999600441,-46.41,-1.1942371523741737,-1.2545109102312442,0.4893197418589926
46.42,-46.42,119.99999996053869,149.99999996053867,73.57999996053869,-46.42,-1.1940181807271562,-1.2547193248264776,0.48960972001072356
46.43,-46.43,119.99999996103328,149.99999996103327,73.56999996103329,-46.43,-1.1937991727082649,-1.2549277012007751,0.4898996832480919
46.44,-46.44,119.99999996152789,149.9999999615279,73.5599999615279,-46.44,-1.1935801283241712,-1.2551360393477888,0.49018963156226325
46.45,-46.45,119.99999996202249,149.99999996202249,73.54999996202248,-46.45,-1.1933610475815486,-1.255344339261172,0.49047956494440625
46.46,-46.46,119.99999996251708,149.99999996251708,73.53999996251707,-46.46,-1.1931419304870685,-1.2555526009345808,0.49076948338568926
46.47,-46.47,119.99999996301169,149.9999999630117,73.52999996301169,-46.47,-1.1929227770474073,-1.2557608243616702,0.49105938687728024
46.48,-46.48,119.99999996350628,149.9999999635063,73.51999996350628,-46.48,-1.192703587269241,-1.2559690095360965,0.4913492754103475
46.49,-46.49,119.99999996400088,149.9999999640009,73.50999996400088,-46.49,-1.1924843611592448,-1.2561771564515203,0.49163914897606303
46.5,-46.5,119.99999996449549,149.9999999644955,73.49999996449549,-46.5,-1.1922650987240984,-1.2563852651015992,0.4919290075655943
46.51,-46.51,119.99999996499008,149.99999996499008,73.48999996499009,-46.51,-1.1920457999704803,-1.2565933354799943,0.4922188511701125
46.52,-46.52,119.99999996548468,149.99999996548468,73.47999996548467,-46.52,-1.1918264649050705,-1.2568013675803675,0.4925086797807885
46.53,-46.53,119.99999996597927,149.99999996597927,73.46999996597927,-46.53,-1.1916070935345506,-1.2570093613963822,0.4927984933887944
46.54,-46.54,119.99999996647388,149.99999996647387,73.45999996647387,-46.54,-1.191387685865603,-1.2572173169217018,0.49308829198530046
46.55,-46.55,119.99999996696847,149.99999996696846,73.44999996696848,-46.55,-1.1911682419049112,-1.257425234149992,0.4933780755614798
46.56,-46.56,119.99999996746307,149.99999996746305,73.43999996746307,-46.56,-1.1909487616591599,-1.2576331130749197,0.4936678441085055
46.57,-46.57,119.99999996795768,149.99999996795768,73.42999996795768,-46.57,-1.1907292451350349,-1.2578409536901516,0.4939575976175496
46.58,-46.58,119.99999996845227,149.99999996845227,73.41999996845227,-46.58,-1.190509692339223,-1.2580487559893565,0.49424733607978577
46.59,-46.59,119.99999996894687,149.99999996894687,73.40999996894686,-46.59,-1.1902901032784117,-1.2582565199662061,0.49453705948639004
46.6,-46.6,119.99999996944146,149.99999996944146,73.39999996944147,-46.6,-1.1900704779592906,-1.25846424561437,0.49482676782853496
46.61,-46.61,119.99999996993607,149.99999996993608,73.38999996993607,-46.61,-1.1898508163885495,-1.258671932927521,0.49511646109739654
46.62,-46.62,119.99999997043066,149.99999997043068,73.37999997043067,-46.62,-1.1896311185728807,-1.2588795818993317,0.4954061392841487
46.63,-46.63,119.99999997092526,149.99999997092527,73.36999997092525,-46.63,-1.1894113845189755,-1.259087192523478,0.49569580237996874
46.64,-46.64,119.99999997141987,149.99999997141987,73.35999997141987,-46.64,-1.1891916142335275,-1.259294764793635,0.49598545037603314
46.65,-46.65,119.99999997191446,149.99999997191446,73.34999997191446,-46.65,-1.1889718077232316,-1.25950229870348,0.496275083263518
46.66,-46.66,119.99999997240906,149.99999997240906,73.33999997240906,-46.66,-1.1887519649947833,-1.259709794246691,0.4965647010336007
46.67,-46.67,119.99999997290365,149.99999997290365,73.32999997290365,-46.67,-1.1885320860548791,-1.2599172514169479,0.4968543036774596
46.68,-46.68,119.99999997339826,149.99999997339825,73.31999997339827,-46.68,-1.1883121709102176,-1.2601246702079305,0.4971438911862726
46.69,-46.69,119.99999997389286,149.99999997389284,73.30999997389286,-46.69,-1.188092219567498,-1.2603320506133198,0.4974334635512168
46.7,-46.7,119.99999997438745,149.99999997438744,73.29999997438745,-46.7,-1.1878722320334194,-1.2605393926267998,0.49772302076347347
46.71,-46.71,119.99999997488206,149.99999997488206,73.28999997488205,-46.71,-1.187652208314683,-1.260746696242055,0.49801256281422174
46.72,-46.72,119.99999997537665,149.99999997537665,73.27999997537665,-46.72,-1.1874321484179924,-1.2609539614527685,0.49830208969464057
46.73,-46.73,119.99999997587125,149.99999997587125,73.26999997587126,-46.73,-1.18721205235005,-1.2611611882526286,0.4985916013959118
46.74,-46.74,119.99999997636584,149.99999997636584,73.25999997636583,-46.74,-1.1869919201175596,-1.2613683766353225,0.4988810979092167
46.75,-46.75,119.99999997686045,149.99999997686047,73.24999997686045,-46.75,-1.186771751727229,-1.2615755265945374,0.4991705792257336
46.76,-46.76,119.99999997735505,149.99999997735506,73.23999997735504,-46.76,-1.1865515471857628,-1.2617826381239647,0.49946004533664806
46.77,-46.77,119.99999997784964,149.99999997784965,73.22999997784964,-46.77,-1.186331306499869,-1.2619897112172958,0.4997494962331422
46.78,-46.78,119.99999997834425,149.99999997834425,73.21999997834425,-46.78,-1.186111029676258,-1.2621967458682208,0.5000389319063961
46.79,-46.79,119.99999997883884,149.99999997883884,73.20999997883885,-46.79,-1.1858907167216395,-1.2624037420704344,0.5003283523475942
46.8,-46.8,119.99999997933344,149.99999997933344,73.19999997933344,-46.8,-1.185670367642723,-1.2626106998176319,0.5006177575479219
46.81,-46.81,119.99999997982803,149.99999997982803,73.18999997982803,-46.81,-1.185449982446222,-1.2628176191035076,0.500907147498562
46.82,-46.82,119.99999998032264,149.99999998032263,73.17999998032263,-46.82,-1.1852295611388501,-1.2630244999217584,0.5011965221906984
46.83,-46.83,119.99999998081724,149.99999998081722,73.16999998081724,-46.83,-1.185009103727321,-1.2632313422660835,0.501485881615518
46.84,-46.84,119.99999998131183,149.99999998131182,73.15999998131183,-46.84,-1.1847886102183498,-1.2634381461301818,0.501775225764206
46.85,-46.85,119.99999998180644,149.99999998180644,73.14999998180645,-46.85,-1.184568080618655,-1.2636449115077526,0.5020645546279465
46.86,-46.86,119.99999998230103,149.99999998230103,73.13999998230103,-46.86,-1.1843475149349516,-1.2638516383924991,0.5023538681979297
46.87,-46.87,119.99999998279563,149.99999998279563,73.12999998279562,-46.87,-1.1841269131739607,-1.2640583267781227,0.5026431664653392
46.88,-46.88,119.99999998329024,149.99999998329025,73.11999998329023,-46.88,-1.1839062753424012,-1.2642649766583278,0.5029324494213637
46.89,-46.89,119.99999998378483,149.99999998378485,73.10999998378483,-46.89,-1.183685601446995,-1.264471588026819,0.5032217170571908
46.9,-46.9,119.99999998427943,149.99999998427944,73.09999998427944,-46.9,-1.1834648914944623,-1.2646781608773041,0.5035109693640113
46.91,-46.91,119.99999998477402,149.99999998477404,73.08999998477402,-46.91,-1.1832441454915281,-1.264884695203489,0.5038002063330109
46.92,-46.92,119.99999998526863,149.99999998526863,73.07999998526863,-46.92,-1.1830233634449159,-1.265091190999083,0.5040894279553806
46.93,-46.93,119.99999998576322,149.99999998576322,73.06999998576322,-46.93,-1.182802545361352,-1.2652976482577947,0.5043786342223088
46.94,-46.94,119.99999998625782,149.99999998625782,73.05999998625782,-46.94,-1.1825816912475617,-1.2655040669733368,0.5046678251249875
46.95,-46.95,119.99999998675243,149.9999999867524,73.04999998675243,-46.95,-1.1823608011102735,-1.2657104471394205,0.5049570006546065
46.96,-46.96,119.99999998724702,149.999999987247,73.03999998724703,-46.96,-1.1821398749562155,-1.2659167887497593,0.5052461608023573
46.97,-46.97,119.99999998774162,149.9999999877416,73.02999998774162,-46.97,-1.181918912792118,-1.2661230917980675,0.5055353055594312
46.98,-46.98,119.99999998823621,149.9999999882362,73.01999998823621,-46.98,-1.1816979146247113,-1.266329356278061,0.5058244349170209
46.99,-46.99,119.99999998873082,149.99999998873082,73.00999998873081,-46.99,-1.1814768804607279,-1.2665355821834563,0.5061135488663183
47.0,-47.0,119.99999998922542,149.99999998922542,72.99999998922542,-47.0,-1.1812558103069006,-1.266741769507972,0.5064026473985175
47.01,-47.01,119.9999999893157,149.9999999893157,72.98999998931569,-47.01,-1.1810347041699636,-1.2669479182453263,0.5066917305094419
47.02,-47.02,119.99999998940598,149.99999998940598,72.97999998940597,-47.02,-1.180813562056652,-1.2671540283892408,0.5069807981856551
47.03,-47.03,119.99999998949626,149.99999998949625,72.96999998949626,-47.03,-1.1805923839737034,-1.2673600999334353,0.5072698504183488
47.04,-47.04,119.99999998958656,149.99999998958657,72.95999998958655,-47.04,-1.1803711699278536,-1.2675661328716343,0.5075588871987201
47.05,-47.05,119.99999998967684,149.99999998967684,72.94999998967684,-47.05,-1.1801499199258414,-1.2677721271975613,0.5078479085179648
47.06,-47.06,119.99999998976712,149.9999999897671,72.93999998976712,-47.06,-1.1799286339744082,-1.2679780829049399,0.5081369143672766
47.07,-47.07,119.9999999898574,149.9999999898574,72.92999998985741,-47.07,-1.1797073120802928,-1.268183999987498,0.5084259047378535
47.08,-47.08,119.99999998994768,149.9999999899477,72.91999998994768,-47.08,-1.1794859542502378,-1.2683898784389622,0.5087148796208917
47.09,-47.09,119.99999999003796,149.99999999003796,72.90999999003796,-47.09,-1.1792645604909862,-1.2685957182530616,0.5090038390075893
47.1,-47.1,119.99999999012825,149.99999999012823,72.89999999012824,-47.1,-1.1790431308092817,-1.2688015194235254,0.5092927828891437
47.11,-47.11,119.99999999021854,149.99999999021856,72.88999999021854,-47.11,-1.1788216652118693,-1.2690072819440854,0.5095817112567532
47.12,-47.12,119.99999999030882,149.99999999030882,72.87999999030882,-47.12,-1.178600163705496,-1.2692130058084725,0.5098706241016161
47.13,-47.13,119.9999999903991,149.9999999903991,72.8699999903991,-47.13,-1.1783786262969091,-1.2694186910104202,0.5101595214149316
47.14,-47.14,119.99999999048939,149.99999999048939,72.85999999048938,-47.14,-1.1781570529928564,-1.2696243375436638,0.5104484031878995
47.15,-47.15,119.99999999057967,149.99999999057968,72.84999999057968,-47.15,-1.177935443800087,-1.2698299454019393,0.5107372694117213
47.16,-47.16,119.99999999066995,149.99999999066995,72.83999999066995,-47.16,-1.1777137987253532,-1.2700355145789815,0.5110261200775957
47.17,-47.17,119.99999999076023,149.99999999076022,72.82999999076023,-47.17,-1.1774921177754043,-1.2702410450685306,0.5113149551767253
47.18,-47.18,119.99999999085053,149.99999999085054,72.81999999085053,-47.18,-1.1772704009569954,-1.2704465368643245,0.51160377470031
47.19,-47.19,119.99999999094081,149.9999999909408,72.80999999094081,-47.19,-1.1770486482768796,-1.2706519899601032,0.5118925786395526
47.2,-47.2,119.99999999103109,149.99999999103107,72.79999999103109,-47.2,-1.1768268597418112,-1.2708574043496095,0.5121813669856571
47.21,-47.21,119.99999999112137,149.99999999112137,72.78999999112136,-47.21,-1.1766050353585462,-1.2710627800265861,0.5124701397298251
47.22,-47.22,119.99999999121165,149.99999999121167,72.77999999121165,-47.22,-1.176383175133843,-1.271268116984776,0.5127588968632598
47.23,-47.23,119.99999999130193,149.99999999130193,72.76999999130194,-47.23,-1.1761612790744596,-1.2714734152179237,0.513047638377165
47.24,-47.24,119.99999999139222,149.9999999913922,72.75999999139222,-47.24,-1.1759393471871538,-1.271678674719778,0.5133363642627474
47.25,-47.25,119.9999999914825,149.9999999914825,72.7499999914825,-47.25,-1.1757173794786875,-1.2718838954840836,0.5136250745112089
47.26,-47.26,119.99999999157279,149.9999999915728,72.7399999915728,-47.26,-1.1754953759558227,-1.27208907750459,0.5139137691137559
47.27,-47.27,119.99999999166307,149.99999999166306,72.72999999166308,-47.27,-1.1752733366253196,-1.2722942207750483,0.5142024480615959
47.28,-47.28,119.99999999175336,149.99999999175336,72.71999999175335,-47.28,-1.1750512614939443,-1.272499325289208,0.5144911113459332
47.29,-47.29,119.99999999184364,149.99999999184365,72.70999999184363,-47.29,-1.1748291505684614,-1.2727043910408211,0.5147797589579746
47.3,-47.3,119.99999999193392,149.99999999193392,72.69999999193392,-47.3,-1.1746070038556349,-1.2729094180236427,0.51506839088893
47.31,-47.31,119.9999999920242,149.9999999920242,72.6899999920242,-47.31,-1.1743848213622334,-1.2731144062314252,0.515357007130004
47.32,-47.32,119.99999999211448,149.99999999211448,72.67999999211449,-47.32,-1.1741626030950247,-1.2733193556579256,0.5156456076724063
47.33,-47.33,119.99999999220478,149.99999999220478,72.66999999220478,-47.33,-1.1739403490607787,-1.2735242662968997,0.5159341925073447
47.34,-47.34,119.99999999229506,149.99999999229505,72.65999999229506,-47.34,-1.1737180592662635,-1.2737291381421074,0.5162227616260306
47.35,-47.35,119.99999999238534,149.99999999238534,72.64999999238535,-47.35,-1.1734957337182519,-1.2739339711873066,0.5165113150196717
47.36,-47.36,119.99999999247562,149.99999999247564,72.63999999247562,-47.36,-1.173273372423516,-1.2741387654262581,0.5167998526794794
47.37,-47.37,119.9999999925659,149.9999999925659,72.6299999925659,-47.37,-1.1730509753888303,-1.2743435208527225,0.5170883745966622
47.38,-47.38,119.99999999265619,149.99999999265617,72.61999999265618,-47.38,-1.1728285426209681,-1.2745482374604642,0.5173768807624338
47.39,-47.39,119.99999999274647,149.99999999274647,72.60999999274647,-47.39,-1.1726060741267055,-1.2747529152432462,0.5176653711680043
47.4,-47.4,119.99999999283676,149.99999999283676,72.59999999283676,-47.4,-1.1723835699128196,-1.274957554194834,0.5179538458045858
47.41,-47.41,119.99999999292704,149.99999999292703,72.58999999292705,-47.41,-1.1721610299860876,-1.2751621543089937,0.5182423046633916
47.42,-47.42,119.99999999301733,149.99999999301733,72.57999999301732,-47.42,-1.1719384543532885,-1.2753667155794937,0.518530747735635
47.43,-47.43,119.99999999310761,149.99999999310762,72.56999999310761,-47.43,-1.1717158430212038,-1.2755712380001007,0.518819175012527
47.44,-47.44,119.99999999319789,149.9999999931979,72.55999999319789,-47.44,-1.1714931959966128,-1.2757757215645864,0.5191075864852845
47.45,-47.45,119.99999999328817,149.99999999328816,72.54999999328817,-47.45,-1.1712705132862986,-1.2759801662667216,0.5193959821451216
47.46,-47.46,119.99999999337845,149.99999999337845,72.53999999337844,-47.46,-1.1710477948970435,-1.2761845721002787,0.5196843619832529
47.47,-47.47,119.99999999346875,149.99999999346875,72.52999999346875,-47.47,-1.170825040835634,-1.2763889390590297,0.5199727259908918
47.48,-47.48,119.99999999355903,149.99999999355902,72.51999999355903,-47.48,-1.1706022511088539,-1.276593267136751,0.5202610741592572
47.49,-47.49,119.99999999364931,149.9999999936493,72.5099999936493,-47.49,-1.1703794257234894,-1.2767975563272178,0.5205494064795648
47.5,-47.5,119.99999999373959,149.9999999937396,72.49999999373959,-47.5,-1.17015656468633,-1.2770018066242061,0.5208377229430293
47.51,-47.51,119.99999999382987,149.99999999382987,72.48999999382988,-47.51,-1.1699336680041628,-1.2772060180214955,0.5211260235408709
47.52,-47.52,119.99999999392016,149.99999999392014,72.47999999392016,-47.52,-1.1697107356837777,-1.2774101905128654,0.5214143082643075
47.53,-47.53,119.99999999401044,149.99999999401044,72.46999999401044,-47.53,-1.169487767731967,-1.2776143240920947,0.5217025771045543
47.54,-47.54,119.99999999410073,149.99999999410073,72.45999999410074,-47.54,-1.1692647641555214,-1.2778184187529666,0.5219908300528323
47.55,-47.55,119.99999999419101,149.999999994191,72.44999999419102,-47.55,-1.169041724961234,-1.2780224744892643,0.5222790671003623
47.56,-47.56,119.9999999942813,149.9999999942813,72.4399999942813,-47.56,-1.1688186501558995,-1.2782264912947707,0.5225672882383613
47.57,-47.57,119.99999999437158,149.9999999943716,72.42999999437157,-47.57,-1.1685955397463135,-1.2784304691632713,0.5228554934580503
47.58,-47.58,119.99999999446186,149.99999999446186,72.41999999446186,-47.58,-1.1683723937392712,-1.2786344080885532,0.5231436827506509
47.59,-47.59,119.99999999455214,149.99999999455213,72.40999999455214,-47.59,-1.1681492121415702,-1.2788383080644043,0.5234318561073852
47.6,-47.6,119.99999999464242,149.99999999464242,72.39999999464243,-47.6,-1.1679259949600105,-1.2790421690846119,0.5237200135194716
47.61,-47.61,119.99999999473272,149.99999999473272,72.38999999473272,-47.61,-1.1677027422013895,-1.279245991142968,0.5240081549781357
47.62,-47.62,119.999999994823,149.99999999482299,72.37999999482301,-47.62,-1.1674794538725093,-1.2794497742332627,0.5242962804745992
47.63,-47.63,119.99999999491328,149.99999999491328,72.36999999491329,-47.63,-1.167256129980172,-1.2796535183492879,0.5245843900000833
47.64,-47.64,119.99999999500356,149.99999999500358,72.35999999500356,-47.64,-1.1670327705311792,-1.2798572234848382,0.5248724835458142
47.65,-47.65,119.99999999509384,149.99999999509384,72.34999999509384,-47.65,-1.1668093755323348,-1.280060889633709,0.5251605611030167
47.66,-47.66,119.99999999518413,149.9999999951841,72.33999999518413,-47.66,-1.166585944990445,-1.2802645167896947,0.5254486226629129
47.67,-47.67,119.99999999527441,149.9999999952744,72.3299999952744,-47.67,-1.166362478912315,-1.280468104946593,0.5257366682167287
47.68,-47.68,119.9999999953647,149.9999999953647,72.3199999953647,-47.68,-1.1661389773047524,-1.2806716540982024,0.5260246977556903
47.69,-47.69,119.99999999545498,149.99999999545497,72.30999999545499,-47.69,-1.1659154401745653,-1.2808751642383225,0.5263127112710239
47.7,-47.7,119.99999999554527,149.99999999554527,72.29999999554526,-47.7,-1.1656918675285632,-1.2810786353607535,0.5266007087539549
47.71,-47.71,119.99999999563555,149.99999999563556,72.28999999563555,-47.71,-1.1654682593735555,-1.2812820674592986,0.5268886901957125
47.72,-47.72,119.99999999572583,149.99999999572583,72.27999999572583,-47.72,-1.165244615716355,-1.2814854605277597,0.5271766555875231
47.73,-47.73,119.99999999581611,149.9999999958161,72.26999999581611,-47.73,-1.1650209365637743,-1.2816888145599405,0.5274646049206133
47.74,-47.74,119.99999999590639,149.9999999959064,72.25999999590638,-47.74,-1.1647972219226252,-1.281892129549649,0.5277525381862148
47.75,-47.75,119.99999999599669,149.9999999959967,72.24999999599669,-47.75,-1.1645734717997245,-1.2820954054906895,0.5280404553755542
47.76,-47.76,119.99999999608697,149.99999999608696,72.23999999608696,-47.76,-1.1643496862018874,-1.2822986423768707,0.5283283564798621
47.77,-47.77,119.99999999617725,149.99999999617725,72.22999999617724,-47.77,-1.1641258651359305,-1.2825018402020016,0.5286162414903679
47.78,-47.78,119.99999999626753,149.99999999626755,72.21999999626753,-47.78,-1.163902008608672,-1.2827049989598927,0.5289041103983029
47.79,-47.79,119.99999999635781,149.99999999635781,72.20999999635782,-47.79,-1.163678116626931,-1.282908118644355,0.5291919631948973
47.8,-47.8,119.9999999964481,149.99999999644808,72.1999999964481,-47.8,-1.1634541891975274,-1.2831111992492015,0.5294797998713834
47.81,-47.81,119.99999999653838,149.99999999653838,72.18999999653838,-47.81,-1.1632302263272827,-1.2833142407682456,0.5297676204189926
47.82,-47.82,119.99999999662866,149.99999999662867,72.17999999662865,-47.82,-1.163006228023019,-1.2835172431953024,0.5300554248289573
47.83,-47.83,119.99999999671896,149.99999999671894,72.16999999671896,-47.83,-1.1627821942915602,-1.283720206524188,0.5303432130925104
47.84,-47.84,119.99999999680924,149.99999999680924,72.15999999680923,-47.84,-1.1625581251397294,-1.2839231307487207,0.5306309852008867
47.85,-47.85,119.99999999689952,149.99999999689953,72.14999999689951,-47.85,-1.1623340205743535,-1.2841260158627181,0.5309187411453187
47.86,-47.86,119.9999999969898,149.9999999969898,72.1399999969898,-47.86,-1.162109880602258,-1.2843288618600006,0.5312064809170421
47.87,-47.87,119.99999999708008,149.99999999708007,72.12999999708009,-47.87,-1.1618857052302727,-1.2845316687343882,0.5314942045072899
47.88,-47.88,119.99999999717036,149.99999999717036,72.11999999717037,-47.88,-1.1616614944652242,-1.2847344364797035,0.5317819119072991
47.89,-47.89,119.99999999726064,149.99999999726066,72.10999999726064,-47.89,-1.161437248313943,-1.2849371650897705,0.5320696031083049
47.9,-47.9,119.99999999735094,149.99999999735093,72.09999999735095,-47.9,-1.1612129667832596,-1.2851398545584134,0.5323572781015451
47.91,-47.91,119.99999999744122,149.99999999744122,72.08999999744123,-47.91,-1.1609886498800077,-1.285342504879457,0.5326449368782545
47.92,-47.92,119.9999999975315,149.99999999753152,72.0799999975315,-47.92,-1.160764297611018,-1.2855451160467297,0.5329325794296724
47.93,-47.93,119.99999999762179,149.99999999762179,72.06999999762178,-47.93,-1.1605399099831264,-1.2857476880540586,0.5332202057470361
47.94,-47.94,119.99999999771207,149.99999999771205,72.05999999771207,-47.94,-1.1603154870031682,-1.2859502208952724,0.5335078158215825
47.95,-47.95,119.99999999780235,149.99999999780235,72.04999999780235,-47.95,-1.1600910286779786,-1.2861527145642033,0.5337954096445525
47.96,-47.96,119.99999999789263,149.99999999789264,72.03999999789264,-47.96,-1.1598665350143949,-1.2863551690546828,0.5340829872071854
47.97,-47.97,119.99999999798293,149.9999999979829,72.02999999798293,-47.97,-1.1596420060192572,-1.286557584360542,0.5343705485007193
47.98,-47.98,119.9999999980732,149.9999999980732,72.01999999807322,-47.98,-1.1594174416994034,-1.2867599604756164,0.5346580935163965
47.99,-47.99,119.99999999816349,149.9999999981635,72.0099999981635,-47.99,-1.1591928420616744,-1.2869622973937416,0.5349456222454573
48.0,-48.0,119.99999999825377,149.99999999825377,71.99999999825377,-48.0,-1.1589682071129126,-1.2871645951087531,0.535233134679143
48.01,-48.01,119.99999999826872,149.99999999826872,71.98999999826873,-48.01,-1.158743536859961,-1.2873668536144884,0.5355206308095456
48.02,-48.02,119.99999999828366,149.99999999828367,71.97999999828366,-48.02,-1.158518831309662,-1.2875690729047877,0.5358081106270575
48.03,-48.03,119.9999999982986,149.99999999829862,71.9699999982986,-48.03,-1.1582940904688614,-1.28777125297349,0.5360955741229213
48.04,-48.04,119.99999999831356,149.99999999831357,71.95999999831355,-48.04,-1.1580693143444063,-1.287973393814436,0.5363830212883788
48.05,-48.05,119.9999999983285,149.99999999832852,71.94999999832851,-48.05,-1.1578445029431412,-1.28817549542147,0.5366704521146772
48.06,-48.06,119.99999999834344,149.99999999834344,71.93999999834344,-48.06,-1.1576196562719163,-1.2883775577884342,0.536957866593058
48.07,-48.07,119.99999999835839,149.9999999983584,71.9299999983584,-48.07,-1.1573947743375808,-1.288579580909173,0.537245264714766
48.08,-48.08,119.99999999837334,149.99999999837334,71.91999999837334,-48.08,-1.157169857146984,-1.2887815647775338,0.5375326464710481
48.09,-48.09,119.99999999838829,149.9999999983883,71.90999999838829,-48.09,-1.1569449047069769,-1.2889835093873638,0.5378200118531505
48.1,-48.1,119.99999999840323,149.9999999984032,71.89999999840322,-48.1,-1.1567199170244131,-1.2891854147325101,0.5381073608523181
48.11,-48.11,119.99999999841818,149.99999999841816,71.88999999841818,-48.11,-1.1564948941061461,-1.2893872808068232,0.5383946934597977
48.12,-48.12,119.99999999843313,149.9999999984331,71.87999999843314,-48.12,-1.15626983595903,-1.2895891076041537,0.5386820096668371
48.13,-48.13,119.99999999844808,149.99999999844806,71.86999999844807,-48.13,-1.1560447425899207,-1.2897908951183537,0.5389693094646842
48.14,-48.14,119.99999999846301,149.999999998463,71.85999999846301,-48.14,-1.1558196140056751,-1.2899926433432758,0.5392565928445872
48.15,-48.15,119.99999999847796,149.99999999847796,71.84999999847795,-48.15,-1.1555944502131499,-1.290194352272776,0.5395438597977956
48.16,-48.16,119.99999999849291,149.9999999984929,71.83999999849291,-48.16,-1.1553692512192053,-1.290396021900708,0.5398311103155582
48.17,-48.17,119.99999999850786,149.99999999850786,71.82999999850786,-48.17,-1.1551440170307001,-1.2905976522209304,0.5401183443891254
48.18,-48.18,119.9999999985228,149.9999999985228,71.8199999985228,-48.18,-1.154918747654497,-1.290799243227299,0.540405562009746
48.19,-48.19,119.99999999853775,149.99999999853776,71.80999999853775,-48.19,-1.154693443097457,-1.2910007949136746,0.5406927631686719
48.2,-48.2,119.9999999985527,149.9999999985527,71.79999999855269,-48.2,-1.1544681033664428,-1.2912023072739174,0.5409799478571551
48.21,-48.21,119.99999999856765,149.99999999856766,71.78999999856765,-48.21,-1.1542427284683197,-1.2914037803018887,0.5412671160664464
48.22,-48.22,119.99999999858258,149.99999999858258,71.77999999858258,-48.22,-1.1540173184099523,-1.2916052139914513,0.5415542677877991
48.23,-48.23,119.99999999859753,149.99999999859753,71.76999999859754,-48.23,-1.153791873198207,-1.2918066083364692,0.5418414030124649
48.24,-48.24,119.99999999861248,149.99999999861248,71.75999999861247,-48.24,-1.1535663928399515,-1.292007963330808,0.5421285217316983
48.25,-48.25,119.99999999862743,149.99999999862743,71.74999999862743,-48.25,-1.1533408773420546,-1.2922092789683333,0.542415623936752
48.26,-48.26,119.99999999864237,149.99999999864235,71.73999999864236,-48.26,-1.1531153267113854,-1.292410555242913,0.5427027096188819
48.27,-48.27,119.99999999865732,149.9999999986573,71.72999999865732,-48.27,-1.1528897409548142,-1.2926117921484166,0.542989778769342
48.28,-48.28,119.99999999867227,149.99999999867225,71.71999999867226,-48.28,-1.1526641200792143,-1.2928129896787124,0.5432768313793862
48.29,-48.29,119.9999999986872,149.9999999986872,71.70999999868721,-48.29,-1.152438464091457,-1.293014147827673,0.5435638674402731
48.3,-48.3,119.99999999870215,149.99999999870215,71.69999999870215,-48.3,-1.152212772998416,-1.293215266589171,0.5438508869432578
48.31,-48.31,119.9999999987171,149.9999999987171,71.6899999987171,-48.31,-1.1519870468069682,-1.2934163459570782,0.544137889879596
48.32,-48.32,119.99999999873205,149.99999999873205,71.67999999873206,-48.32,-1.1517612855239874,-1.293617385925271,0.544424876240547
48.33,-48.33,119.99999999874699,149.999999998747,71.66999999874699,-48.33,-1.1515354891563518,-1.2938183864876251,0.5447118460173684
48.34,-48.34,119.99999999876194,149.99999999876195,71.65999999876193,-48.34,-1.1513096577109392,-1.294019347638017,0.5449987992013177
48.35,-48.35,119.99999999877689,149.9999999987769,71.64999999877688,-48.35,-1.1510837911946292,-1.2942202693703257,0.5452857357836544
48.36,-48.36,119.99999999879184,149.99999999879185,71.63999999879184,-48.36,-1.1508578896143011,-1.2944211516784314,0.5455726557556385
48.37,-48.37,119.99999999880677,149.99999999880677,71.62999999880677,-48.37,-1.1506319529768376,-1.2946219945562134,0.5458595591085291
48.38,-48.38,119.99999999882172,149.99999999882172,71.61999999882173,-48.38,-1.1504059812891214,-1.2948227979975537,0.5461464458335854
48.39,-48.39,119.99999999883667,149.99999999883667,71.60999999883667,-48.39,-1.1501799745580343,-1.2950235619963366,0.5464333159220706
48.4,-48.4,119.99999999885162,149.99999999885162,71.59999999885162,-48.4,-1.1499539327904609,-1.2952242865464465,0.5467201693652455
48.41,-48.41,119.99999999886656,149.99999999886654,71.58999999886656,-48.41,-1.1497278559932889,-1.2954249716417676,0.5470070061543713
48.42,-48.42,119.9999999988815,149.9999999988815,71.5799999988815,-48.42,-1.1495017441734026,-1.2956256172761886,0.5472938262807115
48.43,-48.43,119.99999999889646,149.99999999889644,71.56999999889646,-48.43,-1.1492755973376916,-1.2958262234435958,0.5475806297355277
48.44,-48.44,119.9999999989114,149.9999999989114,71.55999999891141,-48.44,-1.1490494154930435,-1.2960267901378792,0.5478674165100847
48.45,-48.45,119.99999999892634,149.99999999892634,71.54999999892634,-48.45,-1.1488231986463495,-1.2962273173529286,0.548154186595645
48.46,-48.46,119.99999999894129,149.9999999989413,71.53999999894128,-48.46,-1.148596946804499,-1.2964278050826368,0.5484409399834752
48.47,-48.47,119.99999999895624,149.99999999895624,71.52999999895624,-48.47,-1.1483706599743848,-1.2966282533208953,0.5487276766648382
48.48,-48.48,119.99999999897119,149.9999999989712,71.5199999989712,-48.48,-1.1481443381629006,-1.296828662061598,0.549014396631
48.49,-48.49,119.99999999898613,149.99999999898614,71.50999999898613,-48.49,-1.147917981376939,-1.297029031298642,0.5493010998732285
48.5,-48.5,119.99999999900108,149.9999999990011,71.49999999900108,-48.5,-1.1476915896233963,-1.2972293610259218,0.5495877863827879
48.51,-48.51,119.99999999901603,149.99999999901604,71.48999999901602,-48.51,-1.1474651629091694,-1.297429651237335,0.549874456150945
48.52,-48.52,119.99999999903096,149.99999999903096,71.47999999903095,-48.52,-1.1472387012411538,-1.297629901926782,0.5501611091689709
48.53,-48.53,119.99999999904591,149.9999999990459,71.46999999904591,-48.53,-1.1470122046262496,-1.2978301130881618,0.5504477454281295
48.54,-48.54,119.99999999906086,149.99999999906086,71.45999999906087,-48.54,-1.1467856730713555,-1.298030284715375,0.5507343649196912
48.55,-48.55,119.99999999907581,149.9999999990758,71.44999999907581,-48.55,-1.1465591065833722,-1.298230416802325,0.5510209676349248
48.56,-48.56,119.99999999909075,149.99999999909073,71.43999999909074,-48.56,-1.1463325051692015,-1.2984305093429152,0.5513075535651002
48.57,-48.57,119.9999999991057,149.99999999910568,71.42999999910569,-48.57,-1.1461058688357457,-1.2986305623310503,0.5515941227014869
48.58,-48.58,119.99999999912065,149.99999999912063,71.41999999912065,-48.58,-1.1458791975899094,-1.2988305757606358,0.5518806750353554
48.59,-48.59,119.9999999991356,149.99999999913558,71.4099999991356,-48.59,-1.1456524914385957,-1.2990305496255807,0.5521672105579786
48.6,-48.6,119.99999999915053,149.99999999915053,71.39999999915054,-48.6,-1.145425750388712,-1.2992304839197917,0.5524537292606259
48.61,-48.61,119.99999999916548,149.99999999916548,71.38999999916548,-48.61,-1.145198974447164,-1.2994303786371795,0.5527402311345713
48.62,-48.62,119.99999999918043,149.99999999918043,71.37999999918043,-48.62,-1.1449721636208616,-1.2996302337716534,0.5530267161710849
48.63,-48.63,119.99999999919538,149.99999999919538,71.36999999919539,-48.63,-1.1447453179167122,-1.299830049317127,0.5533131843614422
48.64,-48.64,119.99999999921032,149.99999999921033,71.35999999921032,-48.64,-1.1445184373416262,-1.3000298252675135,0.5535996356969163
48.65,-48.65,119.99999999922527,149.99999999922528,71.34999999922528,-48.65,-1.1442915219025152,-1.3002295616167268,0.553886070168781
48.66,-48.66,119.99999999924022,149.99999999924023,71.33999999924022,-48.66,-1.1440645716062912,-1.3004292583586827,0.5541724877683114
48.67,-48.67,119.99999999925517,149.99999999925518,71.32999999925516,-48.67,-1.1438375864598669,-1.3006289154872985,0.554458888486783
48.68,-48.68,119.9999999992701,149.9999999992701,71.3199999992701,-48.68,-1.1436105664701581,-1.3008285329964913,0.55474527231547
48.69,-48.69,119.99999999928505,149.99999999928505,71.30999999928505,-48.69,-1.1433835116440791,-1.3010281108801816,0.5550316392456507
48.7,-48.7,119.9999999993,149.9999999993,71.2999999993,-48.7,-1.1431564219885466,-1.3012276491322892,0.5553179892686003
48.71,-48.71,119.99999999931495,149.99999999931495,71.28999999931494,-48.71,-1.1429292975104777,-1.3014271477467363,0.5556043223755976
48.72,-48.72,119.99999999932989,149.99999999932987,71.27999999932989,-48.72,-1.1427021382167928,-1.3016266067174447,0.5558906385579183
48.73,-48.73,119.99999999934484,149.99999999934482,71.26999999934483,-48.73,-1.1424749441144095,-1.30182602603834,0.5561769378068426
48.74,-48.74,119.99999999935979,149.99999999935977,71.25999999935979,-48.74,-1.1422477152102488,-1.3020254057033473,0.5564632201136493
48.75,-48.75,119.99999999937472,149.99999999937472,71.24999999937472,-48.75,-1.1420204515112342,-1.3022247457063918,0.5567494854696151
48.76,-48.76,119.99999999938967,149.99999999938967,71.23999999938968,-48.76,-1.1417931530242866,-1.3024240460414025,0.5570357338660231
48.77,-48.77,119.99999999940462,149.99999999940462,71.22999999940461,-48.77,-1.1415658197563303,-1.3026233067023087,0.5573219652941528
48.78,-48.78,119.99999999941957,149.99999999941957,71.21999999941957,-48.78,-1.1413384517142917,-1.302822527683039,0.5576081797452834
48.79,-48.79,119.99999999943451,149.99999999943452,71.2099999994345,-48.79,-1.1411110489050955,-1.303021708977526,0.5578943772106979
48.8,-48.8,119.99999999944946,149.99999999944947,71.19999999944946,-48.8,-1.140883611335668,-1.3032208505797027,0.5581805576816794
48.81,-48.81,119.9999999994644,149.99999999946442,71.1899999994644,-48.81,-1.1406561390129393,-1.3034199524835017,0.5584667211495074
48.82,-48.82,119.99999999947936,149.99999999947937,71.17999999947935,-48.82,-1.140428631943838,-1.303619014682858,0.5587528676054663
48.83,-48.83,119.99999999949429,149.9999999994943,71.1699999994943,-48.83,-1.1402010901352937,-1.3038180371717087,0.55903899704084
48.84,-48.84,119.99999999950924,149.99999999950924,71.15999999950924,-48.84,-1.1399735135942375,-1.3040170199439916,0.5593251094469129
48.85,-48.85,119.99999999952419,149.9999999995242,71.1499999995242,-48.85,-1.1397459023276033,-1.3042159629936434,0.5596112048149671
48.86,-48.86,119.99999999953914,149.99999999953914,71.13999999953914,-48.86,-1.1395182563423225,-1.3044148663146065,0.5598972831362914
48.87,-48.87,119.99999999955408,149.99999999955406,71.12999999955409,-48.87,-1.1392905756453313,-1.3046137299008196,0.5601833444021678
48.88,-48.88,119.99999999956903,149.999999999569,71.11999999956902,-48.88,-1.1390628602435648,-1.3048125537462265,0.5604693886038842
48.89,-48.89,119.99999999958398,149.99999999958396,71.10999999958398,-48.89,-1.1388351101439598,-1.3050113378447692,0.5607554157327256
48.9,-48.9,119.99999999959893,149.9999999995989,71.09999999959894,-48.9,-1.1386073253534525,-1.3052100821903947,0.561041425779982
48.91,-48.91,119.99999999961386,149.99999999961386,71.08999999961387,-48.91,-1.1383795058789834,-1.3054087867770467,0.5613274187369385
48.92,-48.92,119.99999999962881,149.9999999996288,71.07999999962881,-48.92,-1.1381516517274914,-1.3056074515986735,0.5616133945948842
48.93,-48.93,119.99999999964376,149.99999999964376,71.06999999964376,-48.93,-1.1379237629059178,-1.3058060766492228,0.5618993533451075
48.94,-48.94,119.99999999965871,149.9999999996587,71.05999999965871,-48.94,-1.1376958394212042,-1.3060046619226446,0.5621852949788979
48.95,-48.95,119.99999999967365,149.99999999967366,71.04999999967364,-48.95,-1.137467881280294,-1.3062032074128889,0.5624712194875442
48.96,-48.96,119.9999999996886,149.9999999996886,71.0399999996886,-48.96,-1.1372398884901298,-1.3064017131139092,0.562757126862339
48.97,-48.97,119.99999999970355,149.99999999970356,71.02999999970355,-48.97,-1.137011861057658,-1.3066001790196573,0.5630430170945709
48.98,-48.98,119.9999999997185,149.9999999997185,71.0199999997185,-48.98,-1.1367837989898246,-1.306798605124088,0.5633288901755317
48.99,-48.99,119.99999999973343,149.99999999973343,71.00999999973342,-48.99,-1.1365557022935764,-1.3069969914211568,0.5636147460965134
49.0,-49.0,119.99999999974838,149.99999999974838,70.99999999974838,-49.0,-1.1363275709758616,-1.3071953379048207,0.5639005848488082
49.01,-49.01,119.99999999975059,149.99999999975057,70.98999999975058,-49.01,-1.1360994050436297,-1.3073936445690373,0.5641864064238507
49.02,-49.02,119.99999999975279,149.9999999997528,70.97999999975278,-49.02,-1.1358712045038308,-1.3075919114077663,0.5644722108127923
49.03,-49.03,119.99999999975499,149.999999999755,70.96999999975499,-49.03,-1.1356429693634167,-1.307790138414968,0.5647579980069274
49.04,-49.04,119.9999999997572,149.9999999997572,70.9599999997572,-49.04,-1.1354146996293397,-1.307988325584604,0.56504376799755
49.05,-49.05,119.9999999997594,149.99999999975938,70.9499999997594,-49.05,-1.1351863953085524,-1.3081864729106378,0.565329520775956
49.06,-49.06,119.9999999997616,149.9999999997616,70.9399999997616,-49.06,-1.134958056408011,-1.3083845803870318,0.5656152563334385
49.07,-49.07,119.99999999976379,149.9999999997638,70.9299999997638,-49.07,-1.13472968293467,-1.308582648007753,0.5659009746612961
49.08,-49.08,119.99999999976599,149.99999999976598,70.91999999976599,-49.08,-1.1345012748954864,-1.3087806757667673,0.5661866757508239
49.09,-49.09,119.99999999976819,149.9999999997682,70.90999999976819,-49.09,-1.1342728322974176,-1.3089786636580425,0.5664723595933195
49.1,-49.1,119.9999999997704,149.9999999997704,70.89999999977039,-49.1,-1.1340443551474222,-1.3091766116755472,0.5667580261800796
49.11,-49.11,119.9999999997726,149.9999999997726,70.8899999997726,-49.11,-1.1338158434524601,-1.3093745198132527,0.5670436755024048
49.12,-49.12,119.9999999997748,149.9999999997748,70.87999999977481,-49.12,-1.1335872972194936,-1.3095723880651284,0.56732930755159
49.13,-49.13,119.999999999777,149.999999999777,70.86999999977701,-49.13,-1.1333587164554826,-1.3097702164251483,0.5676149223189367
49.14,-49.14,119.9999999997792,149.99999999977922,70.8599999997792,-49.14,-1.133130101167391,-1.3099680048872864,0.5679005197957444
49.15,-49.15,119.99999999978141,149.9999999997814,70.8499999997814,-49.15,-1.1329014513621825,-1.3101657534455173,0.568186099973314
49.16,-49.16,119.99999999978361,149.9999999997836,70.83999999978361,-49.16,-1.1326727670468233,-1.3103634620938165,0.5684716628429439
49.17,-49.17,119.99999999978581,149.9999999997858,70.82999999978581,-49.17,-1.1324440482282774,-1.3105611308261629,0.5687572083959375
49.18,-49.18,119.99999999978802,149.99999999978803,70.81999999978802,-49.18,-1.1322152949135138,-1.3107587596365338,0.5690427366235953
49.19,-49.19,119.9999999997902,149.9999999997902,70.80999999979021,-49.19,-1.1319865071095006,-1.3109563485189095,0.5693282475172203
49.2,-49.2,119.99999999979241,149.9999999997924,70.7999999997924,-49.2,-1.1317576848232058,-1.3111538974672714,0.5696137410681151
49.21,-49.21,119.99999999979461,149.99999999979462,70.78999999979462,-49.21,-1.131528828061601,-1.311351406475602,0.5698992172675831
49.22,-49.22,119.99999999979681,149.9999999997968,70.77999999979681,-49.22,-1.131299936831657,-1.3115488755378844,0.5701846761069286
49.23,-49.23,119.99999999979902,149.999999999799,70.76999999979901,-49.23,-1.131071011140346,-1.3117463046481035,0.5704701175774559
49.24,-49.24,119.99999999980122,149.99999999980122,70.75999999980121,-49.24,-1.130842050994642,-1.3119436938002451,0.570755541670469
49.25,-49.25,119.99999999980342,149.99999999980344,70.74999999980342,-49.25,-1.130613056401519,-1.3121410429882967,0.5710409483772743
49.26,-49.26,119.99999999980562,149.99999999980562,70.73999999980563,-49.26,-1.1303840273679533,-1.3123383522062464,0.5713263376891777
49.27,-49.27,119.99999999980783,149.9999999998078,70.72999999980783,-49.27,-1.1301549639009199,-1.3125356214480848,0.5716117095974873
49.28,-49.28,119.99999999981003,149.99999999981003,70.71999999981003,-49.28,-1.1299258660074,-1.3127328507078,0.5718970640935053
49.29,-49.29,119.99999999981223,149.99999999981225,70.70999999981223,-49.29,-1.1296967336943686,-1.3129300399793868,0.572182401168544
49.3,-49.3,119.99999999981443,149.99999999981443,70.69999999981444,-49.3,-1.129467566968806,-1.3131271892568388,0.5724677208139121
49.31,-49.31,119.99999999981664,149.99999999981662,70.68999999981664,-49.31,-1.129238365837696,-1.3133242985341471,0.572753023020913
49.32,-49.32,119.99999999981883,149.99999999981884,70.67999999981882,-49.32,-1.1290091303080172,-1.3135213678053106,0.5730383077808604
49.33,-49.33,119.99999999982103,149.99999999982103,70.66999999982103,-49.33,-1.1287798603867538,-1.3137183970643254,0.573323575085063
49.34,-49.34,119.99999999982323,149.99999999982322,70.65999999982323,-49.34,-1.1285505560808895,-1.3139153863051891,0.573608824924831
49.35,-49.35,119.99999999982543,149.99999999982543,70.64999999982544,-49.35,-1.1283212173974095,-1.3141123355219015,0.5738940572914745
49.36,-49.36,119.99999999982764,149.99999999982765,70.63999999982764,-49.36,-1.1280918443432988,-1.3143092447084646,0.5741792721763073
49.37,-49.37,119.99999999982984,149.99999999982984,70.62999999982983,-49.37,-1.1278624369255463,-1.3145061138588774,0.574464469570638
49.38,-49.38,119.99999999983204,149.99999999983203,70.61999999983203,-49.38,-1.1276329951511408,-1.314702942967143,0.5747496494657786
49.39,-49.39,119.99999999983424,149.99999999983424,70.60999999983424,-49.39,-1.1274035190270688,-1.314899732027268,0.5750348118530446
49.4,-49.4,119.99999999983645,149.99999999983646,70.59999999983646,-49.4,-1.1271740085603206,-1.3150964810332577,0.5753199567237502
49.41,-49.41,119.99999999983865,149.99999999983865,70.58999999983865,-49.41,-1.1269444637578911,-1.315293189979116,0.5756050840692053
49.42,-49.42,119.99999999984085,149.99999999984084,70.57999999984085,-49.42,-1.1267148846267676,-1.3154898588588546,0.5758901938807302
49.43,-49.43,119.99999999984306,149.99999999984306,70.56999999984305,-49.43,-1.1264852711739475,-1.3156864876664798,0.5761752861496348
49.44,-49.44,119.99999999984524,149.99999999984524,70.55999999984525,-49.44,-1.126255623406425,-1.3158830763960014,0.5764603608672351
49.45,-49.45,119.99999999984745,149.99999999984743,70.54999999984744,-49.45,-1.126025941331193,-1.3160796250414335,0.5767454180248501
49.46,-49.46,119.99999999984965,149.99999999984965,70.53999999984964,-49.46,-1.1257962249552484,-1.3162761335967887,0.5770304576137965
49.47,-49.47,119.99999999985185,149.99999999985187,70.52999999985185,-49.47,-1.1255664742855909,-1.3164726020560793,0.5773154796253884
49.48,-49.48,119.99999999985405,149.99999999985405,70.51999999985406,-49.48,-1.1253366893292192,-1.31666903041332,0.5776004840509438
49.49,-49.49,119.99999999985626,149.99999999985624,70.50999999985626,-49.49,-1.1251068700931293,-1.3168654186625306,0.5778854708817854
49.5,-49.5,119.99999999985846,149.99999999985846,70.49999999985846,-49.5,-1.1248770165843254,-1.3170617667977258,0.5781704401092276
49.51,-49.51,119.99999999986066,149.99999999986068,70.48999999986066,-49.51,-1.1246471288098094,-1.3172580748129243,0.5784553917245893
49.52,-49.52,119.99999999986287,149.99999999986287,70.47999999986286,-49.52,-1.1244172067765805,-1.3174543427021492,0.5787403257191951
49.53,-49.53,119.99999999986507,149.99999999986505,70.46999999986507,-49.53,-1.1241872504916461,-1.317650570459419,0.5790252420843613
49.54,-49.54,119.99999999986727,149.99999999986727,70.45999999986728,-49.54,-1.123957259962011,-1.3178467580787565,0.5793101408114084
49.55,-49.55,119.99999999986947,149.9999999998695,70.44999999986948,-49.55,-1.1237272351946774,-1.3180429055541878,0.5795950218916622
49.56,-49.56,119.99999999987168,149.99999999987168,70.43999999987167,-49.56,-1.123497176196656,-1.3182390128797354,0.5798798853164412
49.57,-49.57,119.99999999987386,149.99999999987386,70.42999999987387,-49.57,-1.1232670829749538,-1.3184350800494267,0.5801647310770681
49.58,-49.58,119.99999999987607,149.99999999987608,70.41999999987607,-49.58,-1.1230369555365807,-1.3186311070572876,0.5804495591648656
49.59,-49.59,119.99999999987827,149.99999999987827,70.40999999987827,-49.59,-1.1228067938885433,-1.31882709389735,0.5807343695711614
49.6,-49.6,119.99999999988047,149.99999999988046,70.39999999988046,-49.6,-1.1225765980378564,-1.3190230405636412,0.5810191622872756
49.61,-49.61,119.99999999988268,149.99999999988268,70.38999999988268,-49.61,-1.1223463679915309,-1.3192189470501925,0.5813039373045333
49.62,-49.62,119.99999999988488,149.9999999998849,70.37999999988489,-49.62,-1.12211610375658,-1.319414813351037,0.5815886946142608
49.63,-49.63,119.99999999988708,149.99999999988708,70.36999999988709,-49.63,-1.1218858053400178,-1.3196106394602078,0.5818734342077836
49.64,-49.64,119.99999999988928,149.99999999988927,70.35999999988928,-49.64,-1.1216554727488601,-1.31980642537174,0.5821581560764283
49.65,-49.65,119.99999999989149,149.9999999998915,70.34999999989148,-49.65,-1.1214251059901228,-1.3200021710796699,0.5824428602115215
49.66,-49.66,119.99999999989369,149.9999999998937,70.33999999989369,-49.66,-1.121194705070823,-1.320197876578034,0.5827275466043903
49.67,-49.67,119.99999999989589,149.9999999998959,70.32999999989589,-49.67,-1.1209642699979798,-1.3203935418608712,0.5830122152463633
49.68,-49.68,119.9999999998981,149.99999999989808,70.3199999998981,-49.68,-1.1207338007786123,-1.320589166922221,0.5832968661287684
49.69,-49.69,119.99999999990028,149.9999999999003,70.30999999990028,-49.69,-1.120503297419741,-1.3207847517561244,0.583581499242935
49.7,-49.7,119.99999999990249,149.99999999990249,70.29999999990248,-49.7,-1.1202727599283873,-1.3209802963566237,0.5838661145801929
49.71,-49.71,119.99999999990469,149.99999999990467,70.2899999999047,-49.71,-1.120042188311574,-1.3211758007177623,0.5841507121318719
49.72,-49.72,119.99999999990689,149.9999999999069,70.27999999990689,-49.72,-1.1198115825763248,-1.3213712648335842,0.5844352918893021
49.73,-49.73,119.9999999999091,149.9999999999091,70.26999999990909,-49.73,-1.1195809427296641,-1.321566688698136,0.5847198538438152
49.74,-49.74,119.9999999999113,149.9999999999113,70.25999999991129,-49.74,-1.1193502687786177,-1.3217620723054646,0.5850043979867438
49.75,-49.75,119.9999999999135,149.99999999991348,70.2499999999135,-49.75,-1.1191195607302122,-1.3219574156496179,0.5852889243094191
49.76,-49.76,119.9999999999157,149.9999999999157,70.23999999991571,-49.76,-1.1188888185914756,-1.3221527187246456,0.5855734328031742
49.77,-49.77,119.9999999999179,149.99999999991792,70.22999999991791,-49.77,-1.1186580423694366,-1.3223479815245982,0.5858579234593424
49.78,-49.78,119.9999999999201,149.9999999999201,70.2199999999201,-49.78,-1.118427232071125,-1.322543204043528,0.5861423962692579
49.79,-49.79,119.99999999992231,149.9999999999223,70.2099999999223,-49.79,-1.1181963877035719,-1.3227383862754885,0.5864268512242555
49.8,-49.8,119.99999999992451,149.9999999999245,70.19999999992451,-49.8,-1.1179655092738088,-1.3229335282145331,0.5867112883156688
49.81,-49.81,119.99999999992671,149.99999999992673,70.18999999992671,-49.81,-1.117734596788869,-1.3231286298547182,0.5869957075348345
49.82,-49.82,119.9999999999289,149.9999999999289,70.1799999999289,-49.82,-1.1175036502557865,-1.3233236911901007,0.5872801088730893
49.83,-49.83,119.9999999999311,149.9999999999311,70.16999999993111,-49.83,-1.1172726696815958,-1.3235187122147383,0.5875644923217684
49.84,-49.84,119.99999999993331,149.99999999993332,70.1599999999333,-49.84,-1.1170416550733338,-1.3237136929226905,0.5878488578722094
49.85,-49.85,119.99999999993551,149.9999999999355,70.14999999993552,-49.85,-1.1168106064380372,-1.3239086333080177,0.5881332055157505
49.86,-49.86,119.99999999993771,149.9999999999377,70.13999999993771,-49.86,-1.116579523782744,-1.324103533364782,0.5884175352437298
49.87,-49.87,119.99999999993992,149.99999999993992,70.12999999993991,-49.87,-1.1163484071144936,-1.3242983930870462,0.5887018470474858
49.88,-49.88,119.99999999994212,149.99999999994213,70.11999999994211,-49.88,-1.116117256440326,-1.3244932124688744,0.5889861409183577
49.89,-49.89,119.99999999994432,149.99999999994432,70.10999999994432,-49.89,-1.115886071767283,-1.3246879915043324,0.5892704168476864
49.9,-49.9,119.99999999994652,149.9999999999465,70.09999999994653,-49.9,-1.1156548531024062,-1.3248827301874866,0.5895546748268117
49.91,-49.91,119.99999999994873,149.99999999994873,70.08999999994873,-49.91,-1.1154236004527394,-1.325077428512405,0.5898389148470742
49.92,-49.92,119.99999999995093,149.99999999995094,70.07999999995093,-49.92,-1.1151923138253266,-1.3252720864731566,0.590123136899816
49.93,-49.93,119.99999999995313,149.99999999995313,70.06999999995313,-49.93,-1.114960993227213,-1.3254667040638124,0.59040734097638
49.94,-49.94,119.99999999995532,149.99999999995532,70.05999999995532,-49.94,-1.114729638665446,-1.3256612812784432,0.5906915270681075
49.95,-49.95,119.99999999995752,149.99999999995754,70.04999999995752,-49.95,-1.1144982501470724,-1.3258558181111224,0.590975695166342
49.96,-49.96,119.99999999995973,149.99999999995973,70.03999999995972,-49.96,-1.1142668276791405,-1.3260503145559237,0.5912598452624274
49.97,-49.97,119.99999999996193,149.99999999996191,70.02999999996193,-49.97,-1.1140353712687001,-1.3262447706069227,0.591543977347708
49.98,-49.98,119.99999999996413,149.99999999996413,70.01999999996414,-49.98,-1.113803880922802,-1.3264391862581957,0.5918280914135289
49.99,-49.99,119.99999999996633,149.99999999996635,70.00999999996634,-49.99,-1.1135723566484974,-1.3266335615038207,0.5921121874512348
50.0,-50.0,119.99999999996854,149.99999999996854,69.99999999996854,-50.0,-1.113340798452839,-1.3268278963378766,0.5923962654521727
50.01,-50.01,119.99999999996882,149.99999999996882,69.98999999996883,-50.01,-1.1131092063428807,-1.3270221907544433,0.5926803254077088
50.02,-50.02,119.9999999999691,149.9999999999691,69.9799999999691,-50.02,-1.112877580325677,-1.3272164447476027,0.5929643673091699
50.03,-50.03,119.99999999996938,149.99999999996936,69.96999999996937,-50.03,-1.1126459204082835,-1.3274106583114371,0.5932483911479037
50.04,-50.04,119.99999999996966,149.99999999996965,69.95999999996965,-50.04,-1.1124142265977575,-1.3276048314400308,0.5935323969152584
50.05,-50.05,119.99999999996994,149.99999999996993,69.94999999996995,-50.05,-1.1121824989011562,-1.327798964127469,0.5938163846025821
50.06,-50.06,119.99999999997023,149.9999999999702,69.93999999997023,-50.06,-1.1119507373255386,-1.3279930563678375,0.5941003542012246
50.07,-50.07,119.99999999997051,149.9999999999705,69.9299999999705,-50.07,-1.1117189418779647,-1.3281871081552246,0.5943843057025352
50.08,-50.08,119.9999999999708,149.99999999997078,69.9199999999708,-50.08,-1.1114871125654955,-1.3283811194837185,0.5946682390978643
50.09,-50.09,119.99999999997107,149.99999999997107,69.90999999997106,-50.09,-1.1112552493951926,-1.3285750903474098,0.5949521543785634
50.1,-50.1,119.99999999997135,149.99999999997135,69.89999999997136,-50.1,-1.111023352374119,-1.3287690207403895,0.595236051535983
50.11,-50.11,119.99999999997164,149.99999999997164,69.88999999997164,-50.11,-1.110791421509338,-1.3289629106567513,0.5955199305614776
50.12,-50.12,119.99999999997192,149.99999999997192,69.87999999997191,-50.12,-1.1105594568079173,-1.3291567600905858,0.5958037914463946
50.13,-50.13,119.9999999999722,149.9999999999722,69.86999999997221,-50.13,-1.11032745827692,-1.3293505690359912,0.5960876341820921
50.14,-50.14,119.99999999997247,149.9999999999725,69.85999999997247,-50.14,-1.1100954259234146,-1.3295443374870628,0.5963714587599213
50.15,-50.15,119.99999999997276,149.99999999997277,69.84999999997277,-50.15,-1.1098633597544671,-1.3297380654378987,0.5966552651712391
50.16,-50.16,119.99999999997304,149.99999999997306,69.83999999997305,-50.16,-1.1096312597771514,-1.3299317528825951,0.5969390534073948
50.17,-50.17,119.99999999997333,149.99999999997334,69.82999999997332,-50.17,-1.1093991259985319,-1.3301253998152556,0.5972228234597503
50.18,-50.18,119.99999999997361,149.99999999997362,69.81999999997362,-50.18,-1.1091669584256836,-1.3303190062299786,0.5975065753196571
50.19,-50.19,119.9999999999739,149.9999999999739,69.8099999999739,-50.19,-1.1089347570656791,-1.3305125721208662,0.5977903089784712
50.2,-50.2,119.99999999997416,149.99999999997416,69.79999999997416,-50.2,-1.108702521925589,-1.3307060974820242,0.5980740244275528
50.21,-50.21,119.99999999997445,149.99999999997445,69.78999999997444,-50.21,-1.1084702530124877,-1.3308995823075576,0.5983577216582586
50.22,-50.22,119.99999999997473,149.99999999997473,69.77999999997473,-50.22,-1.108237950333454,-1.3310930265915693,0.5986414006619436
50.23,-50.23,119.99999999997502,149.99999999997502,69.76999999997503,-50.23,-1.1080056138955607,-1.33128643032817,0.5989250614299702
50.24,-50.24,119.9999999999753,149.9999999999753,69.75999999997529,-50.24,-1.1077732437058851,-1.331479793511468,0.5992087039536974
50.25,-50.25,119.99999999997559,149.99999999997559,69.74999999997559,-50.25,-1.107540839771508,-1.331673116135571,0.5994923282244825
50.26,-50.26,119.99999999997586,149.99999999997584,69.73999999997585,-50.26,-1.1073084020995092,-1.3318663981945904,0.5997759342336856
50.27,-50.27,119.99999999997614,149.99999999997613,69.72999999997614,-50.27,-1.107075930696965,-1.3320596396826414,0.6000595219726715
50.28,-50.28,119.99999999997642,149.9999999999764,69.71999999997642,-50.28,-1.106843425570961,-1.3322528405938343,0.6003430914327977
50.29,-50.29,119.99999999997671,149.9999999999767,69.7099999999767,-50.29,-1.106610886728579,-1.332446000922284,0.6006266426054264
50.3,-50.3,119.99999999997699,149.99999999997698,69.699999999977,-50.3,-1.1063783141768997,-1.3326391206621098,0.6009101754819245
50.31,-50.31,119.99999999997726,149.99999999997726,69.68999999997726,-50.31,-1.1061457079230108,-1.3328321998074255,0.6011936900536502
50.32,-50.32,119.99999999997755,149.99999999997755,69.67999999997755,-50.32,-1.1059130679739981,-1.3330252383523495,0.6014771863119673
50.33,-50.33,119.99999999997783,149.99999999997783,69.66999999997783,-50.33,-1.1056803943369458,-1.333218236291004,0.601760664248243
50.34,-50.34,119.99999999997812,149.99999999997812,69.65999999997811,-50.34,-1.1054476870189416,-1.3334111936175095,0.6020441238538421
50.35,-50.35,119.9999999999784,149.9999999999784,69.6499999999784,-50.35,-1.1052149460270764,-1.3336041103259866,0.602327565120127
50.36,-50.36,119.99999999997868,149.99999999997868,69.63999999997868,-50.36,-1.1049821713684387,-1.3337969864105594,0.6026109880384654
50.37,-50.37,119.99999999997895,149.99999999997897,69.62999999997896,-50.37,-1.1047493630501193,-1.3339898218653528,0.6028943926002235
50.38,-50.38,119.99999999997924,149.99999999997925,69.61999999997923,-50.38,-1.10451652107921,-1.3341826166844921,0.6031777787967677
50.39,-50.39,119.99999999997952,149.99999999997954,69.60999999997952,-50.39,-1.1042836454628047,-1.3343753708621044,0.6034611466194649
50.4,-50.4,119.9999999999798,149.99999999997982,69.59999999997981,-50.4,-1.1040507362079934,-1.3345680843923202,0.6037444960596873
50.41,-50.41,119.99999999998009,149.9999999999801,69.5899999999801,-50.41,-1.103817793321875,-1.3347607572692666,0.6040278271087991
50.42,-50.42,119.99999999998036,149.99999999998036,69.57999999998036,-50.42,-1.1035848168115436,-1.3349533894870755,0.6043111397581719
50.43,-50.43,119.99999999998064,149.99999999998064,69.56999999998064,-50.43,-1.1033518066840966,-1.3351459810398785,0.6045944339991739
50.44,-50.44,119.99999999998093,149.99999999998093,69.55999999998093,-50.44,-1.1031187629466315,-1.3353385319218094,0.6048777098231769
50.45,-50.45,119.99999999998121,149.9999999999812,69.54999999998121,-50.45,-1.1028856856062474,-1.3355310421270024,0.6051609672215505
50.46,-50.46,119.9999999999815,149.9999999999815,69.53999999998149,-50.46,-1.1026525746700442,-1.3357235116495936,0.605444206185667
50.47,-50.47,119.99999999998178,149.99999999998178,69.52999999998178,-50.47,-1.102419430145123,-1.33591594048372,0.6057274267068987
50.48,-50.48,119.99999999998205,149.99999999998204,69.51999999998205,-50.48,-1.1021862520385854,-1.3361083286235198,0.6060106287766182
50.49,-50.49,119.99999999998234,149.99999999998232,69.50999999998234,-50.49,-1.1019530403575348,-1.3363006760631326,0.606293812386198
50.5,-50.5,119.99999999998262,149.9999999999826,69.49999999998262,-50.5,-1.101719795109075,-1.336492982796699,0.606576977527012
50.51,-50.51,119.9999999999829,149.9999999999829,69.4899999999829,-50.51,-1.1014865163003114,-1.336685248818361,0.6068601241904347
50.52,-50.52,119.99999999998319,149.99999999998317,69.47999999998319,-50.52,-1.1012532039383496,-1.336877474122262,0.6071432523678407
50.53,-50.53,119.99999999998346,149.99999999998346,69.46999999998346,-50.53,-1.101019858030297,-1.3370696587025466,0.6074263620506061
50.54,-50.54,119.99999999998374,149.99999999998374,69.45999999998375,-50.54,-1.1007864785832615,-1.3372618025533602,0.6077094532301061
50.55,-50.55,119.99999999998403,149.99999999998403,69.44999999998403,-50.55,-1.1005530656043527,-1.33745390566885,0.6079925258977178
50.56,-50.56,119.99999999998431,149.9999999999843,69.43999999998431,-50.56,-1.1003196191006803,-1.337645968043164,0.6082755800448183
50.57,-50.57,119.9999999999846,149.9999999999846,69.4299999999846,-50.57,-1.1000861390793557,-1.337837989670452,0.6085586156627847
50.58,-50.58,119.99999999998488,149.99999999998488,69.41999999998488,-50.58,-1.099852625547491,-1.3380299705448642,0.6088416327429956
50.59,-50.59,119.99999999998515,149.99999999998516,69.40999999998515,-50.59,-1.0996190785121995,-1.3382219106605528,0.6091246312768298
50.6,-50.6,119.99999999998543,149.99999999998545,69.39999999998543,-50.6,-1.0993854979805955,-1.3384138100116711,0.6094076112556669
50.61,-50.61,119.99999999998572,149.99999999998573,69.38999999998572,-50.61,-1.0991518839597942,-1.3386056685923733,0.6096905726708867
50.62,-50.62,119.999999999986,149.99999999998602,69.37999999998601,-50.62,-1.0989182364569117,-1.338797486396815,0.6099735155138698
50.63,-50.63,119.99999999998629,149.9999999999863,69.36999999998628,-50.63,-1.0986845554790658,-1.3389892634191534,0.6102564397759965
50.64,-50.64,119.99999999998656,149.99999999998656,69.35999999998656,-50.64,-1.0984508410333746,-1.3391809996535464,0.6105393454486496
50.65,-50.65,119.99999999998684,149.99999999998684,69.34999999998684,-50.65,-1.098217093126957,-1.3393726950941534,0.6108222325232104
50.66,-50.66,119.99999999998712,149.99999999998712,69.33999999998713,-50.66,-1.097983311766934,-1.339564349735135,0.6111051009910623
50.67,-50.67,119.99999999998741,149.9999999999874,69.32999999998741,-50.67,-1.097749496960427,-1.3397559635706533,0.6113879508435881
50.68,-50.68,119.9999999999877,149.9999999999877,69.31999999998769,-50.68,-1.0975156487145576,-1.339947536594871,0.6116707820721721
50.69,-50.69,119.99999999998798,149.99999999998798,69.30999999998798,-50.69,-1.09728176703645,-1.340139068801953,0.6119535946681987
50.7,-50.7,119.99999999998825,149.99999999998823,69.29999999998824,-50.7,-1.0970478519332285,-1.3403305601860642,0.6122363886230529
50.71,-50.71,119.99999999998853,149.99999999998852,69.28999999998854,-50.71,-1.0968139034120186,-1.340522010741372,0.6125191639281198
50.72,-50.72,119.99999999998882,149.9999999999888,69.27999999998882,-50.72,-1.0965799214799465,-1.3407134204620443,0.6128019205747861
50.73,-50.73,119.9999999999891,149.9999999999891,69.2699999999891,-50.73,-1.0963459061441398,-1.3409047893422503,0.6130846585544386
50.74,-50.74,119.99999999998938,149.99999999998937,69.25999999998939,-50.74,-1.096111857411727,-1.3410961173761609,0.6133673778584646
50.75,-50.75,119.99999999998965,149.99999999998965,69.24999999998965,-50.75,-1.0958777752898379,-1.3412874045579475,0.6136500784782518
50.76,-50.76,119.99999999998994,149.99999999998994,69.23999999998995,-50.76,-1.095643659785603,-1.3414786508817835,0.6139327604051885
50.77,-50.77,119.99999999999022,149.99999999999022,69.22999999999021,-50.77,-1.0954095109061535,-1.341669856341843,0.6142154236306638
50.78,-50.78,119.99999999999051,149.9999999999905,69.2199999999905,-50.78,-1.095175328658622,-1.3418610209323014,0.6144980681460676
50.79,-50.79,119.99999999999079,149.9999999999908,69.2099999999908,-50.79,-1.0949411130501427,-1.3420521446473361,0.6147806939427898
50.8,-50.8,119.99999999999108,149.99999999999108,69.19999999999108,-50.8,-1.0947068640878495,-1.3422432274811247,0.6150633010122213
50.81,-50.81,119.99999999999135,149.99999999999136,69.18999999999134,-50.81,-1.0944725817788785,-1.3424342694278464,0.6153458893457534
50.82,-50.82,119.99999999999163,149.99999999999164,69.17999999999162,-50.82,-1.0942382661303662,-1.342625270481682,0.6156284589347775
50.83,-50.83,119.99999999999191,149.99999999999193,69.16999999999192,-50.83,-1.0940039171494502,-1.342816230636813,0.6159110097706864
50.84,-50.84,119.9999999999922,149.9999999999922,69.1599999999922,-50.84,-1.0937695348432694,-1.3430071498874225,0.6161935418448731
50.85,-50.85,119.99999999999248,149.9999999999925,69.14999999999247,-50.85,-1.0935351192189633,-1.343198028227695,0.6164760551487312
50.86,-50.86,119.99999999999277,149.99999999999278,69.13999999999277,-50.86,-1.0933006702836712,-1.3433888656518167,0.6167585496736567
50.87,-50.87,119.99999999999304,149.99999999999304,69.12999999999303,-50.87,-1.0930661880445387,-1.3435796621539717,0.6170410254110393
50.88,-50.88,119.99999999999332,149.99999999999332,69.11999999999333,-50.88,-1.092831672508705,-1.3437704177283505,0.6173234823522787
50.89,-50.89,119.9999999999936,149.9999999999936,69.1099999999936,-50.89,-1.0925971236833152,-1.3439611323691418,0.6176059204887694
50.9,-50.9,119.99999999999389,149.9999999999939,69.09999999999388,-50.9,-1.0923625415755134,-1.3441518060705362,0.6178883398119082
50.91,-50.91,119.99999999999417,149.99999999999417,69.08999999999418,-50.91,-1.092127926192446,-1.344342438826725,0.618170740313092
50.92,-50.92,119.99999999999444,149.99999999999443,69.07999999999444,-50.92,-1.0918932775412584,-1.3445330306319025,0.6184531219837197
50.93,-50.93,119.99999999999473,149.9999999999947,69.06999999999474,-50.93,-1.0916585956291018,-1.3447235814802598,0.6187354848151853
50.94,-50.94,119.99999999999501,149.999999999995,69.05999999999501,-50.94,-1.091423880463122,-1.3449140913659954,0.6190178287988912
50.95,-50.95,119.9999999999953,149.99999999999528,69.0499999999953,-50.95,-1.0911891320504692,-1.345104560283305,0.6193001539262357
50.96,-50.96,119.99999999999558,149.99999999999557,69.03999999999559,-50.96,-1.090954350398294,-1.3452949882263876,0.6195824601886203
50.97,-50.97,119.99999999999586,149.99999999999585,69.02999999999587,-50.97,-1.090719535513751,-1.3454853751894398,0.6198647475774413
50.98,-50.98,119.99999999999613,149.99999999999613,69.01999999999614,-50.98,-1.0904846874039897,-1.3456757211666643,0.6201470160841034
50.99,-50.99,119.99999999999642,149.99999999999642,69.00999999999641,-50.99,-1.0902498060761645,-1.3458660261522637,0.6204292657000088
51.0,-51.0,119.9999999999967,149.9999999999967,68.9999999999967,-51.0,-1.0900148915374333,-1.3460562901404374,0.6207114964165552
51.01,-51.01,119.99999999999673,149.99999999999673,68.98999999999674,-51.01,-1.0897799437949485,-1.346246513125393,0.6209937082251524
51.02,-51.02,119.99999999999676,149.99999999999676,68.97999999999675,-51.02,-1.089544962855867,-1.3464366951013356,0.6212759011172012
51.03,-51.03,119.99999999999679,149.9999999999968,68.96999999999679,-51.03,-1.0893099487273508,-1.346626836062469,0.6215580750841001
51.04,-51.04,119.99999999999683,149.99999999999682,68.95999999999682,-51.04,-1.0890749014165548,-1.3468169360030045,0.6218402301172595
51.05,-51.05,119.99999999999686,149.99999999999687,68.94999999999686,-51.05,-1.0888398209306391,-1.347006994917151,0.6221223662080837
51.06,-51.06,119.99999999999689,149.99999999999687,68.93999999999689,-51.06,-1.0886047072767668,-1.347197012799117,0.6224044833479756
51.07,-51.07,119.99999999999692,149.99999999999693,68.92999999999691,-51.07,-1.0883695604621002,-1.3473869896431145,0.6226865815283411
51.08,-51.08,119.99999999999694,149.99999999999693,68.91999999999695,-51.08,-1.0881343804937997,-1.3475769254433583,0.6229686607405904
51.09,-51.09,119.99999999999697,149.999999999997,68.90999999999697,-51.09,-1.0878991673790295,-1.3477668201940625,0.6232507209761302
51.1,-51.1,119.999999999997,149.999999999997,68.899999999997,-51.1,-1.087663921124958,-1.3479566738894397,0.623532762226365
51.11,-51.11,119.99999999999703,149.99999999999704,68.88999999999703,-51.11,-1.0874286417387462,-1.3481464865237105,0.6238147844827078
51.12,-51.12,119.99999999999707,149.99999999999707,68.87999999999707,-51.12,-1.0871933292275653,-1.34833625809109,0.6240967877365647
51.13,-51.13,119.9999999999971,149.9999999999971,68.8699999999971,-51.13,-1.0869579835985816,-1.3485259885857985,0.6243787719793464
51.14,-51.14,119.99999999999713,149.99999999999713,68.85999999999713,-51.14,-1.0867226048589658,-1.3487156780020555,0.6246607372024615
51.15,-51.15,119.99999999999716,149.99999999999716,68.84999999999715,-51.15,-1.0864871930158837,-1.3489053263340856,0.6249426833973255
51.16,-51.16,119.99999999999719,149.9999999999972,68.83999999999719,-51.16,-1.0862517480765106,-1.3490949335761084,0.6252246105553452
51.17,-51.17,119.99999999999721,149.99999999999721,68.82999999999721,-51.17,-1.0860162700480172,-1.3492844997223499,0.6255065186679344
51.18,-51.18,119.99999999999724,149.99999999999724,68.81999999999724,-51.18,-1.0857807589375763,-1.3494740247670352,0.6257884077265051
51.19,-51.19,119.99999999999727,149.99999999999727,68.80999999999727,-51.19,-1.085545214752362,-1.349663508704391,0.6260702777224709
51.2,-51.2,119.99999999999731,149.99999999999733,68.79999999999731,-51.2,-1.085309637499551,-1.3498529515286444,0.626352128647244
51.21,-51.21,119.99999999999734,149.99999999999733,68.78999999999735,-51.21,-1.0850740271863157,-1.3500423532340275,0.6266339604922436
51.22,-51.22,119.99999999999737,149.99999999999739,68.77999999999737,-51.22,-1.0848383838198365,-1.3502317138147677,0.6269157732488791
51.23,-51.23,119.9999999999974,149.99999999999739,68.7699999999974,-51.23,-1.0846027074072901,-1.3504210332650983,0.6271975669085692
51.24,-51.24,119.99999999999743,149.99999999999744,68.75999999999743,-51.24,-1.0843669979558563,-1.3506103115792516,0.6274793414627277
51.25,-51.25,119.99999999999746,149.99999999999744,68.74999999999746,-51.25,-1.084131255472715,-1.3507995487514626,0.6277610969027736
51.26,-51.26,119.99999999999748,149.9999999999975,68.73999999999748,-51.26,-1.0838954799650469,-1.3509887447759659,0.6280428332201218
51.27,-51.27,119.99999999999753,149.99999999999753,68.72999999999752,-51.27,-1.0836596714400346,-1.351177899646999,0.6283245504061916
51.28,-51.28,119.99999999999756,149.99999999999756,68.71999999999755,-51.28,-1.083423829904861,-1.3513670133587998,0.6286062484524017
51.29,-51.29,119.99999999999758,149.99999999999758,68.70999999999759,-51.29,-1.0831879553667105,-1.3515560859056073,0.6288879273501701
51.3,-51.3,119.99999999999761,149.9999999999976,68.69999999999762,-51.3,-1.0829520478327679,-1.351745117281662,0.6291695870909169
51.31,-51.31,119.99999999999764,149.99999999999764,68.68999999999764,-51.31,-1.0827161073102196,-1.351934107481206,0.629451227666062
51.32,-51.32,119.99999999999767,149.99999999999767,68.67999999999768,-51.32,-1.0824801338062526,-1.3521230564984819,0.6297328490670263
51.33,-51.33,119.9999999999977,149.9999999999977,68.6699999999977,-51.33,-1.0822441273280552,-1.3523119643277344,0.6300144512852311
51.34,-51.34,119.99999999999773,149.99999999999773,68.65999999999772,-51.34,-1.0820080878828167,-1.352500830963209,0.6302960343120985
51.35,-51.35,119.99999999999777,149.99999999999778,68.64999999999776,-51.35,-1.0817720154777268,-1.3526896563991522,0.6305775981390502
51.36,-51.36,119.9999999999978,149.99999999999778,68.6399999999978,-51.36,-1.0815359101199773,-1.3528784406298122,0.6308591427575104
51.37,-51.37,119.99999999999783,149.99999999999784,68.62999999999784,-51.37,-1.0812997718167598,-1.3530671836494383,0.6311406681589019
51.38,-51.38,119.99999999999785,149.99999999999784,68.61999999999784,-51.38,-1.0810636005752676,-1.3532558854522811,0.6314221743346494
51.39,-51.39,119.99999999999788,149.9999999999979,68.60999999999788,-51.39,-1.0808273964026953,-1.3534445460325926,0.6317036612761776
51.4,-51.4,119.99999999999791,149.9999999999979,68.59999999999792,-51.4,-1.0805911593062378,-1.3536331653846254,0.6319851289749123
51.41,-51.41,119.99999999999794,149.99999999999795,68.58999999999794,-51.41,-1.0803548892930912,-1.353821743502634,0.6322665774222782
51.42,-51.42,119.99999999999797,149.99999999999795,68.57999999999797,-51.42,-1.0801185863704528,-1.3540102803808747,0.632548006609704
51.43,-51.43,119.99999999999801,149.999999999998,68.569999999998,-51.43,-1.0798822505455208,-1.3541987760136032,0.6328294165286146
51.44,-51.44,119.99999999999804,149.99999999999804,68.55999999999804,-51.44,-1.0796458818254944,-1.3543872303950781,0.6331108071704393
51.45,-51.45,119.99999999999807,149.99999999999807,68.54999999999806,-51.45,-1.0794094802175738,-1.3545756435195586,0.6333921785266058
51.46,-51.46,119.9999999999981,149.9999999999981,68.53999999999809,-51.46,-1.0791730457289603,-1.3547640153813059,0.6336735305885436
51.47,-51.47,119.99999999999812,149.99999999999812,68.52999999999813,-51.47,-1.0789365783668559,-1.3549523459745811,0.6339548633476817
51.48,-51.48,119.99999999999815,149.99999999999815,68.51999999999816,-51.48,-1.078700078138464,-1.355140635293648,0.6342361767954504
51.49,-51.49,119.99999999999818,149.99999999999818,68.50999999999817,-51.49,-1.0784635450509887,-1.3553288833327701,0.6345174709232804
51.5,-51.5,119.99999999999821,149.9999999999982,68.49999999999821,-51.5,-1.0782269791116352,-1.355517090086214,0.6347987457226028
51.51,-51.51,119.99999999999825,149.99999999999824,68.48999999999825,-51.51,-1.0779903803276099,-1.355705255548246,0.6350800011848496
51.52,-51.52,119.99999999999828,149.9999999999983,68.47999999999828,-51.52,-1.0777537487061197,-1.3558933797131343,0.6353612373014531
51.53,-51.53,119.99999999999831,149.9999999999983,68.46999999999831,-51.53,-1.0775170842543729,-1.3560814625751485,0.6356424540638473
51.54,-51.54,119.99999999999834,149.99999999999835,68.45999999999833,-51.54,-1.077280386979579,-1.3562695041285593,0.6359236514634645
51.55,-51.55,119.99999999999837,149.99999999999835,68.44999999999837,-51.55,-1.0770436568889479,-1.3564575043676386,0.6362048294917404
51.56,-51.56,119.9999999999984,149.9999999999984,68.43999999999839,-51.56,-1.0768068939896909,-1.3566454632866591,0.6364859881401079
51.57,-51.57,119.99999999999842,149.9999999999984,68.42999999999842,-51.57,-1.0765700982890203,-1.356833380879896,0.6367671274000045
51.58,-51.58,119.99999999999847,149.99999999999847,68.41999999999847,-51.58,-1.0763332697941492,-1.3570212571416245,0.6370482472628642
51.59,-51.59,119.9999999999985,149.9999999999985,68.40999999999849,-51.59,-1.0760964085122917,-1.3572090920661217,0.6373293477201251
51.6,-51.6,119.99999999999852,149.99999999999852,68.39999999999853,-51.6,-1.0758595144506633,-1.357396885647666,0.6376104287632238
51.61,-51.61,119.99999999999855,149.99999999999855,68.38999999999855,-51.61,-1.0756225876164798,-1.3575846378805365,0.6378914903835986
51.62,-51.62,119.99999999999858,149.99999999999858,68.37999999999857,-51.62,-1.075385628016959,-1.3577723487590143,0.6381725325726872
51.63,-51.63,119.99999999999861,149.9999999999986,68.36999999999861,-51.63,-1.0751486356593185,-1.3579600182773812,0.6384535553219288
51.64,-51.64,119.99999999999864,149.99999999999864,68.35999999999864,-51.64,-1.0749116105507779,-1.3581476464299207,0.6387345586227633
51.65,-51.65,119.99999999999866,149.99999999999866,68.34999999999866,-51.65,-1.074674552698557,-1.3583352332109166,0.6390155424666301
51.66,-51.66,119.9999999999987,149.9999999999987,68.33999999999871,-51.66,-1.0744374621098776,-1.3585227786146556,0.6392965068449706
51.67,-51.67,119.99999999999874,149.99999999999875,68.32999999999873,-51.67,-1.07420033879196,-1.3587102826354254,0.6395774517492269
51.68,-51.68,119.99999999999876,149.99999999999875,68.31999999999877,-51.68,-1.0739631827520317,-1.358897745267511,0.6398583771708375
51.69,-51.69,119.99999999999879,149.9999999999988,68.3099999999988,-51.69,-1.073725993997313,-1.3590851665052055,0.6401392831012483
51.7,-51.7,119.99999999999882,149.9999999999988,68.29999999999882,-51.7,-1.0734887725350297,-1.3592725463427984,0.6404201695319023
51.71,-51.71,119.99999999999885,149.99999999999886,68.28999999999886,-51.71,-1.0732515183724087,-1.3594598847745816,0.6407010364542418
51.72,-51.72,119.99999999999888,149.99999999999886,68.27999999999888,-51.72,-1.073014231516677,-1.3596471817948488,0.6409818838597122
51.73,-51.73,119.9999999999989,149.99999999999892,68.2699999999989,-51.73,-1.0727769119750628,-1.3598344373978943,0.641262711739757
51.74,-51.74,119.99999999999895,149.99999999999895,68.25999999999894,-51.74,-1.0725395597547938,-1.3600216515780155,0.6415435200858249
51.75,-51.75,119.99999999999898,149.99999999999898,68.24999999999898,-51.75,-1.072302174863104,-1.360208824329506,0.6418243088893564
51.76,-51.76,119.999999999999,149.999999999999,68.23999999999901,-51.76,-1.0720647573072208,-1.3603959556466672,0.6421050781418028
51.77,-51.77,119.99999999999903,149.99999999999903,68.22999999999902,-51.77,-1.0718273070943767,-1.360583045523799,0.6423858278346117
51.78,-51.78,119.99999999999906,149.99999999999906,68.21999999999906,-51.78,-1.071589824231808,-1.3607700939551994,0.6426665579592266
51.79,-51.79,119.99999999999909,149.9999999999991,68.2099999999991,-51.79,-1.0713523087267456,-1.3609571009351733,0.6429472685070999
51.8,-51.8,119.99999999999912,149.99999999999912,68.19999999999912,-51.8,-1.0711147605864244,-1.3611440664580243,0.643227959469681
51.81,-51.81,119.99999999999916,149.99999999999915,68.18999999999916,-51.81,-1.0708771798180843,-1.361330990518054,0.643508630838415
51.82,-51.82,119.99999999999919,149.9999999999992,68.17999999999918,-51.82,-1.0706395664289587,-1.3615178731095714,0.6437892826047561
51.83,-51.83,119.99999999999922,149.9999999999992,68.16999999999922,-51.83,-1.0704019204262871,-1.3617047142268828,0.6440699147601551
51.84,-51.84,119.99999999999925,149.99999999999926,68.15999999999924,-51.84,-1.070164241817307,-1.3618915138642975,0.6443505272960636
51.85,-51.85,119.99999999999928,149.99999999999926,68.14999999999927,-51.85,-1.0699265306092625,-1.3620782720161226,0.6446311202039301
51.86,-51.86,119.9999999999993,149.99999999999932,68.1399999999993,-51.86,-1.0696887868093898,-1.362264988676673,0.6449116934752123
51.87,-51.87,119.99999999999933,149.99999999999932,68.12999999999934,-51.87,-1.0694510104249346,-1.3624516638402575,0.6451922471013597
51.88,-51.88,119.99999999999936,149.99999999999937,68.11999999999935,-51.88,-1.06921320146314,-1.3626382975011906,0.6454727810738258
51.89,-51.89,119.9999999999994,149.9999999999994,68.1099999999994,-51.89,-1.0689753599312475,-1.3628248896537882,0.6457532953840682
51.9,-51.9,119.99999999999943,149.99999999999943,68.09999999999943,-51.9,-1.0687374858365022,-1.3630114402923668,0.6460337900235419
51.91,-51.91,119.99999999999946,149.99999999999946,68.08999999999946,-51.91,-1.0684995791861538,-1.3631979494112407,0.6463142649836977
51.92,-51.92,119.99999999999949,149.9999999999995,68.07999999999949,-51.92,-1.0682616399874447,-1.3633844170047327,0.6465947202559984
51.93,-51.93,119.99999999999952,149.99999999999952,68.06999999999951,-51.93,-1.0680236682476265,-1.3635708430671594,0.6468751558318964
51.94,-51.94,119.99999999999955,149.99999999999955,68.05999999999955,-51.94,-1.0677856639739471,-1.363757227592843,0.6471555717028502
51.95,-51.95,119.99999999999957,149.99999999999957,68.04999999999957,-51.95,-1.0675476271736573,-1.3639435705761047,0.6474359678603164
51.96,-51.96,119.9999999999996,149.9999999999996,68.0399999999996,-51.96,-1.0673095578540048,-1.3641298720112716,0.6477163442957585
51.97,-51.97,119.99999999999964,149.99999999999966,68.02999999999965,-51.97,-1.0670714560222456,-1.3643161318926653,0.6479967010006304
51.98,-51.98,119.99999999999967,149.99999999999966,68.01999999999967,-51.98,-1.0668333216856318,-1.3645023502146123,0.6482770379663936
51.99,-51.99,119.9999999999997,149.99999999999972,68.0099999999997,-51.99,-1.0665951548514148,-1.3646885269714426,0.6485573551845105
52.0,-52.0,119.99999999999973,149.99999999999972,67.99999999999973,-52.0,-1.0663569555268524,-1.3648746621574825,0.6488376526464404
52.01,-52.01,119.99999999999973,149.99999999999972,67.98999999999972,-52.01,-1.066118723719201,-1.3650607557670618,0.6491179303436437
52.02,-52.02,119.99999999999973,149.99999999999972,67.97999999999973,-52.02,-1.0658804594357136,-1.3652468077945143,0.6493981882675868
52.03,-52.03,119.99999999999974,149.99999999999974,67.96999999999974,-52.03,-1.065642162683652,-1.3654328182341702,0.6496784264097282
52.04,-52.04,119.99999999999974,149.99999999999974,67.95999999999975,-52.04,-1.0654038334702742,-1.3656187870803638,0.6499586447615334
52.05,-52.05,119.99999999999974,149.99999999999974,67.94999999999975,-52.05,-1.0651654718028394,-1.3658047143274306,0.6502388433144665
52.06,-52.06,119.99999999999974,149.99999999999974,67.93999999999974,-52.06,-1.064927077688609,-1.3659905999697066,0.6505190220599913
52.07,-52.07,119.99999999999974,149.99999999999974,67.92999999999975,-52.07,-1.064688651134845,-1.3661764440015294,0.6507991809895738
52.08,-52.08,119.99999999999974,149.99999999999974,67.91999999999975,-52.08,-1.0644501921488112,-1.3663622464172371,0.6510793200946781
52.09,-52.09,119.99999999999976,149.99999999999977,67.90999999999976,-52.09,-1.064211700737768,-1.3665480072111726,0.6513594393667745
52.1,-52.1,119.99999999999976,149.99999999999977,67.89999999999975,-52.1,-1.0639731769089837,-1.3667337263776744,0.651639538797327
52.11,-52.11,119.99999999999976,149.99999999999977,67.88999999999976,-52.11,-1.0637346206697234,-1.3669194039110864,0.651919618377804
52.12,-52.12,119.99999999999976,149.99999999999977,67.87999999999977,-52.12,-1.0634960320272533,-1.367105039805752,0.6521996780996737
52.13,-52.13,119.99999999999976,149.99999999999977,67.86999999999975,-52.13,-1.0632574109888417,-1.3672906340560171,0.6524797179544055
52.14,-52.14,119.99999999999976,149.99999999999977,67.85999999999976,-52.14,-1.0630187575617571,-1.3674761866562275,0.6527597379334682
52.15,-52.15,119.99999999999977,149.99999999999977,67.84999999999977,-52.15,-1.0627800717532698,-1.3676616976007314,0.6530397380283324
52.16,-52.16,119.99999999999977,149.99999999999977,67.83999999999978,-52.16,-1.06254135357065,-1.3678471668838776,0.6533197182304683
52.17,-52.17,119.99999999999977,149.99999999999977,67.82999999999977,-52.17,-1.06230260302117,-1.3680325945000165,0.6535996785313479
52.18,-52.18,119.99999999999977,149.99999999999977,67.81999999999977,-52.18,-1.062063820112102,-1.3682179804434995,0.6538796189224427
52.19,-52.19,119.99999999999977,149.99999999999977,67.80999999999977,-52.19,-1.06182500485072,-1.3684033247086795,0.6541595393952254
52.2,-52.2,119.99999999999977,149.99999999999977,67.79999999999977,-52.2,-1.061586157244299,-1.3685886272899108,0.654439439941169
52.21,-52.21,119.99999999999979,149.99999999999977,67.7899999999998,-52.21,-1.0613472773001145,-1.3687738881815483,0.654719320551747
52.22,-52.22,119.99999999999979,149.99999999999977,67.77999999999979,-52.22,-1.061108365025443,-1.368959107377949,0.6549991812184344
52.23,-52.23,119.99999999999979,149.99999999999977,67.76999999999978,-52.23,-1.0608694204275624,-1.3691442848734707,0.6552790219327058
52.24,-52.24,119.99999999999979,149.99999999999977,67.75999999999979,-52.24,-1.0606304435137512,-1.3693294206624727,0.6555588426860365
52.25,-52.25,119.99999999999979,149.99999999999977,67.74999999999979,-52.25,-1.0603914342912895,-1.369514514739315,0.6558386434699031
52.26,-52.26,119.99999999999979,149.99999999999977,67.73999999999978,-52.26,-1.0601523927674574,-1.3696995670983598,0.6561184242757819
52.27,-52.27,119.9999999999998,149.9999999999998,67.72999999999979,-52.27,-1.0599133189495367,-1.36988457773397,0.656398185095151
52.28,-52.28,119.9999999999998,149.9999999999998,67.7199999999998,-52.28,-1.05967421284481,-1.3700695466405097,0.6566779259194878
52.29,-52.29,119.9999999999998,149.9999999999998,67.70999999999981,-52.29,-1.0594350744605612,-1.3702544738123446,0.6569576467402714
52.3,-52.3,119.9999999999998,149.9999999999998,67.6999999999998,-52.3,-1.0591959038040744,-1.3704393592438413,0.6572373475489806
52.31,-52.31,119.9999999999998,149.9999999999998,67.6899999999998,-52.31,-1.058956700882635,-1.3706242029293676,0.6575170283370949
52.32,-52.32,119.9999999999998,149.9999999999998,67.67999999999981,-52.32,-1.0587174657035303,-1.3708090048632937,0.6577966890960959
52.33,-52.33,119.99999999999982,149.99999999999983,67.66999999999982,-52.33,-1.0584781982740477,-1.3709937650399893,0.6580763298174631
52.34,-52.34,119.99999999999982,149.99999999999983,67.65999999999981,-52.34,-1.058238898601475,-1.371178483453827,0.6583559504926796
52.35,-52.35,119.99999999999982,149.99999999999983,67.6499999999998,-52.35,-1.0579995666931021,-1.3713631600991794,0.6586355511132269
52.36,-52.36,119.99999999999982,149.99999999999983,67.63999999999982,-52.36,-1.0577602025562196,-1.3715477949704213,0.6589151316705882
52.37,-52.37,119.99999999999982,149.99999999999983,67.62999999999982,-52.37,-1.0575208061981187,-1.371732388061928,0.6591946921562466
52.38,-52.38,119.99999999999982,149.99999999999983,67.6199999999998,-52.38,-1.057281377626092,-1.3719169393680772,0.6594742325616867
52.39,-52.39,119.99999999999983,149.99999999999983,67.60999999999983,-52.39,-1.057041916847433,-1.3721014488832466,0.6597537528783928
52.4,-52.4,119.99999999999983,149.99999999999983,67.59999999999982,-52.4,-1.0568024238694358,-1.3722859166018155,0.6600332530978504
52.41,-52.41,119.99999999999983,149.99999999999983,67.58999999999983,-52.41,-1.056562898699396,-1.3724703425181652,0.660312733211545
52.42,-52.42,119.99999999999983,149.99999999999983,67.57999999999983,-52.42,-1.0563233413446098,-1.3726547266266775,0.6605921932109641
52.43,-52.43,119.99999999999983,149.99999999999983,67.56999999999982,-52.43,-1.0560837518123747,-1.3728390689217358,0.6608716330875941
52.44,-52.44,119.99999999999983,149.99999999999983,67.55999999999983,-52.44,-1.0558441301099888,-1.3730233693977247,0.661151052832923
52.45,-52.45,119.99999999999984,149.99999999999983,67.54999999999984,-52.45,-1.0556044762447516,-1.3732076280490302,0.6614304524384391
52.46,-52.46,119.99999999999984,149.99999999999983,67.53999999999985,-52.46,-1.0553647902239633,-1.373391844870039,0.6617098318956313
52.47,-52.47,119.99999999999984,149.99999999999983,67.52999999999984,-52.47,-1.055125072054925,-1.3735760198551403,0.66198919119599
52.48,-52.48,119.99999999999984,149.99999999999983,67.51999999999984,-52.48,-1.0548853217449392,-1.3737601529987233,0.6622685303310043
52.49,-52.49,119.99999999999984,149.99999999999983,67.50999999999985,-52.49,-1.0546455393013092,-1.373944244295179,0.6625478492921656
52.5,-52.5,119.99999999999986,149.99999999999986,67.49999999999986,-52.5,-1.0544057247313388,-1.3741282937388997,0.662827148070965
52.51,-52.51,119.99999999999986,149.99999999999986,67.48999999999987,-52.51,-1.0541658780423333,-1.374312301324279,0.6631064266588954
52.52,-52.52,119.99999999999986,149.99999999999986,67.47999999999985,-52.52,-1.053925999241599,-1.374496267045712,0.6633856850474489
52.53,-52.53,119.99999999999986,149.99999999999986,67.46999999999986,-52.53,-1.0536860883364427,-1.3746801908975943,0.663664923228119
52.54,-52.54,119.99999999999986,149.99999999999986,67.45999999999987,-52.54,-1.053446145334173,-1.374864072874323,0.663944141192399
52.55,-52.55,119.99999999999986,149.99999999999986,67.44999999999986,-52.55,-1.0532061702420974,-1.3750479129702986,0.664223338931786
52.56,-52.56,119.99999999999987,149.9999999999999,67.43999999999987,-52.56,-1.0529661630675298,-1.3752317111799175,0.6645025164377694
52.57,-52.57,119.99999999999987,149.9999999999999,67.42999999999986,-52.57,-1.0527261238177774,-1.375415467497584,0.6647816737018507
52.58,-52.58,119.99999999999987,149.9999999999999,67.41999999999987,-52.58,-1.0524860525001534,-1.3755991819176996,0.6650608107155245
52.59,-52.59,119.99999999999987,149.9999999999999,67.40999999999987,-52.59,-1.0522459491219711,-1.3757828544346677,0.665339927470287
52.6,-52.6,119.99999999999987,149.9999999999999,67.39999999999986,-52.6,-1.0520058136905441,-1.3759664850428937,0.6656190239576365
52.61,-52.61,119.99999999999987,149.9999999999999,67.38999999999987,-52.61,-1.0517656462131864,-1.3761500737367844,0.6658981001690725
52.62,-52.62,119.99999999999989,149.9999999999999,67.37999999999988,-52.62,-1.0515254466972164,-1.3763336205107464,0.666177156096091
52.63,-52.63,119.99999999999989,149.9999999999999,67.36999999999989,-52.63,-1.0512852151499508,-1.3765171253591875,0.6664561917301917
52.64,-52.64,119.99999999999989,149.9999999999999,67.35999999999989,-52.64,-1.051044951578705,-1.3767005882765204,0.6667352070628771
52.65,-52.65,119.99999999999989,149.9999999999999,67.34999999999988,-52.65,-1.0508046559907982,-1.3768840092571561,0.6670142020856481
52.66,-52.66,119.99999999999989,149.9999999999999,67.33999999999989,-52.66,-1.050564328393553,-1.3770673882955047,0.6672931767900021
52.67,-52.67,119.99999999999989,149.9999999999999,67.32999999999988,-52.67,-1.0503239687942867,-1.3772507253859838,0.6675721311674462
52.68,-52.68,119.9999999999999,149.9999999999999,67.31999999999991,-52.68,-1.0500835772003234,-1.3774340205230058,0.667851065209479
52.69,-52.69,119.9999999999999,149.9999999999999,67.3099999999999,-52.69,-1.0498431536189867,-1.377617273700987,0.6681299789076033
52.7,-52.7,119.9999999999999,149.9999999999999,67.2999999999999,-52.7,-1.0496026980575974,-1.3778004849143477,0.6684088722533263
52.71,-52.71,119.9999999999999,149.9999999999999,67.2899999999999,-52.71,-1.0493622105234806,-1.3779836541575063,0.6686877452381523
52.72,-52.72,119.9999999999999,149.9999999999999,67.2799999999999,-52.72,-1.049121691023964,-1.3781667814248817,0.6689665978535831
52.73,-52.73,119.9999999999999,149.9999999999999,67.2699999999999,-52.73,-1.0488811395663746,-1.3783498667108953,0.6692454300911249
52.74,-52.74,119.99999999999991,149.99999999999991,67.2599999999999,-52.74,-1.0486405561580363,-1.3785329100099728,0.6695242419422873
52.75,-52.75,119.99999999999991,149.99999999999991,67.24999999999991,-52.75,-1.0483999408062812,-1.378715911316536,0.6698030333985745
52.76,-52.76,119.99999999999991,149.99999999999991,67.23999999999992,-52.76,-1.0481592935184385,-1.3788988706250098,0.6700818044514929
52.77,-52.77,119.99999999999991,149.99999999999991,67.2299999999999,-52.77,-1.047918614301836,-1.3790817879298238,0.6703605550925549
52.78,-52.78,119.99999999999991,149.99999999999991,67.21999999999991,-52.78,-1.0476779031638082,-1.3792646632254035,0.6706392853132653
52.79,-52.79,119.99999999999991,149.99999999999991,67.20999999999992,-52.79,-1.0474371601116876,-1.3794474965061783,0.6709179951051337
52.8,-52.8,119.99999999999993,149.99999999999994,67.19999999999993,-52.8,-1.0471963851528043,-1.3796302877665811,0.6711966844596735
52.81,-52.81,119.99999999999993,149.99999999999994,67.18999999999993,-52.81,-1.0469555782944961,-1.379813037001041,0.671475353368392
52.82,-52.82,119.99999999999993,149.99999999999994,67.17999999999992,-52.82,-1.0467147395440974,-1.3799957442039927,0.6717540018228021
52.83,-52.83,119.99999999999993,149.99999999999994,67.16999999999993,-52.83,-1.0464738689089457,-1.3801784093698692,0.6720326298144134
52.84,-52.84,119.99999999999993,149.99999999999994,67.15999999999993,-52.84,-1.0462329663963745,-1.380361032493109,0.6723112373347432
52.85,-52.85,119.99999999999993,149.99999999999994,67.14999999999992,-52.85,-1.0459920320137261,-1.3805436135681464,0.6725898243752999
52.86,-52.86,119.99999999999994,149.99999999999994,67.13999999999994,-52.86,-1.0457510657683384,-1.3807261525894208,0.6728683909275994
52.87,-52.87,119.99999999999994,149.99999999999994,67.12999999999994,-52.87,-1.0455100676675515,-1.3809086495513712,0.6731469369831553
52.88,-52.88,119.99999999999994,149.99999999999994,67.11999999999995,-52.88,-1.0452690377187068,-1.3810911044484389,0.6734254625334832
52.89,-52.89,119.99999999999994,149.99999999999994,67.10999999999994,-52.89,-1.0450279759291476,-1.3812735172750648,0.673703967570097
52.9,-52.9,119.99999999999994,149.99999999999994,67.09999999999994,-52.9,-1.0447868823062136,-1.381455888025695,0.673982452084517
52.91,-52.91,119.99999999999994,149.99999999999994,67.08999999999995,-52.91,-1.0445457568572525,-1.3816382166947718,0.6742609160682561
52.92,-52.92,119.99999999999996,149.99999999999994,67.07999999999996,-52.92,-1.044304599589608,-1.3818205032767419,0.6745393595128335
52.93,-52.93,119.99999999999996,149.99999999999994,67.06999999999996,-52.93,-1.0440634105106266,-1.3820027477660524,0.674817782409767
52.94,-52.94,119.99999999999996,149.99999999999994,67.05999999999996,-52.94,-1.0438221896276547,-1.3821849501571517,0.6750961847505752
52.95,-52.95,119.99999999999996,149.99999999999994,67.04999999999995,-52.95,-1.0435809369480409,-1.3823671104444901,0.6753745665267777
52.96,-52.96,119.99999999999996,149.99999999999994,67.03999999999996,-52.96,-1.0433396524791338,-1.382549228622518,0.6756529277298945
52.97,-52.97,119.99999999999996,149.99999999999994,67.02999999999996,-52.97,-1.0430983362282837,-1.3827313046856884,0.675931268351446
52.98,-52.98,119.99999999999997,149.99999999999997,67.01999999999998,-52.98,-1.0428569882028411,-1.3829133386284547,0.6762095883829538
52.99,-52.99,119.99999999999997,149.99999999999997,67.00999999999996,-52.99,-1.042615608410158,-1.3830953304452718,0.6764878878159398
53.0,-53.0,119.99999999999997,149.99999999999997,66.99999999999997,-53.0,-1.0423741968575877,-1.3832772801305957,0.6767661666419262
53.01,-53.01,119.99999999999997,149.99999999999997,66.98999999999998,-53.01,-1.0421327535524834,-1.3834591876788844,0.6770444248524364
53.02,-53.02,119.99999999999997,149.99999999999997,66.97999999999996,-53.02,-1.0418912785022003,-1.3836410530845962,0.6773226624389939
53.03,-53.03,119.99999999999997,149.99999999999997,66.96999999999997,-53.03,-1.0416497717140938,-1.3838228763421914,0.6776008793931235
53.04,-53.04,119.99999999999997,149.99999999999997,66.95999999999998,-53.04,-1.0414082331955208,-1.3840046574461313,0.67787907570635
53.05,-53.05,119.99999999999997,149.99999999999997,66.94999999999997,-53.05,-1.0411666629538392,-1.3841863963908785,0.6781572513701988
53.06,-53.06,119.99999999999997,149.99999999999997,66.93999999999997,-53.06,-1.0409250609964074,-1.384368093170897,0.6784354063761964
53.07,-53.07,119.99999999999997,149.99999999999997,66.92999999999998,-53.07,-1.0406834273305847,-1.384549747780652,0.6787135407158704
53.08,-53.08,119.99999999999997,149.99999999999997,66.91999999999997,-53.08,-1.0404417619637325,-1.3847313602146099,0.6789916543807469
53.09,-53.09,119.99999999999997,149.99999999999997,66.90999999999997,-53.09,-1.0402000649032115,-1.3849129304672385,0.6792697473623555
53.1,-53.1,119.99999999999997,149.99999999999997,66.89999999999998,-53.1,-1.0399583361563849,-1.3850944585330067,0.6795478196522238
53.11,-53.11,119.99999999999997,149.99999999999997,66.88999999999997,-53.11,-1.0397165757306157,-1.3852759444063854,0.6798258712418823
53.12,-53.12,119.99999999999997,149.99999999999997,66.87999999999997,-53.12,-1.0394747836332685,-1.3854573880818455,0.6801039021228605
53.13,-53.13,119.99999999999997,149.99999999999997,66.86999999999998,-53.13,-1.0392329598717087,-1.3856387895538602,0.680381912286689
53.14,-53.14,119.99999999999997,149.99999999999997,66.85999999999997,-53.14,-1.038991104453303,-1.385820148816904,0.6806599017248993
53.15,-53.15,119.99999999999997,149.99999999999997,66.84999999999997,-53.15,-1.038749217385418,-1.3860014658654518,0.6809378704290235
53.16,-53.16,119.99999999999997,149.99999999999997,66.83999999999997,-53.16,-1.0385072986754227,-1.3861827406939808,0.6812158183905938
53.17,-53.17,119.99999999999997,149.99999999999997,66.82999999999997,-53.17,-1.038265348330686,-1.386363973296969,0.6814937456011441
53.18,-53.18,119.99999999999997,149.99999999999997,66.81999999999996,-53.18,-1.0380233663585785,-1.3865451636688955,0.6817716520522071
53.19,-53.19,119.99999999999997,149.99999999999997,66.80999999999997,-53.19,-1.0377813527664708,-1.3867263118042412,0.6820495377353186
53.2,-53.2,119.99999999999997,149.99999999999997,66.79999999999997,-53.2,-1.0375393075617356,-1.3869074176974878,0.682327402642013
53.21,-53.21,119.99999999999997,149.99999999999997,66.78999999999996,-53.21,-1.0372972307517456,-1.3870884813431188,0.6826052467638262
53.22,-53.22,119.99999999999997,149.99999999999997,66.77999999999997,-53.22,-1.0370551223438753,-1.3872695027356183,0.6828830700922944
53.23,-53.23,119.99999999999997,149.99999999999997,66.76999999999998,-53.23,-1.0368129823454995,-1.3874504818694724,0.6831608726189548
53.24,-53.24,119.99999999999997,149.99999999999997,66.75999999999996,-53.24,-1.0365708107639942,-1.3876314187391678,0.683438654335345
53.25,-53.25,119.99999999999997,149.99999999999997,66.74999999999997,-53.25,-1.0363286076067364,-1.3878123133391933,0.6837164152330034
53.26,-53.26,119.99999999999999,150.0,66.73999999999998,-53.26,-1.0360863728811038,-1.387993165664038,0.6839941553034684
53.27,-53.27,119.99999999999999,150.0,66.72999999999999,-53.27,-1.0358441065944757,-1.3881739757081935,0.6842718745382804
53.28,-53.28,119.99999999999999,150.0,66.71999999999998,-53.28,-1.0356018087542318,-1.3883547434661514,0.6845495729289791
53.29,-53.29,119.99999999999999,150.0,66.70999999999998,-53.29,-1.0353594793677527,-1.3885354689324056,0.6848272504671056
53.3,-53.3,119.99999999999999,150.0,66.69999999999999,-53.3,-1.0351171184424208,-1.3887161521014506,0.6851049071442009
53.31,-53.31,119.99999999999999,150.0,66.68999999999998,-53.31,-1.034874725985618,-1.3888967929677827,0.6853825429518074
53.32,-53.32,119.99999999999999,150.0,66.67999999999998,-53.32,-1.0346323020047283,-1.389077391525899,0.6856601578814677
53.33,-53.33,119.99999999999999,150.0,66.66999999999999,-53.33,-1.0343898465071368,-1.3892579477702987,0.6859377519247257
53.34,-53.34,119.99999999999999,150.0,66.65999999999998,-53.34,-1.0341473595002288,-1.389438461695481,0.6862153250731241
53.35,-53.35,119.99999999999999,150.0,66.64999999999998,-53.35,-1.0339048409913907,-1.3896189332959474,0.686492877318209
53.36,-53.36,119.99999999999999,150.0,66.63999999999999,-53.36,-1.0336622909880089,-1.3897993625662015,0.6867704086515263
53.37,-53.37,119.99999999999999,150.0,66.63,-53.37,-1.0334197094974757,-1.3899797495007444,0.6870479190646176
53.38,-53.38,119.99999999999999,150.0,66.61999999999998,-53.38,-1.0331770965271767,-1.390160094094084,0.6873254085490345
53.39,-53.39,119.99999999999999,150.0,66.60999999999999,-53.39,-1.0329344520845039,-1.3903403963407255,0.6876028770963217
53.4,-53.4,119.99999999999999,150.0,66.6,-53.4,-1.0326917761768484,-1.3905206562351766,0.6878803246980276
53.41,-53.41,119.99999999999999,150.0,66.58999999999999,-53.41,-1.0324490688116024,-1.3907008737719464,0.6881577513457007
53.42,-53.42,119.99999999999999,150.0,66.57999999999998,-53.42,-1.0322063299961581,-1.3908810489455459,0.6884351570308913
53.43,-53.43,119.99999999999999,150.0,66.57,-53.43,-1.0319635597379122,-1.3910611817504852,0.6887125417451468
53.44,-53.44,119.99999999999999,150.0,66.55999999999999,-53.44,-1.0317207580442598,-1.3912412721812768,0.6889899054800169
53.45,-53.45,119.99999999999999,150.0,66.54999999999998,-53.45,-1.031477924922595,-1.3914213202324368,0.6892672482270558
53.46,-53.46,119.99999999999999,150.0,66.53999999999999,-53.46,-1.0312350603803146,-1.3916013258984803,0.6895445699778147
53.47,-53.47,119.99999999999999,150.0,66.52999999999999,-53.47,-1.0309921644248203,-1.391781289173922,0.6898218707238426
53.48,-53.48,119.99999999999999,150.0,66.51999999999998,-53.48,-1.0307492370635076,-1.3919612100532819,0.6900991504566958
53.49,-53.49,119.99999999999999,150.0,66.50999999999999,-53.49,-1.0305062783037764,-1.3921410885310799,0.6903764091679286
53.5,-53.5,119.99999999999999,150.0,66.49999999999999,-53.5,-1.0302632881530314,-1.392320924601833,0.6906536468490903
53.51,-53.51,119.99999999999999,150.0,66.48999999999998,-53.51,-1.0300202666186709,-1.3925007182600666,0.69093086349174
53.52,-53.52,119.99999999999999,150.0,66.47999999999999,-53.52,-1.0297772137080976,-1.3926804695003039,0.691208059087434
53.53,-53.53,119.99999999999999,150.0,66.46999999999998,-53.53,-1.0295341294287177,-1.392860178317067,0.691485233627725
53.54,-53.54,119.99999999999999,150.0,66.45999999999998,-53.54,-1.0292910137879363,-1.3930398447048822,0.6917623871041697
53.55,-53.55,119.99999999999999,150.0,66.44999999999999,-53.55,-1.029047866793155,-1.3932194686582788,0.69203951950833
53.56,-53.56,119.99999999999999,150.0,66.43999999999998,-53.56,-1.0288046884517847,-1.3933990501717828,0.6923166308317596
53.57,-53.57,119.99999999999999,150.0,66.42999999999998,-53.57,-1.0285614787712325,-1.3935785892399235,0.6925937210660174
53.58,-53.58,119.99999999999999,150.0,66.41999999999999,-53.58,-1.0283182377589049,-1.3937580858572338,0.6928707902026652
53.59,-53.59,119.99999999999999,150.0,66.40999999999998,-53.59,-1.0280749654222112,-1.3939375400182459,0.6931478382332634
53.6,-53.6,119.99999999999999,150.0,66.39999999999998,-53.6,-1.0278316617685648,-1.3941169517174914,0.6934248651493693
53.61,-53.61,119.99999999999999,150.0,66.38999999999999,-53.61,-1.0275883268053752,-1.3942963209495065,0.6937018709425465
53.62,-53.62,119.99999999999999,150.0,66.38,-53.62,-1.0273449605400555,-1.3944756477088267,0.693978855604356
53.63,-53.63,119.99999999999999,150.0,66.36999999999998,-53.63,-1.0271015629800184,-1.3946549319899897,0.694255819126361
53.64,-53.64,119.99999999999999,150.0,66.35999999999999,-53.64,-1.0268581341326801,-1.3948341737875332,0.6945327615001228
53.65,-53.65,119.99999999999999,150.0,66.35,-53.65,-1.0266146740054518,-1.3950133730959997,0.6948096827172093
53.66,-53.66,119.99999999999999,150.0,66.33999999999999,-53.66,-1.0263711826057536,-1.3951925299099284,0.695086582769182
53.67,-53.67,119.99999999999999,150.0,66.32999999999998,-53.67,-1.0261276599410014,-1.3953716442238622,0.6953634616476062
53.68,-53.68,119.99999999999999,150.0,66.32,-53.68,-1.025884106018613,-1.395550716032345,0.695640319344048
53.69,-53.69,119.99999999999999,150.0,66.30999999999999,-53.69,-1.025640520846008,-1.3957297453299222,0.6959171558500741
53.7,-53.7,119.99999999999999,150.0,66.29999999999998,-53.7,-1.0253969044306062,-1.3959087321111399,0.6961939711572511
53.71,-53.71,119.99999999999999,150.0,66.28999999999999,-53.71,-1.0251532567798283,-1.3960876763705463,0.6964707652571474
53.72,-53.72,119.99999999999999,150.0,66.27999999999999,-53.72,-1.0249095779010966,-1.3962665781026902,0.6967475381413308
53.73,-53.73,119.99999999999999,150.0,66.26999999999998,-53.73,-1.0246658678018339,-1.396445437302122,0.6970242898013708
53.74,-53.74,119.99999999999999,150.0,66.25999999999999,-53.74,-1.0244221264894637,-1.3966242539633933,0.6973010202288367
53.75,-53.75,120.0,150.0,66.25,-53.75,-1.0241783539714113,-1.3968030280810568,0.6975777294152988
53.76,-53.76,120.0,150.0,66.24000000000001,-53.76,-1.0239345502551025,-1.3969817596496674,0.697854417352328
53.77,-53.77,120.0,150.0,66.22999999999999,-53.77,-1.0236907153479635,-1.3971604486637799,0.6981310840314962
53.78,-53.78,120.0,150.0,66.22,-53.78,-1.023446849257422,-1.3973390951179514,0.6984077294443753
53.79,-53.79,120.0,150.0,66.21000000000001,-53.79,-1.023202951990907,-1.3975176990067402,0.6986843535825388
53.8,-53.8,120.0,150.0,66.2,-53.8,-1.0229590235558474,-1.3976962603247054,0.6989609564375596
53.81,-53.81,120.0,150.0,66.19,-53.81,-1.0227150639596743,-1.397874779066408,0.6992375380010122
53.82,-53.82,120.0,150.0,66.18,-53.82,-1.0224710732098188,-1.3980532552264098,0.6995140982644714
53.83,-53.83,120.0,150.0,66.17,-53.83,-1.0222270513137135,-1.398231688799274,0.6997906372195126
53.84,-53.84,120.0,150.0,66.16,-53.84,-1.0219829982787914,-1.3984100797795658,0.7000671548577123
53.85,-53.85,120.0,150.0,66.15,-53.85,-1.021738914112487,-1.3985884281618504,0.7003436511706468
53.86,-53.86,120.0,150.0,66.14,-53.86,-1.0214947988222358,-1.398766733940695,0.7006201261498937
53.87,-53.87,120.0,150.0,66.13,-53.87,-1.0212506524154734,-1.3989449971106689,0.7008965797870311
53.88,-53.88,120.0,150.0,66.12,-53.88,-1.0210064748996375,-1.3991232176663413,0.701173012073638
53.89,-53.89,120.0,150.0,66.11,-53.89,-1.0207622662821654,-1.399301395602283,0.7014494230012935
53.9,-53.9,120.0,150.0,66.1,-53.9,-1.020518026570497,-1.399479530913067,0.7017258125615777
53.91,-53.91,120.0,150.0,66.09,-53.91,-1.0202737557720716,-1.3996576235932667,0.7020021807460712
53.92,-53.92,120.0,150.0,66.08,-53.92,-1.0200294538943306,-1.399835673637457,0.7022785275463557
53.93,-53.93,120.0,150.0,66.07,-53.93,-1.0197851209447155,-1.4000136810402144,0.7025548529540125
53.94,-53.94,120.0,150.0,66.06,-53.94,-1.0195407569306694,-1.4001916457961165,0.7028311569606254
53.95,-53.95,120.0,150.0,66.05,-53.95,-1.0192963618596358,-1.4003695678997419,0.7031074395577763
53.96,-53.96,120.0,150.0,66.03999999999999,-53.96,-1.0190519357390595,-1.400547447345671,0.7033837007370504
53.97,-53.97,120.0,150.0,66.03,-53.97,-1.0188074785763863,-1.4007252841284854,0.7036599404900314
53.98,-53.98,120.0,150.0,66.02000000000001,-53.98,-1.0185629903790623,-1.4009030782427676,0.7039361588083051
53.99,-53.99,120.0,150.0,66.00999999999999,-53.99,-1.0183184711545357,-1.4010808296831017,0.7042123556834571
54.0,-54.0,120.0,150.0,66.0,-54.0,-1.0180739209102545,-1.4012585384440732,0.7044885311070742
54.01,-54.01,120.0,150.0,65.99000000000001,-54.01,-1.0178293396536684,-1.4014362045202688,0.7047646850707434
54.02,-54.02,120.0,150.0,65.97999999999999,-54.02,-1.0175847273922276,-1.4016138279062766,0.7050408175660526
54.03,-54.03,120.0,150.0,65.97,-54.03,-1.0173400841333833,-1.4017914085966856,0.7053169285845906
54.04,-54.04,120.0,150.0,65.96000000000001,-54.04,-1.0170954098845881,-1.4019689465860865,0.7055930181179461
54.05,-54.05,120.0,150.0,65.95,-54.05,-1.0168507046532953,-1.4021464418690712,0.705869086157709
54.06,-54.06,120.0,150.0,65.94,-54.06,-1.0166059684469582,-1.402323894440233,0.7061451326954706
54.07,-54.07,120.0,150.0,65.93,-54.07,-1.016361201273033,-1.402501304294166,0.7064211577228211
54.08,-54.08,120.0,150.0,65.92,-54.08,-1.0161164031389749,-1.4026786714254664,0.7066971612313525
54.09,-54.09,120.0,150.0,65.91,-54.09,-1.0158715740522413,-1.4028559958287312,0.7069731432126576
54.1,-54.1,120.0,150.0,65.9,-54.1,-1.01562671402029,-1.4030332774985588,0.7072491036583294
54.11,-54.11,120.0,150.0,65.89,-54.11,-1.0153818230505787,-1.4032105164295496,0.7075250425599626
54.12,-54.12,120.0,150.0,65.88,-54.12,-1.0151369011505706,-1.4033877126163021,0.707800959909148
54.13,-54.13,120.0,150.0,65.87,-54.13,-1.0148919483277232,-1.403564866053421,0.7080768556974842
54.14,-54.14,120.0,150.0,65.86,-54.14,-1.0146469645894993,-1.4037419767355093,0.7083527299165664
54.15,-54.15,120.0,150.0,65.85,-54.15,-1.0144019499433612,-1.403919044657172,0.7086285825579907
54.16,-54.16,120.0,150.0,65.84,-54.16,-1.0141569043967726,-1.4040960698130147,0.7089044136133535
54.17,-54.17,120.0,150.0,65.83,-54.17,-1.0139118279571973,-1.4042730521976465,0.7091802230742549
54.18,-54.18,120.0,150.0,65.82,-54.18,-1.0136667206321037,-1.4044499918056734,0.7094560109322885
54.19,-54.19,120.0,150.0,65.81,-54.19,-1.0134215824289552,-1.4046268886317077,0.7097317771790573
54.2,-54.2,120.0,150.0,65.8,-54.2,-1.01317641335522,-1.4048037426703606,0.7100075218061602
54.21,-54.21,120.0,150.0,65.78999999999999,-54.21,-1.0129312134183648,-1.404980553916245,0.7102832448051983
54.22,-54.22,120.0,150.0,65.78,-54.22,-1.0126859826258632,-1.4051573223639728,0.7105589461677692
54.23,-54.23,120.0,150.0,65.77000000000001,-54.23,-1.0124407209851811,-1.4053340480081618,0.7108346258854779
54.24,-54.24,120.0,150.0,65.75999999999999,-54.24,-1.01219542850379,-1.4055107308434287,0.7111102839499273
54.25,-54.25,120.0,150.0,65.75,-54.25,-1.0119501051891653,-1.4056873708643884,0.7113859203527159
54.26,-54.26,120.0,150.0,65.74000000000001,-54.26,-1.0117047510487767,-1.4058639680656633,0.7116615350854513
54.27,-54.27,120.0,150.0,65.72999999999999,-54.27,-1.0114593660900977,-1.4060405224418737,0.7119371281397385
54.28,-54.28,120.0,150.0,65.72,-54.28,-1.011213950320607,-1.406217033987639,0.7122126995071778
54.29,-54.29,120.0,150.0,65.71000000000001,-54.29,-1.0109685037477767,-1.4063935026975847,0.7124882491793789
54.3,-54.3,120.0,150.0,65.7,-54.3,-1.0107230263790836,-1.4065699285663356,0.7127637771479484
54.31,-54.31,120.0,150.0,65.69,-54.31,-1.0104775182220076,-1.406746311588515,0.7130392834044902
54.32,-54.32,120.0,150.0,65.68,-54.32,-1.010231979284028,-1.4069226517587508,0.7133147679406119
54.33,-54.33,120.0,150.0,65.67,-54.33,-1.009986409572621,-1.4070989490716728,0.7135902307479247
54.34,-54.34,120.0,150.0,65.66,-54.34,-1.009740809095267,-1.4072752035219105,0.7138656718180374
54.35,-54.35,120.0,150.0,65.65,-54.35,-1.0094951778594523,-1.4074514151040927,0.7141410911425559
54.36,-54.36,120.0,150.0,65.64,-54.36,-1.009249515872653,-1.4076275838128547,0.7144164887130953
54.37,-54.37,120.0,150.0,65.63,-54.37,-1.0090038231423568,-1.4078037096428275,0.7146918645212624
54.38,-54.38,120.0,150.0,65.62,-54.38,-1.0087580996760481,-1.4079797925886464,0.7149672185586692
54.39,-54.39,120.0,150.0,65.61,-54.39,-1.0085123454812093,-1.408155832644949,0.7152425508169302
54.4,-54.4,120.0,150.0,65.6,-54.4,-1.0082665605653263,-1.4083318298063732,0.715517861287659
54.41,-54.41,120.0,150.0,65.59,-54.41,-1.0080207449358884,-1.4085077840675557,0.7157931499624661
54.42,-54.42,120.0,150.0,65.58,-54.42,-1.0077748986003832,-1.4086836954231374,0.7160684168329667
54.43,-54.43,120.0,150.0,65.57,-54.43,-1.007529021566299,-1.4088595638677603,0.7163436618907763
54.44,-54.44,120.0,150.0,65.56,-54.44,-1.007283113841126,-1.4090353893960665,0.7166188851275097
54.45,-54.45,120.0,150.0,65.55,-54.45,-1.007037175432356,-1.4092111720026996,0.7168940865347825
54.46,-54.46,120.0,150.0,65.53999999999999,-54.46,-1.0067912063474767,-1.4093869116823072,0.7171692661042153
54.47,-54.47,120.0,150.0,65.53,-54.47,-1.006545206593985,-1.409562608429534,0.7174444238274219
54.48,-54.48,120.0,150.0,65.52000000000001,-54.48,-1.0062991761793743,-1.4097382622390273,0.71771955969602
54.49,-54.49,120.0,150.0,65.50999999999999,-54.49,-1.0060531151111352,-1.4099138731054393,0.7179946737016328
54.5,-54.5,120.0,150.0,65.5,-54.5,-1.0058070233967669,-1.410089441023418,0.718269765835876
54.51,-54.51,120.0,150.0,65.49000000000001,-54.51,-1.0055609010437647,-1.4102649659876159,0.7185448360903709
54.52,-54.52,120.0,150.0,65.47999999999999,-54.52,-1.0053147480596258,-1.4104404479926866,0.7188198844567385
54.53,-54.53,120.0,150.0,65.47,-54.53,-1.0050685644518487,-1.4106158870332843,0.7190949109266003
54.54,-54.54,120.0,150.0,65.46000000000001,-54.54,-1.0048223502279325,-1.410791283104065,0.7193699154915786
54.55,-54.55,120.0,150.0,65.45,-54.55,-1.004576105395377,-1.4109666361996858,0.7196448981432961
54.56,-54.56,120.0,150.0,65.44,-54.56,-1.0043298299616836,-1.411141946314805,0.7199198588733763
54.57,-54.57,120.0,150.0,65.43,-54.57,-1.004083523934354,-1.4113172134440821,0.7201947976734434
54.58,-54.58,120.0,150.0,65.42,-54.58,-1.0038371873208924,-1.4114924375821782,0.7204697145351218
54.59,-54.59,120.0,150.0,65.41,-54.59,-1.0035908201287993,-1.4116676187237573,0.7207446094500398
54.6,-54.6,120.0,150.0,65.4,-54.6,-1.0033444223655825,-1.4118427568634813,0.7210194824098206
54.61,-54.61,120.0,150.0,65.39,-54.61,-1.0030979940387472,-1.4120178519960151,0.7212943334060916
54.62,-54.62,120.0,150.0,65.38,-54.62,-1.0028515351557996,-1.412192904116026,0.7215691624304812
54.63,-54.63,120.0,150.0,65.37,-54.63,-1.0026050457242477,-1.412367913218181,0.7218439694746167
54.64,-54.64,120.0,150.0,65.36,-54.64,-1.002358525751599,-1.412542879297149,0.7221187545301281
54.65,-54.65,120.0,150.0,65.35,-54.65,-1.0021119752453642,-1.4127178023476006,0.7223935175886438
54.66,-54.66,120.0,150.0,65.34,-54.66,-1.0018653942130529,-1.412892682364207,0.7226682586417951
54.67,-54.67,120.0,150.0,65.33,-54.67,-1.0016187826621763,-1.4130675193416413,0.7229429776812123
54.68,-54.68,120.0,150.0,65.32,-54.68,-1.001372140600247,-1.4132423132745775,0.723217674698527
54.69,-54.69,120.0,150.0,65.31,-54.69,-1.0011254680347779,-1.413417064157691,0.7234923496853717
54.7,-54.7,120.0,150.0,65.3,-54.7,-1.0008787649732835,-1.4135917719856588,0.7237670026333789
54.71,-54.71,120.0,150.0,65.28999999999999,-54.71,-1.0006320314232782,-1.4137664367531588,0.7240416335341827
54.72,-54.72,120.0,150.0,65.28,-54.72,-1.0003852673922782,-1.4139410584548706,0.7243162423794173
54.73,-54.73,120.0,150.0,65.27000000000001,-54.73,-1.0001384728878004,-1.4141156370854746,0.7245908291607172
54.74,-54.74,120.0,150.0,65.25999999999999,-54.74,-0.9998916479173628,-1.4142901726396533,0.7248653938697183
54.75,-54.75,120.0,150.0,65.25,-54.75,-0.9996447924884838,-1.4144646651120898,0.725139936498057
54.76,-54.76,120.0,150.0,65.24000000000001,-54.76,-0.999397906608683,-1.4146391144974684,0.7254144570373698
54.77,-54.77,120.0,150.0,65.22999999999999,-54.77,-0.9991509902854812,-1.4148135207904757,0.7256889554792949
54.78,-54.78,120.0,150.0,65.22,-54.78,-0.9989040435263998,-1.4149878839857988,0.7259634318154705
54.79,-54.79,120.0,150.0,65.21000000000001,-54.79,-0.9986570663389612,-1.415162204078126,0.726237886037535
54.8,-54.8,120.0,150.0,65.2,-54.8,-0.998410058730689,-1.4153364810621474,0.7265123181371288
54.81,-54.81,120.0,150.0,65.19,-54.81,-0.998163020709107,-1.415510714932554,0.7267867281058916
54.82,-54.82,120.0,150.0,65.18,-54.82,-0.9979159522817409,-1.4156849056840388,0.7270611159354647
54.83,-54.83,120.0,150.0,65.17,-54.83,-0.9976688534561164,-1.4158590533112954,0.7273354816174898
54.84,-54.84,120.0,150.0,65.16,-54.84,-0.9974217242397612,-1.4160331578090188,0.7276098251436092
54.85,-54.85,120.0,150.0,65.15,-54.85,-0.9971745646402024,-1.4162072191719057,0.7278841465054661
54.86,-54.86,120.0,150.0,65.14,-54.86,-0.9969273746649696,-1.416381237394654,0.7281584456947039
54.87,-54.87,120.0,150.0,65.13,-54.87,-0.9966801543215924,-1.4165552124719625,0.728432722702967
54.88,-54.88,120.0,150.0,65.12,-54.88,-0.9964329036176016,-1.4167291443985315,0.7287069775219003
54.89,-54.89,120.0,150.0,65.11,-54.89,-0.9961856225605289,-1.416903033169063,0.7289812101431498
54.9,-54.9,120.0,150.0,65.1,-54.9,-0.9959383111579068,-1.4170768787782602,0.7292554205583618
54.91,-54.91,120.0,150.0,65.09,-54.91,-0.9956909694172689,-1.4172506812208272,0.7295296087591838
54.92,-54.92,120.0,150.0,65.08,-54.92,-0.9954435973461484,-1.4174244404914709,0.7298037747372643
54.93,-54.93,120.0,150.0,65.07,-54.93,-0.9951961949520847,-1.417598156584895,0.7300779184842475
54.94,-54.94,120.0,150.0,65.06,-54.94,-0.9949487622426099,-1.4177718294958108,0.7303520399917873
54.95,-54.95,120.0,150.0,65.05,-54.95,-0.9947012992252626,-1.4179454592189271,0.730626139251532
54.96,-54.96,120.0,150.0,65.03999999999999,-54.96,-0.9944538059075813,-1.4181190457489548,0.7309002162551312
54.97,-54.97,120.0,150.0,65.03,-54.97,-0.9942062822971047,-1.4182925890806062,0.7311742709942372
54.98,-54.98,120.0,150.0,65.02000000000001,-54.98,-0.9939587284013729,-1.418466089208595,0.731448303460501
54.99,-54.99,120.0,150.0,65.00999999999999,-54.99,-0.993711144227927,-1.4186395461276355,0.7317223136455753
55.0,-55.0,120.0,150.0,65.0,-55.0,-0.9934635297843085,-1.4188129598324446,0.7319963015411136
55.01,-55.01,120.0,150.0,64.99000000000001,-55.01,-0.9932158850780606,-1.4189863303177392,0.7322702671387692
55.02,-55.02,120.0,150.0,64.97999999999999,-55.02,-0.9929682101167254,-1.4191596575782397,0.7325442104301985
55.03,-55.03,120.0,150.0,64.97,-55.03,-0.9927205049078512,-1.419332941608663,0.7328181314070524
55.04,-55.04,120.0,150.0,64.96000000000001,-55.04,-0.9924727694589801,-1.4195061824037334,0.7330920300609909
55.05,-55.05,120.0,150.0,64.95,-55.05,-0.9922250037776584,-1.419679379958174,0.7333659063836705
55.06,-55.06,120.0,150.0,64.94,-55.06,-0.9919772078714373,-1.4198525342667057,0.7336397603667442
55.07,-55.07,120.0,150.0,64.93,-55.07,-0.9917293817478613,-1.420025645324057,0.7339135920018742
55.08,-55.08,120.0,150.0,64.92,-55.08,-0.9914815254144806,-1.4201987131249534,0.734187401280718
55.09,-55.09,120.0,150.0,64.91,-55.09,-0.9912336388788445,-1.4203717376641243,0.7344611881949362
55.1,-55.1,120.0,150.0,64.9,-55.1,-0.9909857221485077,-1.420544718936296,0.7347349527361844
55.11,-55.11,120.0,150.0,64.89,-55.11,-0.990737775231017,-1.420717656936203,0.7350086948961287
55.12,-55.12,120.0,150.0,64.88,-55.12,-0.990489798133929,-1.4208905516585744,0.7352824146664265
55.13,-55.13,120.0,150.0,64.87,-55.13,-0.9902417908647979,-1.4210634030981437,0.7355561120387399
55.14,-55.14,120.0,150.0,64.86,-55.14,-0.9899937534311757,-1.4212362112496473,0.7358297870047342
55.15,-55.15,120.0,150.0,64.85,-55.15,-0.9897456858406178,-1.4214089761078212,0.7361034395560729
55.16,-55.16,120.0,150.0,64.84,-55.16,-0.9894975881006851,-1.4215816976673998,0.7363770696844155
55.17,-55.17,120.0,150.0,64.83,-55.17,-0.9892494602189296,-1.4217543759231255,0.736650677381433
55.18,-55.18,120.0,150.0,64.82,-55.18,-0.9890013022029136,-1.4219270108697357,0.7369242626387866
55.19,-55.19,120.0,150.0,64.81,-55.19,-0.9887531140601951,-1.4220996025019719,0.7371978254481429
55.2,-55.2,120.0,150.0,64.8,-55.2,-0.9885048957983358,-1.4222721508145764,0.7374713658011682
55.21,-55.21,120.0,150.0,64.78999999999999,-55.21,-0.988256647424893,-1.4224446558022952,0.7377448836895334
55.22,-55.22,120.0,150.0,64.78,-55.22,-0.9880083689474325,-1.4226171174598716,0.7380183791049039
55.23,-55.23,120.0,150.0,64.77000000000001,-55.23,-0.9877600603735172,-1.4227895357820513,0.7382918520389469
55.24,-55.24,120.0,150.0,64.75999999999999,-55.24,-0.9875117217107074,-1.4229619107635854,0.7385653024833372
55.25,-55.25,120.0,150.0,64.75,-55.25,-0.9872633529665719,-1.42313424239922,0.7388387304297402
55.26,-55.26,120.0,150.0,64.74000000000001,-55.26,-0.9870149541486761,-1.4233065306837058,0.7391121358698273
55.27,-55.27,120.0,150.0,64.72999999999999,-55.27,-0.9867665252645829,-1.423478775611797,0.7393855187952739
55.28,-55.28,120.0,150.0,64.72,-55.28,-0.9865180663218638,-1.4236509771782444,0.7396588791977483
55.29,-55.29,120.0,150.0,64.71000000000001,-55.29,-0.9862695773280861,-1.4238231353778033,0.739932217068925
55.3,-55.3,120.0,150.0,64.7,-55.3,-0.9860210582908189,-1.423995250205229,0.7402055324004773
55.31,-55.31,120.0,150.0,64.69,-55.31,-0.9857725092176329,-1.4241673216552793,0.7404788251840798
55.32,-55.32,120.0,150.0,64.68,-55.32,-0.985523930116099,-1.424339349722712,0.7407520954114074
55.33,-55.33,120.0,150.0,64.67,-55.33,-0.9852753209937908,-1.4245113344022862,0.7410253430741344
55.34,-55.34,120.0,150.0,64.66,-55.34,-0.9850266818582776,-1.4246832756887655,0.7412985681639416
55.35,-55.35,120.0,150.0,64.65,-55.35,-0.984778012717137,-1.42485517357691,0.7415717706725018
55.36,-55.36,120.0,150.0,64.64,-55.36,-0.9845293135779429,-1.4250270280614836,0.741844950591494
55.37,-55.37,120.0,150.0,64.63,-55.37,-0.9842805844482708,-1.4251988391372516,0.7421181079125967
55.38,-55.38,120.0,150.0,64.62,-55.38,-0.9840318253356977,-1.4253706067989806,0.7423912426274893
55.39,-55.39,120.0,150.0,64.61,-55.39,-0.9837830362478012,-1.4255423310414381,0.7426643547278512
55.4,-55.4,120.0,150.0,64.6,-55.4,-0.9835342171921595,-1.4257140118593932,0.7429374442053635
55.41,-55.41,120.0,150.0,64.59,-55.41,-0.9832853681763526,-1.4258856492476157,0.743210511051707
55.42,-55.42,120.0,150.0,64.58,-55.42,-0.9830364892079604,-1.4260572432008778,0.7434835552585639
55.43,-55.43,120.0,150.0,64.57,-55.43,-0.9827875802945644,-1.4262287937139522,0.7437565768176166
55.44,-55.44,120.0,150.0,64.56,-55.44,-0.9825386414437467,-1.426400300781613,0.7440295757205483
55.45,-55.45,120.0,150.0,64.55,-55.45,-0.9822896726630908,-1.426571764398636,0.7443025519590429
55.46,-55.46,120.0,150.0,64.53999999999999,-55.46,-0.9820406739601802,-1.4267431845597984,0.7445755055247857
55.47,-55.47,120.0,150.0,64.53,-55.47,-0.9817916453426001,-1.426914561259878,0.7448484364094613
55.48,-55.48,120.0,150.0,64.52000000000001,-55.48,-0.9815425868179363,-1.4270858944936542,0.745121344604756
55.49,-55.49,120.0,150.0,64.50999999999999,-55.49,-0.9812934983937756,-1.4272571842559088,0.745394230102357
55.5,-55.5,120.0,150.0,64.5,-55.5,-0.9810443800777054,-1.427428430541423,0.7456670928939512
55.51,-55.51,120.0,150.0,64.49000000000001,-55.51,-0.9807952318773148,-1.427599633344981,0.7459399329712267
55.52,-55.52,120.0,150.0,64.47999999999999,-55.52,-0.9805460538001928,-1.4277707926613672,0.7462127503258728
55.53,-55.53,120.0,150.0,64.47,-55.53,-0.9802968458539302,-1.4279419084853682,0.7464855449495783
55.54,-55.54,120.0,150.0,64.46000000000001,-55.54,-0.9800476080461179,-1.4281129808117714,0.7467583168340344
55.55,-55.55,120.0,150.0,64.45,-55.55,-0.9797983403843483,-1.4282840096353653,0.7470310659709307
55.56,-55.56,120.0,150.0,64.44,-55.56,-0.9795490428762146,-1.4284549949509406,0.7473037923519598
55.57,-55.57,120.0,150.0,64.43,-55.57,-0.9792997155293108,-1.4286259367532885,0.7475764959688136
55.58,-55.58,120.0,150.0,64.42,-55.58,-0.9790503583512319,-1.4287968350372016,0.7478491768131851
55.59,-55.59,120.0,150.0,64.41,-55.59,-0.9788009713495734,-1.4289676897974743,0.748121834876768
55.6,-55.6,120.0,150.0,64.4,-55.6,-0.9785515545319324,-1.4291385010289024,0.7483944701512568
55.61,-55.61,120.0,150.0,64.39,-55.61,-0.9783021079059068,-1.429309268726282,0.7486670826283464
55.62,-55.62,120.0,150.0,64.38,-55.62,-0.9780526314790946,-1.4294799928844117,0.7489396722997324
55.63,-55.63,120.0,150.0,64.37,-55.63,-0.9778031252590957,-1.429650673498091,0.7492122391571115
55.64,-55.64,120.0,150.0,64.36,-55.64,-0.9775535892535104,-1.42982131056212,0.7494847831921804
55.65,-55.65,120.0,150.0,64.35,-55.65,-0.9773040234699398,-1.4299919040713016,0.7497573043966377
55.66,-55.66,120.0,150.0,64.34,-55.66,-0.9770544279159866,-1.430162454020439,0.7500298027621815
55.67,-55.67,120.0,150.0,64.33,-55.67,-0.9768048025992534,-1.4303329604043367,0.7503022782805109
55.68,-55.68,120.0,150.0,64.32,-55.68,-0.9765551475273443,-1.4305034232178007,0.7505747309433259
55.69,-55.69,120.0,150.0,64.31,-55.69,-0.9763054627078644,-1.4306738424556389,0.7508471607423273
55.7,-55.7,120.0,150.0,64.3,-55.7,-0.9760557481484196,-1.4308442181126597,0.7511195676692161
55.71,-55.71,120.0,150.0,64.28999999999999,-55.71,-0.9758060038566163,-1.4310145501836733,0.7513919517156948
55.72,-55.72,120.0,150.0,64.28,-55.72,-0.9755562298400626,-1.431184838663491,0.7516643128734659
55.73,-55.73,120.0,150.0,64.27000000000001,-55.73,-0.9753064261063666,-1.4313550835469255,0.7519366511342321
55.74,-55.74,120.0,150.0,64.25999999999999,-55.74,-0.9750565926631382,-1.4315252848287907,0.7522089664896984
55.75,-55.75,120.0,150.0,64.25,-55.75,-0.9748067295179875,-1.4316954425039026,0.7524812589315696
55.76,-55.76,120.0,150.0,64.24000000000001,-55.76,-0.9745568366785258,-1.431865556567077,0.7527535284515505
55.77,-55.77,120.0,150.0,64.22999999999999,-55.77,-0.9743069141523651,-1.4320356270131325,0.7530257750413478
55.78,-55.78,120.0,150.0,64.22,-55.78,-0.9740569619471188,-1.4322056538368884,0.7532979986926682
55.79,-55.79,120.0,150.0,64.21000000000001,-55.79,-0.9738069800704007,-1.4323756370331653,0.7535701993972197
55.8,-55.8,120.0,150.0,64.2,-55.8,-0.9735569685298243,-1.432545576596786,0.7538423771467115
55.81,-55.81,120.0,150.0,64.19,-55.81,-0.9733069273330095,-1.4327154725225715,0.7541145319328487
55.82,-55.82,120.0,150.0,64.18,-55.82,-0.973056856487569,-1.4328853248053488,0.7543866637473449
55.83,-55.83,120.0,150.0,64.17,-55.83,-0.9728067560011217,-1.4330551334399433,0.7546587725819092
55.84,-55.84,120.0,150.0,64.16,-55.84,-0.972556625881286,-1.4332248984211822,0.7549308584282529
55.85,-55.85,120.0,150.0,64.15,-55.85,-0.9723064661356814,-1.433394619743894,0.7552029212780876
55.86,-55.86,120.0,150.0,64.14,-55.86,-0.9720562767719271,-1.43356429740291,0.7554749611231271
55.87,-55.87,120.0,150.0,64.13,-55.87,-0.9718060577976475,-1.4337339313930584,0.7557469779550808
55.88,-55.88,120.0,150.0,64.12,-55.88,-0.9715558092204617,-1.4339035217091747,0.7560189717656661
55.89,-55.89,120.0,150.0,64.11,-55.89,-0.9713055310479936,-1.434073068346092,0.7562909425465969
55.9,-55.9,120.0,150.0,64.1,-55.9,-0.9710552232878656,-1.4342425712986464,0.7565628902895896
55.91,-55.91,120.0,150.0,64.09,-55.91,-0.9708048859477066,-1.4344120305616723,0.756834814986356
55.92,-55.92,120.0,150.0,64.08,-55.92,-0.9705545190351372,-1.4345814461300108,0.7571067166286185
55.93,-55.93,120.0,150.0,64.07,-55.93,-0.970304122557788,-1.4347508179984987,0.7573785952080899
55.94,-55.94,120.0,150.0,64.06,-55.94,-0.9700536965232862,-1.4349201461619765,0.7576504507164887
55.95,-55.95,120.0,150.0,64.05,-55.95,-0.9698032409392576,-1.4350894306152882,0.7579222831455369
55.96,-55.96,120.0,150.0,64.03999999999999,-55.96,-0.969552755813332,-1.4352586713532767,0.7581940924869529
55.97,-55.97,120.0,150.0,64.03,-55.97,-0.969302241153143,-1.4354278683707842,0.7584658787324534
55.98,-55.98,120.0,150.0,64.02000000000001,-55.98,-0.9690516969663181,-1.4355970216626597,0.7587376418737639
55.99,-55.99,120.0,150.0,64.00999999999999,-55.99,-0.9688011232604892,-1.43576613122375,0.7590093819026054
56.0,-56.0,120.0,150.0,64.0,-56.0,-0.9685505200432918,-1.4359351970489018,0.7592810988106973
56.01,-56.01,120.0,150.0,63.99,-56.01,-0.9682998873223596,-1.4361042191329656,0.7595527925897633
56.02,-56.02,120.0,150.0,63.98,-56.02,-0.9680492251053239,-1.4362731974707952,0.7598244632315309
56.03,-56.03,120.0,150.0,63.97,-56.03,-0.9677985333998235,-1.4364421320572405,0.7600961107277204
56.04,-56.04,120.0,150.0,63.96,-56.04,-0.9675478122134954,-1.4366110228871551,0.7603677350700568
56.05,-56.05,120.0,150.0,63.95,-56.05,-0.9672970615539731,-1.4367798699553975,0.7606393362502704
56.06,-56.06,120.0,150.0,63.94,-56.06,-0.9670462814288985,-1.4369486732568213,0.7609109142600834
56.07,-56.07,120.0,150.0,63.93,-56.07,-0.966795471845911,-1.4371174327862848,0.761182469091223
56.08,-56.08,120.0,150.0,63.92,-56.08,-0.9665446328126481,-1.4372861485386488,0.7614540007354205
56.09,-56.09,120.0,150.0,63.91,-56.09,-0.9662937643367507,-1.437454820508774,0.7617255091844038
56.1,-56.1,120.0,150.0,63.9,-56.1,-0.9660428664258635,-1.4376234486915207,0.7619969944299003
56.11,-56.11,120.0,150.0,63.89,-56.11,-0.9657919390876276,-1.4377920330817526,0.7622684564636406
56.12,-56.12,120.0,150.0,63.88,-56.12,-0.9655409823296871,-1.437960573674335,0.762539895277356
56.13,-56.13,120.0,150.0,63.87,-56.13,-0.9652899961596862,-1.4381290704641334,0.7628113108627781
56.14,-56.14,120.0,150.0,63.86,-56.14,-0.9650389805852722,-1.4382975234460142,0.7630827032116371
56.15,-56.15,120.0,150.0,63.85,-56.15,-0.9647879356140869,-1.438465932614849,0.7633540723156708
56.16,-56.16,120.0,150.0,63.84,-56.16,-0.9645368612537821,-1.4386342979655051,0.7636254181666084
56.17,-56.17,120.0,150.0,63.83,-56.17,-0.9642857575120044,-1.4388026194928545,0.7638967407561855
56.18,-56.18,120.0,150.0,63.82,-56.18,-0.9640346243964026,-1.4389708971917696,0.7641680400761374
56.19,-56.19,120.0,150.0,63.81,-56.19,-0.963783461914627,-1.4391391310571249,0.7644393161181997
56.2,-56.2,120.0,150.0,63.8,-56.2,-0.9635322700743284,-1.4393073210837952,0.7647105688741088
56.21,-56.21,120.0,150.0,63.79,-56.21,-0.9632810488831584,-1.4394754672666574,0.7649817983356018
56.22,-56.22,120.0,150.0,63.78,-56.22,-0.9630297983487696,-1.4396435696005896,0.7652530044944169
56.23,-56.23,120.0,150.0,63.77,-56.23,-0.9627785184788158,-1.439811628080471,0.7655241873422924
56.24,-56.24,120.0,150.0,63.76,-56.24,-0.9625272092809513,-1.439979642701182,0.7657953468709676
56.25,-56.25,120.0,150.0,63.75,-56.25,-0.9622758707628313,-1.4401476134576048,0.7660664830721827
56.26,-56.26,120.0,150.0,63.74,-56.26,-0.962024502932112,-1.4403155403446226,0.7663375959376783
56.27,-56.27,120.0,150.0,63.73,-56.27,-0.9617731057964507,-1.4404834233571204,0.766608685459196
56.28,-56.28,120.0,150.0,63.72,-56.28,-0.9615216793635052,-1.4406512624899839,0.7668797516284775
56.29,-56.29,120.0,150.0,63.71,-56.29,-0.9612702236409346,-1.4408190577381004,0.7671507944372661
56.3,-56.3,120.0,150.0,63.7,-56.3,-0.9610187386363983,-1.4409868090963587,0.7674218138773051
56.31,-56.31,120.0,150.0,63.69,-56.31,-0.9607672243575576,-1.4411545165596487,0.767692809940339
56.32,-56.32,120.0,150.0,63.68,-56.32,-0.9605156808120734,-1.4413221801228617,0.7679637826181125
56.33,-56.33,120.0,150.0,63.67,-56.33,-0.9602641080076085,-1.4414897997808904,0.7682347319023716
56.34,-56.34,120.0,150.0,63.66,-56.34,-0.9600125059518263,-1.441657375528629,0.7685056577848624
56.35,-56.35,120.0,150.0,63.65,-56.35,-0.9597608746523907,-1.4418249073609728,0.7687765602573324
56.36,-56.36,120.0,150.0,63.64,-56.36,-0.9595092141169672,-1.4419923952728182,0.7690474393115291
56.37,-56.37,120.0,150.0,63.63,-56.37,-0.9592575243532218,-1.4421598392590635,0.7693182949392012
56.38,-56.38,120.0,150.0,63.62,-56.38,-0.959005805368821,-1.4423272393146083,0.7695891271320983
56.39,-56.39,120.0,150.0,63.61,-56.39,-0.958754057171433,-1.4424945954343527,0.7698599358819697
56.4,-56.4,120.0,150.0,63.6,-56.4,-0.9585022797687263,-1.4426619076131988,0.7701307211805664
56.41,-56.41,120.0,150.0,63.59,-56.41,-0.9582504731683706,-1.4428291758460505,0.77040148301964
56.42,-56.42,120.0,150.0,63.58,-56.42,-0.9579986373780364,-1.4429964001278124,0.7706722213909424
56.43,-56.43,120.0,150.0,63.57,-56.43,-0.9577467724053949,-1.44316358045339,0.7709429362862265
56.44,-56.44,120.0,150.0,63.56,-56.44,-0.9574948782581182,-1.4433307168176914,0.7712136276972458
56.45,-56.45,120.0,150.0,63.55,-56.45,-0.9572429549438799,-1.443497809215625,0.7714842956157549
56.46,-56.46,120.0,150.0,63.54,-56.46,-0.9569910024703536,-1.4436648576421007,0.7717549400335081
56.47,-56.47,120.0,150.0,63.53,-56.47,-0.9567390208452146,-1.4438318620920303,0.7720255609422617
56.48,-56.48,120.0,150.0,63.52,-56.48,-0.9564870100761383,-1.4439988225603262,0.7722961583337717
56.49,-56.49,120.0,150.0,63.51,-56.49,-0.9562349701708017,-1.444165739041903,0.7725667321997959
56.5,-56.5,120.0,150.0,63.5,-56.5,-0.9559829011368822,-1.4443326115316755,0.7728372825320915
56.51,-56.51,120.0,150.0,63.49,-56.51,-0.9557308029820583,-1.4444994400245608,0.773107809322417
56.52,-56.52,120.0,150.0,63.48,-56.52,-0.9554786757140092,-1.4446662245154769,0.7733783125625323
56.53,-56.53,120.0,150.0,63.47,-56.53,-0.9552265193404154,-1.4448329649993437,0.773648792244197
56.54,-56.54,120.0,150.0,63.46,-56.54,-0.954974333868958,-1.4449996614710812,0.7739192483591718
56.55,-56.55,120.0,150.0,63.45,-56.55,-0.9547221193073189,-1.4451663139256123,0.7741896808992184
56.56,-56.56,120.0,150.0,63.44,-56.56,-0.9544698756631809,-1.44533292235786,0.7744600898560985
56.57,-56.57,120.0,150.0,63.43,-56.57,-0.954217602944228,-1.445499486762749,0.7747304752215753
56.58,-56.58,120.0,150.0,63.42,-56.58,-0.9539653011581447,-1.445666007135206,0.775000836987412
56.59,-56.59,120.0,150.0,63.41,-56.59,-0.9537129703126166,-1.4458324834701584,0.7752711751453739
56.6,-56.6,120.0,150.0,63.4,-56.6,-0.9534606104153301,-1.4459989157625346,0.7755414896872251
56.61,-56.61,120.0,150.0,63.39,-56.61,-0.9532082214739714,-1.446165304007266,0.7758117806047327
56.62,-56.62,120.0,150.0,63.38,-56.62,-0.9529558034962325,-1.4463316481992812,0.7760820478896594
56.63,-56.63,120.0,150.0,63.37,-56.63,-0.9527033564897984,-1.4464979483335163,0.7763522915337768
56.64,-56.64,120.0,150.0,63.36,-56.64,-0.9524508804623607,-1.4466642044049038,0.7766225115288505
56.65,-56.65,120.0,150.0,63.35,-56.65,-0.95219837542161,-1.4468304164083798,0.7768927078666503
56.66,-56.66,120.0,150.0,63.34,-56.66,-0.9519458413752384,-1.4469965843388815,0.7771628805389446
56.67,-56.67,120.0,150.0,63.33,-56.67,-0.9516932783309368,-1.4471627081913472,0.7774330295375054
56.68,-56.68,120.0,150.0,63.32,-56.68,-0.9514406862964014,-1.447328787960715,0.7777031548541002
56.69,-56.69,120.0,150.0,63.31,-56.69,-0.9511880652793266,-1.4474948236419263,0.7779732564805012
56.7,-56.7,120.0,150.0,63.3,-56.7,-0.9509354152874054,-1.4476608152299244,0.7782433344084828
56.71,-56.71,120.0,150.0,63.29,-56.71,-0.9506827363283336,-1.4478267627196535,0.7785133886298183
56.72,-56.72,120.0,150.0,63.28,-56.72,-0.9504300284098123,-1.4479926661060556,0.7787834191362768
56.73,-56.73,120.0,150.0,63.27,-56.73,-0.9501772915395353,-1.4481585253840799,0.7790534259196379
56.74,-56.74,120.0,150.0,63.26,-56.74,-0.9499245257252019,-1.4483243405486734,0.7793234089716753
56.75,-56.75,120.0,150.0,63.25,-56.75,-0.9496717309745152,-1.4484901115947832,0.7795933682841616
56.76,-56.76,120.0,150.0,63.24,-56.76,-0.949418907295172,-1.448655838517362,0.7798633038488774
56.77,-56.77,120.0,150.0,63.23,-56.77,-0.9491660546948738,-1.4488215213113613,0.7801332156576
56.78,-56.78,120.0,150.0,63.22,-56.78,-0.9489131731813256,-1.4489871599717326,0.7804031037021043
56.79,-56.79,120.0,150.0,63.21,-56.79,-0.9486602627622305,-1.44915275449343,0.7806729679741694
56.8,-56.8,120.0,150.0,63.2,-56.8,-0.9484073234452887,-1.449318304871412,0.7809428084655788
56.81,-56.81,120.0,150.0,63.19,-56.81,-0.9481543552382091,-1.449483811100633,0.7812126251681086
56.82,-56.82,120.0,150.0,63.18,-56.82,-0.9479013581486977,-1.4496492731760513,0.7814824180735394
56.83,-56.83,120.0,150.0,63.17,-56.83,-0.9476483321844582,-1.4498146910926286,0.7817521871736564
56.84,-56.84,120.0,150.0,63.16,-56.84,-0.9473952773531985,-1.4499800648453258,0.7820219324602411
56.85,-56.85,120.0,150.0,63.15,-56.85,-0.9471421936626312,-1.450145394429103,0.7822916539250728
56.86,-56.86,120.0,150.0,63.14,-56.86,-0.9468890811204603,-1.450310679838927,0.7825613515599409
56.87,-56.87,120.0,150.0,63.13,-56.87,-0.9466359397343996,-1.4504759210697602,0.7828310253566253
56.88,-56.88,120.0,150.0,63.12,-56.88,-0.9463827695121595,-1.4506411181165708,0.7831006753069136
56.89,-56.89,120.0,150.0,63.11,-56.89,-0.9461295704614529,-1.450806270974325,0.7833703014025897
56.9,-56.9,120.0,150.0,63.1,-56.9,-0.945876342589989,-1.4509713796379946,0.7836399036354442
56.91,-56.91,120.0,150.0,63.09,-56.91,-0.9456230859054854,-1.4511364441025478,0.7839094819972613
56.92,-56.92,120.0,150.0,63.08,-56.92,-0.9453698004156552,-1.4513014643629571,0.7841790364798298
56.93,-56.93,120.0,150.0,63.07,-56.93,-0.9451164861282143,-1.451466440414196,0.7844485670749393
56.94,-56.94,120.0,150.0,63.06,-56.94,-0.9448631430508789,-1.4516313722512386,0.7847180737743787
56.95,-56.95,120.0,150.0,63.05,-56.95,-0.9446097711913676,-1.4517962598690601,0.7849875565699372
56.96,-56.96,120.0,150.0,63.04,-56.96,-0.9443563705573947,-1.4519611032626405,0.7852570154534106
56.97,-56.97,120.0,150.0,63.03,-56.97,-0.9441029411566831,-1.4521259024269555,0.7855264504165854
56.98,-56.98,120.0,150.0,63.02,-56.98,-0.9438494829969513,-1.4522906573569863,0.7857958614512567
56.99,-56.99,120.0,150.0,63.01,-56.99,-0.9435959960859202,-1.4524553680477137,0.7860652485492171
57.0,-57.0,120.0,150.0,63.0,-57.0,-0.9433424804313114,-1.452620034494121,0.7863346117022612
57.01,-57.01,120.0,150.0,62.99,-57.01,-0.9430889360408475,-1.452784656691191,0.7866039509021824
57.02,-57.02,120.0,150.0,62.98,-57.02,-0.9428353629222518,-1.4529492346339101,0.7868732661407776
57.03,-57.03,120.0,150.0,62.97,-57.03,-0.9425817610832485,-1.4531137683172648,0.7871425574098426
57.04,-57.04,120.0,150.0,62.96,-57.04,-0.9423281305315631,-1.4532782577362429,0.7874118247011743
57.05,-57.05,120.0,150.0,62.95,-57.05,-0.9420744712749213,-1.4534427028858337,0.7876810680065698
57.06,-57.06,120.0,150.0,62.94,-57.06,-0.9418207833210499,-1.4536071037610279,0.7879502873178281
57.07,-57.07,120.0,150.0,62.93,-57.07,-0.941567066677677,-1.4537714603568177,0.788219482626748
57.08,-57.08,120.0,150.0,62.92,-57.08,-0.9413133213525313,-1.4539357726681965,0.7884886539251295
57.09,-57.09,120.0,150.0,62.91,-57.09,-0.9410595473533421,-1.4541000406901592,0.7887578012047733
57.1,-57.1,120.0,150.0,62.9,-57.1,-0.9408057446878397,-1.4542642644177015,0.7890269244574802
57.11,-57.11,120.0,150.0,62.89,-57.11,-0.9405519133637557,-1.4544284438458215,0.789296023675053
57.12,-57.12,120.0,150.0,62.88,-57.12,-0.940298053388822,-1.4545925789695173,0.7895650988492937
57.13,-57.13,120.0,150.0,62.87,-57.13,-0.9400441647707717,-1.4547566697837897,0.7898341499720064
57.14,-57.14,120.0,150.0,62.86,-57.14,-0.9397902475173386,-1.4549207162836397,0.7901031770349948
57.15,-57.15,120.0,150.0,62.85,-57.15,-0.9395363016362576,-1.4550847184640705,0.7903721800300646
57.16,-57.16,120.0,150.0,62.84,-57.16,-0.9392823271352643,-1.4552486763200858,0.7906411589490208
57.17,-57.17,120.0,150.0,62.83,-57.17,-0.9390283240220951,-1.4554125898466919,0.7909101137836698
57.18,-57.18,120.0,150.0,62.82,-57.18,-0.9387742923044874,-1.455576459038895,0.7911790445258193
57.19,-57.19,120.0,150.0,62.81,-57.19,-0.9385202319901796,-1.455740283891704,0.791447951167277
57.2,-57.2,120.0,150.0,62.8,-57.2,-0.9382661430869109,-1.455904064400128,0.7917168336998512
57.21,-57.21,120.0,150.0,62.79,-57.21,-0.938012025602421,-1.4560678005591783,0.791985692115352
57.22,-57.22,120.0,150.0,62.78,-57.22,-0.9377578795444507,-1.4562314923638668,0.7922545264055888
57.23,-57.23,120.0,150.0,62.77,-57.23,-0.9375037049207421,-1.4563951398092079,0.7925233365623728
57.24,-57.24,120.0,150.0,62.76,-57.24,-0.9372495017390374,-1.4565587428902158,0.7927921225775152
57.25,-57.25,120.0,150.0,62.75,-57.25,-0.9369952700070805,-1.4567223016019073,0.793060884442829
57.26,-57.26,120.0,150.0,62.74,-57.26,-0.9367410097326154,-1.4568858159392999,0.7933296221501263
57.27,-57.27,120.0,150.0,62.73,-57.27,-0.9364867209233875,-1.457049285897413,0.7935983356912217
57.28,-57.28,120.0,150.0,62.72,-57.28,-0.9362324035871428,-1.4572127114712665,0.7938670250579293
57.29,-57.29,120.0,150.0,62.71,-57.29,-0.9359780577316283,-1.4573760926558827,0.7941356902420645
57.3,-57.3,120.0,150.0,62.7,-57.3,-0.9357236833645916,-1.4575394294462847,0.7944043312354436
57.31,-57.31,120.0,150.0,62.69,-57.31,-0.9354692804937819,-1.4577027218374965,0.7946729480298829
57.32,-57.32,120.0,150.0,62.68,-57.32,-0.9352148491269481,-1.4578659698245444,0.7949415406171997
57.33,-57.33,120.0,150.0,62.67,-57.33,-0.9349603892718411,-1.4580291734024553,0.7952101089892126
57.34,-57.34,120.0,150.0,62.66,-57.34,-0.934705900936212,-1.4581923325662578,0.7954786531377406
57.35,-57.35,120.0,150.0,62.65,-57.35,-0.934451384127813,-1.4583554473109819,0.7957471730546027
57.36,-57.36,120.0,150.0,62.64,-57.36,-0.934196838854397,-1.4585185176316589,0.7960156687316202
57.37,-57.37,120.0,150.0,62.63,-57.37,-0.9339422651237183,-1.4586815435233211,0.7962841401606136
57.38,-57.38,120.0,150.0,62.62,-57.38,-0.9336876629435311,-1.4588445249810025,0.7965525873334054
57.39,-57.39,120.0,150.0,62.61,-57.39,-0.9334330323215912,-1.4590074619997386,0.7968210102418177
57.4,-57.4,120.0,150.0,62.6,-57.4,-0.9331783732656554,-1.459170354574566,0.7970894088776739
57.41,-57.41,120.0,150.0,62.59,-57.41,-0.932923685783481,-1.4593332027005226,0.7973577832327982
57.42,-57.42,120.0,150.0,62.58,-57.42,-0.9326689698828244,-1.4594960063726488,0.7976261332990171
57.43,-57.43,120.0,150.0,62.57,-57.43,-0.9324142255714493,-1.4596587655859825,0.7978944590681518
57.44,-57.44,120.0,150.0,62.56,-57.44,-0.9321594528571111,-1.4598214803355685,0.7981627605320326
57.45,-57.45,120.0,150.0,62.55,-57.45,-0.9319046517475724,-1.4599841506164495,0.7984310376824857
57.46,-57.46,120.0,150.0,62.54,-57.46,-0.9316498222505948,-1.46014677642367,0.798699290511338
57.47,-57.47,120.0,150.0,62.53,-57.47,-0.9313949643739406,-1.4603093577522763,0.7989675190104193
57.48,-57.48,120.0,150.0,62.52,-57.48,-0.9311400781253735,-1.4604718945973156,0.7992357231715582
57.49,-57.49,120.0,150.0,62.51,-57.49,-0.9308851635126563,-1.4606343869538383,0.7995039029865862
57.5,-57.5,120.0,150.0,62.5,-57.5,-0.9306302205435584,-1.4607968348168912,0.7997720584473293
57.51,-57.51,120.0,150.0,62.49,-57.51,-0.9303752492258411,-1.460959238181529,0.8000401895456245
57.52,-57.52,120.0,150.0,62.48,-57.52,-0.930120249567272,-1.4611215970428042,0.800308296273303
57.53,-57.53,120.0,150.0,62.47,-57.53,-0.9298652215756227,-1.4612839113957692,0.8005763786221939
57.54,-57.54,120.0,150.0,62.46,-57.54,-0.9296101652586576,-1.461446181235481,0.8008444365841352
57.55,-57.55,120.0,150.0,62.45,-57.55,-0.9293550806241462,-1.4616084065569976,0.8011124701509614
57.56,-57.56,120.0,150.0,62.44,-57.56,-0.929099967679863,-1.4617705873553746,0.8013804793145033
57.57,-57.57,120.0,150.0,62.43,-57.57,-0.9288448264335749,-1.461932723625674,0.8016484640666017
57.58,-57.58,120.0,150.0,62.42,-57.58,-0.9285896568930555,-1.4620948153629563,0.8019164243990913
57.59,-57.59,120.0,150.0,62.41,-57.59,-0.9283344590660764,-1.4622568625622843,0.8021843603038109
57.6,-57.6,120.0,150.0,62.4,-57.6,-0.9280792329604152,-1.4624188652187193,0.8024522717725947
57.61,-57.61,120.0,150.0,62.39,-57.61,-0.927823978583841,-1.4625808233273303,0.802720158797288
57.62,-57.62,120.0,150.0,62.38,-57.62,-0.9275686959441338,-1.4627427368831807,0.802988021369725
57.63,-57.63,120.0,150.0,62.37,-57.63,-0.9273133850490698,-1.4629046058813389,0.8032558594817473
57.64,-57.64,120.0,150.0,62.36,-57.64,-0.9270580459064234,-1.463066430316875,0.8035236731251978
57.65,-57.65,120.0,150.0,62.35,-57.65,-0.9268026785239727,-1.4632282101848602,0.8037914622919192
57.66,-57.66,120.0,150.0,62.34,-57.66,-0.9265472829094995,-1.4633899454803643,0.8040592269737509
57.67,-57.67,120.0,150.0,62.33,-57.67,-0.926291859070782,-1.4635516361984615,0.8043269671625382
57.68,-57.68,120.0,150.0,62.32,-57.68,-0.926036407015601,-1.4637132823342267,0.8045946828501247
57.69,-57.69,120.0,150.0,62.31,-57.69,-0.9257809267517378,-1.4638748838827358,0.8048623740283561
57.7,-57.7,120.0,150.0,62.3,-57.7,-0.9255254182869765,-1.464036440839065,0.8051300406890758
57.71,-57.71,120.0,150.0,62.29,-57.71,-0.9252698816290961,-1.4641979531982956,0.8053976828241349
57.72,-57.72,120.0,150.0,62.28,-57.72,-0.9250143167858845,-1.4643594209555053,0.8056653004253765
57.73,-57.73,120.0,150.0,62.27,-57.73,-0.924758723765127,-1.4645208441057755,0.8059328934846481
57.74,-57.74,120.0,150.0,62.26,-57.74,-0.9245031025746054,-1.4646822226441911,0.8062004619938024
57.75,-57.75,120.0,150.0,62.25,-57.75,-0.9242474532221101,-1.4648435565658344,0.8064680059446854
57.76,-57.76,120.0,150.0,62.24,-57.76,-0.9239917757154275,-1.4650048458657912,0.8067355253291477
57.77,-57.77,120.0,150.0,62.23,-57.77,-0.9237360700623458,-1.4651660905391486,0.8070030201390411
57.78,-57.78,120.0,150.0,62.22,-57.78,-0.9234803362706544,-1.4653272905809946,0.8072704903662166
57.79,-57.79,120.0,150.0,62.21,-57.79,-0.9232245743481433,-1.4654884459864188,0.8075379360025268
57.8,-57.8,120.0,150.0,62.2,-57.8,-0.9229687843026035,-1.4656495567505126,0.807805357039825
57.81,-57.81,120.0,150.0,62.19,-57.81,-0.922712966141827,-1.4658106228683674,0.8080727534699645
57.82,-57.82,120.0,150.0,62.18,-57.82,-0.9224571198736061,-1.4659716443350774,0.8083401252848006
57.83,-57.83,120.0,150.0,62.17,-57.83,-0.9222012455057358,-1.4661326211457368,0.8086074724761867
57.84,-57.84,120.0,150.0,62.16,-57.84,-0.9219453430460067,-1.4662935532954444,0.8088747950359836
57.85,-57.85,120.0,150.0,62.15,-57.85,-0.9216894125022176,-1.4664544407792957,0.8091420929560443
57.86,-57.86,120.0,150.0,62.14,-57.86,-0.9214334538821637,-1.46661528359239,0.8094093662282271
57.87,-57.87,120.0,150.0,62.13,-57.87,-0.9211774671936417,-1.4667760817298279,0.8096766148443908
57.88,-57.88,120.0,150.0,62.12,-57.88,-0.9209214524444495,-1.4669368351867116,0.8099438387963943
57.89,-57.89,120.0,150.0,62.11,-57.89,-0.9206654096423856,-1.467097543958144,0.8102110380760976
57.9,-57.9,120.0,150.0,62.1,-57.9,-0.9204093387952494,-1.4672582080392296,0.8104782126753615
57.91,-57.91,120.0,150.0,62.09,-57.91,-0.9201532399108419,-1.4674188274250743,0.810745362586047
57.92,-57.92,120.0,150.0,62.08,-57.92,-0.9198971129969638,-1.4675794021107857,0.8110124878000168
57.93,-57.93,120.0,150.0,62.07,-57.93,-0.9196409580614171,-1.467739932091472,0.8112795883091336
57.94,-57.94,120.0,150.0,62.06,-57.94,-0.9193847751120051,-1.4679004173622432,0.8115466641052604
57.95,-57.95,120.0,150.0,62.05,-57.95,-0.9191285641565312,-1.4680608579182108,0.8118137151802628
57.96,-57.96,120.0,150.0,62.04,-57.96,-0.9188723252028002,-1.4682212537544874,0.8120807415260053
57.97,-57.97,120.0,150.0,62.03,-57.97,-0.9186160582586176,-1.4683816048661873,0.8123477431343538
57.98,-57.98,120.0,150.0,62.02,-57.98,-0.9183597633317898,-1.4685419112484257,0.8126147199971748
57.99,-57.99,120.0,150.0,62.01,-57.99,-0.9181034404301239,-1.4687021728963192,0.8128816721063358
58.0,-58.0,120.0,150.0,62.0,-58.0,-0.9178470895614279,-1.4688623898049864,0.8131485994537057
58.01,-58.01,120.0,150.0,61.99,-58.01,-0.9175907107335108,-1.4690225619695465,0.8134155020311521
58.02,-58.02,120.0,150.0,61.98,-58.02,-0.9173343039541823,-1.4691826893851205,0.8136823798305458
58.03,-58.03,120.0,150.0,61.97,-58.03,-0.917077869231253,-1.4693427720468306,0.8139492328437568
58.04,-58.04,120.0,150.0,61.96,-58.04,-0.9168214065725344,-1.4695028099498004,0.8142160610626565
58.05,-58.05,120.0,150.0,61.95,-58.05,-0.9165649159858387,-1.469662803089155,0.8144828644791166
58.06,-58.06,120.0,150.0,61.94,-58.06,-0.916308397478979,-1.4698227514600204,0.8147496430850099
58.07,-58.07,120.0,150.0,61.93,-58.07,-0.9160518510597696,-1.4699826550575246,0.8150163968722096
58.08,-58.08,120.0,150.0,61.92,-58.08,-0.9157952767360249,-1.4701425138767965,0.8152831258325904
58.09,-58.09,120.0,150.0,61.91,-58.09,-0.915538674515561,-1.4703023279129668,0.815549829958027
58.1,-58.1,120.0,150.0,61.9,-58.1,-0.9152820444061942,-1.470462097161167,0.8158165092403955
58.11,-58.11,120.0,150.0,61.89,-58.11,-0.9150253864157422,-1.47062182161653,0.8160831636715714
58.12,-58.12,120.0,150.0,61.88,-58.12,-0.9147687005520229,-1.470781501274191,0.8163497932434332
58.13,-58.13,120.0,150.0,61.87,-58.13,-0.9145119868228555,-1.4709411361292855,0.8166163979478581
58.14,-58.14,120.0,150.0,61.86,-58.14,-0.9142552452360599,-1.4711007261769506,0.816882977776725
58.15,-58.15,120.0,150.0,61.85,-58.15,-0.9139984757994571,-1.471260271412325,0.8171495327219135
58.16,-58.16,120.0,150.0,61.84,-58.16,-0.9137416785208688,-1.471419771830549,0.8174160627753038
58.17,-58.17,120.0,150.0,61.83,-58.17,-0.9134848534081158,-1.4715792274267643,0.8176825679287785
58.18,-58.18,120.0,150.0,61.82,-58.18,-0.9132280004690256,-1.4717386381961115,0.817949048174215
58.19,-58.19,120.0,150.0,61.81,-58.19,-0.9129711197114185,-1.471898004133737,0.8182155035035003
58.2,-58.2,120.0,150.0,61.8,-58.2,-0.9127142111431209,-1.4720573252347853,0.8184819339085156
58.21,-58.21,120.0,150.0,61.79,-58.21,-0.9124572747719584,-1.4722166014944031,0.8187483393811457
58.22,-58.22,120.0,150.0,61.78,-58.22,-0.9122003106057579,-1.472375832907739,0.8190147199132756
58.23,-58.23,120.0,150.0,61.77,-58.23,-0.9119433186523471,-1.4725350194699423,0.81928107549679
58.24,-58.24,120.0,150.0,61.76,-58.24,-0.9116862989195542,-1.472694161176164,0.8195474061235759
58.25,-58.25,120.0,150.0,61.75,-58.25,-0.9114292514152086,-1.472853258021556,0.8198137117855202
58.26,-58.26,120.0,150.0,61.74,-58.26,-0.9111721761471404,-1.4730123100012724,0.820079992474511
58.27,-58.27,120.0,150.0,61.73,-58.27,-0.9109150731231793,-1.4731713171104686,0.8203462481824376
58.28,-58.28,120.0,150.0,61.72,-58.28,-0.9106579423511607,-1.4733302793442988,0.8206124789011863
58.29,-58.29,120.0,150.0,61.71,-58.29,-0.9104007838389139,-1.473489196697923,0.8208786846226507
58.3,-58.3,120.0,150.0,61.7,-58.3,-0.9101435975942719,-1.4736480691665006,0.8211448653387216
58.31,-58.31,120.0,150.0,61.69,-58.31,-0.9098863836250732,-1.4738068967451894,0.821411021041287
58.32,-58.32,120.0,150.0,61.68,-58.32,-0.909629141939149,-1.4739656794291538,0.8216771517222435
58.33,-58.33,120.0,150.0,61.67,-58.33,-0.9093718725443367,-1.474124417213556,0.8219432573734823
58.34,-58.34,120.0,150.0,61.66,-58.34,-0.9091145754484731,-1.4742831100935607,0.822209337986898
58.35,-58.35,120.0,150.0,61.65,-58.35,-0.9088572506593959,-1.4744417580643339,0.8224753935543847
58.36,-58.36,120.0,150.0,61.64,-58.36,-0.9085998981849426,-1.4746003611210434,0.82274142406784
58.37,-58.37,120.0,150.0,61.63,-58.37,-0.9083425180329547,-1.4747589192588566,0.8230074295191568
58.38,-58.38,120.0,150.0,61.62,-58.38,-0.908085110211273,-1.4749174324729435,0.8232734099002325
58.39,-58.39,120.0,150.0,61.61,-58.39,-0.9078276747277357,-1.4750759007584768,0.8235393652029672
58.4,-58.4,120.0,150.0,61.6,-58.4,-0.9075702115901847,-1.4752343241106298,0.8238052954192598
58.41,-58.41,120.0,150.0,61.59,-58.41,-0.9073127208064669,-1.4753927025245739,0.8240712005410055
58.42,-58.42,120.0,150.0,61.58,-58.42,-0.9070552023844205,-1.4755510359954878,0.8243370805601092
58.43,-58.43,120.0,150.0,61.57,-58.43,-0.9067976563318938,-1.4757093245185462,0.8246029354684687
58.44,-58.44,120.0,150.0,61.56,-58.44,-0.9065400826567324,-1.4758675680889273,0.824868765257985
58.45,-58.45,120.0,150.0,61.55,-58.45,-0.9062824813667797,-1.4760257667018122,0.8251345699205632
58.46,-58.46,120.0,150.0,61.54,-58.46,-0.9060248524698825,-1.4761839203523819,0.8254003494481064
58.47,-58.47,120.0,150.0,61.53,-58.47,-0.9057671959738915,-1.4763420290358171,0.8256661038325156
58.48,-58.48,120.0,150.0,61.52,-58.48,-0.9055095118866553,-1.476500092747302,0.8259318330656963
58.49,-58.49,120.0,150.0,61.51,-58.49,-0.9052518002160194,-1.4766581114820234,0.8261975371395569
58.5,-58.5,120.0,150.0,61.5,-58.5,-0.9049940609698379,-1.476816085235166,0.8264632160460003
58.51,-58.51,120.0,150.0,61.49,-58.51,-0.9047362941559626,-1.4769740140019172,0.8267288697769328
58.52,-58.52,120.0,150.0,61.48,-58.52,-0.9044784997822409,-1.4771318977774688,0.8269944983242666
58.53,-58.53,120.0,150.0,61.47,-58.53,-0.90422067785653,-1.477289736557009,0.8272601016799062
58.54,-58.54,120.0,150.0,61.46,-58.54,-0.9039628283866835,-1.4774475303357297,0.8275256798357606
58.55,-58.55,120.0,150.0,61.45,-58.55,-0.9037049513805522,-1.4776052791088268,0.8277912327837444
58.56,-58.56,120.0,150.0,61.44,-58.56,-0.903447046845995,-1.4777629828714922,0.8280567605157635
58.57,-58.57,120.0,150.0,61.43,-58.57,-0.9031891147908669,-1.4779206416189232,0.8283222630237317
58.58,-58.58,120.0,150.0,61.42,-58.58,-0.9029311552230266,-1.4780782553463163,0.8285877402995595
58.59,-58.59,120.0,150.0,61.41,-58.59,-0.9026731681503279,-1.4782358240488727,0.828853192335164
58.6,-58.6,120.0,150.0,61.4,-58.6,-0.9024151535806335,-1.4783933477217899,0.829118619122455
58.61,-58.61,120.0,150.0,61.39,-58.61,-0.9021571115218013,-1.478550826360271,0.8293840206533492
58.62,-58.62,120.0,150.0,61.38,-58.62,-0.9018990419816924,-1.4787082599595178,0.8296493969197606
58.63,-58.63,120.0,150.0,61.37,-58.63,-0.9016409449681674,-1.4788656485147358,0.8299147479136064
58.64,-58.64,120.0,150.0,61.36,-58.64,-0.9013828204890887,-1.4790229920211297,0.8301800736268035
58.65,-58.65,120.0,150.0,61.35,-58.65,-0.9011246685523192,-1.4791802904739073,0.8304453740512697
58.66,-58.66,120.0,150.0,61.34,-58.66,-0.9008664891657228,-1.4793375438682763,0.8307106491789229
58.67,-58.67,120.0,150.0,61.33,-58.67,-0.9006082823371636,-1.479494752199447,0.8309758990016828
58.68,-58.68,120.0,150.0,61.32,-58.68,-0.9003500480745075,-1.4796519154626304,0.8312411235114695
58.69,-58.69,120.0,150.0,61.31,-58.69,-0.9000917863856206,-1.4798090336530394,0.8315063227002035
58.7,-58.7,120.0,150.0,61.3,-58.7,-0.8998334972783699,-1.4799661067658871,0.8317714965598066
58.71,-58.71,120.0,150.0,61.29,-58.71,-0.8995751807606236,-1.4801231347963895,0.8320366450822011
58.72,-58.72,120.0,150.0,61.28,-58.72,-0.8993168368402503,-1.4802801177397629,0.83230176825931
58.73,-58.73,120.0,150.0,61.27,-58.73,-0.8990584655251196,-1.4804370555912254,0.832566866083057
58.74,-58.74,120.0,150.0,61.26,-58.74,-0.8988000668231021,-1.4805939483459964,0.8328319385453673
58.75,-58.75,120.0,150.0,61.25,-58.75,-0.8985416407420688,-1.4807507959992967,0.8330969856381659
58.76,-58.76,120.0,150.0,61.24,-58.76,-0.8982831872898919,-1.4809075985463485,0.8333620073533795
58.77,-58.77,120.0,150.0,61.23,-58.77,-0.8980247064744445,-1.481064355982375,0.8336270036829342
58.78,-58.78,120.0,150.0,61.22,-58.78,-0.8977661983036003,-1.4812210683026017,0.8338919746187587
58.79,-58.79,120.0,150.0,61.21,-58.79,-0.8975076627852339,-1.4813777355022542,0.8341569201527806
58.8,-58.8,120.0,150.0,61.2,-58.8,-0.8972490999272207,-1.4815343575765607,0.8344218402769301
58.81,-58.81,120.0,150.0,61.19,-58.81,-0.8969905097374369,-1.4816909345207498,0.8346867349831367
58.82,-58.82,120.0,150.0,61.18,-58.82,-0.8967318922237596,-1.481847466330052,0.8349516042633314
58.83,-58.83,120.0,150.0,61.17,-58.83,-0.896473247394067,-1.4820039529996996,0.835216448109446
58.84,-58.84,120.0,150.0,61.16,-58.84,-0.8962145752562378,-1.4821603945249249,0.8354812665134126
58.85,-58.85,120.0,150.0,61.15,-58.85,-0.8959558758181514,-1.482316790900963,0.8357460594671645
58.86,-58.86,120.0,150.0,61.14,-58.86,-0.8956971490876885,-1.4824731421230495,0.8360108269626356
58.87,-58.87,120.0,150.0,61.13,-58.87,-0.8954383950727299,-1.4826294481864215,0.8362755689917607
58.88,-58.88,120.0,150.0,61.12,-58.88,-0.8951796137811583,-1.4827857090863183,0.8365402855464754
58.89,-58.89,120.0,150.0,61.11,-58.89,-0.8949208052208564,-1.4829419248179794,0.8368049766187159
58.9,-58.9,120.0,150.0,61.1,-58.9,-0.8946619693997078,-1.4830980953766464,0.8370696422004189
58.91,-58.91,120.0,150.0,61.09,-58.91,-0.894403106325597,-1.483254220757562,0.8373342822835228
58.92,-58.92,120.0,150.0,61.08,-58.92,-0.8941442160064099,-1.4834103009559703,0.8375988968599654
58.93,-58.93,120.0,150.0,61.07,-58.93,-0.8938852984500323,-1.4835663359671167,0.8378634859216868
58.94,-58.94,120.0,150.0,61.06,-58.94,-0.8936263536643516,-1.4837223257862486,0.8381280494606269
58.95,-58.95,120.0,150.0,61.05,-58.95,-0.8933673816572555,-1.4838782704086138,0.8383925874687267
58.96,-58.96,120.0,150.0,61.04,-58.96,-0.8931083824366327,-1.4840341698294623,0.8386570999379286
58.97,-58.97,120.0,150.0,61.03,-58.97,-0.892849356010373,-1.4841900240440447,0.8389215868601733
58.98,-58.98,120.0,150.0,61.02,-58.98,-0.8925903023863666,-1.4843458330476138,0.839186048227406
58.99,-58.99,120.0,150.0,61.01,-58.99,-0.8923312215725048,-1.4845015968354232,0.8394504840315694
59.0,-59.0,120.0,150.0,61.0,-59.0,-0.8920721135766796,-1.4846573154027278,0.8397148942646087
59.01,-59.01,120.0,150.0,60.99,-59.01,-0.8918129784067839,-1.484812988744785,0.8399792789184701
59.02,-59.02,120.0,150.0,60.98,-59.02,-0.8915538160707115,-1.4849686168568519,0.8402436379850995
59.03,-59.03,120.0,150.0,60.97,-59.03,-0.8912946265763569,-1.485124199734188,0.8405079714564434
59.04,-59.04,120.0,150.0,60.96,-59.04,-0.8910354099316155,-1.485279737372054,0.840772279324451
59.05,-59.05,120.0,150.0,60.95,-59.05,-0.8907761661443832,-1.485435229765712,0.8410365615810701
59.06,-59.06,120.0,150.0,60.94,-59.06,-0.8905168952225573,-1.4855906769104257,0.8413008182182508
59.07,-59.07,120.0,150.0,60.93,-59.07,-0.8902575971740355,-1.4857460788014594,0.8415650492279427
59.08,-59.08,120.0,150.0,60.92,-59.08,-0.8899982720067168,-1.4859014354340794,0.8418292546020978
59.09,-59.09,120.0,150.0,60.91,-59.09,-0.8897389197285002,-1.4860567468035535,0.842093434332667
59.1,-59.1,120.0,150.0,60.9,-59.1,-0.8894795403472865,-1.4862120129051506,0.8423575884116038
59.11,-59.11,120.0,150.0,60.89,-59.11,-0.8892201338709751,-1.4863672337341418,0.8426217168308621
59.12,-59.12,120.0,150.0,60.88,-59.12,-0.8889607003074722,-1.4865224092857963,0.8428858195823926
59.13,-59.13,120.0,150.0,60.87,-59.13,-0.8887012396646764,-1.4866775395553895,0.8431498966581543
59.14,-59.14,120.0,150.0,60.86,-59.14,-0.888441751950493,-1.4868326245381955,0.8434139480501014
59.15,-59.15,120.0,150.0,60.85,-59.15,-0.888182237172825,-1.4869876642294904,0.8436779737501917
59.16,-59.16,120.0,150.0,60.84,-59.16,-0.8879226953395815,-1.4871426586245493,0.8439419737503785
59.17,-59.17,120.0,150.0,60.83,-59.17,-0.8876631264586634,-1.487297607718654,0.8442059480426257
59.18,-59.18,120.0,150.0,60.82,-59.18,-0.8874035305379815,-1.487452511507082,0.8444698966188878
59.19,-59.19,120.0,150.0,60.81,-59.19,-0.8871439075854435,-1.4876073699851147,0.8447338194711247
59.2,-59.2,120.0,150.0,60.8,-59.2,-0.8868842576089556,-1.4877621831480365,0.844997716591299
59.21,-59.21,120.0,150.0,60.79,-59.21,-0.886624580616427,-1.4879169509911314,0.8452615879713724
59.22,-59.22,120.0,150.0,60.78,-59.22,-0.8863648766157719,-1.4880716735096824,0.8455254336033023
59.23,-59.23,120.0,150.0,60.77,-59.23,-0.8861051456148974,-1.4882263506989792,0.8457892534790569
59.24,-59.24,120.0,150.0,60.76,-59.24,-0.8858453876217154,-1.48838098255431,0.8460530475905986
59.25,-59.25,120.0,150.0,60.75,-59.25,-0.885585602644141,-1.4885355690709623,0.8463168159298892
59.26,-59.26,120.0,150.0,60.74,-59.26,-0.885325790690088,-1.4886901102442276,0.8465805584888941
59.27,-59.27,120.0,150.0,60.73,-59.27,-0.8850659517674664,-1.4888446060694005,0.8468442752595833
59.28,-59.28,120.0,150.0,60.72,-59.28,-0.8848060858841957,-1.4889990565417726,0.8471079662339193
59.29,-59.29,120.0,150.0,60.71,-59.29,-0.8845461930481918,-1.4891534616566389,0.8473716314038697
59.3,-59.3,120.0,150.0,60.7,-59.3,-0.8842862732673672,-1.4893078214092985,0.8476352707614071
59.31,-59.31,120.0,150.0,60.69,-59.31,-0.8840263265496437,-1.4894621357950466,0.8478988842984962
59.32,-59.32,120.0,150.0,60.68,-59.32,-0.8837663529029399,-1.4896164048091831,0.8481624720071073
59.33,-59.33,120.0,150.0,60.67,-59.33,-0.8835063523351724,-1.4897706284470096,0.8484260338792127
59.34,-59.34,120.0,150.0,60.66,-59.34,-0.8832463248542609,-1.4899248067038287,0.848689569906785
59.35,-59.35,120.0,150.0,60.65,-59.35,-0.882986270468129,-1.490078939574942,0.8489530800817934
59.36,-59.36,120.0,150.0,60.64,-59.36,-0.8827261891846973,-1.4902330270556552,0.8492165643962118
59.37,-59.37,120.0,150.0,60.63,-59.37,-0.8824660810118885,-1.4903870691412746,0.8494800228420147
59.38,-59.38,120.0,150.0,60.62,-59.38,-0.8822059459576255,-1.4905410658271079,0.8497434554111765
59.39,-59.39,120.0,150.0,60.61,-59.39,-0.8819457840298338,-1.4906950171084632,0.850006862095671
59.4,-59.4,120.0,150.0,60.6,-59.4,-0.8816855952364349,-1.4908489229806532,0.8502702428874787
59.41,-59.41,120.0,150.0,60.59,-59.41,-0.8814253795853583,-1.491002783438987,0.8505335977785721
59.42,-59.42,120.0,150.0,60.58,-59.42,-0.881165137084529,-1.4911565984787791,0.8507969267609308
59.43,-59.43,120.0,150.0,60.57,-59.43,-0.8809048677418749,-1.4913103680953437,0.8510602298265331
59.44,-59.44,120.0,150.0,60.56,-59.44,-0.8806445715653242,-1.4914640922839966,0.851323506967358
59.45,-59.45,120.0,150.0,60.55,-59.45,-0.8803842485628056,-1.4916177710400556,0.8515867581753862
59.46,-59.46,120.0,150.0,60.54,-59.46,-0.8801238987422494,-1.4917714043588388,0.8518499834425984
59.47,-59.47,120.0,150.0,60.53,-59.47,-0.8798635221115862,-1.4919249922356668,0.852113182760976
59.48,-59.48,120.0,150.0,60.52,-59.48,-0.8796031186787474,-1.4920785346658603,0.852376356122502
59.49,-59.49,120.0,150.0,60.51,-59.49,-0.8793426884516653,-1.492232031644743,0.8526395035191596
59.5,-59.5,120.0,150.0,60.5,-59.5,-0.8790822314382735,-1.4923854831676384,0.8529026249429323
59.51,-59.51,120.0,150.0,60.49,-59.51,-0.8788217476465054,-1.4925388892298725,0.8531657203858056
59.52,-59.52,120.0,150.0,60.48,-59.52,-0.8785612370842962,-1.492692249826772,0.8534287898397649
59.53,-59.53,120.0,150.0,60.47,-59.53,-0.8783006997595812,-1.4928455649536658,0.853691833296797
59.54,-59.54,120.0,150.0,60.46,-59.54,-0.878040135680297,-1.4929988346058831,0.8539548507488882
59.55,-59.55,120.0,150.0,60.45,-59.55,-0.8777795448543808,-1.4931520587787552,0.8542178421880274
59.56,-59.56,120.0,150.0,60.44,-59.56,-0.8775189272897708,-1.4933052374676148,0.8544808076062034
59.57,-59.57,120.0,150.0,60.43,-59.57,-0.8772582829944056,-1.4934583706677957,0.8547437469954056
59.58,-59.58,120.0,150.0,60.42,-59.58,-0.876997611976225,-1.4936114583746332,0.8550066603476241
59.59,-59.59,120.0,150.0,60.41,-59.59,-0.8767369142431696,-1.4937645005834639,0.8552695476548504
59.6,-59.6,120.0,150.0,60.4,-59.6,-0.8764761898031805,-1.4939174972896256,0.8555324089090762
59.61,-59.61,120.0,150.0,60.39,-59.61,-0.8762154386641999,-1.4940704484884584,0.855795244102295
59.62,-59.62,120.0,150.0,60.38,-59.62,-0.8759546608341708,-1.494223354175303,0.8560580532265002
59.63,-59.63,120.0,150.0,60.37,-59.63,-0.8756938563210369,-1.4943762143455008,0.8563208362736855
59.64,-59.64,120.0,150.0,60.36,-59.64,-0.8754330251327429,-1.4945290289943967,0.8565835932358463
59.65,-59.65,120.0,150.0,60.35,-59.65,-0.8751721672772339,-1.4946817981173348,0.8568463241049793
59.66,-59.66,120.0,150.0,60.34,-59.66,-0.8749112827624562,-1.4948345217096617,0.8571090288730804
59.67,-59.67,120.0,150.0,60.33,-59.67,-0.8746503715963568,-1.4949871997667252,0.8573717075321476
59.68,-59.68,120.0,150.0,60.32,-59.68,-0.8743894337868837,-1.4951398322838745,0.8576343600741788
59.69,-59.69,120.0,150.0,60.31,-59.69,-0.8741284693419853,-1.4952924192564603,0.857896986491174
59.7,-59.7,120.0,150.0,60.3,-59.7,-0.873867478269611,-1.4954449606798341,0.8581595867751322
59.71,-59.71,120.0,150.0,60.29,-59.71,-0.8736064605777111,-1.4955974565493497,0.8584221609180549
59.72,-59.72,120.0,150.0,60.28,-59.72,-0.8733454162742368,-1.4957499068603612,0.8586847089119428
59.73,-59.73,120.0,150.0,60.27,-59.73,-0.8730843453671395,-1.4959023116082257,0.8589472307487998
59.74,-59.74,120.0,150.0,60.26,-59.74,-0.8728232478643725,-1.4960546707882996,0.8592097264206268
59.75,-59.75,120.0,150.0,60.25,-59.75,-0.872562123773889,-1.4962069843959422,0.8594721959194291
59.76,-59.76,120.0,150.0,60.24,-59.76,-0.8723009731036433,-1.4963592524265141,0.8597346392372116
59.77,-59.77,120.0,150.0,60.23,-59.77,-0.8720397958615904,-1.4965114748753767,0.8599970563659793
59.78,-59.78,120.0,150.0,60.22,-59.78,-0.8717785920556864,-1.4966636517378928,0.8602594472977384
59.79,-59.79,120.0,150.0,60.21,-59.79,-0.8715173616938878,-1.4968157830094273,0.8605218120244966
59.8,-59.8,120.0,150.0,60.2,-59.8,-0.8712561047841526,-1.4969678686853454,0.8607841505382609
59.81,-59.81,120.0,150.0,60.19,-59.81,-0.8709948213344384,-1.4971199087610148,0.8610464628310409
59.82,-59.82,120.0,150.0,60.18,-59.82,-0.8707335113527049,-1.497271903231804,0.8613087488948462
59.83,-59.83,120.0,150.0,60.17,-59.83,-0.870472174846912,-1.497423852093083,0.8615710087216862
59.84,-59.84,120.0,150.0,60.16,-59.84,-0.8702108118250202,-1.4975757553402227,0.8618332423035725
59.85,-59.85,120.0,150.0,60.15,-59.85,-0.8699494222949914,-1.4977276129685966,0.862095449632517
59.86,-59.86,120.0,150.0,60.14,-59.86,-0.8696880062647865,-1.4978794249735792,0.8623576307005338
59.87,-59.87,120.0,150.0,60.13,-59.87,-0.8694265637423726,-1.498031191350544,0.8626197854996326
59.88,-59.88,120.0,150.0,60.12,-59.88,-0.8691650947357099,-1.4981829120948698,0.8628819140218313
59.89,-59.89,120.0,150.0,60.11,-59.89,-0.8689035992527644,-1.4983345872019345,0.8631440162591438
59.9,-59.9,120.0,150.0,60.1,-59.9,-0.8686420773015017,-1.4984862166671176,0.8634060922035861
59.91,-59.91,120.0,150.0,60.09,-59.91,-0.8683805288898881,-1.4986378004858005,0.8636681418471748
59.92,-59.92,120.0,150.0,60.08,-59.92,-0.8681189540258897,-1.4987893386533662,0.863930165181929
59.93,-59.93,120.0,150.0,60.07,-59.93,-0.8678573527174783,-1.4989408311651964,0.8641921621998625
59.94,-59.94,120.0,150.0,60.06,-59.94,-0.867595724972619,-1.4990922780166787,0.8644541328929992
59.95,-59.95,120.0,150.0,60.05,-59.95,-0.8673340707992829,-1.499243679203199,0.8647160772533568
59.96,-59.96,120.0,150.0,60.04,-59.96,-0.8670723902054386,-1.4993950347201457,0.8649779952729578
59.97,-59.97,120.0,150.0,60.03,-59.97,-0.8668106831990616,-1.4995463445629067,0.86523988694382
59.98,-59.98,120.0,150.0,60.02,-59.98,-0.8665489497881202,-1.4996976087268745,0.865501752257969
59.99,-59.99,120.0,150.0,60.01,-59.99,-0.8662871899805867,-1.4998488272074417,0.8657635912074286
60.0,-60.0,120.0,150.0,60.0,-60.0,-0.8660254037844394,-1.4999999999999996,0.8660254037842184
