orbit_abs_deg,world_spin_delta_deg,centerline_gap_over_R
0.0,0.0,0.8660254037841228
0.01,2.3468310083884627e-35,0.865763591207867
0.02,4.6936620167769255e-35,0.8655017522584081
0.03,7.040493025165387e-35,0.8652398869442595
0.04,9.387324033553851e-35,0.8649779952733961
0.05,1.1734155041942315e-34,0.8647160772537957
0.06,1.4080986050330775e-34,0.8644541328934388
0.07,1.642781705871924e-34,0.8641921622003023
0.08,1.8774648067107702e-34,0.8639301651823665
0.09,2.112147907549616e-34,0.863668141847614
0.1,2.346831008388463e-34,0.8634060922040259
0.11,2.581514109227309e-34,0.8631440162595828
0.12,2.816197210066155e-34,0.8628819140222703
0.13,3.0508803109050014e-34,0.8626197855000722
0.14,3.285563411743848e-34,0.8623576307009724
0.15,3.5202465125826935e-34,0.862095449632956
0.16,3.7549296134215404e-34,0.8618332423040121
0.17,3.9896127142603864e-34,0.8615710087221258
0.18,4.224295815099232e-34,0.8613087488952851
0.19,4.458978915938079e-34,0.8610464628314801
0.2,4.693662016776926e-34,0.8607841505387008
0.21,4.928345117615771e-34,0.8605218120249355
0.22,5.163028218454618e-34,0.8602594472981774
0.23,5.397711319293464e-34,0.8599970563664189
0.24,5.63239442013231e-34,0.8597346392376504
0.25,5.867077520971156e-34,0.8594721959198683
0.26,6.101760621810003e-34,0.8592097264210664
0.27,6.336443722648849e-34,0.8589472307492385
0.28,6.571126823487696e-34,0.8586847089123821
0.29,6.8058099243265405e-34,0.858422160918494
0.3,7.040493025165387e-34,0.8581595867755715
0.31,7.2751761260042335e-34,0.8578969864916131
0.32,7.509859226843081e-34,0.857634360074618
0.33,7.744542327681926e-34,0.8573717075325865
0.34,7.979225428520773e-34,0.8571090288735193
0.35,8.213908529359618e-34,0.8568463241054182
0.36,8.448591630198464e-34,0.8565835932362849
0.37,8.68327473103731e-34,0.8563208362741243
0.38,8.917957831876159e-34,0.8560580532269388
0.39,9.152640932715005e-34,0.855795244102734
0.4,9.387324033553852e-34,0.8555324089095154
0.41,9.622007134392696e-34,0.8552695476552892
0.42,9.856690235231543e-34,0.855006660348063
0.43,1.009137333607039e-33,0.8547437469958443
0.44,1.0326056436909236e-33,0.8544808076066422
0.45,1.0560739537748082e-33,0.8542178421884665
0.46,1.0795422638586929e-33,0.8539548507493266
0.47,1.1030105739425773e-33,0.8536918332972359
0.48,1.126478884026462e-33,0.8534287898402041
0.49,1.1499471941103466e-33,0.8531657203862442
0.5,1.1734155041942313e-33,0.8529026249433713
0.51,1.196883814278116e-33,0.8526395035195985
0.52,1.2203521243620006e-33,0.8523763561229406
0.53,1.2438204344458852e-33,0.8521131827614149
0.54,1.2672887445297699e-33,0.8518499834430373
0.55,1.2907570546136545e-33,0.8515867581758245
0.56,1.3142253646975392e-33,0.8513235069677962
0.57,1.3376936747814235e-33,0.8510602298269719
0.58,1.3611619848653081e-33,0.850796926761369
0.59,1.3846302949491928e-33,0.8505335977790106
0.6,1.4080986050330774e-33,0.8502702428879176
0.61,1.431566915116962e-33,0.8500068620961106
0.62,1.4550352252008467e-33,0.849743455411615
0.63,1.4785035352847315e-33,0.8494800228424533
0.64,1.5019718453686162e-33,0.849216564396651
0.65,1.5254401554525008e-33,0.8489530800822317
0.66,1.5489084655363853e-33,0.8486895699072234
0.67,1.57237677562027e-33,0.8484260338796533
0.68,1.5958450857041546e-33,0.8481624720075467
0.69,1.619313395788039e-33,0.8478988842989346
0.7,1.6427817058719235e-33,0.8476352707618461
0.71,1.6662500159558083e-33,0.8473716314043096
0.72,1.6897183260396928e-33,0.8471079662343578
0.73,1.7131866361235776e-33,0.8468442752600217
0.74,1.736654946207462e-33,0.846580558489334
0.75,1.760123256291347e-33,0.8463168159303275
0.76,1.7835915663752317e-33,0.8460530475910368
0.77,1.8070598764591162e-33,0.8457892534794966
0.78,1.830528186543001e-33,0.8455254336037423
0.79,1.8539964966268855e-33,0.8452615879718107
0.8,1.8774648067107703e-33,0.8449977165917378
0.81,1.9009331167946548e-33,0.8447338194715641
0.82,1.9244014268785393e-33,0.8444698966193261
0.83,1.9478697369624238e-33,0.8442059480430635
0.84,1.9713380470463086e-33,0.8439419737508184
0.85,1.994806357130193e-33,0.84367797375063
0.86,2.018274667214078e-33,0.8434139480505403
0.87,2.0417429772979623e-33,0.843149896658594
0.88,2.065211287381847e-33,0.8428858195828322
0.89,2.0886795974657316e-33,0.8426217168313004
0.9,2.1121479075496164e-33,0.8423575884120428
0.91,2.135616217633501e-33,0.8420934343331069
0.92,2.1590845277173857e-33,0.8418292546025375
0.93,2.1825528378012702e-33,0.841565049228382
0.94,2.2060211478851547e-33,0.8413008182186905
0.95,2.229489457969039e-33,0.8410365615815099
0.96,2.252957768052924e-33,0.8407722793248898
0.97,2.2764260781368085e-33,0.8405079714568832
0.98,2.2998943882206933e-33,0.8402436379855388
0.99,2.3233626983045777e-33,0.8399792789189089
1.0,2.3468310083884626e-33,0.8397148942650479
1.01,2.6074691954166785e-29,0.8394504840320091
1.02,5.214703707732517e-29,0.8391860482278448
1.03,7.821938220048357e-29,0.8389215868606124
1.04,1.0429172732364196e-28,0.838657099938368
1.05,1.3036407244680036e-28,0.838392587469166
1.06,1.5643641756995876e-28,0.8381280494610661
1.07,1.8250876269311714e-28,0.8378634859221261
1.08,2.0858110781627554e-28,0.8375988968604043
1.09,2.3465345293943394e-28,0.8373342822839616
1.1,2.6072579806259234e-28,0.8370696422008578
1.11,2.8679814318575074e-28,0.8368049766191548
1.12,3.1287048830890914e-28,0.8365402855469144
1.13,3.389428334320669e-28,0.8362755689921998
1.14,3.650151785552253e-28,0.8360108269630754
1.15,3.910875236783837e-28,0.8357460594676034
1.16,4.171598688015422e-28,0.8354812665138516
1.17,4.432322139247005e-28,0.835216448109885
1.18,4.693045590478589e-28,0.8349516042637706
1.19,4.953769041710173e-28,0.8346867349835758
1.2,5.214492492941757e-28,0.8344218402773691
1.21,5.475215944173341e-28,0.8341569201532197
1.22,5.735939395404925e-28,0.8338919746191975
1.23,5.996662846636509e-28,0.8336270036833732
1.24,6.257386297868093e-28,0.8333620073538176
1.25,6.518109749099677e-28,0.8330969856386049
1.26,6.778833200331261e-28,0.8328319385458064
1.27,7.039556651562845e-28,0.8325668660834956
1.28,7.300280102794429e-28,0.832301768259749
1.29,7.561003554026013e-28,0.8320366450826401
1.3,7.821727005257597e-28,0.8317714965602451
1.31,8.082450456489182e-28,0.8315063227006425
1.32,8.343173907720766e-28,0.8312411235119086
1.33,8.60389735895235e-28,0.8309758990021213
1.34,8.864620810183934e-28,0.8307106491793612
1.35,9.125344261415518e-28,0.8304453740517086
1.36,9.386067712647102e-28,0.8301800736272421
1.37,9.646791163878686e-28,0.8299147479140448
1.38,9.907514615110262e-28,0.8296493969201998
1.39,1.0168238066341846e-27,0.8293840206537878
1.4,1.042896151757343e-27,0.8291186191228932
1.41,1.0689684968805014e-27,0.8288531923356027
1.42,1.0950408420036598e-27,0.8285877402999996
1.43,1.1211131871268182e-27,0.82832226302417
1.44,1.1471855322499766e-27,0.8280567605162019
1.45,1.173257877373135e-27,0.8277912327841833
1.46,1.1993302224962934e-27,0.8275256798362004
1.47,1.2254025676194518e-27,0.8272601016803445
1.48,1.2514749127426102e-27,0.8269944983247055
1.49,1.2775472578657686e-27,0.8267288697773725
1.5,1.303619602988927e-27,0.8264632160464384
1.51,1.3296919481120854e-27,0.8261975371399958
1.52,1.3557642932352438e-27,0.8259318330661357
1.53,1.3818366383584022e-27,0.8256661038329542
1.54,1.4079089834815606e-27,0.8254003494485446
1.55,1.433981328604719e-27,0.8251345699210029
1.56,1.4600536737278774e-27,0.8248687652584249
1.57,1.4861260188510358e-27,0.8246029354689073
1.58,1.5121983639741942e-27,0.8243370805605471
1.59,1.5382707090973526e-27,0.8240712005414451
1.6,1.564343054220511e-27,0.8238052954196982
1.61,1.5904153993436694e-27,0.8235393652034063
1.62,1.616487744466828e-27,0.823273409900672
1.63,1.6425600895899857e-27,0.823007429519595
1.64,1.668632434713144e-27,0.8227414240682784
1.65,1.6947047798363025e-27,0.8224753935548245
1.66,1.7207771249594607e-27,0.8222093379873376
1.67,1.7468494700826193e-27,0.821943257373922
1.68,1.7729218152057775e-27,0.8216771517226824
1.69,1.798994160328936e-27,0.8214110210417267
1.7,1.8250665054520943e-27,0.8211448653391601
1.71,1.851138850575253e-27,0.8208786846230895
1.72,1.877211195698411e-27,0.820612478901626
1.73,1.9032835408215697e-27,0.8203462481828758
1.74,1.929355885944728e-27,0.8200799924749498
1.75,1.955428231067886e-27,0.8198137117859601
1.76,1.9815005761910447e-27,0.8195474061240154
1.77,2.007572921314203e-27,0.819281075497229
1.78,2.0336452664373615e-27,0.8190147199137144
1.79,2.0597176115605198e-27,0.8187483393815853
1.8,2.0857899566836783e-27,0.8184819339089549
1.81,2.1118623018068366e-27,0.818215503503939
1.82,2.137934646929995e-27,0.8179490481746546
1.83,2.1640069920531534e-27,0.8176825679292162
1.84,2.190079337176312e-27,0.8174160627757431
1.85,2.21615168229947e-27,0.8171495327223534
1.86,2.2422240274226287e-27,0.816882977777164
1.87,2.268296372545787e-27,0.8166163979482972
1.88,2.2943687176689448e-27,0.8163497932438724
1.89,2.3204410627921034e-27,0.8160831636720114
1.9,2.3465134079152616e-27,0.8158165092408344
1.91,2.3725857530384202e-27,0.8155498299584664
1.92,2.3986580981615784e-27,0.8152831258330302
1.93,2.424730443284737e-27,0.8150163968726489
1.94,2.4508027884078952e-27,0.8147496430854488
1.95,2.4768751335310538e-27,0.8144828644795562
1.96,2.502947478654212e-27,0.8142160610630954
1.97,2.5290198237773706e-27,0.8139492328441958
1.98,2.5550921689005288e-27,0.8136823798309848
1.99,2.5811645140236874e-27,0.8134155020315911
2.0,2.6072368591468456e-27,0.8131485994541444
2.01,1.0624103628491848e-25,0.812881672106775
2.02,2.098748357106947e-25,0.8126147199976136
2.03,3.1350863513646633e-25,0.8123477431347924
2.04,4.171424345622426e-25,0.8120807415264442
2.05,5.207762339880142e-25,0.8118137151807011
2.06,6.244100334137904e-25,0.8115466641056996
2.07,7.280438328395621e-25,0.8112795883095725
2.08,8.316776322653383e-25,0.8110124878004552
2.09,9.3531143169111e-25,0.8107453625864861
2.1,1.038945231116886e-24,0.8104782126758003
2.11,1.1425790305426577e-24,0.8102110380765359
2.12,1.246212829968434e-24,0.8099438387968325
2.13,1.3498466293942056e-24,0.8096766148448297
2.14,1.4534804288199819e-24,0.8094093662286662
2.15,1.5571142282457536e-24,0.8091420929564828
2.16,1.66074802767153e-24,0.8088747950364228
2.17,1.7643818270973015e-24,0.8086074724766272
2.18,1.8680156265230776e-24,0.808340125285239
2.19,1.9716494259488492e-24,0.8080727534704034
2.2,2.0752832253746253e-24,0.8078053570402639
2.21,2.178917024800397e-24,0.8075379360029652
2.22,2.2825508242261734e-24,0.807270490366655
2.23,2.386184623651945e-24,0.8070030201394802
2.24,2.489818423077721e-24,0.8067355253295863
2.25,2.5934522225034928e-24,0.8064680059451237
2.26,2.6970860219292645e-24,0.8062004619942416
2.27,2.8007198213550405e-24,0.8059328934850878
2.28,2.9043536207808122e-24,0.8056653004258149
2.29,3.0079874202065886e-24,0.8053976828245741
2.3,3.1116212196323603e-24,0.8051300406895157
2.31,3.2152550190581364e-24,0.8048623740287943
2.32,3.318888818483908e-24,0.8045946828505632
2.33,3.422522617909684e-24,0.8043269671629766
2.34,3.526156417335456e-24,0.8040592269741892
2.35,3.629790216761232e-24,0.8037914622923573
2.36,3.733424016187004e-24,0.8035236731256375
2.37,3.83705781561278e-24,0.8032558594821868
2.38,3.9406916150385516e-24,0.8029880213701636
2.39,4.044325414464328e-24,0.802720158797727
2.4,4.147959213890099e-24,0.8024522717730348
2.41,4.251593013315876e-24,0.8021843603042494
2.42,4.355226812741647e-24,0.8019164243995309
2.43,4.4588606121674235e-24,0.8016484640670414
2.44,4.562494411593195e-24,0.8013804793149434
2.45,4.666128211018971e-24,0.8011124701513996
2.46,4.769762010444743e-24,0.800844436584575
2.47,4.873395809870519e-24,0.8005763786226334
2.48,4.977029609296291e-24,0.8003082962737411
2.49,5.0806634087220674e-24,0.8000401895460636
2.5,5.184297208147839e-24,0.7997720584477694
2.51,5.28793100757361e-24,0.7995039029870241
2.52,5.3915648069993865e-24,0.7992357231719972
2.53,5.4951986064251585e-24,0.7989675190108592
2.54,5.598832405850934e-24,0.798699290511778
2.55,5.702466205276706e-24,0.7984310376829247
2.56,5.806100004702483e-24,0.7981627605324716
2.57,5.909733804128254e-24,0.7978944590685915
2.58,6.0133676035540304e-24,0.7976261332994546
2.59,6.117001402979802e-24,0.7973577832332372
2.6,6.220635202405578e-24,0.7970894088781135
2.61,6.3242690018313494e-24,0.7968210102422565
2.62,6.427902801257126e-24,0.7965525873338444
2.63,6.531536600682897e-24,0.7962841401610534
2.64,6.635170400108674e-24,0.7960156687320599
2.65,6.738804199534445e-24,0.795747173055042
2.66,6.842437998960221e-24,0.7954786531381793
2.67,6.946071798385993e-24,0.7952101089896524
2.68,7.04970559781177e-24,0.7949415406176387
2.69,7.15333939723754e-24,0.7946729480303218
2.7,7.256973196663317e-24,0.7944043312358834
2.71,7.360606996089089e-24,0.7941356902425037
2.72,7.464240795514865e-24,0.7938670250583685
2.73,7.567874594940637e-24,0.7935983356916614
2.74,7.671508394366414e-24,0.7933296221505652
2.75,7.775142193792184e-24,0.7930608844432677
2.76,7.878775993217956e-24,0.7927921225779543
2.77,7.982409792643733e-24,0.7925233365628116
2.78,8.086043592069505e-24,0.7922545264060279
2.79,8.18967739149528e-24,0.791985692115791
2.8,8.293311190921052e-24,0.7917168337002906
2.81,8.396944990346828e-24,0.7914479511677159
2.82,8.5005787897726e-24,0.7911790445262583
2.83,8.604212589198377e-24,0.7909101137841082
2.84,8.707846388624147e-24,0.7906411589494597
2.85,8.811480188049924e-24,0.7903721800305035
2.86,8.915113987475696e-24,0.7901031770354333
2.87,9.018747786901472e-24,0.7898341499724454
2.88,9.122381586327243e-24,0.7895650988497328
2.89,9.226015385753019e-24,0.7892960236754922
2.9,9.329649185178791e-24,0.7890269244579194
2.91,9.433282984604568e-24,0.7887578012052122
2.92,9.53691678403034e-24,0.7884886539255686
2.93,9.640550583456116e-24,0.7882194826271864
2.94,9.744184382881887e-24,0.7879502873182672
2.95,9.847818182307663e-24,0.7876810680070087
2.96,9.951451981733435e-24,0.7874118247016125
2.97,1.0055085781159212e-23,0.7871425574102817
2.98,1.0158719580584982e-23,0.7868732661412168
2.99,1.0262353380010759e-23,0.7866039509026209
3.0,1.036598717943653e-23,0.7863346117026997
3.01,5.1478887754670656e-23,0.7860652485496561
3.02,9.25917883299066e-23,0.7857958614516949
3.03,1.3370468890514072e-22,0.7855264504170237
3.04,1.7481758948037668e-22,0.7852570154538493
3.05,2.159304900556108e-22,0.7849875565703771
3.06,2.5704339063084673e-22,0.7847180737748171
3.07,2.981562912060809e-22,0.7844485670753781
3.08,3.392691917813168e-22,0.7841790364802683
3.09,3.803820923565509e-22,0.7839094819976997
3.1,4.214949929317869e-22,0.7836399036358827
3.11,4.626078935070209e-22,0.7833703014030291
3.12,5.037207940822569e-22,0.7831006753073518
3.13,5.44833694657491e-22,0.7828310253570638
3.14,5.85946595232727e-22,0.7825613515603798
3.15,6.270594958079611e-22,0.7822916539255126
3.16,6.68172396383197e-22,0.7820219324606794
3.17,7.092852969584312e-22,0.7817521871740968
3.18,7.503981975336671e-22,0.7814824180739794
3.19,7.915110981089012e-22,0.7812126251685471
3.2,8.326239986841372e-22,0.780942808466017
3.21,8.737368992593713e-22,0.7806729679746094
3.22,9.148497998346073e-22,0.7804031037025427
3.23,9.559627004098414e-22,0.7801332156580382
3.24,9.970756009850773e-22,0.7798633038493172
3.25,1.0381885015603114e-21,0.7795933682846014
3.26,1.0793014021355456e-21,0.7793234089721137
3.27,1.1204143027107814e-21,0.7790534259200766
3.28,1.1615272032860156e-21,0.7787834191367168
3.29,1.2026401038612516e-21,0.7785133886302564
3.3,1.2437530044364857e-21,0.7782433344089218
3.31,1.2848659050117216e-21,0.7779732564809408
3.32,1.3259788055869557e-21,0.7777031548545387
3.33,1.3670917061621917e-21,0.777433029537943
3.34,1.4082046067374259e-21,0.7771628805393844
3.35,1.4493175073126617e-21,0.7768927078670897
3.36,1.4904304078878959e-21,0.7766225115292896
3.37,1.5315433084631319e-21,0.7763522915342156
3.38,1.5726562090383659e-21,0.7760820478900992
3.39,1.6137691096136019e-21,0.775811780605171
3.4,1.654882010188836e-21,0.7755414896876639
3.41,1.695994910764072e-21,0.7752711751458135
3.42,1.737107811339306e-21,0.7750008369878522
3.43,1.778220711914542e-21,0.7747304752220142
3.44,1.8193336124897762e-21,0.7744600898565381
3.45,1.8604465130650122e-21,0.774189680899658
3.46,1.9015594136402464e-21,0.7739192483596107
3.47,1.942672314215482e-21,0.7736487922446361
3.48,1.983785214790716e-21,0.7733783125629721
3.49,2.0248981153659522e-21,0.773107809322856
3.5,2.0660110159411863e-21,0.7728372825325304
3.51,2.1071239165164205e-21,0.7725667322002356
3.52,2.1482368170916565e-21,0.7722961583342108
3.53,2.1893497176668907e-21,0.7720255609427007
3.54,2.2304626182421263e-21,0.7717549400339477
3.55,2.2715755188173605e-21,0.7714842956161937
3.56,2.3126884193925965e-21,0.7712136276976851
3.57,2.3538013199678306e-21,0.7709429362866655
3.58,2.3949142205430667e-21,0.7706722213913814
3.59,2.4360271211183008e-21,0.770401483020079
3.6,2.477140021693537e-21,0.7701307211810053
3.61,2.518252922268771e-21,0.7698599358824081
3.62,2.5593658228440066e-21,0.7695891271325372
3.63,2.6004787234192408e-21,0.7693182949396403
3.64,2.641591623994477e-21,0.7690474393119682
3.65,2.682704524569711e-21,0.7687765602577713
3.66,2.723817425144947e-21,0.7685056577853016
3.67,2.764930325720181e-21,0.7682347319028107
3.68,2.8060432262954168e-21,0.7679637826185514
3.69,2.847156126870651e-21,0.7676928099407778
3.7,2.888269027445887e-21,0.7674218138777441
3.71,2.929381928021121e-21,0.7671507944377043
3.72,2.970494828596357e-21,0.7668797516289164
3.73,3.0116077291715913e-21,0.766608685459635
3.74,3.0527206297468273e-21,0.7663375959381166
3.75,3.0938335303220615e-21,0.7660664830726218
3.76,3.1349464308972952e-21,0.7657953468714067
3.77,3.1760593314725313e-21,0.7655241873427306
3.78,3.2171722320477654e-21,0.765253004494856
3.79,3.2582851326230014e-21,0.7649817983360411
3.8,3.2993980331982356e-21,0.7647105688745471
3.81,3.3405109337734716e-21,0.7644393161186379
3.82,3.3816238343487058e-21,0.7641680400765763
3.83,3.422736734923942e-21,0.7638967407566241
3.84,3.463849635499176e-21,0.7636254181670467
3.85,3.504962536074412e-21,0.7633540723161099
3.86,3.5460754366496465e-21,0.7630827032120769
3.87,3.587188337224882e-21,0.7628113108632161
3.88,3.628301237800116e-21,0.7625398952777951
3.89,3.669414138375352e-21,0.7622684564640796
3.9,3.710527038950586e-21,0.7619969944303385
3.91,3.7516399395258225e-21,0.7617255091848423
3.92,3.792752840101057e-21,0.7614540007358609
3.93,3.833865740676292e-21,0.7611824690916629
3.94,3.8749786412515264e-21,0.7609109142605218
3.95,3.916091541826762e-21,0.7606393362507093
3.96,3.957204442401996e-21,0.7603677350704964
3.97,3.998317342977233e-21,0.7600961107281585
3.98,4.039430243552467e-21,0.75982446323197
3.99,4.0805431441277024e-21,0.7595527925902029
4.0,4.1216560447029366e-21,0.7592810988111356
4.01,8.735063617918616e-21,0.7590093819030435
4.02,1.3348471191134295e-20,0.7587376418742036
4.03,1.7961878764350385e-20,0.7584658787328932
4.04,2.2575286337566063e-20,0.7581940924873911
4.05,2.718869391078175e-20,0.7579222831459755
4.06,3.180210148399743e-20,0.7576504507169286
4.07,3.6415509057213506e-20,0.7573785952085283
4.08,4.1028916630429187e-20,0.757106716629056
4.09,4.564232420364487e-20,0.7568348149867956
4.1,5.025573177686055e-20,0.756562890290028
4.11,5.486913935007664e-20,0.756290942547036
4.12,5.948254692329232e-20,0.7560189717661059
4.13,6.409595449650799e-20,0.7557469779555204
4.14,6.870936206972367e-20,0.7554749611235656
4.15,7.332276964293976e-20,0.7552029212785267
4.16,7.793617721615544e-20,0.7549308584286926
4.17,8.254958478937112e-20,0.7546587725823489
4.18,8.71629923625868e-20,0.754386663747784
4.19,9.177639993580289e-20,0.7541145319332883
4.2,9.638980750901857e-20,0.7538423771471497
4.21,1.0100321508223424e-19,0.7535701993976586
4.22,1.0561662265544992e-19,0.7532979986931081
4.23,1.1023003022866601e-19,0.7530257750417875
4.24,1.148434378018817e-19,0.7527535284519895
4.25,1.1945684537509737e-19,0.7524812589320083
4.26,1.2407025294831304e-19,0.7522089664901382
4.27,1.2868366052152874e-19,0.7519366511346712
4.28,1.3329706809474481e-19,0.7516643128739046
4.29,1.379104756679605e-19,0.7513919517161345
4.3,1.4252388324117618e-19,0.7511195676696552
4.31,1.4713729081439187e-19,0.7508471607427664
4.32,1.5175069838760795e-19,0.7505747309437657
4.33,1.5636410596082364e-19,0.7503022782809501
4.34,1.609775135340393e-19,0.7500298027626207
4.35,1.6559092110725498e-19,0.7497573043970768
4.36,1.7020432868047108e-19,0.7494847831926198
4.37,1.7481773625368675e-19,0.7492122391575505
4.38,1.7943114382690244e-19,0.7489396723001714
4.39,1.840445514001181e-19,0.7486670826287859
4.4,1.8865795897333421e-19,0.7483944701516957
4.41,1.9327136654654988e-19,0.748121834877207
4.42,1.9788477411976555e-19,0.7478491768136247
4.43,2.0249818169298124e-19,0.7475764959692526
4.44,2.0711158926619732e-19,0.7473037923523987
4.45,2.1172499683941301e-19,0.7470310659713697
4.46,2.1633840441262868e-19,0.746758316834473
4.47,2.209518119858444e-19,0.7464855449500176
4.48,2.255652195590605e-19,0.7462127503263117
4.49,2.3017862713227617e-19,0.7459399329716659
4.5,2.3479203470549184e-19,0.7456670928943903
4.51,2.394054422787075e-19,0.745394230102796
4.52,2.440188498519232e-19,0.7451213446051946
4.53,2.486322574251393e-19,0.7448484364099003
4.54,2.5324566499835495e-19,0.7445755055252247
4.55,2.5785907257157066e-19,0.7443025519594814
4.56,2.6247248014478633e-19,0.7440295757209873
4.57,2.6708588771800244e-19,0.7437565768180555
4.58,2.716992952912181e-19,0.7434835552590022
4.59,2.7631270286443377e-19,0.7432105110521454
4.6,2.8092611043764944e-19,0.7429374442058025
4.61,2.8553951801086554e-19,0.7426643547282896
4.62,2.901529255840812e-19,0.7423912426279276
4.63,2.947663331572969e-19,0.7421181079130358
4.64,2.993797407305126e-19,0.741844950591933
4.65,3.0399314830372865e-19,0.74157177067294
4.66,3.0860655587694437e-19,0.7412985681643807
4.67,3.1321996345016004e-19,0.741025343074575
4.68,3.178333710233757e-19,0.7407520954118457
4.69,3.224467785965918e-19,0.7404788251845181
4.7,3.270601861698075e-19,0.7402055324009162
4.71,3.3167359374302315e-19,0.7399322170693634
4.72,3.362870013162388e-19,0.7396588791981867
4.73,3.409004088894549e-19,0.7393855187957129
4.74,3.455138164626706e-19,0.7391121358702669
4.75,3.501272240358863e-19,0.7388387304301786
4.76,3.5474063160910197e-19,0.738565302483776
4.77,3.5935403918231764e-19,0.7382918520393865
4.78,3.6396744675553374e-19,0.738018379105342
4.79,3.685808543287494e-19,0.737744883689972
4.8,3.731942619019651e-19,0.7374713658016079
4.81,3.7780766947518075e-19,0.737197825448581
4.82,3.8242107704839685e-19,0.7369242626392248
4.83,3.870344846216125e-19,0.7366506773818716
4.84,3.916478921948282e-19,0.7363770696848555
4.85,3.962612997680439e-19,0.7361034395565113
4.86,4.0087470734125996e-19,0.7358297870051732
4.87,4.054881149144757e-19,0.7355561120391797
4.88,4.1010152248769135e-19,0.735282414666865
4.89,4.14714930060907e-19,0.7350086948965671
4.9,4.193283376341231e-19,0.734734952736624
4.91,4.239417452073388e-19,0.7344611881953746
4.92,4.2855515278055446e-19,0.734187401281158
4.93,4.3316856035377012e-19,0.7339135920023141
4.94,4.377819679269862e-19,0.733639760367184
4.95,4.423953755002018e-19,0.7333659063841086
4.96,4.470087830734175e-19,0.7330920300614298
4.97,4.516221906466332e-19,0.7328181314074921
4.98,4.562355982198493e-19,0.7325442104306368
4.99,4.60849005793065e-19,0.7322702671392083
5.0,4.654624133662807e-19,0.7319963015415533
5.01,6.985071758516135e-19,0.731722313646015
5.02,9.315519383369464e-19,0.7314483034609398
5.03,1.1645967008222998e-18,0.7311742709946761
5.04,1.397641463307633e-18,0.730900216255571
5.05,1.6306862257929656e-18,0.730626139251971
5.06,1.8637309882782983e-18,0.7303520399922266
5.07,2.096775750763652e-18,0.7300779184846872
5.08,2.329820513248985e-18,0.7298037747377019
5.09,2.5628652757343176e-18,0.7295296087596227
5.1,2.7959100382196503e-18,0.7292554205588018
5.11,3.0289548007050038e-18,0.7289812101435889
5.12,3.261999563190337e-18,0.7287069775223393
5.13,3.49504432567567e-18,0.7284327227034058
5.14,3.728089088161003e-18,0.7281584456951434
5.15,3.961133850646356e-18,0.727884146505905
5.16,4.1941786131316896e-18,0.7276098251440483
5.17,4.427223375617022e-18,0.7273354816179297
5.18,4.660268138102355e-18,0.7270611159359038
5.19,4.8933129005877085e-18,0.7267867281063306
5.2,5.126357663073041e-18,0.7265123181375684
5.21,5.359402425558374e-18,0.7262378860379739
5.22,5.592447188043707e-18,0.7259634318159093
5.23,5.825491950529061e-18,0.725688955479734
5.24,6.0585367130143935e-18,0.7254144570378089
5.25,6.291581475499726e-18,0.7251399364984958
5.26,6.524626237985059e-18,0.7248653938701571
5.27,6.7576710004703916e-18,0.7245908291611564
5.28,6.990715762955745e-18,0.7243162423798561
5.29,7.223760525441079e-18,0.7240416335346217
5.3,7.45680528792641e-18,0.7237670026338174
5.31,7.689850050411744e-18,0.7234923496858108
5.32,7.922894812897097e-18,0.723217674698966
5.33,8.15593957538243e-18,0.7229429776816507
5.34,8.388984337867763e-18,0.7226682586422343
5.35,8.622029100353095e-18,0.722393517589083
5.36,8.855073862838448e-18,0.7221187545305663
5.37,9.088118625323782e-18,0.721843969475056
5.38,9.321163387809115e-18,0.7215691624309202
5.39,9.554208150294447e-18,0.7212943334065307
5.4,9.7872529127798e-18,0.721019482410259
5.41,1.0020297675265134e-17,0.7207446094504789
5.42,1.0253342437750466e-17,0.7204697145355622
5.43,1.04863872002358e-17,0.7201947976738821
5.44,1.0719431962721153e-17,0.7199198588738152
5.45,1.0952476725206486e-17,0.7196448981437348
5.46,1.1185521487691818e-17,0.7193699154920168
5.47,1.1418566250177152e-17,0.7190949109270391
5.48,1.1651611012662505e-17,0.7188198844571774
5.49,1.1884655775147837e-17,0.7185448360908092
5.5,1.211770053763317e-17,0.7182697658363143
5.51,1.2350745300118504e-17,0.7179946737020719
5.52,1.2583790062603836e-17,0.7177195596964597
5.53,1.281683482508919e-17,0.7174444238278601
5.54,1.3049879587574523e-17,0.7171692661046546
5.55,1.3282924350059855e-17,0.7168940865352221
5.56,1.3515969112545188e-17,0.716618885127948
5.57,1.3749013875030542e-17,0.7163436618912143
5.58,1.3982058637515877e-17,0.716068416833405
5.59,1.4215103400001207e-17,0.7157931499629041
5.6,1.444814816248654e-17,0.7155178612880975
5.61,1.4681192924971893e-17,0.7152425508173701
5.62,1.4914237687457226e-17,0.7149672185591088
5.63,1.514728244994256e-17,0.7146918645217006
5.64,1.5380327212427893e-17,0.7144164887135341
5.65,1.5613371974913245e-17,0.7141410911429954
5.66,1.584641673739858e-17,0.7138656718184762
5.67,1.6079461499883912e-17,0.7135902307483646
5.68,1.6312506262369245e-17,0.7133147679410516
5.69,1.6545551024854597e-17,0.7130392834049286
5.7,1.677859578733993e-17,0.7127637771483866
5.71,1.7011640549825264e-17,0.7124882491798188
5.72,1.7244685312310598e-17,0.7122126995076177
5.73,1.747773007479595e-17,0.7119371281401767
5.74,1.7710774837281283e-17,0.7116615350858905
5.75,1.7943819599766617e-17,0.7113859203531555
5.76,1.817686436225195e-17,0.7111102839503655
5.77,1.840990912473728e-17,0.710834625885917
5.78,1.8642953887222636e-17,0.7105589461682088
5.79,1.887599864970797e-17,0.7102832448056366
5.8,1.91090434121933e-17,0.7100075218065993
5.81,1.9342088174678633e-17,0.7097317771794972
5.82,1.9575132937163988e-17,0.709456010932728
5.83,1.980817769964932e-17,0.7091802230746928
5.84,2.0041222462134652e-17,0.7089044136137927
5.85,2.0274267224619985e-17,0.7086285825584304
5.86,2.050731198710534e-17,0.7083527299170055
5.87,2.074035674959067e-17,0.7080768556979236
5.88,2.0973401512076004e-17,0.7078009599095877
5.89,2.1206446274561338e-17,0.707525042560401
5.9,2.1439491037046693e-17,0.7072491036587685
5.91,2.1672535799532023e-17,0.7069731432130973
5.92,2.1905580562017357e-17,0.7066971612317923
5.93,2.213862532450269e-17,0.7064211577232601
5.94,2.2371670086988042e-17,0.7061451326959096
5.95,2.2604714849473375e-17,0.705869086158149
5.96,2.283775961195871e-17,0.7055930181183852
5.97,2.3070804374444042e-17,0.7053169285850296
5.98,2.3303849136929394e-17,0.7050408175664925
5.99,2.3536893899414728e-17,0.7047646850711823
6.0,2.376993866190006e-17,0.7044885311075132
6.01,3.0567752539343754e-17,0.7042123556838967
6.02,3.7365566416787457e-17,0.703936158808744
6.03,4.416338029423175e-17,0.7036599404904706
6.04,5.0961194171675453e-17,0.7033837007374896
6.05,5.775900804911914e-17,0.7031074395582154
6.06,6.455682192656285e-17,0.7028311569610645
6.07,7.135463580400714e-17,0.7025548529544517
6.08,7.815244968145084e-17,0.702278527546794
6.09,8.495026355889453e-17,0.7020021807465103
6.1,9.174807743633824e-17,0.7017258125620166
6.11,9.854589131378253e-17,0.7014494230017317
6.12,1.0534370519122623e-16,0.701173012074077
6.13,1.121415190686699e-16,0.7008965797874701
6.14,1.1893933294611362e-16,0.7006201261503328
6.15,1.257371468235579e-16,0.7003436511710858
6.16,1.3253496070100162e-16,0.7000671548581513
6.17,1.393327745784453e-16,0.6997906372199517
6.18,1.46130588455889e-16,0.6995140982649098
6.19,1.529284023333333e-16,0.6992375380014513
6.2,1.59726216210777e-16,0.6989609564379987
6.21,1.6652403008822071e-16,0.698684353582977
6.22,1.733218439656644e-16,0.6984077294448147
6.23,1.801196578431087e-16,0.6981310840319351
6.24,1.869174717205524e-16,0.6978544173527663
6.25,1.937152855979961e-16,0.6975777294157375
6.26,2.0051309947543978e-16,0.6973010202292755
6.27,2.0731091335288347e-16,0.6970242898018091
6.28,2.1410872723032778e-16,0.6967475381417693
6.29,2.2090654110777147e-16,0.6964707652575866
6.3,2.2770435498521516e-16,0.6961939711576897
6.31,2.3450216886265887e-16,0.6959171558505123
6.32,2.412999827401032e-16,0.6956403193444869
6.33,2.4809779661754684e-16,0.6953634616480444
6.34,2.5489561049499056e-16,0.6950865827696202
6.35,2.6169342437243427e-16,0.6948096827176486
6.36,2.684912382498786e-16,0.6945327615005623
6.37,2.7528905212732224e-16,0.6942558191267992
6.38,2.8208686600476596e-16,0.6939788556047944
6.39,2.888846798822096e-16,0.6937018709429855
6.4,2.9568249375965393e-16,0.6934248651498078
6.41,3.0248030763709765e-16,0.6931478382337015
6.42,3.0927812151454136e-16,0.6928707902031056
6.43,3.1607593539198503e-16,0.6925937210664571
6.44,3.2287374926942933e-16,0.6923166308321979
6.45,3.2967156314687305e-16,0.692039519508769
6.46,3.364693770243167e-16,0.6917623871046094
6.47,3.4326719090176043e-16,0.6914852336281632
6.48,3.5006500477920473e-16,0.6912080590878723
6.49,3.568628186566484e-16,0.6909308634921801
6.5,3.636606325340921e-16,0.69065364684953
6.51,3.7045844641153583e-16,0.6903764091683668
6.52,3.772562602889795e-16,0.6900991504571352
6.53,3.840540741664238e-16,0.6898218707242824
6.54,3.908518880438675e-16,0.6895445699782533
6.55,3.976497019213112e-16,0.6892672482274949
6.56,4.044475157987549e-16,0.6889899054804565
6.57,4.112453296761992e-16,0.688712541745585
6.58,4.1804314355364287e-16,0.688435157031329
6.59,4.248409574310866e-16,0.6881577513461405
6.6,4.316387713085303e-16,0.6878803246984675
6.61,4.384365851859746e-16,0.6876028770967608
6.62,4.452343990634182e-16,0.6873254085494735
6.63,4.52032212940862e-16,0.6870479190650576
6.64,4.5883002681830565e-16,0.6867704086519645
6.65,4.656278406957499e-16,0.6864928773186478
6.66,4.724256545731936e-16,0.686215325073564
6.67,4.792234684506373e-16,0.6859377519251653
6.68,4.86021282328081e-16,0.6856601578819067
6.69,4.928190962055254e-16,0.6853825429522472
6.7,4.99616910082969e-16,0.6851049071446407
6.71,5.064147239604127e-16,0.6848272504675444
6.72,5.132125378378564e-16,0.6845495729294182
6.73,5.200103517153007e-16,0.6842718745387202
6.74,5.268081655927444e-16,0.6839941553039075
6.75,5.336059794701881e-16,0.6837164152334422
6.76,5.404037933476318e-16,0.6834386543357845
6.77,5.472016072250755e-16,0.6831608726193934
6.78,5.539994211025198e-16,0.6828830700927331
6.79,5.607972349799635e-16,0.6826052467642656
6.8,5.675950488574072e-16,0.6823274026424518
6.81,5.743928627348508e-16,0.6820495377357574
6.82,5.811906766122952e-16,0.6817716520526461
6.83,5.879884904897388e-16,0.6814937456015826
6.84,5.947863043671826e-16,0.6812158183910327
6.85,6.015841182446263e-16,0.6809378704294622
6.86,6.083819321220705e-16,0.6806599017253381
6.87,6.151797459995143e-16,0.6803819122871277
6.88,6.21977559876958e-16,0.6801039021232992
6.89,6.287753737544016e-16,0.6798258712423219
6.9,6.35573187631846e-16,0.6795478196526629
6.91,6.423710015092896e-16,0.6792697473627943
6.92,6.491688153867333e-16,0.6789916543811858
6.93,6.559666292641771e-16,0.678713540716309
6.94,6.627644431416213e-16,0.6784354063766354
6.95,6.69562257019065e-16,0.6781572513706375
6.96,6.763600708965088e-16,0.6778790757067887
6.97,6.831578847739524e-16,0.6776008793935624
6.98,6.899556986513967e-16,0.6773226624394326
6.99,6.967535125288404e-16,0.6770444248528744
7.0,7.035513264062841e-16,0.6767661666423649
7.01,8.36500153730938e-16,0.6764878878163785
7.02,9.69448981055592e-16,0.6762095883833917
7.03,1.1023978083802575e-15,0.6759312683518846
7.04,1.2353466357049114e-15,0.675652927730333
7.05,1.3682954630295653e-15,0.6753745665272156
7.06,1.501244290354219e-15,0.675096184751013
7.07,1.6341931176788847e-15,0.6748177824102056
7.08,1.7671419450035386e-15,0.6745393595132714
7.09,1.9000907723281923e-15,0.6742609160686941
7.1,2.0330395996528464e-15,0.6739824520849557
7.11,2.165988426977512e-15,0.6737039675705363
7.12,2.2989372543021657e-15,0.6734254625339211
7.13,2.4318860816268198e-15,0.6731469369835938
7.14,2.5648349089514735e-15,0.6728683909280381
7.15,2.697783736276139e-15,0.672589824375738
7.16,2.830732563600793e-15,0.672311237335181
7.17,2.963681390925447e-15,0.6720326298148535
7.18,3.096630218250101e-15,0.6717540018232399
7.19,3.2295790455747665e-15,0.67147535336883
7.2,3.3625278728994202e-15,0.671196684460112
7.21,3.4954767002240743e-15,0.6709179951055725
7.22,3.628425527548728e-15,0.6706392853137025
7.23,3.761374354873393e-15,0.670360555092993
7.24,3.894323182198048e-15,0.6700818044519313
7.25,4.027272009522701e-15,0.6698030333990116
7.26,4.160220836847355e-15,0.6695242419427248
7.27,4.293169664172009e-15,0.6692454300915635
7.28,4.426118491496675e-15,0.6689665978540201
7.29,4.559067318821329e-15,0.6686877452385893
7.3,4.692016146145982e-15,0.6684088722537649
7.31,4.824964973470636e-15,0.6681299789080419
7.32,4.957913800795302e-15,0.6678510652099161
7.33,5.0908626281199555e-15,0.6675721311678824
7.34,5.22381145544461e-15,0.6672931767904404
7.35,5.356760282769264e-15,0.6670142020860856
7.36,5.489709110093929e-15,0.666735207063315
7.37,5.622657937418583e-15,0.6664561917306302
7.38,5.755606764743237e-15,0.6661771560965282
7.39,5.888555592067891e-15,0.6658981001695097
7.4,6.021504419392556e-15,0.665619023958075
7.41,6.1544532467172104e-15,0.6653399274707256
7.42,6.2874020740418645e-15,0.6650608107159629
7.43,6.420350901366518e-15,0.6647816737022887
7.44,6.553299728691184e-15,0.6645025164382082
7.45,6.686248556015838e-15,0.6642233389322227
7.46,6.819197383340491e-15,0.6639441411928368
7.47,6.952146210665145e-15,0.6636649232285572
7.48,7.085095037989811e-15,0.6633856850478872
7.49,7.218043865314465e-15,0.6631064266593332
7.5,7.35099269263912e-15,0.6628271480714035
7.51,7.483941519963773e-15,0.6625478492926036
7.52,7.616890347288426e-15,0.6622685303314415
7.53,7.749839174613092e-15,0.661989191196427
7.54,7.882788001937745e-15,0.6617098318960695
7.55,8.015736829262399e-15,0.6614304524388764
7.56,8.148685656587055e-15,0.6611510528333602
7.57,8.281634483911718e-15,0.6608716330880321
7.58,8.414583311236374e-15,0.6605921932114013
7.59,8.547532138561028e-15,0.6603127332119826
7.6,8.680480965885681e-15,0.6600332530982874
7.61,8.813429793210347e-15,0.6597537528788301
7.62,8.946378620535e-15,0.6594742325621239
7.63,9.079327447859654e-15,0.6591946921566839
7.64,9.212276275184307e-15,0.6589151316710262
7.65,9.345225102508973e-15,0.6586355511136645
7.66,9.478173929833626e-15,0.658355950493117
7.67,9.611122757158283e-15,0.6580763298179015
7.68,9.744071584482936e-15,0.6577966890965328
7.69,9.877020411807602e-15,0.6575170283375322
7.7,1.0009969239132255e-14,0.6572373475494174
7.71,1.0142918066456908e-14,0.6569576467407084
7.72,1.0275866893781562e-14,0.6566779259199249
7.73,1.0408815721106228e-14,0.656398185095588
7.74,1.0541764548430881e-14,0.656118424276219
7.75,1.0674713375755534e-14,0.6558386434703399
7.76,1.0807662203080191e-14,0.6555588426864734
7.77,1.0940611030404844e-14,0.6552790219331418
7.78,1.107355985772951e-14,0.6549991812188712
7.79,1.1206508685054163e-14,0.6547193205521838
7.8,1.1339457512378817e-14,0.6544394399416049
7.81,1.147240633970347e-14,0.6541595393956623
7.82,1.1605355167028136e-14,0.6538796189228794
7.83,1.173830399435279e-14,0.6535996785317839
7.84,1.1871252821677446e-14,0.6533197182309053
7.85,1.2004201649002099e-14,0.6530397380287691
7.86,1.2137150476326765e-14,0.6527597379339042
7.87,1.2270099303651418e-14,0.6524797179548414
7.88,1.2403048130976072e-14,0.6521996781001105
7.89,1.2535996958300725e-14,0.6519196183782409
7.9,1.2668945785625391e-14,0.651639538797763
7.91,1.2801894612950044e-14,0.6513594393672116
7.92,1.2934843440274697e-14,0.6510793200951163
7.93,1.3067792267599354e-14,0.6507991809900096
7.94,1.3200741094924017e-14,0.650519022060428
7.95,1.3333689922248673e-14,0.6502388433149029
7.96,1.3466638749573327e-14,0.6499586447619695
7.97,1.359958757689798e-14,0.6496784264101642
7.98,1.3732536404222646e-14,0.649398188268023
7.99,1.3865485231547299e-14,0.6491179303440805
8.0,1.3998434058871952e-14,0.6488376526468758
8.01,1.5918885007856574e-14,0.648557355184947
8.02,1.7839335956841195e-14,0.6482770379668295
8.03,1.9759786905825813e-14,0.6479967010010653
8.04,2.1680237854810435e-14,0.6477163442961928
8.05,2.3600688803795397e-14,0.647435967860752
8.06,2.5521139752780018e-14,0.647155571703284
8.07,2.744159070176464e-14,0.6468751558323299
8.08,2.936204165074926e-14,0.6465947202564319
8.09,3.1282492599733876e-14,0.6463142649841322
8.1,3.32029435487185e-14,0.6460337900239742
8.11,3.5123394497703125e-14,0.6457532953845011
8.12,3.704384544668774e-14,0.6454727810742592
8.13,3.89642963956727e-14,0.6451922471017915
8.14,4.0884747344657326e-14,0.6449116934756437
8.15,4.2805198293641945e-14,0.6446311202043623
8.16,4.472564924262656e-14,0.6443505272964944
8.17,4.664610019161119e-14,0.6440699147605871
8.18,4.8566551140595805e-14,0.643789282605188
8.19,5.048700208958043e-14,0.6435086308388461
8.2,5.240745303856505e-14,0.6432279594701104
8.21,5.432790398755001e-14,0.6429472685075298
8.22,5.624835493653463e-14,0.6426665579596569
8.23,5.816880588551925e-14,0.6423858278350404
8.24,6.008925683450387e-14,0.6421050781422322
8.25,6.200970778348849e-14,0.6418243088897859
8.26,6.393015873247311e-14,0.6415435200862527
8.27,6.585060968145774e-14,0.6412627117401855
8.28,6.777106063044235e-14,0.6409818838601408
8.29,6.969151157942698e-14,0.64070103645467
8.3,7.161196252841194e-14,0.6404201695323295
8.31,7.353241347739656e-14,0.6401392831016756
8.32,7.545286442638117e-14,0.6398583771712647
8.33,7.73733153753658e-14,0.6395774517496519
8.34,7.929376632435042e-14,0.6392965068453962
8.35,8.121421727333503e-14,0.6390155424670564
8.36,8.313466822231966e-14,0.6387345586231883
8.37,8.505511917130428e-14,0.6384535553223538
8.38,8.697557012028925e-14,0.6381725325731127
8.39,8.889602106927386e-14,0.6378914903840239
8.4,9.081647201825848e-14,0.6376104287636484
8.41,9.273692296724311e-14,0.6373293477205495
8.42,9.465737391622772e-14,0.6370482472632887
8.43,9.657782486521235e-14,0.6367671274004275
8.44,9.849827581419697e-14,0.6364859881405311
8.45,1.0041872676318158e-13,0.6362048294921633
8.46,1.0233917771216655e-13,0.635923651463887
8.47,1.0425962866115117e-13,0.6356424540642693
8.48,1.061800796101358e-13,0.6353612373018759
8.49,1.0810053055912041e-13,0.6350800011852711
8.5,1.1002098150810503e-13,0.6347987457230237
8.51,1.1194143245708966e-13,0.6345174709237008
8.52,1.1386188340607427e-13,0.6342361767958707
8.53,1.1578233435505888e-13,0.6339548633481019
8.54,1.1770278530404352e-13,0.6336735305889635
8.55,1.1962323625302848e-13,0.6333921785270249
8.56,1.215436872020131e-13,0.6331108071708587
8.57,1.2346413815099773e-13,0.6328294165290336
8.58,1.2538458909998234e-13,0.6325480066101216
8.59,1.2730504004896696e-13,0.6322665774226971
8.6,1.2922549099795157e-13,0.6319851289753301
8.61,1.311459419469362e-13,0.6317036612765948
8.62,1.3306639289592082e-13,0.631422174335067
8.63,1.3498684384490578e-13,0.6311406681593192
8.64,1.369072947938904e-13,0.6308591427579273
8.65,1.3882774574287503e-13,0.630577598139466
8.66,1.4074819669185964e-13,0.6302960343125146
8.67,1.4266864764084425e-13,0.6300144512856468
8.68,1.445890985898289e-13,0.6297328490674412
8.69,1.465095495388135e-13,0.6294512276664772
8.7,1.4843000048779812e-13,0.6291695870913318
8.71,1.5035045143678308e-13,0.6288879273505842
8.72,1.5227090238576772e-13,0.628606248452816
8.73,1.5419135333475233e-13,0.628324550406606
8.74,1.5611180428373694e-13,0.6280428332205348
8.75,1.5803225523272158e-13,0.6277610969031859
8.76,1.599527061817062e-13,0.6274793414631412
8.77,1.618731571306908e-13,0.6271975669089811
8.78,1.6379360807967544e-13,0.6269157732492913
8.79,1.6571405902866005e-13,0.6266339604926559
8.8,1.6763450997764502e-13,0.6263521286476571
8.81,1.6955496092662963e-13,0.6260702777228822
8.82,1.7147541187561427e-13,0.6257884077269165
8.83,1.7339586282459888e-13,0.6255065186683446
8.84,1.753163137735835e-13,0.6252246105557552
8.85,1.7723676472256813e-13,0.624942683397735
8.86,1.7915721567155274e-13,0.6246607372028724
8.87,1.8107766662053735e-13,0.6243787719797554
8.88,1.8299811756952232e-13,0.6240967877369735
8.89,1.8491856851850695e-13,0.6238147844831171
8.9,1.8683901946749156e-13,0.6235327622267742
8.91,1.8875947041647618e-13,0.623250720976538
8.92,1.9067992136546081e-13,0.6229686607409999
8.93,1.9260037231444543e-13,0.6226865815287497
8.94,1.9452082326343004e-13,0.6224044833483826
8.95,1.9644127421241467e-13,0.6221223662084905
8.96,1.9836172516139964e-13,0.6218402301176673
8.97,2.0028217611038425e-13,0.6215580750845077
8.98,2.0220262705936886e-13,0.6212759011176068
8.99,2.041230780083535e-13,0.6209937082255591
9.0,2.060435289573381e-13,0.6207114964169617
9.01,2.279366036570789e-13,0.6204292657004111
9.02,2.4982967835681976e-13,0.6201470160845035
9.03,2.7172275305656055e-13,0.619864747577839
9.04,2.9361582775630134e-13,0.619582460189014
9.05,3.1550890245604606e-13,0.6193001539266272
9.06,3.3740197715578685e-13,0.6190178287992804
9.07,3.592950518555277e-13,0.6187354848155715
9.08,3.811881265552685e-13,0.6184531219841013
9.09,4.030812012550093e-13,0.6181707403134725
9.1,4.249742759547501e-13,0.6178883398122866
9.11,4.46867350654491e-13,0.6176059204891444
9.12,4.687604253542318e-13,0.6173234823526506
9.13,4.906535000539765e-13,0.6170410254114093
9.14,5.125465747537173e-13,0.6167585496740221
9.15,5.344396494534581e-13,0.6164760551490951
9.16,5.563327241531989e-13,0.6161935418452349
9.17,5.782257988529397e-13,0.6159110097710452
9.18,6.001188735526805e-13,0.6156284589351326
9.19,6.220119482524213e-13,0.6153458893461056
9.2,6.439050229521621e-13,0.6150633010125718
9.21,6.657980976519068e-13,0.6147806939431367
9.22,6.876911723516476e-13,0.6144980681464115
9.23,7.095842470513884e-13,0.6142154236310056
9.24,7.314773217511293e-13,0.6139327604055265
9.25,7.533703964508701e-13,0.6136500784785869
9.26,7.752634711506109e-13,0.6133673778587977
9.27,7.971565458503518e-13,0.6130846585547682
9.28,8.190496205500925e-13,0.612801920575113
9.29,8.409426952498333e-13,0.6125191639284436
9.3,8.628357699495781e-13,0.6122363886233735
9.31,8.847288446493188e-13,0.611953594668517
9.32,9.066219193490596e-13,0.6116707820724877
9.33,9.285149940488005e-13,0.6113879508439009
9.34,9.504080687485414e-13,0.6111051009913722
9.35,9.72301143448282e-13,0.6108222325235176
9.36,9.94194218148023e-13,0.610539345448953
9.37,1.0160872928477639e-12,0.6102564397762982
9.38,1.0379803675475084e-12,0.6099735155141682
9.39,1.0598734422472493e-12,0.6096905726711825
9.4,1.0817665169469902e-12,0.6094076112559598
9.41,1.1036595916467309e-12,0.60912463127712
9.42,1.1255526663464717e-12,0.6088416327432828
9.43,1.1474457410462124e-12,0.608558615663069
9.44,1.1693388157459533e-12,0.6082755800450995
9.45,1.1912318904456942e-12,0.6079925258979967
9.46,1.2131249651454387e-12,0.6077094532303812
9.47,1.2350180398451796e-12,0.607426362050879
9.48,1.2569111145449205e-12,0.6071432523681107
9.49,1.2788041892446612e-12,0.606860124190701
9.5,1.300697263944402e-12,0.6065769775272761
9.51,1.322590338644143e-12,0.6062938123864592
9.52,1.3444834133438837e-12,0.6060106287768756
9.53,1.3663764880436245e-12,0.605727426707154
9.54,1.3882695627433654e-12,0.6054442061859202
9.55,1.41016263744311e-12,0.6051609672217999
9.56,1.4320557121428508e-12,0.6048777098234231
9.57,1.4539487868425917e-12,0.604594433999418
9.58,1.4758418615423324e-12,0.6043111397584126
9.59,1.4977349362420733e-12,0.6040278271090375
9.6,1.5196280109418142e-12,0.6037444960599234
9.61,1.5415210856415549e-12,0.603461146619699
9.62,1.5634141603412958e-12,0.6031777787969973
9.63,1.5853072350410405e-12,0.6028943926004497
9.64,1.6072003097407812e-12,0.60261098803869
9.65,1.629093384440522e-12,0.602327565120348
9.66,1.650986459140263e-12,0.6020441238540603
9.67,1.6728795338400036e-12,0.60176066424846
9.68,1.6947726085397445e-12,0.6014771863121806
9.69,1.7166656832394852e-12,0.601193690053859
9.7,1.7385587579392261e-12,0.6009101754821314
9.71,1.7604518326389708e-12,0.6006266426056315
9.72,1.7823449073387117e-12,0.6003430914329986
9.73,1.8042379820384524e-12,0.6000595219728694
9.74,1.8261310567381933e-12,0.5997759342338819
9.75,1.848024131437934e-12,0.5994923282246745
9.76,1.869917206137675e-12,0.5992087039538865
9.77,1.891810280837416e-12,0.5989250614301579
9.78,1.9137033555371564e-12,0.5986414006621287
9.79,1.9355964302368973e-12,0.5983577216584394
9.8,1.9574895049366423e-12,0.5980740244277308
9.81,1.979382579636383e-12,0.5977903089786474
9.82,2.0012756543361236e-12,0.5975065753198291
9.83,2.0231687290358645e-12,0.597222823459919
9.84,2.0450618037356054e-12,0.5969390534075628
9.85,2.0669548784353463e-12,0.5966552651714023
9.86,2.0888479531350868e-12,0.5963714587600827
9.87,2.1107410278348277e-12,0.5960876341822509
9.88,2.1326341025345726e-12,0.5958037914465507
9.89,2.154527177234313e-12,0.5955199305616294
9.9,2.176420251934054e-12,0.5952360515361328
9.91,2.198313326633795e-12,0.5949521543787107
9.92,2.2202064013335357e-12,0.5946682390980089
9.93,2.2420994760332766e-12,0.5943843057026759
9.94,2.263992550733017e-12,0.5941003542013632
9.95,2.285885625432758e-12,0.5938163846027178
9.96,2.307778700132503e-12,0.5935323969153904
9.97,2.329671774832244e-12,0.5932483911480341
9.98,2.3515648495319843e-12,0.5929643673092974
9.99,2.373457924231725e-12,0.5926803254078324
10.0,2.395350998931466e-12,0.5923962654522932
10.01,2.601878264464389e-12,0.5921121874513343
10.02,2.8084055299973123e-12,0.5918280914136054
10.03,3.0149327955302354e-12,0.591543977347763
10.04,3.2214600610631585e-12,0.5912598452624612
10.05,3.427987326596118e-12,0.5909756951663528
10.06,3.634514592129041e-12,0.5906915270680967
10.07,3.841041857661964e-12,0.5904073409763472
10.08,4.047569123194887e-12,0.5901231368997619
10.09,4.2540963887278104e-12,0.5898389148469975
10.1,4.4606236542607335e-12,0.589554674826713
10.11,4.667150919793657e-12,0.5892704168475659
10.12,4.87367818532658e-12,0.5889861409182152
10.13,5.080205450859539e-12,0.5887018470473209
10.14,5.286732716392462e-12,0.5884175352435438
10.15,5.4932599819253854e-12,0.5881332055155417
10.16,5.6997872474583086e-12,0.5878488578719786
10.17,5.906314512991232e-12,0.5875644923215154
10.18,6.112841778524155e-12,0.5872801088728142
10.19,6.319369044057078e-12,0.5869957075345379
10.2,6.525896309590001e-12,0.5867112883153502
10.21,6.7324235751229605e-12,0.5864268512239142
10.22,6.9389508406558836e-12,0.5861423962688951
10.23,7.145478106188807e-12,0.5858579234589574
10.24,7.352005371721729e-12,0.5855734328027663
10.25,7.558532637254653e-12,0.5852889243089899
10.26,7.765059902787577e-12,0.5850043979862924
10.27,7.971587168320499e-12,0.5847198538433414
10.28,8.178114433853421e-12,0.5844352918888065
10.29,8.384641699386345e-12,0.5841507121313539
10.3,8.591168964919305e-12,0.5838661145796522
10.31,8.797696230452227e-12,0.5835814992423731
10.32,9.004223495985151e-12,0.5832968661281844
10.33,9.210750761518075e-12,0.5830122152457563
10.34,9.417278027050997e-12,0.5827275466037612
10.35,9.62380529258392e-12,0.5824428602108709
10.36,9.830332558116843e-12,0.5821581560757553
10.37,1.0036859823649766e-11,0.5818734342070885
10.38,1.0243387089182727e-11,0.5815886946135441
10.39,1.0449914354715649e-11,0.5813039373037943
10.4,1.0656441620248573e-11,0.5810191622865136
10.41,1.0862968885781495e-11,0.580734369570378
10.42,1.1069496151314418e-11,0.5804495591640616
10.43,1.1276023416847342e-11,0.5801647310762399
10.44,1.1482550682380264e-11,0.5798798853155902
10.45,1.1689077947913188e-11,0.5795950218907903
10.46,1.1895605213446147e-11,0.5793101408105145
10.47,1.2102132478979071e-11,0.5790252420834437
10.48,1.2308659744511994e-11,0.5787403257182563
10.49,1.2515187010044917e-11,0.5784553917236287
10.5,1.272171427557784e-11,0.5781704401082435
10.51,1.2928241541110762e-11,0.5778854708807798
10.52,1.3134768806643686e-11,0.5776004840499164
10.53,1.3341296072176608e-11,0.5773154796243375
10.54,1.3547823337709532e-11,0.577030457612723
10.55,1.3754350603242492e-11,0.576745418023756
10.56,1.3960877868775416e-11,0.5764603608661185
10.57,1.4167405134308338e-11,0.5761752861484947
10.58,1.4373932399841262e-11,0.5758901938795672
10.59,1.4580459665374184e-11,0.5756050840680225
10.6,1.4786986930907106e-11,0.5753199567225437
10.61,1.4993514196440032e-11,0.575034811851816
10.62,1.5200041461972954e-11,0.5747496494645281
10.63,1.5406568727505915e-11,0.5744644695693636
10.64,1.5613095993038838e-11,0.5741792721750109
10.65,1.581962325857176e-11,0.5738940572901574
10.66,1.6026150524104682e-11,0.5736088249234913
10.67,1.6232677789637605e-11,0.5733235750837011
10.68,1.6439205055170527e-11,0.5730383077794753
10.69,1.664573232070345e-11,0.5727530230195061
10.7,1.6852259586236375e-11,0.5724677208124812
10.71,1.7058786851769333e-11,0.572182401167092
10.72,1.7265314117302255e-11,0.5718970640920313
10.73,1.7471841382835184e-11,0.5716117095959895
10.74,1.7678368648368106e-11,0.5713263376876581
10.75,1.7884895913901028e-11,0.5710409483757329
10.76,1.809142317943395e-11,0.5707555416689051
10.77,1.8297950444966873e-11,0.5704701175758685
10.78,1.8504477710499795e-11,0.5701846761053191
10.79,1.8711004976032717e-11,0.5698992172659523
10.8,1.891753224156568e-11,0.5696137410664607
10.81,1.91240595070986e-11,0.5693282475155435
10.82,1.9330586772631523e-11,0.5690427366218965
10.83,1.9537114038164445e-11,0.5687572083942154
10.84,1.9743641303697368e-11,0.5684716628411997
10.85,1.9950168569230296e-11,0.5681860999715473
10.86,2.015669583476322e-11,0.5679005197939555
10.87,2.036322310029614e-11,0.5676149223171254
10.88,2.0569750365829102e-11,0.5673293075497556
10.89,2.0776277631362024e-11,0.5670436755005478
10.9,2.0982804896894947e-11,0.5667580261782006
10.91,2.118933216242787e-11,0.5664723595914175
10.92,2.139585942796079e-11,0.5661866757489
10.93,2.1602386693493714e-11,0.5659009746593487
10.94,2.1808913959026636e-11,0.5656152563314689
10.95,2.2015441224559558e-11,0.5653295207739638
10.96,2.222196849009252e-11,0.5650437679955355
10.97,2.2428495755625442e-11,0.5647579980048901
10.98,2.263502302115837e-11,0.5644722108107327
10.99,2.2841550286691293e-11,0.5641864064217682
11.0,2.3048077552224215e-11,0.563900584846703
11.01,2.471782347656276e-11,0.5636147460942602
11.02,2.6387569400901305e-11,0.5633288901731296
11.03,2.805731532523985e-11,0.5630430170920213
11.04,2.9727061249578395e-11,0.5627571268596412
11.05,3.139680717391723e-11,0.5624712194846984
11.06,3.306655309825578e-11,0.5621852949759034
11.07,3.4736299022594326e-11,0.5618993533419643
11.08,3.640604494693287e-11,0.5616133945915918
11.09,3.807579087127142e-11,0.5613274187334983
11.1,3.974553679560996e-11,0.5610414257763929
11.11,4.1415282719948506e-11,0.5607554157289882
11.12,4.308502864428705e-11,0.5604693885999972
11.13,4.475477456862589e-11,0.5601833443981329
11.14,4.6424520492964436e-11,0.5598972831321074
11.15,4.809426641730298e-11,0.5596112048106351
11.16,4.976401234164152e-11,0.5593251094424319
11.17,5.143375826598007e-11,0.5590389970362106
11.18,5.3103504190318616e-11,0.5587528676006872
11.19,5.477325011465716e-11,0.5584667211445796
11.2,5.64429960389957e-11,0.5581805576766021
11.21,5.811274196333455e-11,0.5578943772054722
11.22,5.97824878876731e-11,0.5576081797399082
11.23,6.145223381201164e-11,0.5573219652886283
11.24,6.312197973635018e-11,0.5570357338603493
11.25,6.479172566068872e-11,0.5567494854637923
11.26,6.646147158502727e-11,0.5564632201076766
11.27,6.813121750936581e-11,0.5561769378007207
11.28,6.980096343370437e-11,0.5558906385516472
11.29,7.147070935804291e-11,0.5556043223691775
11.3,7.314045528238176e-11,0.5553179892620305
11.31,7.48102012067203e-11,0.555031639238931
11.32,7.647994713105884e-11,0.5547452723086013
11.33,7.814969305539738e-11,0.5544588884797639
11.34,7.981943897973592e-11,0.5541724877611433
11.35,8.148918490407448e-11,0.5538860701614633
11.36,8.315893082841302e-11,0.5535996356894485
11.37,8.482867675275156e-11,0.5533131843538247
11.38,8.649842267709041e-11,0.5530267161633177
11.39,8.816816860142895e-11,0.5527402311266543
11.4,8.98379145257675e-11,0.5524537292525586
11.41,9.150766045010604e-11,0.5521672105497613
11.42,9.317740637444458e-11,0.551880675026989
11.43,9.484715229878312e-11,0.5515941226929697
11.44,9.651689822312168e-11,0.5513075535564327
11.45,9.818664414746022e-11,0.5510209676261075
11.46,9.985639007179907e-11,0.5507343649107235
11.47,1.0152613599613761e-10,0.5504477454190116
11.48,1.0319588192047615e-10,0.5501611091597028
11.49,1.0486562784481469e-10,0.5498744561415273
11.5,1.0653537376915323e-10,0.5495877863732194
11.51,1.0820511969349177e-10,0.5493010998635095
11.52,1.0987486561783034e-10,0.5490143966211306
11.53,1.1154461154216888e-10,0.5487276766548184
11.54,1.1321435746650742e-10,0.5484409399733047
11.55,1.1488410339084627e-10,0.5481541865853236
11.56,1.165538493151848e-10,0.547867416499612
11.57,1.1822359523952335e-10,0.5475806297249056
11.58,1.198933411638619e-10,0.5472938262699373
11.59,1.2156308708820043e-10,0.5470070061434471
11.6,1.23232833012539e-10,0.5467201693541711
11.61,1.2490257893687754e-10,0.5464333159108449
11.62,1.2657232486121608e-10,0.5461464458222092
11.63,1.2824207078555493e-10,0.5458595590970016
11.64,1.2991181670989347e-10,0.5455726557439606
11.65,1.31581562634232e-10,0.5452857357718253
11.66,1.3325130855857055e-10,0.5449987991893375
11.67,1.349210544829091e-10,0.5447118460052376
11.68,1.3659080040724763e-10,0.5444248762282645
11.69,1.382605463315862e-10,0.5441378898671623
11.7,1.3993029225592473e-10,0.5438508869306727
11.71,1.4160003818026356e-10,0.5435638674275365
11.72,1.432697841046021e-10,0.5432768313664984
11.73,1.4493953002894066e-10,0.5429897787563028
11.74,1.466092759532792e-10,0.5427027096056913
11.75,1.4827902187761774e-10,0.5424156239234105
11.76,1.4994876780195628e-10,0.5421285217182048
11.77,1.5161851372629482e-10,0.5418414029988202
11.78,1.532882596506334e-10,0.5415542677740027
11.79,1.5495800557497193e-10,0.5412671160524988
11.8,1.5662775149931076e-10,0.5409799478430555
11.81,1.5829749742364932e-10,0.5406927631544209
11.82,1.5996724334798786e-10,0.5404055619953427
11.83,1.616369892723264e-10,0.5401183443745696
11.84,1.6330673519666494e-10,0.5398311103008516
11.85,1.6497648112100348e-10,0.5395438597829374
11.86,1.6664622704534202e-10,0.5392565928295764
11.87,1.683159729696806e-10,0.538969309449522
11.88,1.699857188940194e-10,0.5386820096515226
11.89,1.7165546481835798e-10,0.5383946934443311
11.9,1.7332521074269652e-10,0.5381073608366992
11.91,1.7499495666703506e-10,0.5378200118373802
11.92,1.766647025913736e-10,0.5375326464551262
11.93,1.7833444851571214e-10,0.5372452646986912
11.94,1.8000419444005068e-10,0.5369578665768308
11.95,1.8167394036438925e-10,0.5366704520982978
11.96,1.8334368628872807e-10,0.5363830212718472
11.97,1.850134322130666e-10,0.536095574106237
11.98,1.8668317813740518e-10,0.5358081106102212
11.99,1.8835292406174372e-10,0.5355206307925563
12.0,1.9002266998608226e-10,0.5352331346620006
12.01,2.019057346168177e-10,0.5349456222274277
12.02,2.1378879924755316e-10,0.5346580934974777
12.03,2.2567186387828862e-10,0.5343705484809118
12.04,2.3755492850902407e-10,0.5340829871864889
12.05,2.4943799313976167e-10,0.5337954096229665
12.06,2.613210577704971e-10,0.5335078157991068
12.07,2.732041224012325e-10,0.5332202057236703
12.08,2.85087187031968e-10,0.5329325794054164
12.09,2.969702516627035e-10,0.5326449368531084
12.1,3.088533162934389e-10,0.5323572780755079
12.11,3.207363809241744e-10,0.5320696030813775
12.12,3.326194455549098e-10,0.5317819118794801
12.13,3.4450251018564736e-10,0.5314942044785795
12.14,3.5638557481638284e-10,0.5312064808874404
12.15,3.682686394471183e-10,0.5309187411148251
12.16,3.801517040778538e-10,0.5306309851695009
12.17,3.9203476870858923e-10,0.5303432130602335
12.18,4.0391783333932466e-10,0.5300554247957863
12.19,4.1580089797006014e-10,0.5297676203849283
12.2,4.2768396260079556e-10,0.5294797998364262
12.21,4.3956702723153316e-10,0.529191963159047
12.22,4.514500918622686e-10,0.5289041103615588
12.23,4.6333315649300407e-10,0.5286162414527302
12.24,4.752162211237395e-10,0.5283283564413298
12.25,4.87099285754475e-10,0.5280404553361279
12.26,4.989823503852105e-10,0.5277525381458936
12.27,5.108654150159458e-10,0.5274646048793973
12.28,5.227484796466813e-10,0.5271766555454115
12.29,5.346315442774168e-10,0.526888690152706
12.3,5.465146089081543e-10,0.5266007087100524
12.31,5.583976735388898e-10,0.5263127112262255
12.32,5.702807381696253e-10,0.5260246977099962
12.33,5.821638028003608e-10,0.5257366681701371
12.34,5.940468674310963e-10,0.5254486226154252
12.35,6.059299320618316e-10,0.5251605610546322
12.36,6.178129966925671e-10,0.524872483496533
12.37,6.296960613233025e-10,0.5245843899499044
12.38,6.415791259540401e-10,0.5242962804235224
12.39,6.534621905847755e-10,0.5240081549261616
12.4,6.65345255215511e-10,0.5237200134665989
12.41,6.772283198462465e-10,0.5234318560536141
12.42,6.891113844769819e-10,0.5231436826959823
12.43,7.009944491077174e-10,0.5228554934024818
12.44,7.128775137384529e-10,0.5225672881818941
12.45,7.247605783691884e-10,0.5222790670429955
12.46,7.366436429999259e-10,0.5219908299945664
12.47,7.485267076306614e-10,0.5217025770453879
12.48,7.604097722613967e-10,0.5214143082042407
12.49,7.722928368921322e-10,0.5211260234799046
12.5,7.841759015228676e-10,0.5208377228811626
12.51,7.960589661536031e-10,0.5205494064167966
12.52,8.079420307843386e-10,0.5202610740955881
12.53,8.198250954150741e-10,0.5199727259263216
12.54,8.317081600458096e-10,0.5196843619177801
12.55,8.435912246765471e-10,0.5193959820787479
12.56,8.554742893072826e-10,0.5191075864180091
12.57,8.673573539380181e-10,0.5188191749443493
12.58,8.792404185687535e-10,0.5185307476665537
12.59,8.911234831994888e-10,0.5182423045934081
12.6,9.030065478302243e-10,0.5179538457336993
12.61,9.148896124609598e-10,0.5176653710962137
12.62,9.267726770916953e-10,0.5173768806897404
12.63,9.386557417224328e-10,0.5170883745230653
12.64,9.505388063531683e-10,0.5167998526049781
12.65,9.624218709839038e-10,0.5165113149442669
12.66,9.743049356146392e-10,0.5162227615497214
12.67,9.861880002453747e-10,0.5159341924301315
12.68,9.980710648761102e-10,0.5156456075942871
12.69,1.0099541295068455e-09,0.5153570070509798
12.7,1.021837194137581e-09,0.5150683908090002
12.71,1.0337202587683185e-09,0.5147797588771397
12.72,1.045603323399054e-09,0.5144911112641922
12.73,1.0574863880297895e-09,0.5142024479789485
12.74,1.069369452660525e-09,0.5139137690302021
12.75,1.0812525172912604e-09,0.5136250744267487
12.76,1.0931355819219959e-09,0.5133363641773799
12.77,1.1050186465527314e-09,0.5130476382908908
12.78,1.1169017111834669e-09,0.5127588967760782
12.79,1.1287847758142023e-09,0.512470139641736
12.8,1.1406678404449399e-09,0.5121813668966597
12.81,1.1525509050756754e-09,0.5118925785496481
12.82,1.1644339697064108e-09,0.511603774609497
12.83,1.1763170343371463e-09,0.511314955085003
12.84,1.1882000989678816e-09,0.511026119984965
12.85,1.200083163598617e-09,0.5107372693181822
12.86,1.2119662282293525e-09,0.5104484030934512
12.87,1.223849292860088e-09,0.5101595213195732
12.88,1.2357323574908256e-09,0.5098706240053484
12.89,1.247615422121561e-09,0.5095817111595758
12.9,1.2594984867522965e-09,0.5092927827910556
12.91,1.271381551383032e-09,0.5090038389085909
12.92,1.2832646160137675e-09,0.5087148795209837
12.93,1.295147680644503e-09,0.5084259046370334
12.94,1.3070307452752382e-09,0.5081369142655454
12.95,1.3189138099059737e-09,0.5078479084153227
12.96,1.3307968745367113e-09,0.5075588870951662
12.97,1.3426799391674467e-09,0.507269850313883
12.98,1.3545630037981822e-09,0.5069807980802776
12.99,1.3664460684289177e-09,0.5066917304031521
13.0,1.3783291330596532e-09,0.5064026472913147
13.01,1.4543377588906297e-09,0.5061135487543054
13.02,1.5303463847216063e-09,0.5058244348001958
13.03,1.6063550105525828e-09,0.5055353054377935
13.04,1.6823636363835594e-09,0.5052461606759052
13.05,1.7583722622145494e-09,0.5049570005233383
13.06,1.834380888045526e-09,0.5046678249889033
13.07,1.9103895138765027e-09,0.5043786340814065
13.08,1.986398139707479e-09,0.5040894278096577
13.09,2.0624067655384554e-09,0.5038002061824685
13.1,2.138415391369432e-09,0.5035109692086469
13.11,2.2144240172004085e-09,0.5032217168970037
13.12,2.290432643031385e-09,0.502932449256352
13.13,2.3664412688623752e-09,0.5026431662955015
13.14,2.4424498946933518e-09,0.5023538680232649
13.15,2.5184585205243283e-09,0.5020645544484535
13.16,2.594467146355305e-09,0.5017752255798833
13.17,2.6704757721862814e-09,0.5014858814263651
13.18,2.746484398017258e-09,0.5011965219967129
13.19,2.8224930238482345e-09,0.5009071472997433
13.2,2.898501649679211e-09,0.5006177573442689
13.21,2.974510275510201e-09,0.5003283521391052
13.22,3.0505189013411774e-09,0.50003893169307
13.23,3.126527527172154e-09,0.49974949601497765
13.24,3.2025361530031305e-09,0.49946004511364434
13.25,3.278544778834107e-09,0.49917057899788897
13.26,3.3545534046650836e-09,0.4988810976765295
13.27,3.43056203049606e-09,0.4985916011583813
13.28,3.5065706563270367e-09,0.4983020894522654
13.29,3.5825792821580132e-09,0.49801256256700105
13.3,3.658587907989003e-09,0.4977230205114052
13.31,3.7345965338199796e-09,0.49743346329429994
13.32,3.810605159650956e-09,0.49714389092450584
13.33,3.886613785481933e-09,0.4968543034108422
13.34,3.962622411312909e-09,0.4965647007621314
13.35,4.038631037143886e-09,0.4962750829871954
13.36,4.114639662974862e-09,0.49598545009485573
13.37,4.190648288805839e-09,0.4956958020939359
13.38,4.2666569146368295e-09,0.49540613899325847
13.39,4.342665540467805e-09,0.49511646080164823
13.4,4.418674166298783e-09,0.4948267675279269
13.41,4.494682792129758e-09,0.49453705918092106
13.42,4.570691417960736e-09,0.4942473357694561
13.43,4.6467000437917114e-09,0.4939575973023553
13.44,4.722708669622689e-09,0.4936678437884461
13.45,4.7987172954536645e-09,0.49337807523655525
13.46,4.874725921284655e-09,0.49308829165550866
13.47,4.950734547115631e-09,0.4927984930541342
13.48,5.026743172946608e-09,0.4925086794412593
13.49,5.102751798777584e-09,0.4922188508257118
13.5,5.178760424608561e-09,0.49192900721632227
13.51,5.254769050439537e-09,0.49163914862191777
13.52,5.3307776762705144e-09,0.49134927505132797
13.53,5.40678630210149e-09,0.4910593865133851
13.54,5.4827949279324675e-09,0.49076948301691736
13.55,5.5588035537634565e-09,0.4904795645707559
13.56,5.634812179594434e-09,0.4901896311837342
13.57,5.7108208054254096e-09,0.4898996828646817
13.58,5.786829431256387e-09,0.4896097196224311
13.59,5.862838057087363e-09,0.4893197414658167
13.6,5.93884668291834e-09,0.48902974840367164
13.61,6.014855308749316e-09,0.4887397404448272
13.62,6.090863934580293e-09,0.48844971759812006
13.63,6.166872560411282e-09,0.4881596798723843
13.64,6.2428811862422595e-09,0.487869627276454
13.65,6.318889812073235e-09,0.4875795598191648
13.66,6.394898437904213e-09,0.4872894775093545
13.67,6.470907063735188e-09,0.48699938035585705
13.68,6.546915689566166e-09,0.4867092683675099
13.69,6.6229243153971414e-09,0.4864191415531516
13.7,6.698932941228119e-09,0.4861289999216199
13.71,6.774941567059109e-09,0.48583884348175094
13.72,6.850950192890085e-09,0.48554867224238507
13.73,6.9269588187210625e-09,0.48525848621236223
13.74,7.002967444552038e-09,0.484968285400519
13.75,7.078976070383014e-09,0.4846780698156986
13.76,7.154984696213991e-09,0.48438783946674047
13.77,7.230993322044967e-09,0.48409759436248373
13.78,7.3070019478759444e-09,0.4838073345117721
13.79,7.38301057370692e-09,0.48351705992344635
13.8,7.45901919953791e-09,0.4832267706063492
13.81,7.535027825368888e-09,0.4829364665693227
13.82,7.611036451199864e-09,0.4826461478212107
13.83,7.687045077030841e-09,0.4823558143708565
13.84,7.763053702861817e-09,0.48206546622710417
13.85,7.839062328692794e-09,0.4817751033987985
13.86,7.91507095452377e-09,0.4814847258947832
13.87,7.991079580354747e-09,0.481194333723906
13.88,8.067088206185736e-09,0.4809039268950111
13.89,8.143096832016714e-09,0.4806135054169447
13.9,8.21910545784769e-09,0.4803230692985544
13.91,8.295114083678667e-09,0.4800326185486865
13.92,8.371122709509643e-09,0.47974215317618923
13.93,8.44713133534062e-09,0.4794516731899106
13.94,8.523139961171596e-09,0.47916117859869906
13.95,8.599148587002573e-09,0.47887066941140366
13.96,8.675157212833562e-09,0.47858014563687284
13.97,8.75116583866454e-09,0.4782896072839591
13.98,8.827174464495515e-09,0.4779990543615102
13.99,8.903183090326493e-09,0.47770848687837675
14.0,8.979191716157468e-09,0.4774179048434124
14.01,9.423477755561119e-09,0.4771273082697412
14.02,9.86776379496477e-09,0.4768366971619417
14.03,1.0312049834368419e-08,0.47654607152886774
14.04,1.075633587377207e-08,0.4762554313793724
14.05,1.12006219131758e-08,0.4759647767223069
14.06,1.164490795257945e-08,0.47567410756652717
14.07,1.20891939919831e-08,0.4753834239208876
14.08,1.2533480031386751e-08,0.47509272579424067
14.09,1.2977766070790402e-08,0.4748020131954435
14.1,1.3422052110194053e-08,0.4745112861333523
14.11,1.3866338149597703e-08,0.47422054461682056
14.12,1.4310624189001353e-08,0.47392978865470664
14.13,1.4754910228405083e-08,0.4736390182558676
14.14,1.5199196267808732e-08,0.4733482334291607
14.15,1.5643482307212383e-08,0.47305743418344204
14.16,1.6087768346616034e-08,0.4727666205275719
14.17,1.6532054386019684e-08,0.47247579247040916
14.18,1.6976340425423335e-08,0.4721849500208102
14.19,1.7420626464826986e-08,0.47189409318763736
14.2,1.7864912504230634e-08,0.47160322197975046
14.21,1.8309198543634367e-08,0.4713123364060077
14.22,1.8753484583038015e-08,0.47102143647527206
14.23,1.9197770622441665e-08,0.4707305221964043
14.24,1.9642056661845316e-08,0.4704395935782664
14.25,2.0086342701248967e-08,0.47014865062972017
14.26,2.0530628740652618e-08,0.4698576933596284
14.27,2.097491478005627e-08,0.46956672177685377
14.28,2.141920081945992e-08,0.4692757358902605
14.29,2.1863486858863567e-08,0.4689847357087119
14.3,2.23077728982673e-08,0.46869372124107195
14.31,2.2752058937670948e-08,0.46840269249620764
14.32,2.31963449770746e-08,0.46811164948298173
14.33,2.364063101647825e-08,0.4678205922102603
14.34,2.40849170558819e-08,0.4675295206869112
14.35,2.452920309528555e-08,0.4672384349217994
14.36,2.4973489134689202e-08,0.46694733492379126
14.37,2.5417775174092853e-08,0.4666562207017566
14.38,2.586206121349658e-08,0.46636509226456124
14.39,2.630634725290023e-08,0.46607394962107396
14.4,2.675063329230388e-08,0.46578279278016277
14.41,2.7194919331707532e-08,0.4654916217506992
14.42,2.7639205371111183e-08,0.4652004365415506
14.43,2.8083491410514834e-08,0.46490923716158683
14.44,2.8527777449918485e-08,0.4646180236196804
14.45,2.8972063489322136e-08,0.46432679592470044
14.46,2.9416349528725863e-08,0.4640355540855175
14.47,2.9860635568129513e-08,0.4637442981110066
14.48,3.030492160753316e-08,0.46345302801003674
14.49,3.0749207646936815e-08,0.4631617437914807
14.5,3.119349368634047e-08,0.4628704454642132
14.51,3.1637779725744117e-08,0.46257913303710774
14.52,3.2082065765147764e-08,0.4622878065190361
14.53,3.252635180455142e-08,0.4619964659188745
14.54,3.297063784395507e-08,0.46170511124549746
14.55,3.34149238833588e-08,0.46141374250777856
14.56,3.385920992276245e-08,0.4611223597145951
14.57,3.4303495962166094e-08,0.46083096287482267
14.58,3.474778200156975e-08,0.4605395519973374
14.59,3.51920680409734e-08,0.46024812709101653
14.6,3.563635408037705e-08,0.4599566881647374
14.61,3.60806401197807e-08,0.45966523522737757
14.62,3.652492615918435e-08,0.45937376828781523
14.63,3.696921219858808e-08,0.45908228735492884
14.64,3.741349823799173e-08,0.45879079243759796
14.65,3.785778427739538e-08,0.4584992835447006
14.66,3.830207031679903e-08,0.4582077606851181
14.67,3.874635635620268e-08,0.45791622386773023
14.68,3.9190642395606336e-08,0.4576246731014177
14.69,3.9634928435009984e-08,0.45733310839506186
14.7,4.007921447441363e-08,0.45704152975754414
14.71,4.052350051381736e-08,0.45674993719774665
14.72,4.096778655322102e-08,0.45645833072455144
14.73,4.1412072592624666e-08,0.4561667103468417
14.74,4.1856358632028314e-08,0.45587507607349975
14.75,4.230064467143196e-08,0.45558342791341194
14.76,4.274493071083561e-08,0.4552917658754593
14.77,4.318921675023927e-08,0.45500008996852714
14.78,4.363350278964292e-08,0.4547084002015023
14.79,4.4077788829046565e-08,0.45441669658326794
14.8,4.452207486845029e-08,0.45412497912271
14.81,4.496636090785395e-08,0.4538332478287167
14.82,4.54106469472576e-08,0.4535415027101727
14.83,4.585493298666125e-08,0.45324974377596533
14.84,4.6299219026064895e-08,0.45295797103498286
14.85,4.674350506546854e-08,0.45266618449611323
14.86,4.71877911048722e-08,0.45237438416824316
14.87,4.763207714427585e-08,0.45208257006026326
14.88,4.807636318367958e-08,0.45179074218106285
14.89,4.8520649223083225e-08,0.45149890053952957
14.9,4.8964935262486886e-08,0.4512070451445542
14.91,4.940922130189053e-08,0.45091517600502884
14.92,4.985350734129418e-08,0.45062329312984184
14.93,5.029779338069783e-08,0.45033139652788534
14.94,5.0742079420101476e-08,0.45003948620805173
14.95,5.1186365459505136e-08,0.44974756217923356
14.96,5.1630651498908863e-08,0.44945562445032067
14.97,5.207493753831251e-08,0.4491636730302086
14.98,5.251922357771616e-08,0.4488717079277908
14.99,5.296350961711982e-08,0.44857972915195826
15.0,5.340779565652346e-08,0.44828773671160815
15.01,5.5813129585452566e-08,0.4479957306386718
15.02,5.821846351438167e-08,0.44770371091901184
15.03,6.062379744331078e-08,0.4474116775615236
15.04,6.302913137223988e-08,0.4471196305751027
15.05,6.543446530116941e-08,0.44682756996864564
15.06,6.783979923009851e-08,0.4465354957510491
15.07,7.024513315902763e-08,0.4462434079312095
15.08,7.265046708795673e-08,0.4459513065180248
15.09,7.505580101688584e-08,0.4456591915203943
15.1,7.746113494581494e-08,0.44536706294721423
15.11,7.986646887474404e-08,0.4450749208073833
15.12,8.227180280367315e-08,0.444782765109803
15.13,8.467713673260269e-08,0.44449059586337064
15.14,8.708247066153179e-08,0.444198413076987
15.15,8.948780459046089e-08,0.4439062167595523
15.16,9.189313851939e-08,0.44361400691996755
15.17,9.42984724483191e-08,0.4433217835671338
15.18,9.67038063772482e-08,0.4430295467099522
15.19,9.910914030617731e-08,0.44273729635732656
15.2,1.0151447423510641e-07,0.4424450325181576
15.21,1.0391980816403595e-07,0.4421527552013477
15.22,1.0632514209296505e-07,0.44186046441580273
15.23,1.0873047602189416e-07,0.44156816017042405
15.24,1.1113580995082326e-07,0.4412758424741156
15.25,1.1354114387975236e-07,0.44098351133578423
15.26,1.1594647780868147e-07,0.4406911667643328
15.27,1.1835181173761059e-07,0.4403988087686661
15.28,1.2075714566653967e-07,0.440106437357692
15.29,1.2316247959546879e-07,0.4398140525403161
15.3,1.2556781352439832e-07,0.43952165432544316
15.31,1.2797314745332744e-07,0.43922924272198205
15.32,1.3037848138225652e-07,0.4389368177388401
15.33,1.3278381531118563e-07,0.4386443793849234
15.34,1.3518914924011475e-07,0.4383519276691414
15.35,1.3759448316904383e-07,0.4380594626004036
15.36,1.3999981709797295e-07,0.4377669841876163
15.37,1.4240515102690206e-07,0.4374744924396911
15.38,1.448104849558316e-07,0.43718198736553693
15.39,1.4721581888476068e-07,0.4368894689740651
15.4,1.496211528136898e-07,0.4365969372741842
15.41,1.520264867426189e-07,0.4363043922748069
15.42,1.54431820671548e-07,0.436011833984845
15.43,1.568371546004771e-07,0.4357192624132078
15.44,1.5924248852940622e-07,0.4354266775688099
15.45,1.6164782245833533e-07,0.4351340794605639
15.46,1.6405315638726484e-07,0.4348414680973807
15.47,1.6645849031619396e-07,0.43454884348817646
15.48,1.6886382424512307e-07,0.4342562056418633
15.49,1.7126915817405218e-07,0.43396355456735614
15.5,1.7367449210298127e-07,0.4336708902735693
15.51,1.7607982603191038e-07,0.43337821276941796
15.52,1.7848515996083947e-07,0.43308552206381706
15.53,1.8089049388976858e-07,0.4327928181656844
15.54,1.832958278186977e-07,0.43250010108393405
15.55,1.8570116174762723e-07,0.43220737082748306
15.56,1.8810649567655632e-07,0.4319146274052501
15.57,1.9051182960548543e-07,0.43162187082615106
15.58,1.9291716353441454e-07,0.43132910109910294
15.59,1.9532249746334363e-07,0.43103631823302735
15.6,1.9772783139227274e-07,0.4307435222368399
15.61,2.0013316532120185e-07,0.4304507131194595
15.62,2.0253849925013097e-07,0.43015789088980827
15.63,2.0494383317906048e-07,0.4298650555568046
15.64,2.073491671079896e-07,0.42957220712936856
15.65,2.097545010369187e-07,0.4292793456164198
15.66,2.1215983496584782e-07,0.42898647102688275
15.67,2.145651688947769e-07,0.4286935833696754
15.68,2.1697050282370602e-07,0.42840068265372017
15.69,2.1937583675263513e-07,0.42810776888794216
15.7,2.2178117068156421e-07,0.42781484208126047
15.71,2.2418650461049375e-07,0.42752190224259956
15.72,2.2659183853942286e-07,0.42722894938088296
15.73,2.2899717246835198e-07,0.42693598350503587
15.74,2.3140250639728106e-07,0.42664300462397947
15.75,2.3380784032621018e-07,0.42635001274664097
15.76,2.362131742551393e-07,0.42605700788194484
15.77,2.386185081840684e-07,0.4257639900388155
15.78,2.410238421129975e-07,0.4254709592261796
15.79,2.4342917604192663e-07,0.4251779154529638
15.8,2.4583450997085616e-07,0.42488485872809323
15.81,2.482398438997852e-07,0.4245917890604962
15.82,2.5064517782871434e-07,0.4242987064591004
15.83,2.5305051175764345e-07,0.4240056109328327
15.84,2.5545584568657256e-07,0.4237125024906213
15.85,2.578611796155017e-07,0.4234193811413955
15.86,2.602665135444308e-07,0.4231262468940835
15.87,2.626718474733599e-07,0.42283309975761524
15.88,2.650771814022894e-07,0.42253993974092013
15.89,2.674825153312185e-07,0.4222467668529295
15.9,2.698878492601476e-07,0.42195358110257136
15.91,2.722931831890767e-07,0.42166038249877885
15.92,2.7469851711800584e-07,0.4213671710504823
15.93,2.7710385104693495e-07,0.42107394676661414
15.94,2.7950918497586406e-07,0.42078070965610587
15.95,2.819145189047931e-07,0.4204874597278905
15.96,2.8431985283372266e-07,0.4201941969909005
15.97,2.8672518676265177e-07,0.41990092145406965
15.98,2.891305206915809e-07,0.41960763312633087
15.99,2.9153585462051e-07,0.41931433201661794
16.0,2.939411885494391e-07,0.4190210181338678
16.01,3.0613733234903917e-07,0.41872769160332746
16.02,3.183334761486349e-07,0.41843435231764287
16.03,3.30529619948235e-07,0.4181410002857512
16.04,3.427257637478307e-07,0.4178476355165863
16.05,3.5492190754743076e-07,0.41755425801908513
16.06,3.671180513470265e-07,0.41726086780218485
16.07,3.7931419514662654e-07,0.4169674648748236
16.08,3.915103389462223e-07,0.4166740492459375
16.09,4.0370648274582236e-07,0.4163806209244639
16.1,4.159026265454224e-07,0.41608717991934274
16.11,4.2809877034501813e-07,0.4157937262395112
16.12,4.402949141446182e-07,0.4155002598939097
16.13,4.5249105794421396e-07,0.4152067808914779
16.14,4.64687201743814e-07,0.41491328924115456
16.15,4.768833455434097e-07,0.41461978495187923
16.16,4.890794893430097e-07,0.4143262680325941
16.17,5.012756331426098e-07,0.41403273849223987
16.18,5.134717769422056e-07,0.41373919633975775
16.19,5.256679207418056e-07,0.41344564158408936
16.2,5.378640645414014e-07,0.4131520742341776
16.21,5.500602083410014e-07,0.4128584942989635
16.22,5.622563521405972e-07,0.41256490178739114
16.23,5.744524959401973e-07,0.4122712967084044
16.24,5.86648639739793e-07,0.41197767907094474
16.25,5.98844783539393e-07,0.41168404888395843
16.26,6.11040927338993e-07,0.4113904061563893
16.27,6.232370711385888e-07,0.4110967508971815
16.28,6.354332149381889e-07,0.41080308311528113
16.29,6.476293587377847e-07,0.4105094028196332
16.3,6.598255025373847e-07,0.4102157100191845
16.31,6.720216463369805e-07,0.40992200472288054
16.32,6.842177901365805e-07,0.4096282869396684
16.33,6.964139339361762e-07,0.4093345566784955
16.34,7.086100777357763e-07,0.40904081394830816
16.35,7.208062215353763e-07,0.408747058758056
16.36,7.330023653349721e-07,0.40845329111668516
16.37,7.451985091345721e-07,0.4081595110331469
16.38,7.573946529341679e-07,0.40786571851638836
16.39,7.69590796733768e-07,0.40757191357535977
16.4,7.817869405333637e-07,0.4072780962190105
16.41,7.939830843329638e-07,0.40698426645629077
16.42,8.061792281325638e-07,0.40669042429615054
16.43,8.183753719321595e-07,0.40639656974754174
16.44,8.305715157317595e-07,0.4061027028194163
16.45,8.427676595313553e-07,0.40580882352072417
16.46,8.549638033309554e-07,0.40551493186041737
16.47,8.671599471305511e-07,0.4052210278474503
16.48,8.793560909301512e-07,0.4049271114907738
16.49,8.915522347297469e-07,0.4046331827993411
16.5,9.03748378529347e-07,0.4043392417821075
16.51,9.159445223289471e-07,0.40404528844802634
16.52,9.281406661285427e-07,0.4037513228060497
16.53,9.403368099281428e-07,0.40345734486513457
16.54,9.525329537277385e-07,0.40316335463423664
16.55,9.647290975273386e-07,0.4028693521223087
16.56,9.769252413269343e-07,0.4025753373383082
16.57,9.891213851265344e-07,0.40228131029119196
16.58,1.0013175289261303e-06,0.40198727098991505
16.59,1.0135136727257302e-06,0.40169321944343467
16.6,1.0257098165253303e-06,0.40139915566070844
16.61,1.037905960324926e-06,0.40110507965069414
16.62,1.050102104124526e-06,0.40081099142235005
16.63,1.062298247924122e-06,0.40051689098463383
16.64,1.0744943917237218e-06,0.40022277834650555
16.65,1.0866905355233175e-06,0.3999286535169218
16.66,1.0988866793229176e-06,0.3996345165048447
16.67,1.1110828231225177e-06,0.3993403673192322
16.68,1.1232789669221136e-06,0.39904620596904755
16.69,1.1354751107217135e-06,0.3987520324632483
16.7,1.1476712545213091e-06,0.3984578468107967
16.71,1.1598673983209092e-06,0.3981636490206542
16.72,1.1720635421205051e-06,0.39786943910178224
16.73,1.1842596859201052e-06,0.39757521706314264
16.74,1.1964558297197007e-06,0.39728098291369845
16.75,1.2086519735193008e-06,0.39698673666241285
16.76,1.2208481173189009e-06,0.39669247831824817
16.77,1.2330442611184968e-06,0.39639820789016783
16.78,1.2452404049180969e-06,0.39610392538713807
16.79,1.2574365487176925e-06,0.3958096308181208
16.8,1.2696326925172924e-06,0.39551532419208
16.81,1.2818288363168883e-06,0.39522100551798456
16.82,1.2940249801164884e-06,0.3949266748047965
16.83,1.306221123916084e-06,0.3946323320614822
16.84,1.3184172677156842e-06,0.39433797729700865
16.85,1.330613411515284e-06,0.39404361052034215
16.86,1.34280955531488e-06,0.3937492317404486
16.87,1.35500569911448e-06,0.3934548409662969
16.88,1.3672018429140757e-06,0.3931604382068547
16.89,1.3793979867136758e-06,0.39286602347108834
16.9,1.3915941305132715e-06,0.39257159676796644
16.91,1.4037902743128716e-06,0.39227715810645913
16.92,1.4159864181124717e-06,0.39198270749553393
16.93,1.4281825619120674e-06,0.39168824494416177
16.94,1.4403787057116675e-06,0.3913937704613123
16.95,1.4525748495112632e-06,0.39109928405595434
16.96,1.4647709933108633e-06,0.3908047857370582
16.97,1.476967137110459e-06,0.390510275513597
16.98,1.489163280910059e-06,0.39021575339454134
16.99,1.5013594247096547e-06,0.38992121938886104
17.0,1.5135555685092548e-06,0.38962667350552993
17.01,1.572012965452936e-06,0.3893321163087985
17.02,1.630470362396596e-06,0.38903754725246903
17.03,1.6889277593402771e-06,0.38874296634551647
17.04,1.7473851562839372e-06,0.38844837359691387
17.05,1.8058425532276183e-06,0.38815376901563453
17.06,1.8642999501712784e-06,0.38785915261065224
17.07,1.9227573471149593e-06,0.387564524390942
17.08,1.9812147440586197e-06,0.38726988436547893
17.09,2.0396721410023007e-06,0.3869752325432358
17.1,2.098129537945982e-06,0.3866805689331908
17.11,2.1565869348896417e-06,0.38638589354431746
17.12,2.215044331833323e-06,0.3860912063855952
17.13,2.273501728776983e-06,0.3857965074659978
17.14,2.3319591257206642e-06,0.38550179679450247
17.15,2.390416522664324e-06,0.3852070743800879
17.16,2.4488739196080052e-06,0.38491234023173
17.17,2.5073313165516863e-06,0.3846175943584068
17.18,2.5657887134953467e-06,0.3843228367690991
17.19,2.6242461104390273e-06,0.38402806747278295
17.2,2.6827035073826877e-06,0.38373328647843835
17.21,2.7411609043263687e-06,0.38343849379504397
17.22,2.7996183012700287e-06,0.38314368943158156
17.23,2.85807569821371e-06,0.38284887339702933
17.24,2.91653309515737e-06,0.38255404570036783
17.25,2.974990492101051e-06,0.3822592063505798
17.26,3.0334478890447322e-06,0.3819643553566443
17.27,3.091905285988392e-06,0.38166949272754247
17.28,3.1503626829320737e-06,0.38137461847225923
17.29,3.2088200798757336e-06,0.38107973259977423
17.3,3.2672774768194147e-06,0.38078483511906974
17.31,3.325734873763075e-06,0.3804899260391306
17.32,3.3841922707067557e-06,0.3801950053689404
17.33,3.442649667650416e-06,0.37990007311748036
17.34,3.501107064594097e-06,0.37960512929373513
17.35,3.559564461537778e-06,0.3793101739066917
17.36,3.618021858481438e-06,0.37901520696533125
17.37,3.676479255425119e-06,0.3787202284786409
17.38,3.7349366523687795e-06,0.37842523845560677
17.39,3.7933940493124606e-06,0.3781302369052122
17.4,3.8518514462561205e-06,0.3778352238364442
17.41,3.910308843199802e-06,0.37754019925829024
17.42,3.968766240143483e-06,0.37724516317973655
17.43,4.027223637087143e-06,0.3769501156097705
17.44,4.085681034030824e-06,0.37665505655737924
17.45,4.144138430974484e-06,0.37635998603155185
17.46,4.2025958279181655e-06,0.3760649040412739
17.47,4.261053224861825e-06,0.37576981059553627
17.48,4.3195106218055065e-06,0.3754747057033279
17.49,4.377968018749166e-06,0.375179589373636
17.5,4.4364254156928475e-06,0.3748844616154525
17.51,4.494882812636529e-06,0.3745893224377664
17.52,4.5533402095801885e-06,0.3742941718495674
17.53,4.61179760652387e-06,0.37399900985984763
17.54,4.6702550034675295e-06,0.3737038364775971
17.55,4.728712400411211e-06,0.3734086517118062
17.56,4.787169797354871e-06,0.3731134555714699
17.57,4.845627194298552e-06,0.3728182480655767
17.58,4.904084591242212e-06,0.37252302920312125
17.59,4.962541988185893e-06,0.372227798993095
17.6,5.0209993851295745e-06,0.3719325574444914
17.61,5.079456782073234e-06,0.3716373045663036
17.62,5.1379141790169155e-06,0.37134204036752727
17.63,5.196371575960576e-06,0.37104676485715427
17.64,5.2548289729042565e-06,0.3707514780441802
17.65,5.313286369847917e-06,0.37045617993759805
17.66,5.371743766791598e-06,0.3701608705464065
17.67,5.430201163735279e-06,0.3698655498795973
17.68,5.488658560678939e-06,0.3695702179461693
17.69,5.54711595762262e-06,0.3692748747551175
17.7,5.60557335456628e-06,0.36897952031543785
17.71,5.664030751509961e-06,0.36868415463612686
17.72,5.722488148453621e-06,0.36838877772618417
17.73,5.780945545397303e-06,0.368093389594605
17.74,5.839402942340963e-06,0.3677979902503873
17.75,5.897860339284644e-06,0.36750257970253086
17.76,5.9563177362283245e-06,0.36720715796003395
17.77,6.014775133171985e-06,0.36691172503189384
17.78,6.073232530115666e-06,0.3666162809271113
17.79,6.131689927059327e-06,0.3663208256546867
17.8,6.190147324003007e-06,0.36602535922361734
17.81,6.248604720946668e-06,0.3657298816429051
17.82,6.307062117890348e-06,0.3654343929215521
17.83,6.365519514834009e-06,0.3651388930685566
17.84,6.423976911777689e-06,0.36484338209292033
17.85,6.482434308721371e-06,0.3645478600036464
17.86,6.540891705665031e-06,0.3642523268097364
17.87,6.599349102608712e-06,0.3639567825201915
17.88,6.657806499552372e-06,0.3636612271440157
17.89,6.716263896496053e-06,0.3633656606902119
17.9,6.774721293439713e-06,0.36307008316778144
17.91,6.833178690383395e-06,0.3627744945857308
17.92,6.891636087327075e-06,0.3624788949530615
17.93,6.950093484270736e-06,0.3621832842787807
17.94,7.008550881214416e-06,0.3618876625718907
17.95,7.067008278158077e-06,0.36159202984139727
17.96,7.125465675101757e-06,0.3612963860963057
17.97,7.183923072045418e-06,0.36100073134562205
17.98,7.242380468989099e-06,0.3607050655983515
17.99,7.3008378659327595e-06,0.3604093888635006
18.0,7.35929526287644e-06,0.3601137011500782
18.01,7.626257975859826e-06,0.35981800499358757
18.02,7.893220688843118e-06,0.3595222978769945
18.03,8.160183401826505e-06,0.35922657980930806
18.04,8.427146114809797e-06,0.35893085079953346
18.05,8.694108827793184e-06,0.3586351108566785
18.06,8.961071540776474e-06,0.35833935998975347
18.07,9.228034253759861e-06,0.3580435982077643
18.08,9.494996966743154e-06,0.357747825519721
18.09,9.761959679726539e-06,0.35745204193463204
18.1,1.0028922392709926e-05,0.3571562474615089
18.11,1.0295885105693218e-05,0.35686044210935813
18.12,1.0562847818676605e-05,0.35656462588719284
18.13,1.0829810531659896e-05,0.3562687988040227
18.14,1.1096773244643283e-05,0.3559729608688569
18.15,1.1363735957626575e-05,0.35567711209070757
18.16,1.1630698670609962e-05,0.35538125247858765
18.17,1.1897661383593347e-05,0.35508538204150586
18.18,1.216462409657664e-05,0.35478950078847693
18.19,1.2431586809560026e-05,0.35449360872851216
18.2,1.2698549522543317e-05,0.3541977058706254
18.21,1.2965512235526704e-05,0.3539017922238274
18.22,1.3232474948509996e-05,0.35360586779713393
18.23,1.3499437661493381e-05,0.353309932599558
18.24,1.3766400374476675e-05,0.35301398664011274
18.25,1.403336308746006e-05,0.3527180299278139
18.26,1.4300325800443446e-05,0.3524220624716765
18.27,1.456728851342674e-05,0.3521260842807132
18.28,1.4834251226410125e-05,0.3518300953639412
18.29,1.5101213939393417e-05,0.3515340957303765
18.3,1.5368176652376804e-05,0.35123808538903434
18.31,1.5635139365360095e-05,0.35094206434893177
18.32,1.5902102078343484e-05,0.35064603261908484
18.33,1.6169064791326774e-05,0.35034999020851176
18.34,1.643602750431016e-05,0.3500539371262268
18.35,1.6702990217293548e-05,0.3497578733812514
18.36,1.696995293027684e-05,0.3494617989826005
18.37,1.7236915643260224e-05,0.3491657139392955
18.38,1.7503878356243518e-05,0.3488696182603527
18.39,1.7770841069226903e-05,0.3485735119547914
18.4,1.8037803782210194e-05,0.3482773950316315
18.41,1.8304766495193582e-05,0.34798126749989217
18.42,1.8571729208176968e-05,0.34768512936859297
18.43,1.8838691921160258e-05,0.347388980646756
18.44,1.9105654634143647e-05,0.3470928213433999
18.45,1.9372617347126937e-05,0.3467966514675465
18.46,1.9639580060110323e-05,0.3465004710282153
18.47,1.9906542773093617e-05,0.3462042800344314
18.48,2.0173505486077005e-05,0.34590807849521377
18.49,2.0440468199060292e-05,0.3456118664195842
18.5,2.070743091204368e-05,0.34531564381656815
18.51,2.097439362502707e-05,0.3450194106951863
18.52,2.1241356338010357e-05,0.3447231670644611
18.53,2.1508319050993746e-05,0.34442691293341804
18.54,2.177528176397704e-05,0.3441306483110806
18.55,2.2042244476960425e-05,0.3438343732064709
18.56,2.2309207189943715e-05,0.3435380876286152
18.57,2.2576169902927104e-05,0.3432417915865387
18.58,2.2843132615910395e-05,0.3429454850892649
18.59,2.311009532889378e-05,0.3426491681458193
18.6,2.337705804187717e-05,0.34235284076522937
18.61,2.364402075486046e-05,0.34205650295651885
18.62,2.3910983467843844e-05,0.3417601547287155
18.63,2.4177946180827138e-05,0.3414637960908463
18.64,2.4444908893810524e-05,0.3411674270519374
18.65,2.4711871606793814e-05,0.3408710476210152
18.66,2.4978834319777203e-05,0.34057465780710927
18.67,2.5245797032760588e-05,0.34027825761924674
18.68,2.551275974574388e-05,0.3399818470664554
18.69,2.5779722458727267e-05,0.3396854261577647
18.7,2.6046685171710558e-05,0.33938899490220287
18.71,2.6313647884693947e-05,0.33909255330879856
18.72,2.6580610597677237e-05,0.33879610138658245
18.73,2.6847573310660622e-05,0.3384996391445834
18.74,2.7114536023643916e-05,0.3382031665918322
18.75,2.73814987366273e-05,0.33790668373735927
18.76,2.7648461449610687e-05,0.3376101905901949
18.77,2.791542416259398e-05,0.33731368715937077
18.78,2.8182386875577366e-05,0.33701717345391746
18.79,2.8449349588560657e-05,0.3367206494828676
18.8,2.8716312301544045e-05,0.3364241152552522
18.81,2.8983275014527336e-05,0.3361275707801049
18.82,2.9250237727510725e-05,0.33583101606645743
18.83,2.9517200440494015e-05,0.3355344511233425
18.84,2.97841631534774e-05,0.3352378759597936
18.85,3.005112586646079e-05,0.33494129058484506
18.86,3.031808857944408e-05,0.3346446950075287
18.87,3.0585051292427465e-05,0.33434808923688214
18.88,3.085201400541076e-05,0.3340514732819373
18.89,3.111897671839415e-05,0.3337548471517292
18.9,3.1385939431377435e-05,0.3334582108552929
18.91,3.165290214436082e-05,0.33316156440166533
18.92,3.1919864857344205e-05,0.3328649077998803
18.93,3.21868275703275e-05,0.3325682410589749
18.94,3.245379028331089e-05,0.33227156418798665
18.95,3.272075299629418e-05,0.3319748771959503
18.96,3.298771570927757e-05,0.3316781800919018
18.97,3.325467842226086e-05,0.3313814728848821
18.98,3.352164113524424e-05,0.3310847555839262
18.99,3.378860384822753e-05,0.3307880281980718
19.0,3.405556656121092e-05,0.3304912907363583
19.01,3.5225065961133456e-05,0.3301945542388899
19.02,3.6394565361055576e-05,0.32989780768545207
19.03,3.756406476097811e-05,0.3296010510850845
19.04,3.873356416090023e-05,0.32930428444682386
19.05,3.9903063560822764e-05,0.32900750777970456
19.06,4.1072562960744884e-05,0.32871072109276744
19.07,4.224206236066742e-05,0.32841392439504924
19.08,4.341156176058954e-05,0.328117117695589
19.09,4.458106116051207e-05,0.32782030100342274
19.1,4.5750560560434605e-05,0.3275234743275923
19.11,4.6920059960356726e-05,0.3272266376771347
19.12,4.808955936027926e-05,0.3269297910610904
19.13,4.925905876020138e-05,0.3266329344884994
19.14,5.0428558160123913e-05,0.3263360679684009
19.15,5.1598057560046034e-05,0.3260391915098349
19.16,5.276755695996856e-05,0.3257423051218428
19.17,5.39370563598911e-05,0.3254454088134653
19.18,5.510655575981322e-05,0.3251485025937448
19.19,5.627605515973575e-05,0.32485158647172113
19.2,5.744555455965787e-05,0.324554660456437
19.21,5.861505395958041e-05,0.3242577245569341
19.22,5.978455335950253e-05,0.32396077878225515
19.23,6.0954052759425056e-05,0.32366382314144304
19.24,6.212355215934718e-05,0.32336685764353945
19.25,6.329305155926972e-05,0.323069882297591
19.26,6.446255095919224e-05,0.3227728971126381
19.27,6.563205035911436e-05,0.3224759020977255
19.28,6.68015497590369e-05,0.32217889726189886
19.29,6.797104915895903e-05,0.32188188261420136
19.3,6.914054855888155e-05,0.32158485816367754
19.31,7.031004795880367e-05,0.32128782391937427
19.32,7.147954735872621e-05,0.320990779890336
19.33,7.264904675864832e-05,0.320693726085607
19.34,7.381854615857086e-05,0.32039666251423443
19.35,7.49880455584934e-05,0.320099589185267
19.36,7.615754495841551e-05,0.3198025061077471
19.37,7.732704435833805e-05,0.3195054132907248
19.38,7.849654375826017e-05,0.31920831074324674
19.39,7.96660431581827e-05,0.31891119847436006
19.4,8.083554255810483e-05,0.3186140764931107
19.41,8.200504195802736e-05,0.3183169448085508
19.42,8.317454135794988e-05,0.31801980342972436
19.43,8.434404075787202e-05,0.317722652365684
19.44,8.551354015779454e-05,0.3174254916254765
19.45,8.668303955771666e-05,0.3171283212181523
19.46,8.78525389576392e-05,0.31683114115275907
19.47,8.902203835756131e-05,0.3165339514383487
19.48,9.019153775748385e-05,0.31623675208397134
19.49,9.136103715740597e-05,0.3159395430986753
19.5,9.25305365573285e-05,0.3156423244915139
19.51,9.370003595725104e-05,0.31534509627153673
19.52,9.486953535717316e-05,0.31504785844779604
19.53,9.60390347570957e-05,0.31475061102934226
19.54,9.72085341570178e-05,0.31445335402522806
19.55,9.837803355694035e-05,0.314156087444506
19.56,9.954753295686247e-05,0.3138588112962281
19.57,0.000100717032356785,0.31356152558944717
19.58,0.00010188653175670711,0.31326423033321754
19.59,0.00010305603115662966,0.3129669255365897
19.6,0.00010422553055655218,0.31266961120862014
19.61,0.0001053950299564743,0.3123722873583606
19.62,0.00010656452935639684,0.3120749539948683
19.63,0.00010773402875631896,0.3117776111271958
19.64,0.00010890352815624149,0.31148025876439717
19.65,0.00011007302755616361,0.3111828969155295
19.66,0.00011124252695608615,0.3108855255896466
19.67,0.00011241202635600868,0.31058814479580465
19.68,0.0001135815257559308,0.3102907545430607
19.69,0.00011475102515585334,0.30999335484047064
19.7,0.00011592052455577546,0.30969594569708964
19.71,0.00011709002395569799,0.309398527121975
19.72,0.0001182595233556201,0.3091010991241858
19.73,0.00011942902275554265,0.30880366171277746
19.74,0.00012059852215546477,0.30850621489680774
19.75,0.0001217680215553873,0.3082087586853362
19.76,0.00012293752095530983,0.3079112930874196
19.77,0.00012410702035523197,0.30761381811211624
19.78,0.00012527651975515448,0.3073163337684865
19.79,0.00012644601915507662,0.30701884006558944
19.8,0.00012761551855499916,0.3067213370124827
19.81,0.00012878501795492126,0.306423824618228
19.82,0.0001299545173548438,0.3061263028918849
19.83,0.0001311240167547659,0.3058287718425132
19.84,0.00013229351615468845,0.3055312314791724
19.85,0.000133463015554611,0.3052336818109263
19.86,0.0001346325149545331,0.30493612284683236
19.87,0.00013580201435445564,0.30463855459595485
19.88,0.00013697151375437774,0.3043409770673547
19.89,0.00013814101315430029,0.30404339027009447
19.9,0.0001393105125542224,0.3037457942132338
19.91,0.00014048001195414493,0.3034481889058386
19.92,0.00014164951135406747,0.30315057435696985
19.93,0.00014281901075398958,0.30285295057569084
19.94,0.00014398851015391212,0.3025553175710658
19.95,0.00014515800955383425,0.3022576753521584
19.96,0.00014632750895375677,0.3019600239280303
19.97,0.0001474970083536789,0.30166236330774854
19.98,0.00014866650775360144,0.301364693500376
19.99,0.00014983600715352355,0.30106701451497825
20.0,0.0001510055065534461,0.30076932636062037
20.01,0.00015594918144686687,0.30047167553793314
20.02,0.00016089285634028592,0.3001740155713192
20.03,0.0001658365312337067,0.2998763464698367
20.04,0.00017078020612712575,0.299578668242539
20.05,0.00017572388102054653,0.29928098089848226
20.06,0.00018066755591396557,0.2989832844467256
20.07,0.00018561123080738636,0.2986855788963232
20.08,0.0001905549057008054,0.2983878642563332
20.09,0.00019549858059422618,0.2980901405358124
20.1,0.000200442255487647,0.2977924077438187
20.11,0.000205385930381066,0.29749466588940937
20.12,0.00021032960527448682,0.2971969149816438
20.13,0.00021527328016790584,0.29689915502958064
20.14,0.00022021695506132665,0.2966013860422764
20.15,0.00022516062995474567,0.29630360802879113
20.16,0.00023010430484816648,0.29600582099818573
20.17,0.00023504797974158726,0.29570802495951665
20.18,0.0002399916546350063,0.2954102199218458
20.19,0.00024493532952842706,0.2951124058942337
20.2,0.00024987900442184613,0.294814582885739
20.21,0.00025482267931526694,0.29451675090542234
20.22,0.00025976635420868596,0.294218909962346
20.23,0.0002647100291021067,0.29392106006557145
20.24,0.0002696537039955258,0.2936232012241574
20.25,0.0002745973788889466,0.29332533344716827
20.26,0.00027954105378236735,0.2930274567436652
20.27,0.00028448472867578637,0.29272957112270953
20.28,0.0002894284035692072,0.2924316765933648
20.29,0.00029437207846262625,0.2921337731646945
20.3,0.000299315753356047,0.2918358608457591
20.31,0.00030425942824946603,0.2915379396456248
20.32,0.00030920310314288684,0.29124000957335355
20.33,0.0003141467780363059,0.2909420706380103
20.34,0.00031909045292972667,0.2906441228486567
20.35,0.0003240341278231475,0.2903461662143609
20.36,0.0003289778027165665,0.29004820074418464
20.37,0.0003339214776099873,0.289750226447194
20.38,0.0003388651525034063,0.2894522433324543
20.39,0.00034380882739682713,0.2891542514090321
20.4,0.00034875250229024615,0.2888562506859899
20.41,0.00035369617718366696,0.288558241172396
20.42,0.0003586398520770877,0.2882602228773165
20.43,0.0003635835269705068,0.28796219580981836
20.44,0.0003685272018639276,0.2876641599789683
20.45,0.0003734708767573466,0.28736611539383233
20.46,0.00037841455165076737,0.2870680620634778
20.47,0.00038335822654418644,0.28676999999697433
20.48,0.00038830190143760725,0.28647192920338804
20.49,0.00039324557633102627,0.2861738496917865
20.5,0.000398189251224447,0.28587576147124105
20.51,0.0004031329261178679,0.2855776645508177
20.52,0.0004080766010112869,0.2852795589395855
20.53,0.00041302027590470766,0.28498144464661557
20.54,0.0004179639507981267,0.28468332168097543
20.55,0.00042290762569154755,0.28438519005173507
20.56,0.00042785130058496657,0.28408704976796556
20.57,0.0004327949754783873,0.28378890083873753
20.58,0.00043773865037180634,0.2834907432731193
20.59,0.0004426823252652272,0.28319257708018225
20.6,0.00044762600015864796,0.2828944022690004
20.61,0.000452569675052067,0.28259621884864083
20.62,0.00045751334994548773,0.28229802682817795
20.63,0.00046245702483890686,0.2819998262166831
20.64,0.0004674006997323276,0.28170161702322793
20.65,0.00047234437462574663,0.28140339925688407
20.66,0.0004772880495191674,0.28110517292672554
20.67,0.00048223172441258825,0.2808069380418245
20.68,0.00048717539930600727,0.28050869461125444
20.69,0.000492119074199428,0.2802104426440892
20.7,0.000497062749092847,0.2799121821494018
20.71,0.0005020064239862679,0.27961391313626455
20.72,0.0005069500988796869,0.27931563561375455
20.73,0.0005118937737731077,0.27901734959094604
20.74,0.0005168374486665267,0.2787190550769107
20.75,0.0005217811235599476,0.2784207520807263
20.76,0.0005267247984533683,0.27812244061146746
20.77,0.0005316684733467873,0.2778241206782089
20.78,0.0005366121482402082,0.2775257922900275
20.79,0.0005415558231336272,0.27722745545599864
20.8,0.000546499498027048,0.2769291101851981
20.81,0.000551443172920467,0.27663075648670327
20.82,0.0005563868478138879,0.2763323943695901
20.83,0.0005613305227073069,0.27603402384293735
20.84,0.0005662741976007276,0.2757356449158186
20.85,0.0005712178724941484,0.2754372575973156
20.86,0.0005761615473875675,0.27513886189650294
20.87,0.0005811052222809883,0.274840457822462
20.88,0.0005860488971744073,0.27454204538426724
20.89,0.000590992572067828,0.27424362459100016
20.9,0.0005959362469612472,0.2739451954517382
20.91,0.0006008799218546679,0.27364675797556065
20.92,0.0006058235967480887,0.2733483121715456
20.93,0.0006107672716415077,0.2730498580487753
20.94,0.0006157109465349286,0.272751395616328
20.95,0.0006206546214283476,0.27245292488328465
20.96,0.0006255982963217683,0.27215444585872295
20.97,0.0006305419712151874,0.27185595855172723
20.98,0.0006354856461086082,0.27155746297137584
20.99,0.0006404293210020272,0.2712589591267489
21.0,0.000645372995895448,0.2709604470269312
21.01,0.0006656430297462767,0.27066211680887203
21.02,0.0006859130635970982,0.27036377837901
21.03,0.0007061830974479269,0.27006543174638864
21.04,0.0007264531312987483,0.26976707692004737
21.05,0.000746723165149577,0.269468713909025
21.06,0.0007669931990003985,0.2691703427223649
21.07,0.0007872632328512272,0.26887196336910957
21.08,0.0008075332667020486,0.2685735758582969
21.09,0.0008278033005528773,0.2682751801989705
21.1,0.000848073334403706,0.26797677640017403
21.11,0.0008683433682545275,0.26767836447094856
21.12,0.0008886134021053562,0.2673799444203364
21.13,0.0009088834359561777,0.2670815162573807
21.14,0.0009291534698070063,0.2667830799911257
21.15,0.0009494235036578278,0.26648463563061087
21.16,0.0009696935375086565,0.26618618318488496
21.17,0.0009899635713594853,0.2658877226629874
21.18,0.0010102336052103067,0.26558925407396655
21.19,0.0010305036390611353,0.265290777426863
21.2,0.0010507736729119567,0.26499229273072317
21.21,0.0010710437067627855,0.2646937999945909
21.22,0.001091313740613607,0.26439529922751176
21.23,0.0011115837744644357,0.2640967904385318
21.24,0.0011318538083152571,0.2637982736366953
21.25,0.0011521238421660857,0.2634997488310484
21.26,0.0011723938760169145,0.2632012160306374
21.27,0.001192663909867736,0.2629026752445082
21.28,0.0012129339437185647,0.26260412648170856
21.29,0.001233203977569386,0.26230556975128333
21.3,0.0012534740114202147,0.26200700506228003
21.31,0.0012737440452710363,0.2617084324237475
21.32,0.0012940140791218649,0.26140985184473103
21.33,0.0013142841129726865,0.26111126333427975
21.34,0.001334554146823515,0.2608126669014407
21.35,0.0013548241806743437,0.26051406255526266
21.36,0.0013750942145251653,0.2602154503047933
21.37,0.0013953642483759939,0.25991683015908235
21.38,0.0014156342822268155,0.25961820212717973
21.39,0.001435904316077644,0.25931956621813185
21.4,0.0014561743499284657,0.25902092244098845
21.41,0.0014764443837792943,0.25872227080480215
21.42,0.0014967144176301229,0.25842361131861935
21.43,0.0015169844514809445,0.25812494399149233
21.44,0.001537254485331773,0.25782626883247084
21.45,0.0015575245191825947,0.2575275858506056
21.46,0.0015777945530334233,0.2572288950549452
21.47,0.0015980645868842447,0.2569301964545445
21.48,0.0016183346207350735,0.2566314900584532
21.49,0.0016386046545858951,0.2563327758757216
21.5,0.0016588746884367237,0.2560340539154027
21.51,0.0016791447222875523,0.25573532418654915
21.52,0.001699414756138374,0.2554365866982112
21.53,0.0017196847899892025,0.25513784145944307
21.54,0.0017399548238400241,0.254839088479297
21.55,0.0017602248576908527,0.25454032776682534
21.56,0.001780494891541674,0.25424155933108183
21.57,0.001800764925392503,0.25394278318112057
21.58,0.0018210349592433241,0.2536439993259942
21.59,0.0018413049930941531,0.2533452077747557
21.6,0.0018615750269449817,0.2530464085364609
21.61,0.001881845060795803,0.2527476016201634
21.62,0.001902115094646632,0.25244878703491885
21.63,0.0019223851284974531,0.2521499647897805
21.64,0.0019426551623482821,0.25185113489380384
21.65,0.0019629251961991033,0.25155229735604545
21.66,0.001983195230049932,0.25125345218555906
21.67,0.002003465263900761,0.2509545993913994
21.68,0.002023735297751582,0.25065573898262683
21.69,0.002044005331602411,0.2503568709682938
21.7,0.0020642753654532323,0.2500579953574578
21.71,0.002084545399304061,0.24975911215917546
21.72,0.0021048154331548825,0.2494602213825046
21.73,0.002125085467005711,0.24916132303650043
21.74,0.0021453555008565327,0.24886241713022128
21.75,0.0021656255347073613,0.24856350367272634
21.76,0.00218589556855819,0.24826458267307033
21.77,0.0022061656024090115,0.2479656541403134
21.78,0.00222643563625984,0.24766671808351387
21.79,0.0022467056701106617,0.24736777451172917
21.8,0.0022669757039614903,0.24706882343401812
21.81,0.002287245737812312,0.24676986485944044
21.82,0.0023075157716631405,0.2464708987970559
21.83,0.002327785805513962,0.24617192525592202
21.84,0.0023480558393647907,0.24587294424509906
21.85,0.0023683258732156193,0.2455739557736487
21.86,0.002388595907066441,0.24527495985062814
21.87,0.0024088659409172695,0.24497595648509912
21.88,0.002429135974768091,0.24467694568612341
21.89,0.0024494060086189197,0.24437792746276019
21.9,0.0024696760424697413,0.24407890182406905
21.91,0.00248994607632057,0.24377986877911428
21.92,0.0025102161101713985,0.24348082833695653
21.93,0.00253048614402222,0.2431817805066561
21.94,0.0025507561778730487,0.24288272529727606
21.95,0.0025710262117238703,0.24258366271787918
21.96,0.002591296245574699,0.24228459277752543
21.97,0.0026115662794255205,0.24198551548527866
21.98,0.002631836313276349,0.2416864308502023
21.99,0.0026521063471271708,0.24138733888135938
22.0,0.0026723763809779993,0.2410882395878117
22.01,0.002753362128901076,0.240789890894997
22.02,0.0028343478768241242,0.24049153498418605
22.03,0.002915333624747201,0.24019317186427847
22.04,0.002996319372670249,0.23989480154417317
22.05,0.003077305120593326,0.2395964240327691
22.06,0.003158290868516374,0.23929803933896954
22.07,0.003239276616439451,0.23899964747167232
22.08,0.0033202623643624994,0.23870124843977825
22.09,0.003401248112285576,0.23840284225218866
22.1,0.003482233860208653,0.2381044289178037
22.11,0.003563219608131701,0.23780600844552546
22.12,0.003644205356054778,0.23750758084425583
22.13,0.003725191103977826,0.23720914612289484
22.14,0.0038061768519009028,0.23691070429034564
22.15,0.003887162599823951,0.23661225535550812
22.16,0.003968148347747028,0.23631379932728852
22.17,0.004049134095670105,0.23601533621458526
22.18,0.004130119843593153,0.2357168660263035
22.19,0.00421110559151623,0.23541838877134583
22.2,0.0042920913394392775,0.2351199044586144
22.21,0.004373077087362355,0.23482141309701213
22.22,0.004454062835285402,0.23452291469544498
22.23,0.00453504858320848,0.23422440926281432
22.24,0.004616034331131528,0.23392589680802503
22.25,0.0046970200790546045,0.23362737733998082
22.26,0.004778005826977681,0.2333288508675875
22.27,0.0048589915749007295,0.23303031739974722
22.28,0.004939977322823806,0.23273177694536676
22.29,0.005020963070746854,0.23243322951335152
22.3,0.005101948818669931,0.23213467511260394
22.31,0.005182934566592979,0.23183611375203234
22.32,0.0052639203145160565,0.23153754544054098
22.33,0.005344906062439104,0.23123897018703532
22.34,0.005425891810362181,0.230940388000422
22.35,0.005506877558285259,0.23064179888960745
22.36,0.005587863306208306,0.23034320286349885
22.37,0.0056688490541313835,0.23004459993100065
22.38,0.005749834802054431,0.22974599010102154
22.39,0.005830820549977508,0.2294473733824689
22.4,0.005911806297900556,0.22914874978424807
22.41,0.005992792045823633,0.22885011931526794
22.42,0.00607377779374671,0.22855148198443534
22.43,0.006154763541669758,0.22825283780066075
22.44,0.006235749289592835,0.227954186772849
22.45,0.006316735037515883,0.22765552890990928
22.46,0.0063977207854389595,0.2273568642207514
22.47,0.006478706533362008,0.22705819271428312
22.48,0.006559692281285084,0.22675951439941294
22.49,0.006640678029208133,0.22646082928505062
22.5,0.006721663777131209,0.2261621373801058
22.51,0.006802649525054287,0.22586343869348785
22.52,0.006883635272977334,0.2255647332341051
22.53,0.006964621020900412,0.22526602101087054
22.54,0.007045606768823459,0.22496730203269205
22.55,0.007126592516746537,0.22466857630847842
22.56,0.007207578264669584,0.2243698438471446
22.57,0.007288564012592662,0.224071104657598
22.58,0.007369549760515709,0.22377235874875034
22.59,0.007450535508438787,0.2234736061295132
22.6,0.007531521256361863,0.22317484680879798
22.61,0.007612507004284912,0.22287608079551494
22.62,0.007693492752207988,0.22257730809857723
22.63,0.007774478500131037,0.2222785287268973
22.64,0.007855464248054113,0.221979742689386
22.65,0.007936449995977162,0.22168094999495558
22.66,0.008017435743900238,0.2213821506525206
22.67,0.008098421491823314,0.22108334467099003
22.68,0.008179407239746363,0.2207845320592807
22.69,0.00826039298766944,0.2204857128263044
22.7,0.008341378735592488,0.22018688698097466
22.71,0.008422364483515564,0.21988805453220356
22.72,0.008503350231438613,0.2195892154889065
22.73,0.00858433597936169,0.21929036985999728
22.74,0.008665321727284738,0.21899151765438912
22.75,0.008746307475207816,0.21869265888099712
22.76,0.008827293223130892,0.2183937935487369
22.77,0.00890827897105394,0.21809492166651978
22.78,0.008989264718977017,0.21779604324326424
22.79,0.009070250466900066,0.21749715828788352
22.8,0.009151236214823142,0.21719826680929388
22.81,0.00923222196274619,0.21689936881641048
22.82,0.009313207710669267,0.21660046431814836
22.83,0.009394193458592315,0.21630155332342565
22.84,0.009475179206515392,0.21600263584115423
22.85,0.009556164954438468,0.21570371188025408
22.86,0.009637150702361517,0.21540478144964056
22.87,0.009718136450284593,0.21510584455823206
22.88,0.009799122198207642,0.21480690121494284
22.89,0.009880107946130718,0.21450795142869009
22.9,0.009961093694053767,0.2142089952083926
22.91,0.010042079441976843,0.2139100325629676
22.92,0.010123065189899921,0.2136110635013317
22.93,0.010204050937822968,0.2133120880324041
22.94,0.010285036685746046,0.21301310616510188
22.95,0.010366022433669093,0.21271411790834371
22.96,0.01044700818159217,0.21241512327104714
22.97,0.01052799392951522,0.21211612226213236
22.98,0.010608979677438296,0.2118171148905164
22.99,0.010689965425361344,0.21151810116511888
23.0,0.01077095117328442,0.21121908109486104
23.01,0.011087508408550953,0.21092301141826725
23.02,0.01140406564381737,0.21062693571141208
23.03,0.011720622879083903,0.21033085398259552
23.04,0.012037180114350322,0.21003476624011785
23.05,0.012353737349616855,0.20973867249227546
23.06,0.012670294584883272,0.2094425727473718
23.07,0.012986851820149805,0.2091464670137065
23.08,0.013303409055416224,0.20885035529957788
23.09,0.013619966290682756,0.20855423761328667
23.1,0.013936523525949287,0.20825811396313554
23.11,0.014253080761215706,0.20796198435742266
23.12,0.014569637996482237,0.2076658488044508
23.13,0.014886195231748656,0.20736970731251927
23.14,0.015202752467015189,0.20707355988993265
23.15,0.015519309702281608,0.20677740654498766
23.16,0.01583586693754814,0.206481247285989
23.17,0.01615242417281467,0.20618508212123784
23.18,0.01646898140808109,0.20588891105903634
23.19,0.01678553864334762,0.20559273410768586
23.2,0.01710209587861404,0.20529655127549026
23.21,0.01741865311388057,0.20500036257074897
23.22,0.01773521034914699,0.2047041680017671
23.23,0.018051767584413524,0.20440796757684693
23.24,0.018368324819679944,0.20411176130429112
23.25,0.018684882054946474,0.20381554919240266
23.26,0.01900143929021301,0.20351933124948546
23.27,0.019317996525479424,0.2032231074838422
23.28,0.01963455376074596,0.20292687790377595
23.29,0.019951110996012378,0.20263064251759177
23.3,0.02026766823127891,0.20233440133359243
23.31,0.020584225466545328,0.20203815436008432
23.32,0.02090078270181186,0.2017419016053693
23.33,0.021217339937078278,0.20144564307775248
23.34,0.02153389717234481,0.20114937878553865
23.35,0.02185045440761134,0.20085310873703155
23.36,0.02216701164287776,0.20055683294053792
23.37,0.022483568878144292,0.20026055140436172
23.38,0.02280012611341071,0.19996426413680896
23.39,0.023116683348677242,0.19966797114618384
23.4,0.023433240583943662,0.19937167244079157
23.41,0.023749797819210196,0.19907536802894113
23.42,0.024066355054476726,0.19877905791893466
23.43,0.024382912289743146,0.19848274211907985
23.44,0.024699469525009676,0.19818642063768416
23.45,0.025016026760276096,0.19789009348305225
23.46,0.025332583995542626,0.19759376066348971
23.47,0.025649141230809046,0.1972974221873055
23.48,0.025965698466075576,0.19700107806280612
23.49,0.026282255701341996,0.19670472829829747
23.5,0.026598812936608526,0.19640837290208704
23.51,0.026915370171875057,0.19611201188248448
23.52,0.027231927407141476,0.19581564524779319
23.53,0.027548484642408014,0.1955192730063237
23.54,0.027865041877674426,0.19522289516638383
23.55,0.028181599112940964,0.19492651173628006
23.56,0.028498156348207383,0.19463012272432162
23.57,0.028814713583473914,0.19433372813881716
23.58,0.029131270818740333,0.19403732798807524
23.59,0.029447828054006864,0.19374092228040213
23.6,0.029764385289273394,0.19344451102410967
23.61,0.030080942524539814,0.1931480942275045
23.62,0.030397499759806344,0.19285167189889788
23.63,0.030714056995072764,0.19255524404659688
23.64,0.031030614230339294,0.19225881067891382
23.65,0.031347171465605714,0.19196237180415454
23.66,0.031663728700872244,0.19166592743063127
23.67,0.03198028593613878,0.19136947756665262
23.68,0.032296843171405194,0.19107302222053132
23.69,0.03261340040667173,0.19077656140057486
23.7,0.03292995764193815,0.19048009511509353
23.71,0.03324651487720468,0.1901836233724
23.72,0.0335630721124711,0.18988714618080332
23.73,0.03387962934773763,0.18959066354861379
23.74,0.03419618658300405,0.1892941754841434
23.75,0.03451274381827058,0.18899768199570416
23.76,0.03482930105353711,0.18870118309160627
23.77,0.03514585828880353,0.1884046787801606
23.78,0.03546241552407006,0.1881081690696808
23.79,0.03577897275933648,0.187811653968476
23.8,0.03609552999460301,0.1875151334848605
23.81,0.03641208722986943,0.18721860762714515
23.82,0.03672864446513597,0.18692207640364136
23.83,0.03704520170040238,0.18662553982266353
23.84,0.03736175893566892,0.18632899789252252
23.85,0.03767831617093545,0.18603245062153279
23.86,0.03799487340620187,0.18573589801800403
23.87,0.0383114306414684,0.1854393400902526
23.88,0.03862798787673482,0.18514277684659058
23.89,0.03894454511200135,0.1848462082953308
23.9,0.03926110234726777,0.1845496344447855
23.91,0.0395776595825343,0.18425305530327235
23.92,0.03989421681780083,0.18395647087910003
23.93,0.04021077405306725,0.18365988118058574
23.94,0.04052733128833378,0.18336328621604311
23.95,0.0408438885236002,0.18306668599378584
23.96,0.04116044575886674,0.182770080522127
23.97,0.04147700299413315,0.1824734698093841
23.98,0.04179356022939969,0.18217685386386973
23.99,0.04211011746466611,0.18188023269389783
24.0,0.04242667469993264,0.1815836063077855
24.01,0.04364102815580201,0.18129829526268174
24.02,0.04485538161167094,0.18101297993720195
24.03,0.04606973506754031,0.1807276603375658
24.04,0.04728408852340925,0.18044233646999322
24.05,0.04849844197927861,0.18015700834070317
24.06,0.049712795435147554,0.1798716759559162
24.07,0.05092714889101692,0.17958633932185303
24.08,0.05214150234688586,0.1793009984447329
24.09,0.053355855802755224,0.1790156533307759
24.1,0.054570209258624595,0.17873030398620426
24.11,0.05578456271449353,0.1784449504172362
24.12,0.0569989161703629,0.17815959263009393
24.13,0.058213269626231835,0.1778742306309981
24.14,0.0594276230821012,0.17758886442616842
24.15,0.06064197653797014,0.17730349402182735
24.16,0.06185632999383951,0.17701811942419396
24.17,0.06307068344970887,0.1767327406394901
24.18,0.06428503690557781,0.17644735767393793
24.19,0.06549939036144718,0.17616197053375865
24.2,0.06671374381731612,0.1758765792251732
24.21,0.0679280972731855,0.1755911837544009
24.22,0.06914245072905442,0.17530578412766828
24.23,0.0703568041849238,0.17502038035119283
24.24,0.07157115764079273,0.1747349724311967
24.25,0.07278551109666209,0.17444956037390497
24.26,0.07399986455253146,0.17416414418553597
24.27,0.0752142180084004,0.1738787238723129
24.28,0.07642857146426976,0.17359329944045865
24.29,0.07764292492013872,0.17330787089619573
24.3,0.07885727837600807,0.17302243824574454
24.31,0.08007163183187702,0.17273700149533022
24.32,0.08128598528774639,0.17245156065117445
24.33,0.08250033874361531,0.1721661157194986
24.34,0.08371469219948469,0.1718806667065257
24.35,0.08492904565535406,0.17159521361848035
24.36,0.08614339911122298,0.17130975646158308
24.37,0.08735775256709236,0.17102429524205928
24.38,0.0885721060229613,0.1707388299661301
24.39,0.08978645947883067,0.17045336064002167
24.4,0.09100081293469961,0.1701678872699527
24.41,0.09221516639056898,0.1698824098621506
24.42,0.09342951984643834,0.1695969284228375
24.43,0.09464387330230728,0.16931144295823697
24.44,0.09585822675817665,0.1690259534745738
24.45,0.09707258021404558,0.16874045997807047
24.46,0.09828693366991495,0.16845496247494982
24.47,0.09950128712578389,0.1681694609714377
24.48,0.10071564058165325,0.16788395547375912
24.49,0.10192999403752219,0.16759844598813542
24.5,0.10314434749339156,0.16731293252079366
24.51,0.10435870094926093,0.167027415077956
24.52,0.10557305440512986,0.16674189366584766
24.53,0.10678740786099923,0.16645636829069427
24.54,0.10800176131686817,0.1661708389587185
24.55,0.10921611477273754,0.16588530567614612
24.56,0.11043046822860647,0.165599768449204
24.57,0.11164482168447584,0.16531422728411335
24.58,0.11285917514034478,0.1650286821871012
24.59,0.11407352859621415,0.16474313316439232
24.6,0.11528788205208351,0.16445758022221252
24.61,0.11650223550795245,0.1641720233667847
24.62,0.11771658896382182,0.1638864626043376
24.63,0.11893094241969077,0.16360089794109633
24.64,0.12014529587556012,0.16331532938328303
24.65,0.12135964933142906,0.16302975693712707
24.66,0.12257400278729844,0.16274418060885282
24.67,0.12378835624316781,0.1624586004046858
24.68,0.12500270969903673,0.1621730163308512
24.69,0.1262170631549061,0.16188742839357823
24.7,0.12743141661077506,0.16160183659909028
24.71,0.1286457700666444,0.16131624095361252
24.72,0.12986012352251336,0.16103064146337484
24.73,0.1310744769783827,0.1607450381346013
24.74,0.13228883043425166,0.16045943097351714
24.75,0.13350318389012103,0.1601738199863529
24.76,0.1347175373459904,0.15988820517933267
24.77,0.13593189080185933,0.15960258655868234
24.78,0.1371462442577287,0.15931696413063048
24.79,0.13836059771359763,0.15903133790140395
24.8,0.139574951169467,0.158745707877228
24.81,0.14078930462533595,0.15846007406433124
24.82,0.1420036580812053,0.1581744364689413
24.83,0.14321801153707425,0.1578887950972849
24.84,0.1444323649929436,0.15760314995558788
24.85,0.145646718448813,0.15731750105008005
24.86,0.14686107190468192,0.15703184838698894
24.87,0.1480754253605513,0.15674619197254044
24.88,0.14928977881642022,0.15646053181296238
24.89,0.1505041322722896,0.1561748679144852
24.9,0.15171848572815855,0.15588920028333347
24.91,0.1529328391840279,0.15560352892573653
24.92,0.15414719263989726,0.15531785384792288
24.93,0.1553615460957662,0.15503217505612144
24.94,0.1565758995516356,0.15474649255655884
24.95,0.1577902530075045,0.15446080635546366
24.96,0.1590046064633739,0.15417511645906434
24.97,0.16021895991924281,0.15388942287359123
24.98,0.1614333133751122,0.1536037256052709
24.99,0.1626476668309811,0.15331802466033123
25.0,0.16386202028685048,0.15303232004500492
25.01,0.1684380560108389,0.15278915188960188
25.02,0.17301409173482568,0.15254598235736044
25.03,0.17759012745881408,0.15230281145025756
25.04,0.18216616318280088,0.1520596391702609
25.05,0.18674219890678928,0.15181646551934486
25.06,0.19131823463077607,0.1515732904994847
25.07,0.19589427035476448,0.15133011411265151
25.08,0.20047030607875127,0.151086936360818
25.09,0.20504634180273967,0.1508437572459578
25.1,0.20962237752672808,0.15060057677004468
25.11,0.21419841325071487,0.15035739493504893
25.12,0.21877444897470327,0.15011421174294542
25.13,0.22335048469869007,0.14987102719571
25.14,0.22792652042267847,0.14962784129531045
25.15,0.23250255614666526,0.14938465404372223
25.16,0.23707859187065367,0.14914146544291865
25.17,0.24165462759464207,0.14889827549487333
25.18,0.24623066331862886,0.14865508420155846
25.19,0.25080669904261726,0.14841189156494722
25.2,0.25538273476660406,0.14816869758701295
25.21,0.25995877049059246,0.14792550226972767
25.22,0.26453480621457925,0.14768230561506585
25.23,0.26911084193856766,0.1474391076250021
25.24,0.27368687766255445,0.1471959083015052
25.25,0.27826291338654285,0.1469527076465517
25.26,0.28283894911053126,0.1467095056621145
25.27,0.28741498483451805,0.14646630235016594
25.28,0.29199102055850645,0.14622309771268008
25.29,0.29656705628249325,0.14597989175162887
25.3,0.30114309200648165,0.14573668446898674
25.31,0.30571912773046844,0.14549347586672753
25.32,0.31029516345445685,0.14525026594682297
25.33,0.31487119917844364,0.14500705471124728
25.34,0.31944723490243204,0.1447638421619718
25.35,0.32402327062642045,0.14452062830097193
25.36,0.32859930635040724,0.1442774131302201
25.37,0.33317534207439564,0.14403419665169132
25.38,0.33775137779838244,0.14379097886735764
25.39,0.34232741352237084,0.14354775977919138
25.4,0.34690344924635763,0.14330453938916654
25.41,0.35147948497034603,0.14306131769925806
25.42,0.35605552069433444,0.1428180947114365
25.43,0.36063155641832123,0.14257487042767722
25.44,0.36520759214230963,0.14233164484995497
25.45,0.3697836278662964,0.14208841798024008
25.46,0.37435966359028483,0.14184518982050695
25.47,0.3789356993142716,0.14160196037273093
25.48,0.38351173503826,0.14135872963888288
25.49,0.3880877707622468,0.14111549762093625
25.5,0.3926638064862352,0.140872264320867
25.51,0.3972398422102236,0.14062902974064814
25.52,0.4018158779342104,0.14038579388224975
25.53,0.4063919136581988,0.14014255674764997
25.54,0.4109679493821856,0.13989931833882005
25.55,0.415543985106174,0.13965607865773222
25.56,0.4201200208301608,0.13941283770636126
25.57,0.4246960565541492,0.13916959548668378
25.58,0.429272092278136,0.13892635200066866
25.59,0.4338481280021244,0.13868310725028968
25.6,0.4384241637261128,0.13843986123752408
25.61,0.4430001994500996,0.13819661396434368
25.62,0.447576235174088,0.1379533654327205
25.63,0.4521522708980748,0.1377101156446308
25.64,0.4567283066220632,0.1374668646020478
25.65,0.46130434234605,0.1372236123069425
25.66,0.4658803780700384,0.1369803587612902
25.67,0.4704564137940268,0.13673710396706393
25.68,0.4750324495180136,0.13649384792624017
25.69,0.479608485242002,0.13625059064079073
25.7,0.4841845209659888,0.13600733211268853
25.71,0.4887605566899772,0.13576407234390817
25.72,0.493336592413964,0.13552081133642216
25.73,0.4979126281379524,0.1352775490922072
25.74,0.5024886638619392,0.13503428561323375
25.75,0.5070646995859276,0.1347910209014765
25.76,0.5116407353099159,0.13454775495891036
25.77,0.5162167710339027,0.13430448778750717
25.78,0.5207928067578912,0.134061219389244
25.79,0.525368842481878,0.13381794976609143
25.8,0.5299448782058664,0.13357467892002445
25.81,0.5345209139298532,0.13333140685301656
25.82,0.5390969496538416,0.13308813356704233
25.83,0.5436729853778284,0.13284485906407575
25.84,0.5482490211018167,0.1326015833460893
25.85,0.5528250568258052,0.13235830641505822
25.86,0.557401092549792,0.13211502827295463
25.87,0.5619771282737804,0.13187174892175416
25.88,0.5665531639977672,0.1316284683634319
25.89,0.5711291997217556,0.1313851865999589
25.9,0.5757052354457424,0.131141903633309
25.91,0.5802812711697307,0.1308986194654596
25.92,0.5848573068937192,0.1306553340983799
25.93,0.589433342617706,0.13041204753404775
25.94,0.5940093783416944,0.13016875977443618
25.95,0.5985854140656812,0.1299254708215184
25.96,0.6031614497896696,0.12968218067726875
25.97,0.6077374855136564,0.12943888934366005
25.98,0.6123135212376447,0.12919559682267046
25.99,0.6168895569616315,0.1289523031162673
26.0,0.62146559268562,0.12870900822643178
26.01,0.6382980030856191,0.12862111617619723
26.02,0.6551304134856124,0.12853322310002002
26.03,0.6719628238856116,0.1284453290203288
26.04,0.6887952342856047,0.12835743395954863
26.05,0.705627644685604,0.12826953794010557
26.06,0.7224600550855972,0.12818164098442555
26.07,0.7392924654855964,0.12809374311493543
26.08,0.7561248758855896,0.1280058443540621
26.09,0.7729572862855888,0.127917944724228
26.1,0.789789696685588,0.1278300442478617
26.11,0.8066221070855812,0.1277421429473875
26.12,0.8234545174855804,0.12765424084523483
26.13,0.8402869278855736,0.12756633796382535
26.14,0.8571193382855729,0.12747843432558587
26.15,0.873951748685566,0.12739052995294242
26.16,0.8907841590855652,0.12730262486832014
26.17,0.9076165694855645,0.12721471909414417
26.18,0.9244489798855576,0.1271268126528405
26.19,0.9412813902855568,0.12703890556683348
26.2,0.9581138006855501,0.12695099785854821
26.21,0.9749462110855491,0.12686308955040906
26.22,0.9917786214855424,0.12677518066484295
26.23,1.0086110318855417,0.12668727122427334
26.24,1.0254434422855347,0.12659936125112461
26.25,1.042275852685534,0.12651145076782197
26.26,1.0591082630855333,0.12642353979678894
26.27,1.0759406734855264,0.12633562836045167
26.28,1.0927730838855256,0.12624771648123462
26.29,1.109605494285519,0.1261598041815595
26.3,1.1264379046855182,0.12607189148384998
26.31,1.1432703150855112,0.12598397841053396
26.32,1.1601027254855105,0.12589606498403336
26.33,1.1769351358855036,0.12580815122677003
26.34,1.1937675462855029,0.12572023716116934
26.35,1.2105999566855021,0.12563232280965503
26.36,1.2274323670854952,0.12554440819464896
26.37,1.2442647774854945,0.12545649333857486
26.38,1.2610971878854875,0.12536857826385822
26.39,1.2779295982854868,0.1252806629929175
26.4,1.29476200868548,0.12519274754817913
26.41,1.3115944190854791,0.12510483195206334
26.42,1.3284268294854784,0.12501691622699485
26.43,1.3452592398854717,0.12492900039539569
26.44,1.3620916502854707,0.12484108447968617
26.45,1.378924060685464,0.12475316850229107
26.46,1.3957564710854633,0.12466525248562894
26.47,1.4125888814854566,0.12457733645212547
26.48,1.4294212918854556,0.12448942042419839
26.49,1.446253702285449,0.1244015044242734
26.5,1.4630861126854482,0.12431358847476916
26.51,1.4799185230854472,0.12422567259810696
26.52,1.4967509334854405,0.12413775681670727
26.53,1.5135833438854398,0.1240498411529941
26.54,1.5304157542854329,0.12396192562938435
26.55,1.5472481646854321,0.12387401026830121
26.56,1.5640805750854252,0.12378609509216336
26.57,1.5809129854854245,0.12369818012339225
26.58,1.5977453958854178,0.12361026538440657
26.59,1.6145778062854168,0.12352235089762689
26.6,1.631410216685416,0.12343443668547377
26.61,1.6482426270854091,0.12334652277036505
26.62,1.6650750374854084,0.1232586091747204
26.63,1.681907447885402,0.12317069592096132
26.64,1.6987398582854008,0.12308278303150298
26.65,1.7155722686853943,0.12299487052876598
26.66,1.7324046790853935,0.12290695843517091
26.67,1.7492370894853924,0.12281904677313207
26.68,1.7660694998853859,0.12273113556507005
26.69,1.7829019102853851,0.12264322483340276
26.7,1.7997343206853782,0.12255531460054808
26.71,1.8165667310853775,0.12246740488892212
26.72,1.8333991414853705,0.12237949572094454
26.73,1.8502315518853698,0.12229158711903053
26.74,1.8670639622853629,0.12220367910559797
26.75,1.8838963726853621,0.1221157717030629
26.76,1.9007287830853614,0.12202786493384227
26.77,1.9175611934853545,0.12193995882035392
26.78,1.9343936038853538,0.12185205338501115
26.79,1.9512260142853468,0.12176414865023359
26.8,1.968058424685346,0.12167624463843084
26.81,1.9848908350853391,0.12158834137202616
26.82,2.0017232454853384,0.1215004388734291
26.83,2.018555655885332,0.12141253716505557
26.84,2.0353880662853308,0.12132463626932144
26.85,2.05222047668533,0.12123673620864168
26.86,2.0690528870853235,0.12114883700542939
26.87,2.0858852974853224,0.12106093868210033
26.88,2.102717707885316,0.1209730412610657
26.89,2.119550118285315,0.12088514476474216
26.9,2.136382528685308,0.12079724921553987
26.91,2.1532149390853075,0.12070935463587357
26.92,2.1700473494853068,0.1206214610481552
26.93,2.1868797598853,0.1205335684748003
26.94,2.203712170285299,0.12044567693821796
26.95,2.220544580685292,0.12035778646082179
26.96,2.2373769910852914,0.12026989706502443
26.97,2.2542094014852845,0.12018200877323663
26.98,2.2710418118852838,0.12009412160786814
26.99,2.287874222285277,0.1200062355913305
27.0,2.304706632685276,0.11991835074603889
27.01,2.3633059556694924,0.12035925513489343
27.02,2.421905278653688,0.12080008639374866
27.03,2.4805046016379038,0.12124084453912316
27.04,2.539103924622099,0.12168152958757318
27.05,2.5977032476063155,0.1221221415556883
27.06,2.656302570590511,0.1225626804601037
27.07,2.714901893574727,0.12300314631748407
27.08,2.7735012165589223,0.12344353914453307
27.09,2.8321005395431387,0.12388385895799185
27.1,2.890699862527355,0.12432410577464113
27.11,2.94929918551155,0.12476427961128732
27.12,3.0078985084957663,0.12520438048478338
27.13,3.066497831479962,0.12564440841200872
27.14,3.1250971544641777,0.12608436340988105
27.15,3.1836964774483736,0.12652424549535163
27.16,3.2422958004325895,0.12696405468540808
27.17,3.300895123416806,0.12740379099706436
27.18,3.3594944464010013,0.12784345444737605
27.19,3.4180937693852176,0.1282830450534284
27.2,3.4766930923694126,0.12872256283233527
27.21,3.535292415353629,0.12916200780124612
27.22,3.5938917383378244,0.1296013799773433
27.23,3.6524910613220403,0.1300406793778388
27.24,3.711090384306236,0.13047990601997225
27.25,3.769689707290452,0.13091905992102065
27.26,3.828289030274668,0.13135814109828778
27.27,3.886888353258864,0.1317971495691038
27.28,3.9454876762430797,0.13223608535083578
27.29,4.004086999227275,0.1326749484608731
27.3,4.0626863222114915,0.1331137389166387
27.31,4.1212856451956865,0.13355245673557958
27.32,4.179884968179903,0.13399110193517638
27.33,4.238484291164099,0.13442967453293386
27.34,4.297083614148315,0.13486817454638067
27.35,4.355682937132531,0.13530660199308045
27.36,4.414282260116726,0.13574495689061664
27.37,4.472881583100943,0.13618323925660533
27.38,4.531480906085138,0.1366214491086803
27.39,4.590080229069354,0.1370595864645088
27.4,4.648679552053549,0.1374976513417776
27.41,4.707278875037765,0.13793564375820155
27.42,4.765878198021982,0.13837356373151835
27.43,4.824477521006177,0.1388114112794916
27.44,4.883076843990393,0.13924918641990638
27.45,4.941676166974588,0.1396868891705707
27.46,5.000275489958804,0.1401245195493199
27.47,5.058874812943,0.14056207757400851
27.48,5.117474135927216,0.14099956326251234
27.49,5.176073458911412,0.141436976632729
27.5,5.234672781895628,0.14187431770258555
27.51,5.293272104879844,0.1423115864900186
27.52,5.35187142786404,0.14274878301299218
27.53,5.410470750848256,0.14318590728949038
27.54,5.469070073832452,0.14362295933751792
27.55,5.527669396816668,0.1440599391750938
27.56,5.586268719800863,0.1444968468202665
27.57,5.644868042785079,0.14493368229109374
27.58,5.703467365769274,0.1453704456056569
27.59,5.762066688753491,0.14580713678205318
27.6,5.820666011737707,0.1462437558384038
27.61,5.879265334721902,0.14668030279283703
27.62,5.937864657706118,0.1471167776635079
27.63,5.996463980690313,0.14755318046858493
27.64,6.05506330367453,0.14798951122625328
27.65,6.113662626658725,0.14842576995471057
27.66,6.172261949642941,0.14886195667217741
27.67,6.230861272627157,0.14929807139688447
27.68,6.289460595611353,0.1497341141470783
27.69,6.3480599185955695,0.15017008494102274
27.7,6.4066592415797645,0.15060598379699353
27.71,6.465258564563981,0.15104181073327905
27.72,6.523857887548176,0.15147756576818594
27.73,6.582457210532392,0.15191324892003036
27.74,6.641056533516588,0.15234886020714283
27.75,6.699655856500804,0.1527843996478661
27.76,6.75825517948502,0.15321986726055492
27.77,6.816854502469216,0.15365526306357538
27.78,6.875453825453432,0.15409058707530687
27.79,6.934053148437627,0.15452583931413774
27.8,6.992652471421843,0.1549610197984688
27.81,7.051251794406038,0.1553961285467097
27.82,7.109851117390255,0.15583116557728172
27.83,7.168450440374451,0.15626613090861483
27.84,7.227049763358666,0.15670102455914842
27.85,7.285649086342882,0.15713584654733045
27.86,7.344248409327078,0.15757059689161823
27.87,7.402847732311295,0.1580052756104776
27.88,7.46144705529549,0.15843988272238158
27.89,7.520046378279706,0.15887441824580947
27.9,7.578645701263901,0.15930888219924988
27.91,7.637245024248117,0.15882036259082122
27.92,7.695844347232334,0.15806879030234014
27.93,7.754443670216529,0.15732412843226387
27.94,7.813042993200745,0.1565864802277187
27.95,7.871642316184941,0.1558559499409295
27.96,7.930241639169156,0.1551326428056074
27.97,7.988840962153352,0.1544166650113035
27.98,8.047440285137569,0.15370812367560835
27.99,8.106039608121764,0.15300712681418133
28.0,8.16463893110598,0.1523137833084957
28.01,8.33854932433382,0.1502362402709686
28.02,8.5124597175616,0.14820721210306878
28.03,8.68637011078944,0.14622877876767193
28.04,8.86028050401722,0.14430308171337652
28.05,9.034190897245061,0.1424323203715481
28.06,9.20810129047284,0.14061874770065738
28.07,9.38201168370068,0.13886466469108594
28.08,9.555922076928459,0.13717241374942699
28.09,9.7298324701563,0.13554437089085017
28.1,9.90374286338414,0.1339829366819642
28.11,10.077653256611919,0.13249052589505764
28.12,10.25156364983976,0.1310695558579907
28.13,10.425474043067538,0.12972243351270213
28.14,10.59938443629538,0.12845154122874092
28.15,10.77329482952316,0.12725922145648885
28.16,10.947205222751,0.12614776034649355
28.17,11.121115615978841,0.12511937050584998
28.18,11.29502600920662,0.12417617310790302
28.19,11.46893640243446,0.12332017961578275
28.2,11.64284679566224,0.12255327342119118
28.21,11.81675718889008,0.12187719173471004
28.22,11.99066758211786,0.12129350809038986
28.23,12.1645779753457,0.12080361584265355
28.24,12.33848836857348,0.12040871303605599
28.25,12.51239876180132,0.12010978901617457
28.26,12.68630915502916,0.1199076131225617
28.27,12.86021954825694,0.11980272576214687
28.28,13.034129941484782,0.1197954321053129
28.29,13.20804033471256,0.11988579857875618
28.3,13.3819507279404,0.12007365225286284
28.31,13.55586112116818,0.12035858313978808
28.32,13.72977151439602,0.1207399493362406
28.33,13.903681907623799,0.1212168848660872
28.34,14.07759230085164,0.12178831000628369
28.35,14.25150269407948,0.1224529438185542
28.36,14.425413087307259,0.1232093185613062
28.37,14.599323480535102,0.12405579562296876
28.38,14.77323387376288,0.12499058259998407
28.39,14.947144266990719,0.12601175113950167
28.4,15.1210546602185,0.1271172551774153
28.41,15.29496505344634,0.12830494922473004
28.42,15.468875446674181,0.12957260638703938
28.43,15.64278583990196,0.13091793584064484
28.44,15.8166962331298,0.13233859953198399
28.45,15.990606626357579,0.13383222791200344
28.46,16.16451701958542,0.13539643456206413
28.47,16.3384274128132,0.13702882961070706
28.48,16.51233780604104,0.1387270318803655
28.49,16.686248199268817,0.14048867973818768
28.5,16.86015859249666,0.14231144065574144
28.51,17.034068985724502,0.14419301950764357
28.52,17.20797937895228,0.1461311656595186
28.53,17.38188977218012,0.14812367891118472
28.54,17.555800165407902,0.1501684143721435
28.55,17.72971055863574,0.1522632863536975
28.56,17.90362095186352,0.1544062713658663
28.57,18.07753134509136,0.1565954103085467
28.58,18.251441738319137,0.15882880994501894
28.59,18.42535213154698,0.1611046437432481
28.6,18.599262524774822,0.16342115216607042
28.61,18.7731729180026,0.16577664248639049
28.62,18.94708331123044,0.16816948819771604
28.63,19.120993704458222,0.17059812808449756
28.64,19.29490409768606,0.1730610650105368
28.65,19.46881449091384,0.17555686447779917
28.66,19.64272488414168,0.17808415300212893
28.67,19.81663527736952,0.1806416163468546
28.68,19.9905456705973,0.18322799765014525
28.69,20.164456063825142,0.18584209547716837
28.7,20.33836645705292,0.18848276182379953
28.71,20.51227685028076,0.1911489000946561
28.72,20.68618724350854,0.19383946307469938
28.73,20.86009763673638,0.19655345091053292
28.74,21.03400802996416,0.1992899091146497
28.75,21.207918423191998,0.2020479266035665
28.76,21.38182881641984,0.20482663377851004
28.77,21.55573920964762,0.2076252006555819
28.78,21.72964960287546,0.21044283505063785
28.79,21.90355999610324,0.21327878082284346
28.8,22.077470389331083,0.2161323161796344
28.81,22.25138078255886,0.21900275204483377
28.82,22.4252911757867,0.2218894304909345
28.83,22.59920156901448,0.2247917232357303
28.84,22.773111962242318,0.22770903020306454
28.85,22.94702235547016,0.2306407781468847
28.86,23.12093274869794,0.23358641933749877
28.87,23.29484314192578,0.2365454303086008
28.88,23.46875353515356,0.23951731066339543
28.89,23.642663928381403,0.2425015819380387
28.9,23.81657432160918,0.2454977865204008
28.91,23.99048471483702,0.24850548662214447
28.92,24.16439510806486,0.25152426330202987
28.93,24.33830550129264,0.25455371553832956
28.94,24.51221589452048,0.2575934593482568
28.95,24.68612628774826,0.26064312695228176
28.96,24.8600366809761,0.26370236598132246
28.97,25.03394707420388,0.26677083872472385
28.98,25.20785746743172,0.26984822141711334
28.99,25.381767860659497,0.27293420356219045
29.0,25.55567825388734,0.2760284872916085
29.01,25.90012147134852,0.28188963955294094
29.02,26.24456468880958,0.2877810592674261
29.03,26.58900790627076,0.2937007878215321
29.04,26.933451123731817,0.2996470074550773
29.05,27.277894341192997,0.3056180292574015
29.06,27.622337558654056,0.3116122822710905
29.07,27.966780776115236,0.31762830359984134
29.08,28.311223993576295,0.32366472942547486
29.09,28.655667211037475,0.32972028684758536
29.1,29.000110428498655,0.33579378646695246
29.11,29.344553645959714,0.3418841156413135
29.12,29.688996863420893,0.3479902323487823
29.13,30.033440080881952,0.3541111596004211
29.14,30.377883298343132,0.3602459803492747
29.15,30.72232651580419,0.3663938328482176
29.16,31.06676973326537,0.3725539064138085
29.17,31.41121295072655,0.3787254375575062
29.18,31.75565616818761,0.3849077064495017
29.19,32.10009938564879,0.39110003368387175
29.2,32.44454260310985,0.3973017773168403
29.21,32.78898582057103,0.40351233015281607
29.22,33.133429038032084,0.40973111725528805
29.23,33.47787225549327,0.4159575936620256
29.24,33.82231547295433,0.4221912422859714
29.25,34.166758690415506,0.4284315719850929
29.26,34.51120190787668,0.43310711269357505
29.27,34.855645125337745,0.43640289487110323
29.28,35.20008834279892,0.43968498978760334
29.29,35.54453156025998,0.44295329579565595
29.3,35.88897477772116,0.4462077116745805
29.31,36.23341799518222,0.4494481366335128
29.32,36.5778612126434,0.4526744703144779
29.33,36.92230443010446,0.455886612795441
29.34,37.26674764756564,0.45908446459335545
29.35,37.61119086502682,0.46226792666719063
29.36,37.955634082487876,0.46543690042094465
29.37,38.30007729994906,0.4685912877066566
29.38,38.644520517410115,0.4717309908273809
29.39,38.9889637348713,0.4748559125401795
29.4,39.33340695233235,0.4779659560590659
29.41,39.67785016979354,0.4810610250579702
29.42,40.02229338725472,0.48414102367365724
29.43,40.366736604715776,0.48720585650865716
29.44,40.71117982217696,0.49025542863416594
29.45,41.055623039638014,0.49328964559293537
29.46,41.4000662570992,0.49630841340215537
29.47,41.74450947456025,0.49931163855631155
29.48,42.08895269202144,0.5022992280300352
29.49,42.43339590948249,0.5052710892809343
29.5,42.777839126943675,0.5082271302524203
29.51,43.12228234440485,0.5111672593764987
29.52,43.466725561865914,0.5140913855765689
29.53,43.81116877932709,0.5169994182701998
29.54,44.15561199678815,0.5198912673718769
29.55,44.50005521424933,0.5227668432957601
29.56,44.84449843171039,0.5256260569584047
29.57,45.18894164917157,0.5284688197814805
29.58,45.53338486663263,0.5312950436944615
29.59,45.87782808409381,0.5341046411373213
29.6,46.22227130155498,0.5368975250631915
29.61,46.566714519016045,0.539673608941015
29.62,46.91115773647722,0.5424328067581891
29.63,47.255600953938284,0.5451750330231767
29.64,47.60004417139946,0.5479002027681189
29.65,47.94448738886052,0.5506082315514181
29.66,48.2889306063217,0.5532990354603191
29.67,48.63337382378288,0.5559725311134562
29.68,48.97781704124394,0.5586286356634009
29.69,49.32226025870512,0.561267266799187
29.7,49.66670347616618,0.5638883427488152
29.71,50.01114669362736,0.5664917822817477
29.72,50.355589911088416,0.5690775047113844
29.73,50.7000331285496,0.5716454298975233
29.74,51.044476346010654,0.5741954782487969
29.75,51.38891956347184,0.57672757072511
29.76,51.73336278093302,0.5792416288400378
29.77,52.077805998394076,0.5817375746632235
29.78,52.42224921585526,0.584215330822757
29.79,52.766692433316315,0.5866748205075275
29.8,53.1111356507775,0.5891159674695735
29.81,53.455578868238554,0.5915386960263982
29.82,53.80002208569974,0.5939429310632873
29.83,54.14446530316079,0.5963285980355917
29.84,54.488908520621976,0.5986956229710058
29.85,54.83335173808315,0.6010439324718222
29.86,55.177794955544215,0.6033734537171679
29.87,55.52223817300539,0.6056841144652328
29.88,55.866681390466454,0.607975843055463
29.89,56.21112460792763,0.6102485684107565
29.9,56.55556782538869,0.6125022200396257
29.91,56.90001104284987,0.6147367280383522
29.92,57.244454260311045,0.6169520230931159
29.93,57.58889747777211,0.6191480364821133
29.94,57.933340695233284,0.6213247000776545
29.95,58.277783912694346,0.6234819463482385
29.96,58.62222713015552,0.6256197083606215
29.97,58.966670347616585,0.6277379197818539
29.98,59.31111356507776,0.6298365148813081
29.99,59.655556782538824,0.6319154285326833
30.0,60.0,0.6339745962157807
30.01,60.34444321746118,0.6319154285324615
30.02,60.68888643492224,0.629836514881084
30.03,61.03332965238342,0.6277379197816273
30.04,61.377772869844485,0.6256197083603927
30.05,61.72221608730566,0.6234819463480076
30.06,62.06665930476672,0.6213247000774216
30.07,62.41110252222791,0.6191480364818779
30.08,62.75554573968896,0.6169520230928787
30.09,63.099988957150146,0.6147367280381124
30.1,63.44443217461133,0.6125022200393835
30.11,63.788875392072384,0.6102485684105123
30.12,64.13331860953357,0.6079758430552161
30.13,64.47776182699462,0.6056841144649843
30.14,64.82220504445581,0.6033734537169166
30.15,65.16664826191688,0.6010439324715693
30.16,65.51109147937805,0.598695622970751
30.17,65.85553469683923,0.5963285980353343
30.18,66.19997791430029,0.5939429310630279
30.19,66.54442113176148,0.5915386960261364
30.2,66.88886434922253,0.5891159674693096
30.21,67.23330756668372,0.5866748205072617
30.22,67.57775078414477,0.5842153308224891
30.23,67.92219400160596,0.5817375746629533
30.24,68.26663721906702,0.5792416288397656
30.25,68.6110804365282,0.576727570724836
30.26,68.95552365398937,0.5741954782485208
30.27,69.29996687145044,0.5716454298972451
30.28,69.64441008891163,0.5690775047111036
30.29,69.98885330637268,0.5664917822814654
30.3,70.33329652383387,0.5638883427485305
30.31,70.67773974129491,0.5612672667989007
30.32,71.0221829587561,0.5586286356631123
30.33,71.36662617621717,0.5559725311131658
30.34,71.71106939367834,0.5532990354600267
30.35,72.05551261113953,0.5506082315511236
30.36,72.39995582860058,0.5479002027678227
30.37,72.74439904606177,0.5451750330228782
30.38,73.08884226352282,0.5424328067578887
30.39,73.43328548098401,0.5396736089407124
30.4,73.77772869844506,0.5368975250628875
30.41,74.12217191590625,0.5341046411370151
30.42,74.46661513336743,0.5312950436941536
30.43,74.81105835082849,0.5284688197811706
30.44,75.15550156828968,0.5256260569580933
30.45,75.49994478575073,0.5227668432954464
30.46,75.84438800321192,0.5198912673715613
30.47,76.18883122067297,0.5169994182698824
30.48,76.53327443813416,0.5140913855762496
30.49,76.8777176555952,0.5111672593761777
30.5,77.2221608730564,0.5082271302520971
30.51,77.56660409051759,0.5052710892806096
30.52,77.91104730797863,0.502299228029709
30.53,78.25549052543982,0.49931163855598326
30.54,78.59993374290087,0.496308413401826
30.55,78.94437696036206,0.49328964559260313
30.56,79.28882017782311,0.49025542863383226
30.57,79.6332633952843,0.487205856508322
30.58,79.97770661274537,0.4841410236733202
30.59,80.32214983020654,0.4810610250576312
30.6,80.66659304766773,0.47796595605872527
30.61,81.01103626512878,0.47485591253983767
30.62,81.35547948258997,0.47173099082703734
30.63,81.69992270005102,0.46859128770631114
30.64,82.04436591751221,0.4654369004205977
30.65,82.38880913497326,0.4622679266668419
30.66,82.73325235243445,0.45908446459300506
30.67,83.07769556989562,0.45588661279508935
30.68,83.42213878735669,0.4526744703141242
30.69,83.76658200481788,0.44944813663315747
30.7,84.11102522227893,0.44620771167422385
30.71,84.45546843974012,0.4429532957952977
30.72,84.79991165720116,0.4396849897872437
30.73,85.14435487466235,0.43640289487074185
30.74,85.4887980921234,0.43310711269321206
30.75,85.8332413095846,0.428431571985066
30.76,86.17768452704578,0.42219124228594507
30.77,86.52212774450683,0.41595759366199997
30.78,86.86657096196802,0.40973111725526257
30.79,87.21101417942907,0.403512330152793
30.8,87.55545739689026,0.3973017773168169
30.81,87.89990061435131,0.39110003368384905
30.82,88.2443438318125,0.38490770644948036
30.83,88.58878704927356,0.3787254375574863
30.84,88.93323026673474,0.37255390641378944
30.85,89.27767348419593,0.3663938328482006
30.86,89.62211670165698,0.36024598034925864
30.87,89.96655991911817,0.3541111596004054
30.88,90.31100313657922,0.3479902323487695
30.89,90.65544635404041,0.34188411564130244
30.9,90.99988957150146,0.33579378646694186
30.91,91.34433278896265,0.32972028684757726
30.92,91.68877600642382,0.32366472942546937
30.93,92.03321922388488,0.31762830359983646
30.94,92.37766244134608,0.3116122822710891
30.95,92.72210565880712,0.30561802925740295
30.96,93.06654887626831,0.299647007455081
30.97,93.41099209372936,0.2937007878215374
30.98,93.75543531119055,0.2877810592674338
30.99,94.0998785286516,0.2818896395529527
31.0,94.44432174611279,0.2760284872916238
31.01,94.61823213934063,0.2729342035622075
31.02,94.7921425325684,0.2698482214171323
31.03,94.96605292579625,0.26677083872474217
31.04,95.13996331902402,0.26370236598134433
31.05,95.31387371225186,0.2606431269523039
31.06,95.48778410547965,0.2575934593482818
31.07,95.66169449870748,0.2545537155383575
31.08,95.83560489193526,0.251524263302059
31.09,96.0095152851631,0.24850548662217573
31.1,96.18342567839093,0.24549778652043516
31.11,96.35733607161872,0.24250158193807442
31.12,96.53124646484656,0.2395173106634316
31.13,96.70515685807433,0.23654543030864117
31.14,96.87906725130217,0.23358641933754154
31.15,97.05297764452995,0.2306407781469309
31.16,97.22688803775779,0.22770903020311134
31.17,97.40079843098563,0.22479172323577967
31.18,97.5747088242134,0.22188943049098556
31.19,97.74861921744125,0.21900275204488953
31.2,97.92252961066903,0.21613231617969297
31.21,98.09644000389686,0.21327878082290488
31.22,98.27035039712464,0.21044283505070116
31.23,98.44426079035249,0.2076252006556493
31.24,98.61817118358026,0.2048266337785805
31.25,98.7920815768081,0.20204792660363902
31.26,98.96599197003594,0.1992899091147277
31.27,99.13990236326372,0.19655345091061427
31.28,99.31381275649156,0.19383946307478414
31.29,99.48772314971933,0.1911489000947444
31.3,99.66163354294717,0.18848276182389143
31.31,99.83554393617494,0.18584209547726635
31.32,100.00945432940279,0.1832279976502458
31.33,100.18336472263057,0.18064161634695908
31.34,100.3572751158584,0.17808415300223865
31.35,100.53118550908624,0.17555686447791427
31.36,100.70509590231403,0.17306106501065613
31.37,100.87900629554186,0.17059812808462121
31.38,101.05291668876964,0.1681694881978441
31.39,101.22682708199748,0.16577664248652307
31.4,101.40073747522526,0.16342115216621036
31.41,101.5746478684531,0.16110464374339145
31.42,101.74855826168094,0.15882880994516851
31.43,101.92246865490871,0.15659541030870266
31.44,102.09637904813655,0.15440627136602736
31.45,102.27028944136433,0.1522632863538623
31.46,102.44419983459217,0.1501684143723165
31.47,102.61811022781995,0.1481236789113631
31.48,102.79202062104778,0.146131165659704
31.49,102.96593101427557,0.14419301950783453
31.5,103.13984140750341,0.14231144065593804
31.51,103.31375180073124,0.14048867973839158
31.52,103.48766219395903,0.13872703188057517
31.53,103.66157258718687,0.13702882961092258
31.54,103.83548298041464,0.13539643456228553
31.55,104.00939337364248,0.13383222791223406
31.56,104.18330376687025,0.13233859953222224
31.57,104.3572141600981,0.1309179358408908
31.58,104.53112455332587,0.12957260638728957
31.59,104.70503494655371,0.1283049492249879
31.6,104.87894533978155,0.1271172551776808
31.61,105.05285573300932,0.12601175113977303
31.62,105.22676612623717,0.12499058260026474
31.63,105.40067651946495,0.12405579562325514
31.64,105.57458691269278,0.12320931856159814
31.65,105.74849730592057,0.12245294381885341
31.66,105.92240769914841,0.12178831000658817
31.67,106.09631809237624,0.1212168848663986
31.68,106.27022848560402,0.12073994933655875
31.69,106.44413887883186,0.12035858314011276
31.7,106.61804927205964,0.12007365225319386
31.71,106.79195966528748,0.11988579857909142
31.72,106.96587005851525,0.11979543210565581
31.73,107.13978045174309,0.11980272576249532
31.74,107.31369084497086,0.11990761312291354
31.75,107.4876012381987,0.12010978901652952
31.76,107.66151163142655,0.12040871303641373
31.77,107.83542202465432,0.12080361584301748
31.78,108.00933241788216,0.12129350809075781
31.79,108.18324281110995,0.1218771917350817
31.8,108.35715320433778,0.12255327342156623
31.81,108.53106359756556,0.12332017961616086
31.82,108.7049739907934,0.1241761731082839
31.83,108.87888438402118,0.12511937050622976
31.84,109.05279477724902,0.12614776034687727
31.85,109.22670517047686,0.12725922145687618
31.86,109.40061556370463,0.12845154122912986
31.87,109.57452595693248,0.1297224335130924
31.88,109.74843635016025,0.13106955585838376
31.89,109.92234674338809,0.13249052589544813
31.9,110.09625713661586,0.1339829366823553
31.91,110.2701675298437,0.13554437089124005
31.92,110.44407792307155,0.13717241374982195
31.93,110.61798831629932,0.1388646646914777
31.94,110.79189870952716,0.14061874770105057
31.95,110.96580910275495,0.14243232037194095
31.96,111.13971949598277,0.14430308171377046
31.97,111.31362988921056,0.14622877876806067
31.98,111.4875402824384,0.14820721210345983
31.99,111.66145067566617,0.1502362402713588
32.0,111.83536106889402,0.15231378330888495
32.01,111.89396039187821,0.15300712681457027
32.02,111.95255971486245,0.15370812367599837
32.03,112.01115903784664,0.15441666501169174
32.04,112.06975836083085,0.15513264280599529
32.05,112.12835768381504,0.15585594994131702
32.06,112.18695700679928,0.1565864802281058
32.07,112.24555632978347,0.15732412843264917
32.08,112.30415565276766,0.15806879030272783
32.09,112.3627549757519,0.15882036259120708
32.1,112.42135429873609,0.159308882198815
32.11,112.4799536217203,0.15887441824537413
32.12,112.53855294470449,0.15843988272194645
32.13,112.59715226768873,0.158005275610042
32.14,112.65575159067292,0.15757059689118208
32.15,112.71435091365711,0.15713584654689522
32.16,112.77295023664131,0.1567010245587141
32.17,112.83154955962554,0.1562661309081793
32.18,112.89014888260975,0.1558311655768464
32.19,112.94874820559394,0.15539612854627388
32.2,113.00734752857818,0.15496101979803176
32.21,113.06594685156237,0.15452583931370162
32.22,113.12454617454657,0.15409058707487097
32.23,113.18314549753076,0.1536552630631397
32.24,113.241744820515,0.153219867260118
32.25,113.30034414349919,0.15278439964742938
32.26,113.3589434664834,0.15234886020670704
32.27,113.41754278946763,0.15191324891959407
32.28,113.47614211245183,0.15147756576774984
32.29,113.53474143543602,0.15104181073284315
32.3,113.59334075842021,0.15060598379655638
32.31,113.65194008140445,0.15017008494058506
32.32,113.71053940438864,0.1497341141466423
32.33,113.76913872737285,0.1492980713964472
32.34,113.82773805035708,0.14886195667174112
32.35,113.88633737334128,0.14842576995427448
32.36,113.94493669632547,0.14798951122581666
32.37,114.00353601930966,0.14755318046814928
32.38,114.0621353422939,0.14711677766307169
32.39,114.12073466527809,0.1466803027924003
32.4,114.1793339882623,0.1462437558379665
32.41,114.2379333112465,0.14580713678161614
32.42,114.29653263423073,0.1453704456052193
32.43,114.35513195721492,0.14493368229065634
32.44,114.41373128019912,0.14449684681982933
32.45,114.47233060318335,0.14405993917465684
32.46,114.53092992616754,0.14362295933708039
32.47,114.58952924915175,0.14318590728905384
32.48,114.64812857213595,0.14274878301255509
32.49,114.70672789512018,0.14231158648958092
32.5,114.76532721810437,0.1418743177021481
32.51,114.82392654108857,0.14143697663229335
32.52,114.8825258640728,0.14099956326207455
32.53,114.941125187057,0.14056207757357017
32.54,114.9997245100412,0.14012451954888255
32.55,115.0583238330254,0.13968688917013514
32.56,115.11692315600963,0.13924918641946865
32.57,115.17552247899383,0.1388114112790533
32.58,115.23412180197802,0.1383735637310811
32.59,115.29272112496226,0.13793564375776368
32.6,115.35132044794645,0.13749765134133998
32.61,115.40991977093066,0.13705958646407138
32.62,115.46851909391485,0.1366214491082431
32.63,115.52711841689909,0.13618323925616674
32.64,115.58571773988328,0.13574495689017824
32.65,115.64431706286747,0.1353066019926431
32.66,115.70291638585167,0.13486817454594358
32.67,115.7615157088359,0.13442967453249616
32.68,115.82011503182011,0.13399110193473887
32.69,115.8787143548043,0.1335524567351423
32.7,115.93731367778854,0.13311373891619915
32.71,115.99591300077273,0.13267494846043545
32.72,116.05451232375692,0.13223608535039835
32.73,116.11311164674112,0.1317971495686666
32.74,116.17171096972535,0.13135814109784913
32.75,116.23031029270956,0.1309190599205831
32.76,116.28890961569375,0.1304799060195349
32.77,116.34750893867799,0.13004067937739913
32.78,116.40610826166218,0.12960137997690555
32.79,116.46470758464638,0.12916200780080775
32.8,116.52330690763057,0.12872256283189712
32.81,116.5819062306148,0.12828304505298965
32.82,116.64050555359901,0.12784345444693837
32.83,116.6991048765832,0.12740379099662605
32.84,116.75770419956744,0.12696405468496913
32.85,116.81630352255164,0.12652424549491378
32.86,116.87490284553583,0.12608436340944343
32.87,116.93350216852002,0.12564440841157043
32.88,116.99210149150426,0.12520438048434446
32.89,117.05070081448845,0.12476427961084952
32.9,117.10930013747266,0.12432410577420266
32.91,117.16789946045685,0.12388385895755272
32.92,117.22649878344109,0.12344353914409328
32.93,117.28509810642528,0.12300314631704361
32.94,117.34369742940947,0.12256268045966527
32.95,117.40229675239371,0.12212214155525011
32.96,117.4608960753779,0.12168152958713432
32.97,117.51949539836211,0.12124084453868454
32.98,117.5780947213463,0.12080008639330934
32.99,117.63669404433054,0.12035925513445343
33.0,117.69529336731473,0.11991835074560005
33.01,117.71212577771473,0.12000623559089292
33.02,117.72895818811473,0.12009412160742995
33.03,117.74579059851473,0.12018200877279692
33.04,117.76262300891472,0.12026989706458595
33.05,117.77945541931471,0.12035778646038363
33.06,117.79628782971471,0.1204456769377792
33.07,117.81312024011471,0.12053356847436186
33.08,117.8299526505147,0.12062146104771615
33.09,117.84678506091471,0.12070935463543485
33.1,117.8636174713147,0.12079724921510054
33.11,117.8804498817147,0.12088514476430315
33.12,117.89728229211468,0.12097304126062611
33.13,117.9141147025147,0.12106093868166014
33.14,117.93094711291468,0.12114883700499042
33.15,117.94777952331468,0.12123673620820305
33.16,117.96461193371468,0.12132463626888404
33.17,117.98144434411468,0.12141253716461756
33.18,117.99827675451468,0.1215004388729914
33.19,118.01510916491466,0.12158834137158696
33.2,118.03194157531468,0.12167624463799287
33.21,118.04877398571466,0.12176414864979411
33.22,118.06560639611466,0.1218520533845729
33.23,118.08243880651465,0.12193995881991417
33.24,118.09927121691466,0.12202786493340373
33.25,118.11610362731464,0.12211577170262378
33.26,118.13293603771464,0.12220367910515825
33.27,118.14976844811464,0.12229158711859205
33.28,118.16660085851464,0.12237949572050545
33.29,118.18343326891463,0.12246740488848334
33.3,118.20026567931463,0.12255531460010963
33.31,118.21709808971463,0.12264322483296462
33.32,118.23393050011462,0.12273113556463042
33.33,118.25076291051462,0.12281904677269366
33.34,118.26759532091462,0.12290695843473191
33.35,118.28442773131462,0.12299487052832819
33.36,118.30126014171461,0.1230827830310646
33.37,118.3180925521146,0.12317069592052235
33.38,118.3349249625146,0.12325860917428265
33.39,118.3517573729146,0.1233465227699249
33.4,118.36858978331459,0.12343443668503484
33.41,118.38542219371459,0.12352235089718828
33.42,118.40225460411459,0.12361026538396917
33.43,118.41908701451459,0.12369818012295335
33.44,118.43591942491457,0.1237860950917248
33.45,118.45275183531459,0.12387401026786204
33.46,118.46958424571457,0.12396192562894551
33.47,118.48641665611457,0.12404984115255466
33.48,118.50324906651457,0.12413775681626814
33.49,118.52008147691457,0.12422567259766726
33.5,118.53691388731457,0.12431358847432976
33.51,118.55374629771455,0.12440150442383431
33.52,118.57057870811455,0.1244894204237605
33.53,118.58741111851455,0.12457733645168612
33.54,118.60424352891455,0.12466525248518989
33.55,118.62107593931454,0.12475316850185145
33.56,118.63790834971455,0.12484108447924774
33.57,118.65474076011454,0.12492900039495579
33.58,118.67157317051453,0.12501691622655614
33.59,118.68840558091453,0.12510483195162408
33.6,118.70523799131453,0.1251927475477393
33.61,118.72207040171452,0.12528066299247886
33.62,118.73890281211452,0.1253685782634181
33.63,118.75573522251452,0.12545649333813594
33.64,118.77256763291452,0.12554440819420945
33.65,118.7894000433145,0.12563232280921582
33.66,118.8062324537145,0.1257202371607287
33.67,118.8230648641145,0.12580815122633232
33.68,118.8398972745145,0.1258960649835942
33.69,118.8567296849145,0.12598397841009512
33.7,118.8735620953145,0.12607189148341055
33.71,118.8903945057145,0.12615980418111952
33.72,118.90722691611448,0.1262477164807949
33.73,118.92405932651448,0.1263356283600123
33.74,118.94089173691448,0.12642353979634985
33.75,118.95772414731448,0.12651145076738318
33.76,118.97455655771446,0.12659936125068524
33.77,118.99138896811448,0.12668727122383341
33.78,119.00822137851446,0.12677518066440419
33.79,119.02505378891446,0.12686308954996972
33.8,119.04188619931445,0.1269509978581092
33.81,119.05871860971446,0.12703890556639474
33.82,119.07555102011445,0.12712681265240122
33.83,119.09238343051445,0.12721471909370433
33.84,119.10921584091444,0.12730262486788146
33.85,119.12604825131444,0.12739052995250405
33.86,119.14288066171444,0.12747843432514694
33.87,119.15971307211443,0.12756633796338757
33.88,119.17654548251444,0.12765424084479562
33.89,119.19337789291443,0.1277421429469486
33.9,119.21021030331443,0.1278300442474231
33.91,119.22704271371441,0.1279179447237888
33.92,119.24387512411442,0.12800584435362236
33.93,119.26070753451441,0.12809374311449775
33.94,119.27753994491441,0.1281816409839873
33.95,119.29437235531441,0.1282695379396676
33.96,119.31120476571441,0.12835743395911012
33.97,119.32803717611439,0.12844532901989056
33.98,119.34486958651439,0.1285332230995821
33.99,119.36170199691439,0.12862111617575872
34.0,119.37853440731439,0.12870900822599185
34.01,119.38311044303838,0.1289523031158282
34.02,119.38768647876236,0.12919559682223047
34.03,119.39226251448635,0.12943888934322173
34.04,119.39683855021035,0.12968218067682785
34.05,119.40141458593433,0.1299254708210792
34.06,119.40599062165832,0.13016875977399692
34.07,119.4105666573823,0.13041204753360847
34.08,119.41514269310629,0.13065533409794144
34.09,119.41971872883028,0.1308986194650194
34.1,119.42429476455426,0.1311419036328688
34.11,119.42887080027826,0.1313851865995195
34.12,119.43344683600225,0.13162846836299247
34.13,119.43802287172623,0.13187174892131553
34.14,119.44259890745022,0.13211502827251512
34.15,119.4471749431742,0.13235830641461868
34.16,119.45175097889819,0.1326015833456506
34.17,119.45632701462218,0.132844859063637
34.18,119.46090305034618,0.13308813356660354
34.19,119.46547908607016,0.13333140685257772
34.2,119.47005512179415,0.13357467891958477
34.21,119.47463115751813,0.13381794976565173
34.22,119.47920719324212,0.13406121938880425
34.23,119.4837832289661,0.13430448778706822
34.24,119.48835926469009,0.13454775495847218
34.25,119.49293530041408,0.13479102090103748
34.26,119.49751133613807,0.13503428561279388
34.27,119.50208737186206,0.1352775490917673
34.28,119.50666340758605,0.13552081133598387
34.29,119.51123944331003,0.13576407234346904
34.3,119.51581547903402,0.13600733211224936
34.31,119.520391514758,0.13625059064035236
34.32,119.52496755048199,0.13649384792580174
34.33,119.52954358620599,0.13673710396662547
34.34,119.53411962192997,0.1369803587608509
34.35,119.53869565765396,0.13722361230650157
34.36,119.54327169337795,0.13746686460160842
34.37,119.54784772910193,0.13771011564419142
34.38,119.55242376482592,0.1379533654322827
34.39,119.5569998005499,0.13819661396390423
34.4,119.5615758362739,0.1384398612370854
34.41,119.56615187199789,0.13868310724985178
34.42,119.57072790772187,0.13892635200022913
34.43,119.57530394344586,0.13916959548624425
34.44,119.57987997916985,0.13941283770592247
34.45,119.58445601489383,0.13965607865729338
34.46,119.58903205061782,0.1398993183383812
34.47,119.59360808634182,0.1401425567472103
34.48,119.5981841220658,0.14038579388181086
34.49,119.60276015778979,0.1406290297402084
34.5,119.60733619351377,0.14087226432042882
34.51,119.61191222923776,0.14111549762049727
34.52,119.61648826496175,0.14135872963844387
34.53,119.62106430068573,0.14160196037229186
34.54,119.62564033640973,0.14184518982006705
34.55,119.63021637213372,0.14208841797980096
34.56,119.6347924078577,0.14233164484951505
34.57,119.63936844358169,0.14257487042723804
34.58,119.64394447930567,0.1428180947109973
34.59,119.64852051502966,0.14306131769881805
34.6,119.65309655075365,0.14330453938872725
34.61,119.65767258647764,0.1435477597787521
34.62,119.66224862220163,0.1437909788669183
34.63,119.66682465792562,0.14403419665125272
34.64,119.6714006936496,0.1442774131297807
34.65,119.67597672937359,0.1445206283005325
34.66,119.68055276509757,0.14476384216153237
34.67,119.68512880082156,0.1450070547108078
34.68,119.68970483654556,0.14525026594638346
34.69,119.69428087226954,0.145493475866288
34.7,119.69885690799353,0.14573668446854796
34.71,119.70343294371752,0.14597989175119006
34.72,119.7080089794415,0.14622309771224046
34.73,119.71258501516549,0.14646630234972705
34.74,119.71716105088947,0.14670950566167557
34.75,119.72173708661347,0.14695270764611273
34.76,119.72631312233746,0.14719590830106621
34.77,119.73088915806144,0.14743910762456233
34.78,119.73546519378543,0.1476823056146268
34.79,119.74004122950942,0.14792550226928863
34.8,119.7446172652334,0.14816869758657386
34.81,119.74919330095739,0.1484118915645081
34.82,119.75376933668137,0.1486550842011193
34.83,119.75834537240537,0.14889827549443416
34.84,119.76292140812936,0.14914146544247944
34.85,119.76749744385334,0.149384654043283
34.86,119.77207347957733,0.14962784129487194
34.87,119.77664951530132,0.1498710271952707
34.88,119.7812255510253,0.1501142117425076
34.89,119.78580158674929,0.1503573949346096
34.9,119.79037762247329,0.1506005767696053
34.91,119.79495365819727,0.1508437572455184
34.92,119.79952969392126,0.15108693636037857
34.93,119.80410572964524,0.15133011411221278
34.94,119.80868176536923,0.1515732904990467
34.95,119.81325780109321,0.15181646551890607
34.96,119.8178338368172,0.1520596391698221
34.97,119.8224098725412,0.152302811449818
34.98,119.82698590826519,0.15254598235692157
34.99,119.83156194398917,0.15278915188916226
35.0,119.83613797971316,0.15303232004456527
35.01,119.83735233316902,0.15331802465989242
35.02,119.8385666866249,0.15360372560483146
35.03,119.83978104008077,0.15388942287315188
35.04,119.84099539353663,0.15417511645862653
35.05,119.84220974699251,0.1544608063550245
35.06,119.84342410044837,0.15474649255611975
35.07,119.84463845390424,0.15503217505568245
35.08,119.84585280736012,0.15531785384748326
35.09,119.84706716081598,0.15560352892529775
35.1,119.84828151427185,0.15588920028289405
35.11,119.84949586772773,0.15617486791404586
35.12,119.85071022118359,0.15646053181252384
35.13,119.85192457463945,0.1567461919721013
35.14,119.85313892809532,0.15703184838654988
35.15,119.8543532815512,0.1573175010496418
35.16,119.85556763500706,0.157603149955149
35.17,119.85678198846293,0.15788879509684542
35.18,119.8579963419188,0.1581744364685019
35.19,119.85921069537467,0.15846007406389195
35.2,119.86042504883054,0.1587457078767888
35.21,119.86163940228641,0.15903133790096483
35.22,119.86285375574228,0.15931696413019145
35.23,119.86406810919814,0.15960258655824272
35.24,119.86528246265402,0.15988820517889313
35.25,119.86649681610989,0.16017381998591346
35.26,119.86771116956575,0.1604594309730792
35.27,119.86892552302163,0.16074503813416274
35.28,119.8701398764775,0.16103064146293497
35.29,119.87135422993336,0.16131624095317343
35.3,119.87256858338924,0.16160183659865127
35.31,119.8737829368451,0.16188742839313933
35.32,119.87499729030097,0.1621730163304124
35.33,119.87621164375685,0.16245860040424567
35.34,119.87742599721271,0.16274418060841486
35.35,119.87864035066858,0.16302975693668784
35.36,119.87985470412445,0.16331532938284388
35.37,119.88106905758032,0.16360089794065727
35.38,119.88228341103618,0.16388646260389794
35.39,119.88349776449205,0.16417202336634512
35.4,119.88471211794793,0.16445758022177304
35.41,119.88592647140379,0.16474313316395428
35.42,119.88714082485966,0.16502868218666192
35.43,119.88835517831554,0.16531422728367348
35.44,119.8895695317714,0.16559976844876487
35.45,119.89078388522726,0.16588530567570708
35.46,119.89199823868314,0.16617083895828022
35.47,119.89321259213901,0.16645636829025473
35.48,119.89442694559487,0.16674189366540954
35.49,119.89564129905075,0.16702741507751728
35.5,119.89685565250662,0.1673129325203537
35.51,119.89807000596248,0.16759844598769688
35.52,119.89928435941836,0.16788395547331936
35.53,119.90049871287422,0.1681694609709987
35.54,119.90171306633009,0.16845496247451022
35.55,119.90292741978597,0.16874045997763096
35.56,119.90414177324183,0.1690259534741344
35.57,119.9053561266977,0.1693114429577983
35.58,119.90657048015358,0.1695969284223989
35.59,119.90778483360944,0.1698824098617121
35.6,119.9089991870653,0.1701678872695136
35.61,119.91021354052118,0.1704533606395827
35.62,119.91142789397705,0.17073882996569117
35.63,119.91264224743291,0.1710242952416198
35.64,119.91385660088878,0.17130975646114432
35.65,119.91507095434466,0.17159521361804103
35.66,119.91628530780052,0.17188066670608515
35.67,119.91749966125639,0.17216611571905946
35.68,119.91871401471226,0.17245156065073539
35.69,119.91992836816813,0.17273700149489124
35.7,119.921142721624,0.17302243824530564
35.71,119.92235707507987,0.17330787089575628
35.72,119.92357142853574,0.17359329944001864
35.73,119.9247857819916,0.17387872387187298
35.74,119.92600013544748,0.17416414418509676
35.75,119.92721448890335,0.1744495603734652
35.76,119.92842884235921,0.17473497243075767
35.77,119.92964319581509,0.17502038035075324
35.78,119.93085754927095,0.17530578412722878
35.79,119.93207190272682,0.17559118375396207
35.8,119.9332862561827,0.17587657922473385
35.81,119.93450060963856,0.1761619705333194
35.82,119.93571496309443,0.17644735767349873
35.83,119.9369293165503,0.17673274063905037
35.84,119.93814367000617,0.17701811942375495
35.85,119.93935802346203,0.1773034940213878
35.86,119.94057237691791,0.17758886442572955
35.87,119.94178673037378,0.1778742306305587
35.88,119.94300108382964,0.17815959262965522
35.89,119.94421543728551,0.17844495041679695
35.9,119.94542979074139,0.17873030398576448
35.91,119.94664414419725,0.17901565333033742
35.92,119.94785849765312,0.1793009984442945
35.93,119.949072851109,0.17958633932141288
35.94,119.95028720456486,0.17987167595547734
35.95,119.95150155802072,0.1801570083402644
35.96,119.9527159114766,0.1804423364695533
35.97,119.95393026493247,0.18072766033712656
35.98,119.95514461838833,0.1810129799367634
35.99,119.95635897184421,0.18129829526224267
36.0,119.95757332530007,0.18158360630734652
36.01,119.95788988253534,0.18188023269345835
36.02,119.9582064397706,0.18217685386343033
36.03,119.95852299700587,0.1824734698089442
36.04,119.95883955424114,0.18277008052168783
36.05,119.9591561114764,0.18306668599334674
36.06,119.95947266871167,0.18336328621560355
36.07,119.95978922594693,0.18365988118014748
36.08,119.9601057831822,0.18395647087866127
36.09,119.96042234041748,0.18425305530283306
36.1,119.96073889765275,0.18454963444434633
36.11,119.96105545488801,0.18484620829489176
36.12,119.96137201212328,0.18514277684615163
36.13,119.96168856935854,0.18543934008981314
36.14,119.96200512659381,0.1857358980175653
36.15,119.96232168382907,0.18603245062109294
36.16,119.96263824106434,0.18632899789208338
36.17,119.9629547982996,0.1866255398222245
36.18,119.96327135553487,0.18692207640320302
36.19,119.96358791277014,0.18721860762670514
36.2,119.9639044700054,0.18751513348442
36.21,119.96422102724067,0.18781165396803737
36.22,119.96453758447593,0.1881081690692417
36.23,119.9648541417112,0.18840467877972156
36.24,119.96517069894647,0.18870118309116796
36.25,119.96548725618175,0.18899768199526476
36.26,119.96580381341701,0.1892941754837041
36.27,119.96612037065228,0.18959066354817458
36.28,119.96643692788754,0.18988714618036365
36.29,119.96675348512281,0.1901836233719604
36.3,119.96707004235807,0.19048009511465466
36.31,119.96738659959334,0.1907765614001355
36.32,119.9677031568286,0.19107302222009265
36.33,119.96801971406387,0.19136947756621345
36.34,119.96833627129914,0.19166592743019162
36.35,119.9686528285344,0.191962371803715
36.36,119.96896938576967,0.1922588106784744
36.37,119.96928594300493,0.19255524404615812
36.38,119.9696025002402,0.19285167189845862
36.39,119.96991905747547,0.19314809422706594
36.4,119.97023561471073,0.19344451102367002
36.41,119.970552171946,0.19374092227996262
36.42,119.97086872918128,0.19403732798763526
36.43,119.97118528641654,0.19433372813837896
36.44,119.97150184365181,0.19463012272388294
36.45,119.97181840088707,0.1949265117358415
36.46,119.97213495812234,0.19522289516594482
36.47,119.9724515153576,0.19551927300588479
36.48,119.97276807259287,0.1958156452473532
36.49,119.97308462982814,0.1961120118820452
36.5,119.9734011870634,0.19640837290164784
36.51,119.97371774429867,0.19670472829785834
36.52,119.97403430153393,0.1970010780623671
36.53,119.9743508587692,0.19729742218686713
36.54,119.97466741600446,0.1975937606630498
36.55,119.97498397323973,0.19789009348261297
36.56,119.975300530475,0.19818642063724495
36.57,119.97561708771026,0.1984827421186413
36.58,119.97593364494553,0.19877905791849512
36.59,119.97625020218081,0.19907536802850223
36.6,119.97656675941607,0.19937167244035275
36.61,119.97688331665134,0.19966797114574458
36.62,119.9771998738866,0.19996426413636978
36.63,119.97751643112187,0.20026055140392265
36.64,119.97783298835714,0.20055683294009838
36.65,119.9781495455924,0.2008531087365921
36.66,119.97846610282767,0.2011493787850993
36.67,119.97878266006293,0.20144564307731322
36.68,119.9790992172982,0.20174190160493016
36.69,119.97941577453346,0.20203815435964526
36.7,119.97973233176873,0.20233440133315347
36.71,119.980048889004,0.20263064251715238
36.72,119.98036544623926,0.20292687790333663
36.73,119.98068200347453,0.20322310748340242
36.74,119.98099856070979,0.20351933124904578
36.75,119.98131511794506,0.20381554919196307
36.76,119.98163167518034,0.20411176130385217
36.77,119.9819482324156,0.204407967576407
36.78,119.98226478965087,0.2047041680013278
36.79,119.98258134688614,0.2050003625703092
36.8,119.9828979041214,0.20529655127505114
36.81,119.98321446135667,0.2055927341072463
36.82,119.98353101859193,0.20588891105859689
36.83,119.9838475758272,0.20618508212079847
36.84,119.98416413306246,0.20648124728555026
36.85,119.98448069029773,0.20677740654454793
36.86,119.984797247533,0.207073559889493
36.87,119.98511380476826,0.20736970731207974
36.88,119.98543036200353,0.20766584880401134
36.89,119.98574691923879,0.2079619843569833
36.9,119.98606347647406,0.2082581139626968
36.91,119.98638003370932,0.20855423761284697
36.92,119.9866965909446,0.20885035529913826
36.93,119.98701314817987,0.20914646701326697
36.94,119.98732970541514,0.20944257274693287
36.95,119.9876462626504,0.20973867249183661
36.96,119.98796281988567,0.21003476623967807
36.97,119.98827937712093,0.2103308539821569
36.98,119.9885959343562,0.2106269357109725
36.99,119.98891249159146,0.21092301141782774
37.0,119.98922904882673,0.2112190810944216
37.01,119.98931003457466,0.2115181011646801
37.02,119.98939102032257,0.2118171148900777
37.03,119.9894720060705,0.2121161222616927
37.04,119.98955299181843,0.21241512327060758
37.05,119.98963397756634,0.21271411790790476
37.06,119.98971496331427,0.213013106164663
37.07,119.98979594906218,0.21331208803196586
37.08,119.98987693481011,0.21361106350089198
37.09,119.98995792055804,0.21391003256252852
37.1,119.99003890630595,0.21420899520795414
37.11,119.99011989205388,0.2145079514282512
37.12,119.99020087780181,0.214806901214503
37.13,119.99028186354973,0.21510584455779233
37.14,119.99036284929765,0.21540478144920194
37.15,119.99044383504557,0.21570371187981555
37.16,119.9905248207935,0.21600263584071477
37.17,119.99060580654142,0.21630155332298528
37.18,119.99068679228934,0.21660046431770857
37.19,119.99076777803727,0.21689936881597077
37.2,119.9908487637852,0.2171982668088543
37.21,119.99092974953311,0.21749715828744454
37.22,119.99101073528104,0.2177960432428243
37.23,119.99109172102895,0.21809492166607994
37.24,119.99117270677688,0.21839379354829766
37.25,119.99125369252481,0.2186926588805585
37.26,119.99133467827272,0.21899151765394959
37.27,119.99141566402065,0.21929036985955833
37.28,119.99149664976858,0.21958921548846663
37.29,119.99157763551649,0.2198880545317638
37.3,119.99165862126442,0.22018688698053548
37.31,119.99173960701235,0.2204857128258658
37.32,119.99182059276026,0.22078453205884171
37.33,119.99190157850819,0.2210833446705506
37.34,119.9919825642561,0.22138215065208128
37.35,119.99206355000403,0.22168094999451585
37.36,119.99214453575196,0.22197974268894738
37.37,119.99222552149988,0.22227852872645876
37.38,119.9923065072478,0.22257730809813828
37.39,119.99238749299573,0.2228760807950756
37.4,119.99246847874365,0.22317484680835922
37.41,119.99254946449157,0.22347360612907402
37.42,119.99263045023949,0.22377235874831175
37.43,119.99271143598742,0.224071104657159
37.44,119.99279242173534,0.22436984384670566
37.45,119.99287340748326,0.2246685763080396
37.46,119.99295439323119,0.22496730203225235
37.47,119.99303537897912,0.22526602101043092
37.48,119.99311636472703,0.22556473323366655
37.49,119.99319735047496,0.2258634386930489
37.5,119.99327833622289,0.22616213737966692
37.51,119.9933593219708,0.22646082928461184
37.52,119.99344030771873,0.22675951439897377
37.53,119.99352129346664,0.22705819271384356
37.54,119.99360227921457,0.22735686422031193
37.55,119.9936832649625,0.22765552890947038
37.56,119.99376425071041,0.22795418677240972
37.57,119.99384523645834,0.22825283780022101
37.58,119.99392622220627,0.22855148198399672
37.59,119.99400720795418,0.2288501193148289
37.6,119.99408819370211,0.22914874978380864
37.61,119.99416917945003,0.22944737338203053
37.62,119.99425016519795,0.22974599010058275
37.63,119.99433115094588,0.23004459993056198
37.64,119.9944121366938,0.2303432028630588
37.65,119.99449312244172,0.23064179888916797
37.66,119.99457410818965,0.2309403879999826
37.67,119.99465509393757,0.23123897018659648
37.68,119.9947360796855,0.23153754544010177
37.69,119.99481706543341,0.23183611375159274
37.7,119.99489805118134,0.2321346751121649
37.71,119.99497903692927,0.2324332295129121
37.72,119.99506002267718,0.2327317769449274
37.73,119.99514100842511,0.23303031739930843
37.74,119.99522199417304,0.2333288508671483
37.75,119.99530297992095,0.23362737733954125
37.76,119.99538396566888,0.23392589680758555
37.77,119.9954649514168,0.2342244092623754
37.78,119.99554593716472,0.23452291469500613
37.79,119.99562692291265,0.23482141309657292
37.8,119.99570790866056,0.23511990445817527
37.81,119.99578889440849,0.23541838877090723
37.82,119.99586988015642,0.23571686602586409
37.83,119.99595086590433,0.23601533621414592
37.84,119.99603185165226,0.23631379932684923
37.85,119.99611283740019,0.23661225535506938
37.86,119.9961938231481,0.23691070428990604
37.87,119.99627480889603,0.23720914612245583
37.88,119.99635579464395,0.2375075808438169
37.89,119.99643678039187,0.23780600844508568
37.9,119.9965177661398,0.23810442891736447
37.91,119.99659875188772,0.23840284225174999
37.92,119.99667973763565,0.23870124843933965
37.93,119.99676072338357,0.23899964747123287
37.94,119.99684170913149,0.23929803933853017
37.95,119.99692269487942,0.2395964240323312
37.96,119.99700368062733,0.23989480154373352
37.97,119.99708466637526,0.24019317186383937
37.98,119.99716565212319,0.240491534983747
37.99,119.9972466378711,0.24078989089455805
38.0,119.99732762361903,0.24108823958737283
38.01,119.99734789365289,0.24138733888091923
38.02,119.99736816368673,0.24168643084976407
38.03,119.99738843372059,0.2419855154848396
38.04,119.99740870375443,0.24228459277708553
38.05,119.99742897378829,0.2425836627174398
38.06,119.99744924382213,0.2428827252968368
38.07,119.99746951385599,0.24318178050621644
38.08,119.99748978388983,0.2434808283365174
38.09,119.99751005392369,0.24377986877867525
38.1,119.99753032395753,0.24407890182362965
38.11,119.99755059399139,0.24437792746232087
38.12,119.99757086402523,0.24467694568568374
38.13,119.99759113405909,0.24497595648465997
38.14,119.99761140409294,0.24527495985018863
38.15,119.9976316741268,0.24557395577320928
38.16,119.99765194416064,0.24587294424466016
38.17,119.9976722141945,0.24617192525548318
38.18,119.99769248422834,0.24647089879661715
38.19,119.9977127542622,0.24676986485900132
38.2,119.99773302429604,0.24706882343357864
38.21,119.9977532943299,0.24736777451128977
38.22,119.99777356436374,0.247666718083075
38.23,119.9977938343976,0.24796565413987418
38.24,119.99781410443144,0.24826458267263207
38.25,119.9978343744653,0.24856350367228727
38.26,119.99785464449916,0.24886241712978185
38.27,119.997874914533,0.24916132303606153
38.28,119.99789518456686,0.2494602213820649
38.29,119.9979154546007,0.24975911215873584
38.3,119.99793572463456,0.25005799535701917
38.31,119.9979559946684,0.2503568709678543
38.32,119.99797626470226,0.25065573898218785
38.33,119.9979965347361,0.25095459939096015
38.34,119.99801680476996,0.25125345218511935
38.35,119.9980370748038,0.2515522973556054
38.36,119.99805734483766,0.25185113489336475
38.37,119.9980776148715,0.25214996478934154
38.38,119.99809788490536,0.25244878703447954
38.39,119.9981181549392,0.25274760161972415
38.4,119.99813842497306,0.2530464085360221
38.41,119.99815869500691,0.25334520777431707
38.42,119.99817896504076,0.2536439993255547
38.43,119.99819923507461,0.2539427831806812
38.44,119.99821950510847,0.25424155933064296
38.45,119.99823977514231,0.2545403277663866
38.46,119.99826004517617,0.2548390884788583
38.47,119.99828031521001,0.2551378414590036
38.48,119.99830058524387,0.2554365866977722
38.49,119.99832085527771,0.25573532418611067
38.5,119.99834112531157,0.25603405391496387
38.51,119.99836139534543,0.2563327758752824
38.52,119.99838166537927,0.25663149005801406
38.53,119.99840193541313,0.2569301964541055
38.54,119.99842220544697,0.25722889505450663
38.55,119.99844247548083,0.25752758585016583
38.56,119.99846274551467,0.257826268832032
38.57,119.99848301554853,0.2581249439910528
38.58,119.99850328558237,0.25842361131818026
38.59,119.99852355561623,0.25872227080436316
38.6,119.99854382565007,0.2590209224405496
38.61,119.99856409568393,0.2593195662176926
38.62,119.99858436571778,0.2596182021267405
38.63,119.99860463575163,0.25991683015864325
38.64,119.99862490578548,0.2602154503043543
38.65,119.99864517581933,0.2605140625548233
38.66,119.99866544585318,0.26081266690100097
38.67,119.99868571588704,0.2611112633338405
38.68,119.99870598592088,0.2614098518442919
38.69,119.99872625595474,0.26170843242330755
38.7,119.99874652598858,0.26200700506184105
38.71,119.99876679602244,0.26230556975084357
38.72,119.99878706605628,0.2626041264812697
38.73,119.99880733609014,0.2629026752440691
38.74,119.99882760612398,0.2632012160301983
38.75,119.99884787615784,0.26349974883060934
38.76,119.9988681461917,0.2637982736362563
38.77,119.99888841622554,0.2640967904380921
38.78,119.9989086862594,0.26439529922707294
38.79,119.99892895629324,0.26469379999415216
38.8,119.9989492263271,0.2649922927302837
38.81,119.99896949636094,0.26529077742642404
38.82,119.9989897663948,0.2655892540735272
38.83,119.99901003642864,0.2658877226625481
38.84,119.9990303064625,0.26618618318444576
38.85,119.99905057649634,0.2664846356301718
38.86,119.9990708465302,0.26678307999068585
38.87,119.99909111656405,0.2670815162569417
38.88,119.9991113865979,0.2673799444198971
38.89,119.99913165663175,0.2676783644705102
38.9,119.9991519266656,0.26797677639973566
38.91,119.99917219669945,0.2682751801985314
38.92,119.9991924667333,0.26857357585785785
38.93,119.99921273676715,0.2688719633686694
38.94,119.999233006801,0.269170342721926
38.95,119.99925327683485,0.26946871390858623
38.96,119.99927354686871,0.26976707691960783
38.97,119.99929381690255,0.2700654317459496
38.98,119.99931408693641,0.270363778378571
38.99,119.99933435697025,0.2706621168084327
39.0,119.99935462700411,0.2709604470264928
39.01,119.999359570679,0.2712589591263102
39.02,119.9993645143539,0.27155746297093675
39.03,119.9993694580288,0.2718559585512878
39.04,119.99937440170368,0.272154445858284
39.05,119.99937934537857,0.2724529248828458
39.06,119.99938428905347,0.2727513956158896
39.07,119.99938923272836,0.27304985804833615
39.08,119.99939417640326,0.2733483121711065
39.09,119.99939912007815,0.2736467579751213
39.1,119.99940406375305,0.2739451954512993
39.11,119.99940900742793,0.27424362459056173
39.12,119.99941395110282,0.2745420453838285
39.13,119.99941889477772,0.2748404578220233
39.14,119.99942383845261,0.2751388618960639
39.15,119.99942878212751,0.27543725759687665
39.16,119.9994337258024,0.2757356449153797
39.17,119.9994386694773,0.27603402384249853
39.18,119.99944361315218,0.27633239436915136
39.19,119.99944855682708,0.2766307564862642
39.2,119.99945350050197,0.2769291101847595
39.21,119.99945844417687,0.2772274554555593
39.22,119.99946338785176,0.2775257922895887
39.23,119.99946833152666,0.27782412067777007
39.24,119.99947327520155,0.27812244061102837
39.25,119.99947821887645,0.27842075208028727
39.26,119.99948316255133,0.2787190550764725
39.27,119.99948810622622,0.2790173495905067
39.28,119.99949304990112,0.27931563561331574
39.29,119.99949799357601,0.2796139131358258
39.3,119.99950293725091,0.27991218214896274
39.31,119.9995078809258,0.28021044264364936
39.32,119.9995128246007,0.2805086946108155
39.33,119.99951776827558,0.2808069380413857
39.34,119.99952271195048,0.2811051729262864
39.35,119.99952765562537,0.281403399256445
39.36,119.99953259930027,0.2817016170227889
39.37,119.99953754297516,0.28199982621624453
39.38,119.99954248665006,0.2822980268277387
39.39,119.99954743032495,0.282596218848202
39.4,119.99955237399983,0.28289440226856166
39.41,119.99955731767473,0.28319257707974355
39.42,119.99956226134962,0.28349074327267987
39.43,119.99956720502452,0.2837889008382986
39.44,119.99957214869941,0.2840870497675267
39.45,119.99957709237431,0.28438519005129587
39.46,119.9995820360492,0.2846833216805355
39.47,119.99958697972409,0.28498144464617653
39.48,119.99959192339898,0.28527955893914614
39.49,119.99959686707388,0.28557766455037875
39.5,119.99960181074877,0.28587576147080224
39.51,119.99960675442367,0.28617384969134735
39.52,119.99961169809856,0.28647192920294856
39.53,119.99961664177346,0.28676999999653535
39.54,119.99962158544834,0.28706806206304
39.55,119.99962652912323,0.28736611539339346
39.56,119.99963147279813,0.2876641599785291
39.57,119.99963641647302,0.28796219580937965
39.58,119.99964136014792,0.2882602228768774
39.59,119.99964630382281,0.288558241171957
39.6,119.99965124749771,0.288856250685551
39.61,119.99965619117259,0.28915425140859286
39.62,119.99966113484749,0.28945224333201586
39.63,119.99966607852238,0.28975022644675485
39.64,119.99967102219728,0.2900482007437456
39.65,119.99967596587217,0.29034616621392156
39.66,119.99968090954707,0.2906441228482178
39.67,119.99968585322196,0.2909420706375711
39.68,119.99969079689684,0.2912400095729144
39.69,119.99969574057174,0.2915379396451857
39.7,119.99970068424663,0.2918358608453205
39.71,119.99970562792153,0.2921337731642552
39.72,119.99971057159642,0.2924316765929255
39.73,119.99971551527132,0.2927295711222703
39.74,119.99972045894621,0.2930274567432261
39.75,119.9997254026211,0.2933253334467294
39.76,119.99973034629599,0.29362320122371804
39.77,119.99973528997089,0.29392106006513213
39.78,119.99974023364578,0.29421890996190714
39.79,119.99974517732068,0.29451675090498336
39.8,119.99975012099557,0.29481458288530005
39.81,119.99975506467047,0.29511240589379467
39.82,119.99976000834536,0.2954102199214065
39.83,119.99976495202024,0.2957080249590777
39.84,119.99976989569514,0.29600582099774636
39.85,119.99977483937003,0.29630360802835215
39.86,119.99977978304493,0.29660138604183756
39.87,119.99978472671982,0.29689915502914144
39.88,119.99978967039472,0.29719691498120504
39.89,119.99979461406961,0.2974946658889703
39.9,119.9997995577445,0.29779240774338006
39.91,119.99980450141939,0.2980901405353737
39.92,119.99980944509429,0.2983878642558941
39.93,119.99981438876918,0.2986855788958844
39.94,119.99981933244408,0.2989832844462867
39.95,119.99982427611897,0.2992809808980436
39.96,119.99982921979387,0.29957866824209967
39.97,119.99983416346875,0.29987634646939776
39.98,119.99983910714364,0.300174015570881
39.99,119.99984405081854,0.30047167553749454
40.0,119.99984899449343,0.30076932636018133
40.01,119.99985016399283,0.3010670145145396
40.02,119.99985133349223,0.30136469349993705
40.03,119.99985250299163,0.3016623633073091
40.04,119.99985367249103,0.3019600239275911
40.05,119.99985484199043,0.3022576753517195
40.06,119.99985601148984,0.3025553175706269
40.07,119.99985718098924,0.3028529505752524
40.08,119.99985835048864,0.3031505743565311
40.09,119.99985951998804,0.3034481889053997
40.1,119.99986068948743,0.3037457942127952
40.11,119.99986185898683,0.3040433902696552
40.12,119.99986302848623,0.3043409770669157
40.13,119.99986419798563,0.3046385545955157
40.14,119.99986536748503,0.30493612284639343
40.15,119.99986653698443,0.30523368181048727
40.16,119.99986770648384,0.3055312314787334
40.17,119.99986887598324,0.3058287718420742
40.18,119.99987004548264,0.30612630289144666
40.19,119.99987121498204,0.306423824617789
40.2,119.99987238448144,0.30672133701204424
40.21,119.99987355398083,0.3070188400651515
40.22,119.99987472348023,0.3073163337680474
40.23,119.99987589297963,0.3076138181116774
40.24,119.99987706247903,0.30791129308698045
40.25,119.99987823197844,0.30820875868489656
40.26,119.99987940147784,0.3085062148963683
40.27,119.99988057097724,0.3088036617123385
40.28,119.99988174047664,0.3091010991237471
40.29,119.99988290997604,0.30939852712153654
40.3,119.99988407947544,0.30969594569665104
40.31,119.99988524897483,0.3099933548400314
40.32,119.99988641847423,0.31029075454262167
40.33,119.99988758797363,0.31058814479536573
40.34,119.99988875747303,0.3108855255892079
40.35,119.99988992697244,0.31118289691509
40.36,119.99989109647184,0.31148025876395824
40.37,119.99989226597124,0.31177761112675656
40.38,119.99989343547064,0.31207495399442947
40.39,119.99989460497004,0.31237228735792183
40.4,119.99989577446944,0.3126696112081809
40.41,119.99989694396884,0.31296692553615035
40.42,119.99989811346823,0.31326423033277845
40.43,119.99989928296763,0.31356152558900846
40.44,119.99990045246703,0.31385881129578896
40.45,119.99990162196644,0.31415608744406676
40.46,119.99990279146584,0.31445335402478936
40.47,119.99990396096524,0.31475061102890334
40.48,119.99990513046464,0.31504785844735694
40.49,119.99990629996404,0.3153450962710984
40.5,119.99990746946344,0.31564232449107493
40.51,119.99990863896284,0.3159395430982364
40.52,119.99990980846223,0.3162367520835323
40.53,119.99991097796163,0.3165339514379096
40.54,119.99991214746103,0.31683114115232003
40.55,119.99991331696043,0.3171283212177135
40.56,119.99991448645984,0.3174254916250376
40.57,119.99991565595924,0.3177226523652451
40.58,119.99991682545864,0.31801980342928604
40.59,119.99991799495804,0.31831694480811185
40.6,119.99991916445744,0.3186140764926718
40.61,119.99992033395684,0.318911198473921
40.62,119.99992150345624,0.3192083107428078
40.63,119.99992267295563,0.3195054132902854
40.64,119.99992384245503,0.31980250610730865
40.65,119.99992501195443,0.3200995891848284
40.66,119.99992618145384,0.3203966625137958
40.67,119.99992735095324,0.320693726085168
40.68,119.99992852045264,0.32099077988989616
40.69,119.99992968995204,0.3212878239189356
40.7,119.99993085945144,0.32158485816323856
40.71,119.99993202895084,0.32188188261376227
40.72,119.99993319845024,0.32217889726146015
40.73,119.99993436794963,0.32247590209728655
40.74,119.99993553744903,0.3227728971121991
40.75,119.99993670694843,0.32306988229715217
40.76,119.99993787644785,0.3233668576431005
40.77,119.99993904594724,0.32366382314100345
40.78,119.99994021544664,0.323960778781816
40.79,119.99994138494604,0.32425772455649443
40.8,119.99994255444544,0.32455466045599796
40.81,119.99994372394484,0.3248515864712816
40.82,119.99994489344424,0.3251485025933053
40.83,119.99994606294364,0.3254454088130257
40.84,119.99994723244303,0.325742305121404
40.85,119.99994840194245,0.3260391915093955
40.86,119.99994957144185,0.32633606796796205
40.87,119.99995074094124,0.32663293448806
40.88,119.99995191044064,0.3269297910606516
40.89,119.99995307994004,0.3272266376766957
40.9,119.99995424943944,0.327523474327153
40.91,119.99995541893884,0.3278203010029842
40.92,119.99995658843824,0.32811711769514995
40.93,119.99995775793764,0.3284139243946109
40.94,119.99995892743704,0.32871072109232835
40.95,119.99996009693645,0.32900750777926535
40.96,119.99996126643585,0.32930428444638477
40.97,119.99996243593525,0.32960105108464577
40.98,119.99996360543464,0.32989780768501337
40.99,119.99996477493404,0.3301945542384511
41.0,119.99996594443344,0.3304912907359199
41.01,119.99996621139616,0.3307880281976326
41.02,119.99996647835887,0.3310847555834872
41.03,119.99996674532159,0.3313814728844429
41.04,119.99996701228429,0.33167818009146266
41.05,119.999967279247,0.3319748771955107
41.06,119.99996754620972,0.3322715641875477
41.07,119.99996781317243,0.33256824105853594
41.08,119.99996808013515,0.33286490779944106
41.09,119.99996834709786,0.33316156440122596
41.1,119.99996861406058,0.3334582108548531
41.11,119.99996888102328,0.3337548471512903
41.12,119.999969147986,0.3340514732814981
41.13,119.99996941494871,0.334348089236443
41.14,119.99996968191142,0.33464469500708977
41.15,119.99996994887414,0.3349412905844052
41.16,119.99997021583685,0.33523787595935495
41.17,119.99997048279957,0.33553445112290325
41.18,119.99997074976227,0.33583101606601823
41.19,119.99997101672498,0.33612757077966576
41.2,119.9999712836877,0.33642411525481314
41.21,119.99997155065041,0.33672064948242875
41.22,119.99997181761313,0.33701717345347854
41.23,119.99997208457584,0.33731368715893173
41.24,119.99997235153856,0.3376101905897558
41.25,119.99997261850126,0.3379066837369202
41.26,119.99997288546398,0.33820316659139316
41.27,119.99997315242669,0.3384996391441449
41.28,119.9999734193894,0.3387961013861432
41.29,119.99997368635212,0.33909255330835963
41.3,119.99997395331484,0.33938899490176355
41.31,119.99997422027755,0.3396854261573251
41.32,119.99997448724027,0.33998184706601653
41.33,119.99997475420297,0.3402782576188074
41.34,119.99997502116568,0.3405746578066705
41.35,119.9999752881284,0.3408710476205762
41.36,119.99997555509111,0.3411674270514981
41.37,119.99997582205383,0.3414637960904069
41.38,119.99997608901654,0.3417601547282765
41.39,119.99997635597926,0.34205650295607987
41.4,119.99997662294196,0.3423528407647903
41.41,119.99997688990467,0.34264916814537993
41.42,119.99997715686739,0.34294548508882644
41.43,119.9999774238301,0.34324179158610013
41.44,119.99997769079282,0.34353808762817567
41.45,119.99997795775553,0.34383437320603144
41.46,119.99997822471825,0.34413064831064133
41.47,119.99997849168095,0.34442691293297933
41.48,119.99997875864366,0.34472316706402195
41.49,119.99997902560638,0.34501941069474723
41.5,119.9999792925691,0.34531564381612917
41.51,119.99997955953181,0.34561186641914504
41.52,119.99997982649452,0.3459080784947745
41.53,119.99998009345724,0.3462042800339922
41.54,119.99998036041994,0.3465004710277765
41.55,119.99998062738266,0.34679665146710725
41.56,119.99998089434537,0.3470928213429609
41.57,119.99998116130809,0.34738898064631685
41.58,119.9999814282708,0.3476851293681536
41.59,119.99998169523352,0.34798126749945285
41.6,119.99998196219623,0.3482773950311924
41.61,119.99998222915893,0.3485735119543522
41.62,119.99998249612165,0.34886961825991303
41.63,119.99998276308436,0.34916571393885654
41.64,119.99998303004708,0.3494617989821613
41.65,119.99998329700979,0.34975787338081193
41.66,119.9999835639725,0.35005393712578786
41.67,119.99998383093522,0.3503499902080722
41.68,119.99998409789792,0.3506460326186457
41.69,119.99998436486064,0.350942064348493
41.7,119.99998463182335,0.3512380853885959
41.71,119.99998489878607,0.3515340957299373
41.72,119.99998516574878,0.35183009536350196
41.73,119.9999854327115,0.35212608428027337
41.74,119.99998569967421,0.35242206247123736
41.75,119.99998596663693,0.35271802992737455
41.76,119.99998623359963,0.3530139866396734
41.77,119.99998650056234,0.35330993259911936
41.78,119.99998676752506,0.3536058677966945
41.79,119.99998703448777,0.3539017922233882
41.8,119.99998730145049,0.35419770587018623
41.81,119.9999875684132,0.3544936087280731
41.82,119.99998783537592,0.35478950078803745
41.83,119.99998810233862,0.3550853820410669
41.84,119.99998836930133,0.3553812524781489
41.85,119.99998863626405,0.3556771120902687
41.86,119.99998890322676,0.3559729608684179
41.87,119.99998917018948,0.3562687988035834
41.88,119.9999894371522,0.3565646258867537
41.89,119.99998970411491,0.3568604421089192
41.9,119.99998997107761,0.35715624746107033
41.91,119.99999023804033,0.3574520419341941
41.92,119.99999050500304,0.357747825519282
41.93,119.99999077196576,0.35804359820732523
41.94,119.99999103892847,0.3583393599893138
41.95,119.99999130589119,0.3586351108562394
41.96,119.9999915728539,0.3589308507990942
41.97,119.9999918398166,0.3592265798088689
41.98,119.99999210677932,0.3595222978765559
41.99,119.99999237374203,0.3598180049931485
42.0,119.99999264070475,0.3601137011496387
42.01,119.99999269916215,0.36040938886306273
42.02,119.99999275761954,0.3607050655979123
42.03,119.99999281607694,0.36100073134518224
42.04,119.99999287453433,0.36129638609586673
42.05,119.99999293299173,0.36159202984095806
42.06,119.99999299144913,0.36188766257145183
42.07,119.99999304990652,0.36218328427834146
42.08,119.99999310836392,0.3624788949526223
42.09,119.99999316682131,0.36277449458529176
42.1,119.99999322527871,0.3630700831673426
42.11,119.9999932837361,0.36336566068977283
42.12,119.9999933421935,0.36366122714357657
42.13,119.99999340065091,0.3639567825197524
42.14,119.9999934591083,0.3642523268092972
42.15,119.9999935175657,0.36454786000320694
42.16,119.99999357602309,0.36484338209248124
42.17,119.99999363448049,0.36513889306811725
42.18,119.99999369293789,0.36543439292111296
42.19,119.99999375139528,0.3657298816424666
42.2,119.99999380985268,0.3660253592231778
42.21,119.99999386831007,0.3663208256542474
42.22,119.99999392676747,0.3666162809266723
42.23,119.99999398522488,0.36691172503145436
42.24,119.99999404368226,0.36720715795959513
42.25,119.99999410213967,0.3675025797020916
42.26,119.99999416059705,0.36779799024994825
42.27,119.99999421905446,0.3680933895941659
42.28,119.99999427751186,0.3683887777257449
42.29,119.99999433596925,0.368684154635688
42.3,119.99999439442665,0.36897952031499853
42.31,119.99999445288404,0.3692748747546786
42.32,119.99999451134144,0.3695702179457301
42.33,119.99999456979883,0.36986554987915843
42.34,119.99999462825623,0.37016087054596775
42.35,119.99999468671363,0.3704561799371587
42.36,119.99999474517102,0.37075147804374103
42.37,119.99999480362843,0.37104676485671534
42.38,119.99999486208581,0.3713420403670884
42.39,119.99999492054322,0.37163730456586525
42.4,119.99999497900062,0.3719325574440526
42.41,119.999995037458,0.3722277989926558
42.42,119.99999509591541,0.37252302920268254
42.43,119.9999951543728,0.37281824806513786
42.44,119.9999952128302,0.3731134555710313
42.45,119.9999952712876,0.3734086517113675
42.46,119.99999532974499,0.37370383647715816
42.47,119.9999953882024,0.3739990098594085
42.48,119.99999544665978,0.37429417184912844
42.49,119.99999550511718,0.3745893224373272
42.5,119.99999556357457,0.3748844616150133
42.51,119.99999562203197,0.375179589373197
42.52,119.99999568048938,0.375474705702889
42.53,119.99999573894677,0.37576981059509695
42.54,119.99999579740417,0.37606490404083487
42.55,119.99999585586156,0.37635998603111276
42.56,119.99999591431896,0.3766550565569405
42.57,119.99999597277636,0.3769501156093316
42.58,119.99999603123375,0.37724516317929746
42.59,119.99999608969115,0.3775401992578512
42.6,119.99999614814854,0.37783522383600504
42.61,119.99999620660594,0.3781302369047731
42.62,119.99999626506334,0.37842523845516757
42.63,119.99999632352073,0.37872022847820175
42.64,119.99999638197814,0.379015206964892
42.65,119.99999644043552,0.3793101739062528
42.66,119.99999649889293,0.3796051292932966
42.67,119.99999655735033,0.37990007311704127
42.68,119.99999661580772,0.3801950053685009
42.69,119.99999667426512,0.3804899260386918
42.7,119.99999673272251,0.38078483511863076
42.71,119.99999679117991,0.38107973259933503
42.72,119.9999968496373,0.3813746184718205
42.73,119.9999969080947,0.3816694927271035
42.74,119.9999969665521,0.3819643553562052
42.75,119.99999702500949,0.382259206350141
42.76,119.9999970834669,0.3825540456999289
42.77,119.99999714192428,0.38284887339659085
42.78,119.99999720038169,0.3831436894311427
42.79,119.99999725883909,0.38343849379460543
42.8,119.99999731729648,0.3837332864779995
42.81,119.99999737575388,0.3840280674723441
42.82,119.99999743421127,0.38432283676866014
42.83,119.99999749266867,0.3846175943579678
42.84,119.99999755112607,0.38491234023129084
42.85,119.99999760958346,0.3852070743796488
42.86,119.99999766804086,0.3855017967940637
42.87,119.99999772649825,0.38579650746555894
42.88,119.99999778495565,0.3860912063851561
42.89,119.99999784341306,0.38638589354387887
42.9,119.99999790187044,0.3866805689327518
42.91,119.99999796032785,0.386975232542797
42.92,119.99999801878523,0.38726988436504045
42.93,119.99999807724264,0.38756452439050315
42.94,119.99999813570003,0.3878591526102134
42.95,119.99999819415743,0.38815376901519577
42.96,119.99999825261483,0.38844837359647544
42.97,119.99999831107222,0.38874296634507793
42.98,119.99999836952962,0.38903754725203
42.99,119.99999842798701,0.3893321163083596
43.0,119.99999848644441,0.3896266735050911
43.01,119.99999849864055,0.3899212193884224
43.02,119.9999985108367,0.3902157533941026
43.03,119.99999852303284,0.39051027551315803
43.04,119.99999853522898,0.39080478573661925
43.05,119.99999854742514,0.39109928405551503
43.06,119.99999855962128,0.3913937704608733
43.07,119.99999857181741,0.3916882449437231
43.08,119.99999858401357,0.39198270749509534
43.09,119.9999985962097,0.3922771581060206
43.1,119.99999860840585,0.3925715967675271
43.11,119.999998620602,0.3928660234706496
43.12,119.99999863279814,0.39316043820641583
43.13,119.99999864499428,0.39345484096585787
43.14,119.99999865719043,0.3937492317400097
43.15,119.99999866938657,0.3940436105199038
43.16,119.99999868158271,0.39433797729657
43.17,119.99999869377886,0.3946323320610433
43.18,119.999998705975,0.39492667480435734
43.19,119.99999871817114,0.3952210055175461
43.2,119.9999987303673,0.39551532419164115
43.21,119.99999874256343,0.3958096308176814
43.22,119.99999875475957,0.39610392538669914
43.23,119.99999876695573,0.39639820788972885
43.24,119.99999877915187,0.3966924783178092
43.25,119.99999879134802,0.3969867366619739
43.26,119.99999880354416,0.39728098291326
43.27,119.9999988157403,0.3975752170627041
43.28,119.99999882793645,0.397869439101343
43.29,119.99999884013259,0.39816364902021506
43.3,119.99999885232873,0.3984578468103579
43.31,119.99999886452488,0.398752032462809
43.32,119.99999887672102,0.3990462059686087
43.33,119.99999888891716,0.39934036731879313
43.34,119.99999890111332,0.3996345165044055
43.35,119.99999891330945,0.3999286535164824
43.36,119.9999989255056,0.40022277834606657
43.37,119.99999893770175,0.4005168909841949
43.38,119.99999894989789,0.4008109914219113
43.39,119.99999896209403,0.40110507965025544
43.4,119.99999897429018,0.40139915566026996
43.41,119.99999898648632,0.4016932194429951
43.42,119.99999899868246,0.40198727098947606
43.43,119.99999901087861,0.40228131029075304
43.44,119.99999902307475,0.40257533733786915
43.45,119.99999903527089,0.4028693521218698
43.46,119.99999904746704,0.4031633546337978
43.47,119.99999905966318,0.4034573448646955
43.48,119.99999907185932,0.4037513228056107
43.49,119.99999908405547,0.40404528844758714
43.5,119.99999909625161,0.4043392417816692
43.51,119.99999910844775,0.4046331827989022
43.52,119.9999991206439,0.404927111490335
43.53,119.99999913284005,0.4052210278470111
43.54,119.99999914503618,0.4055149318599782
43.55,119.99999915723234,0.40580882352028463
43.56,119.99999916942848,0.4061027028189775
43.57,119.99999918162462,0.40639656974710286
43.58,119.99999919382077,0.4066904242957113
43.59,119.99999920601691,0.40698426645585156
43.6,119.99999921821305,0.4072780962185715
43.61,119.9999992304092,0.4075719135749207
43.62,119.99999924260534,0.4078657185159498
43.63,119.99999925480148,0.40815951103270787
43.64,119.99999926699763,0.4084532911162459
43.65,119.99999927919377,0.40874705875761663
43.66,119.99999929138991,0.4090408139478695
43.67,119.99999930358607,0.40933455667805696
43.68,119.9999993157822,0.40962828693922904
43.69,119.99999932797834,0.4099220047224416
43.7,119.9999993401745,0.4102157100187455
43.71,119.99999935237064,0.410509402819194
43.72,119.99999936456678,0.41080308311484215
43.73,119.99999937676293,0.41109675089674264
43.74,119.99999938895907,0.4113904061559501
43.75,119.99999940115521,0.41168404888351956
43.76,119.99999941335136,0.41197767907050603
43.77,119.9999994255475,0.4122712967079651
43.78,119.99999943774365,0.4125649017869521
43.79,119.99999944993979,0.4128584942985245
43.8,119.99999946213593,0.4131520742337389
43.81,119.99999947433209,0.41344564158365016
43.82,119.99999948652822,0.41373919633931866
43.83,119.99999949872436,0.41403273849180067
43.84,119.99999951092052,0.4143262680321549
43.85,119.99999952311666,0.4146197849514398
43.86,119.9999995353128,0.41491328924071574
43.87,119.99999954750895,0.4152067808910391
43.88,119.99999955970509,0.4155002598934707
43.89,119.99999957190123,0.41579372623907224
43.9,119.99999958409738,0.4160871799189034
43.91,119.99999959629352,0.41638062092402456
43.92,119.99999960848966,0.4166740492454986
43.93,119.99999962068581,0.41696746487438485
43.94,119.99999963288195,0.41726086780174654
43.95,119.99999964507809,0.41755425801864576
43.96,119.99999965727424,0.41784763551614723
43.97,119.99999966947038,0.4181410002853119
43.98,119.99999968166652,0.41843435231720405
43.99,119.99999969386268,0.41872769160288864
44.0,119.99999970605882,0.41902101813342874
44.01,119.99999970846414,0.41931433201617896
44.02,119.99999971086949,0.41960763312589194
44.03,119.99999971327482,0.41990092145363034
44.04,119.99999971568015,0.4201941969904616
44.05,119.99999971808549,0.4204874597274513
44.06,119.99999972049082,0.4207807096556667
44.07,119.99999972289615,0.42107394676617516
44.08,119.99999972530149,0.421367171050042
44.09,119.99999972770682,0.42166038249833887
44.1,119.99999973011215,0.4219535811021321
44.11,119.9999997325175,0.42224676685249024
44.12,119.99999973492282,0.4225399397404812
44.13,119.99999973732815,0.4228330997571763
44.14,119.9999997397335,0.42312624689364453
44.15,119.99999974213883,0.42341938114095656
44.16,119.99999974454416,0.42371250249018233
44.17,119.9999997469495,0.4240056109323945
44.18,119.99999974935483,0.4242987064586612
44.19,119.99999975176016,0.42459178906005735
44.2,119.9999997541655,0.42488485872765425
44.21,119.99999975657083,0.42517791545252487
44.22,119.99999975897616,0.4254709592257402
44.23,119.9999997613815,0.42576399003837595
44.24,119.99999976378683,0.4260570078815062
44.25,119.99999976619216,0.42635001274620193
44.26,119.9999997685975,0.4266430046235402
44.27,119.99999977100283,0.42693598350459705
44.28,119.99999977340816,0.42722894938044415
44.29,119.9999997758135,0.42752190224216013
44.3,119.99999977821884,0.42781484208082127
44.31,119.99999978062417,0.42810776888750285
44.32,119.99999978302951,0.428400682653281
44.33,119.99999978543484,0.4286935833692354
44.34,119.99999978784017,0.4289864710264436
44.35,119.99999979024551,0.42927934561598113
44.36,119.99999979265084,0.42957220712892946
44.37,119.99999979505617,0.4298650555563654
44.38,119.99999979746151,0.43015789088937
44.39,119.99999979986684,0.4304507131190205
44.4,119.99999980227217,0.4307435222364007
44.41,119.99999980467751,0.4310363182325878
44.42,119.99999980708284,0.43132910109866446
44.43,119.99999980948817,0.43162187082571224
44.44,119.99999981189352,0.4319146274048107
44.45,119.99999981429885,0.4322073708270437
44.46,119.99999981670418,0.4325001010834951
44.47,119.99999981910952,0.43279281816524534
44.48,119.99999982151485,0.4330855220633787
44.49,119.99999982392018,0.43337821276897887
44.5,119.9999998263255,0.43367089027313
44.51,119.99999982873085,0.433963554566917
44.52,119.99999983113618,0.4342562056414242
44.53,119.99999983354151,0.43454884348773737
44.54,119.99999983594685,0.43484146809694185
44.55,119.99999983835218,0.43513407946012483
44.56,119.99999984075751,0.4354266775683708
44.57,119.99999984316285,0.43571926241276826
44.58,119.99999984556818,0.43601183398440485
44.59,119.99999984797351,0.4363043922743674
44.6,119.99999985037886,0.43659693727374477
44.61,119.99999985278419,0.4368894689736261
44.62,119.99999985518951,0.4371819873650981
44.63,119.99999985759486,0.43747449243925196
44.64,119.99999986000019,0.437766984187177
44.65,119.99999986240552,0.43805946259996453
44.66,119.99999986481086,0.43835192766870235
44.67,119.99999986721619,0.4386443793844848
44.68,119.99999986962152,0.4389368177384014
44.69,119.99999987202686,0.4392292427215431
44.7,119.99999987443219,0.4395216543250036
44.71,119.99999987683752,0.4398140525398769
44.72,119.99999987924286,0.4401064373572529
44.73,119.9999998816482,0.44039880876822723
44.74,119.99999988405352,0.4406911667638939
44.75,119.99999988645887,0.440983511335345
44.76,119.9999998888642,0.4412758424736769
44.77,119.99999989126952,0.44156816016998507
44.78,119.99999989367487,0.44186046441536353
44.79,119.9999998960802,0.4421527552009087
44.8,119.99999989848553,0.4424450325177182
44.81,119.99999990089087,0.44273729635688697
44.82,119.9999999032962,0.44302954670951294
44.83,119.99999990570153,0.44332178356669405
44.84,119.99999990810687,0.44361400691952857
44.85,119.9999999105122,0.44390621675911346
44.86,119.99999991291753,0.4441984130765476
44.87,119.99999991532287,0.44449059586293177
44.88,119.9999999177282,0.44478276510936404
44.89,119.99999992013353,0.4450749208069443
44.9,119.99999992253888,0.44536706294677514
44.91,119.9999999249442,0.4456591915199552
44.92,119.99999992734953,0.44595130651758713
44.93,119.99999992975488,0.4462434079307705
44.94,119.99999993216021,0.4465354957506098
44.95,119.99999993456554,0.4468275699682064
44.96,119.99999993697088,0.4471196305746634
44.97,119.99999993937621,0.44741167756108435
44.98,119.99999994178154,0.44770371091857275
44.99,119.99999994418688,0.44799573063823345
45.0,119.99999994659221,0.44828773671116917
45.01,119.9999999470365,0.4485797291515192
45.02,119.99999994748079,0.4488717079273514
45.03,119.99999994792508,0.4491636730297694
45.04,119.99999994836935,0.44945562444988185
45.05,119.99999994881364,0.44974756217879436
45.06,119.99999994925793,0.45003948620761275
45.07,119.99999994970221,0.45033139652744625
45.08,119.9999999501465,0.4506232931294022
45.09,119.99999995059079,0.45091517600458914
45.1,119.99999995103508,0.45120704514411475
45.11,119.99999995147935,0.4514989005390903
45.12,119.99999995192364,0.4517907421806233
45.13,119.99999995236793,0.4520825700598243
45.14,119.99999995281222,0.45237438416780384
45.15,119.9999999532565,0.452666184495674
45.16,119.9999999537008,0.45295797103454327
45.17,119.99999995414507,0.453249743775527
45.18,119.99999995458936,0.45354150270973365
45.19,119.99999995503364,0.4538332478282775
45.2,119.99999995547793,0.4541249791222709
45.21,119.99999995592222,0.45441669658282857
45.22,119.99999995636651,0.4547084002010633
45.23,119.9999999568108,0.45500008996808783
45.24,119.99999995725507,0.45529176587502057
45.25,119.99999995769936,0.4555834279129728
45.26,119.99999995814365,0.45587507607306077
45.27,119.99999995858794,0.4561667103464029
45.28,119.99999995903222,0.4564583307241123
45.29,119.99999995947651,0.45674993719730717
45.3,119.99999995992079,0.45704152975710544
45.31,119.99999996036507,0.457333108394623
45.32,119.99999996080936,0.4576246731009788
45.33,119.99999996125365,0.4579162238672904
45.34,119.99999996169794,0.45820776068467883
45.35,119.99999996214223,0.45849928354426134
45.36,119.99999996258651,0.45879079243715876
45.37,119.99999996303079,0.4590822873544893
45.38,119.99999996347508,0.4593737682873756
45.39,119.99999996391936,0.45966523522693825
45.4,119.99999996436365,0.45995668816429813
45.41,119.99999996480794,0.46024812709057755
45.42,119.99999996525223,0.46053955199689894
45.43,119.99999996569652,0.46083096287438424
45.44,119.99999996614079,0.46112235971415605
45.45,119.99999996658508,0.46141374250733946
45.46,119.99999996702937,0.46170511124505875
45.47,119.99999996747366,0.46199646591843513
45.48,119.99999996791794,0.46228780651859674
45.49,119.99999996836223,0.4625791330366689
45.5,119.99999996880652,0.46287044546377404
45.51,119.9999999692508,0.46316174379104175
45.52,119.99999996969508,0.46345302800959765
45.53,119.99999997013937,0.4637442981105674
45.54,119.99999997058366,0.46403555408507846
45.55,119.99999997102795,0.4643267959242613
45.56,119.99999997147223,0.4646180236192413
45.57,119.99999997191651,0.46490923716114757
45.58,119.9999999723608,0.4652004365411107
45.59,119.99999997280509,0.4654916217502601
45.6,119.99999997324937,0.46578279277972384
45.61,119.99999997369366,0.4660739496206349
45.62,119.99999997413795,0.4663650922641218
45.63,119.99999997458224,0.46665622070131757
45.64,119.99999997502651,0.4669473349233522
45.65,119.9999999754708,0.4672384349213603
45.66,119.99999997591509,0.46752952068647213
45.67,119.99999997635938,0.46782059220982164
45.68,119.99999997680366,0.46811164948254214
45.69,119.99999997724795,0.46840269249576855
45.7,119.99999997769224,0.46869372124063274
45.71,119.99999997813651,0.4689847357082729
45.72,119.9999999785808,0.4692757358898214
45.73,119.99999997902509,0.4695667217764147
45.74,119.99999997946938,0.4698576933591894
45.75,119.99999997991367,0.47014865062928085
45.76,119.99999998035796,0.4704395935778272
45.77,119.99999998080223,0.4707305221959653
45.78,119.99999998124652,0.4710214364748334
45.79,119.9999999816908,0.47131233640556863
45.8,119.9999999821351,0.47160322197931154
45.81,119.99999998257938,0.4718940931871985
45.82,119.99999998302367,0.4721849500203713
45.83,119.99999998346796,0.4724757924699694
45.84,119.99999998391223,0.4727666205271329
45.85,119.99999998435652,0.4730574341830028
45.86,119.99999998480081,0.47334823342872157
45.87,119.9999999852451,0.4736390182554289
45.88,119.99999998568939,0.4739297886542678
45.89,119.99999998613367,0.47422054461638113
45.9,119.99999998657795,0.47451128613291277
45.91,119.99999998702224,0.47480201319500426
45.92,119.99999998746652,0.4750927257938019
45.93,119.99999998791081,0.4753834239204485
45.94,119.9999999883551,0.47567410756608813
45.95,119.99999998879939,0.47596477672186743
45.96,119.99999998924368,0.47625543137893284
45.97,119.99999998968795,0.47654607152842954
45.98,119.99999999013224,0.4768366971615025
45.99,119.99999999057653,0.4771273082693021
46.0,119.99999999102081,0.47741790484297325
46.01,119.99999999109683,0.4777084868779375
46.02,119.99999999117283,0.4779990543610709
46.03,119.99999999124884,0.47828960728351994
46.04,119.99999999132484,0.4785801456364338
46.05,119.99999999140086,0.4788706694109648
46.06,119.99999999147687,0.4791611785982601
46.07,119.99999999155287,0.4794516731894717
46.08,119.99999999162888,0.4797421531757498
46.09,119.9999999917049,0.4800326185482472
46.1,119.9999999917809,0.48032306929811525
46.11,119.99999999185691,0.48061350541650566
46.12,119.99999999193291,0.4809039268945721
46.13,119.99999999200892,0.48119433372346715
46.14,119.99999999208494,0.4814847258943437
46.15,119.99999999216094,0.4817751033983593
46.16,119.99999999223695,0.4820654662266651
46.17,119.99999999231296,0.48235581437041825
46.18,119.99999999238896,0.4826461478207719
46.19,119.99999999246498,0.48293646656888395
46.2,119.99999999254098,0.4832267706059104
46.21,119.99999999261699,0.4835170599230073
46.22,119.999999992693,0.4838073345113331
46.23,119.999999992769,0.48409759436204464
46.24,119.99999999284502,0.48438783946630154
46.25,119.99999999292103,0.48467806981525946
46.26,119.99999999299703,0.48496828540008013
46.27,119.99999999307305,0.4852584862119228
46.28,119.99999999314905,0.48554867224194614
46.29,119.99999999322506,0.4858388434813115
46.3,119.99999999330107,0.48612899992118064
46.31,119.99999999337707,0.48641914155271254
46.32,119.99999999345309,0.4867092683670708
46.33,119.99999999352909,0.4869993803554176
46.34,119.9999999936051,0.48728947750891544
46.35,119.99999999368112,0.48757955981872586
46.36,119.99999999375711,0.4878696272760153
46.37,119.99999999383313,0.4881596798719456
46.38,119.99999999390914,0.4884497175976809
46.39,119.99999999398514,0.4887397404443882
46.4,119.99999999406116,0.48902974840323243
46.41,119.99999999413716,0.4893197414653786
46.42,119.99999999421317,0.4896097196219928
46.43,119.99999999428918,0.4898996828642427
46.44,119.99999999436518,0.4901896311832954
46.45,119.9999999944412,0.49047956457031694
46.46,119.99999999451721,0.4907694830164778
46.47,119.99999999459321,0.4910593865129464
46.48,119.99999999466922,0.49134927505088893
46.49,119.99999999474522,0.4916391486214788
46.5,119.99999999482124,0.4919290072158836
46.51,119.99999999489725,0.4922188508252732
46.52,119.99999999497325,0.49250867944082016
46.53,119.99999999504927,0.4927984930536949
46.54,119.99999999512526,0.49308829165506946
46.55,119.99999999520128,0.4933780752361159
46.56,119.99999999527729,0.4936678437880073
46.57,119.99999999535329,0.49395759730191646
46.58,119.9999999954293,0.49424733576901575
46.59,119.99999999550532,0.49453705918048185
46.6,119.99999999558132,0.49482676752748783
46.61,119.99999999565733,0.4951164608012093
46.62,119.99999999573333,0.49540613899281966
46.63,119.99999999580935,0.4956958020934969
46.64,119.99999999588536,0.4959854500944168
46.65,119.99999999596136,0.4962750829867564
46.66,119.99999999603737,0.4965647007616922
46.67,119.99999999611339,0.4968543034104038
46.68,119.99999999618939,0.49714389092406713
46.69,119.9999999962654,0.497433463293861
46.7,119.9999999963414,0.49772302051096656
46.71,119.99999999641742,0.49801256256656223
46.72,119.99999999649343,0.49830208945182647
46.73,119.99999999656943,0.49859160115794243
46.74,119.99999999664544,0.4988810976760906
46.75,119.99999999672144,0.4991705789974503
46.76,119.99999999679746,0.4994600451132055
46.77,119.99999999687347,0.49974949601453866
46.78,119.99999999694947,0.500038931692631
46.79,119.99999999702548,0.5003283521386661
46.8,119.9999999971015,0.5006177573438299
46.81,119.9999999971775,0.5009071472993044
46.82,119.99999999725351,0.5011965219962741
46.83,119.99999999732951,0.5014858814259258
46.84,119.99999999740552,0.5017752255794445
46.85,119.99999999748154,0.5020645544480147
46.86,119.99999999755754,0.502353868022826
46.87,119.99999999763355,0.5026431662950624
46.88,119.99999999770957,0.5029324492559134
46.89,119.99999999778557,0.503221716896565
46.9,119.99999999786158,0.5035109692082083
46.91,119.99999999793758,0.5038002061820296
46.92,119.99999999801359,0.5040894278092198
46.93,119.9999999980896,0.5043786340809675
46.94,119.9999999981656,0.5046678249884641
46.95,119.99999999824162,0.5049570005228999
46.96,119.99999999831763,0.5052461606754662
46.97,119.99999999839363,0.5055353054373545
46.98,119.99999999846965,0.5058244347997572
46.99,119.99999999854565,0.5061135487538664
47.0,119.99999999862166,0.506402647290876
47.01,119.99999999863354,0.5066917304027132
47.02,119.99999999864542,0.5069807980798383
47.03,119.99999999865732,0.5072698503134441
47.04,119.9999999986692,0.5075588870947276
47.05,119.99999999868108,0.5078479084148838
47.06,119.99999999869296,0.5081369142651065
47.07,119.99999999870484,0.5084259046365949
47.08,119.99999999871673,0.5087148795205437
47.09,119.99999999872861,0.5090038389081519
47.1,119.99999999874049,0.5092927827906168
47.11,119.99999999875237,0.5095817111591369
47.12,119.99999999876425,0.5098706240049097
47.13,119.99999999877615,0.5101595213191341
47.14,119.99999999878803,0.5104484030930119
47.15,119.99999999879991,0.5107372693177429
47.16,119.99999999881179,0.511026119984526
47.17,119.99999999882367,0.5113149550845646
47.18,119.99999999883556,0.5116037746090583
47.19,119.99999999884744,0.5118925785492088
47.2,119.99999999885932,0.5121813668962211
47.21,119.9999999988712,0.5124701396412972
47.22,119.99999999888308,0.5127588967756395
47.23,119.99999999889498,0.513047638290452
47.24,119.99999999890686,0.5133363641769415
47.25,119.99999999891874,0.5136250744263099
47.26,119.99999999893062,0.5139137690297636
47.27,119.9999999989425,0.5142024479785099
47.28,119.9999999989544,0.5144911112637534
47.29,119.99999999896627,0.5147797588767004
47.3,119.99999999897815,0.5150683908085614
47.31,119.99999999899003,0.5153570070505409
47.32,119.99999999900191,0.5156456075938485
47.33,119.99999999901381,0.5159341924296915
47.34,119.99999999902569,0.516222761549282
47.35,119.99999999903757,0.5165113149438276
47.36,119.99999999904945,0.51679985260454
47.37,119.99999999906133,0.5170883745226266
47.38,119.99999999907322,0.5173768806893015
47.39,119.9999999990851,0.5176653710957756
47.4,119.99999999909699,0.5179538457332605
47.41,119.99999999910887,0.5182423045929694
47.42,119.99999999912075,0.5185307476661154
47.43,119.99999999913264,0.5188191749439103
47.44,119.99999999914452,0.51910758641757
47.45,119.9999999991564,0.5193959820783085
47.46,119.99999999916828,0.5196843619173419
47.47,119.99999999918016,0.5199727259258827
47.48,119.99999999919206,0.5202610740951491
47.49,119.99999999920394,0.5205494064163577
47.5,119.99999999921582,0.5208377228807233
47.51,119.9999999992277,0.5211260234794656
47.52,119.99999999923958,0.521414308203802
47.53,119.99999999925147,0.5217025770449489
47.54,119.99999999926335,0.5219908299941272
47.55,119.99999999927523,0.5222790670425563
47.56,119.99999999928711,0.5225672881814547
47.57,119.99999999929899,0.5228554934020431
47.58,119.99999999931089,0.5231436826955425
47.59,119.99999999932277,0.5234318560531751
47.6,119.99999999933465,0.52372001346616
47.61,119.99999999934653,0.5240081549257226
47.62,119.99999999935841,0.5242962804230838
47.63,119.9999999993703,0.5245843899494657
47.64,119.99999999938218,0.5248724834960939
47.65,119.99999999939406,0.5251605610541935
47.66,119.99999999940594,0.5254486226149864
47.67,119.99999999941782,0.5257366681696993
47.68,119.99999999942972,0.5260246977095571
47.69,119.9999999994416,0.5263127112257865
47.7,119.99999999945348,0.5266007087096136
47.71,119.99999999946536,0.5268886901522671
47.72,119.99999999947724,0.5271766555449727
47.73,119.99999999948913,0.5274646048789577
47.74,119.99999999950101,0.5277525381454545
47.75,119.9999999995129,0.5280404553356888
47.76,119.99999999952477,0.5283283564408909
47.77,119.99999999953666,0.528616241452291
47.78,119.99999999954855,0.5289041103611198
47.79,119.99999999956043,0.5291919631586078
47.8,119.99999999957231,0.5294797998359873
47.81,119.99999999958419,0.5297676203844895
47.82,119.99999999959607,0.5300554247953474
47.83,119.99999999960797,0.5303432130597933
47.84,119.99999999961985,0.530630985169062
47.85,119.99999999963173,0.5309187411143862
47.86,119.9999999996436,0.5312064808870017
47.87,119.99999999965549,0.531494204478141
47.88,119.99999999966738,0.5317819118790412
47.89,119.99999999967926,0.5320696030809386
47.9,119.99999999969114,0.5323572780750698
47.91,119.99999999970302,0.5326449368526696
47.92,119.9999999997149,0.5329325794049781
47.93,119.9999999997268,0.5332202057232314
47.94,119.99999999973868,0.5335078157986672
47.95,119.99999999975056,0.533795409622527
47.96,119.99999999976244,0.5340829871860497
47.97,119.99999999977432,0.5343705484804727
47.98,119.99999999978621,0.5346580934970386
47.99,119.99999999979809,0.5349456222269885
48.0,119.99999999980997,0.5352331346615624
48.01,119.99999999981164,0.5355206307921178
48.02,119.99999999981331,0.535808110609782
48.03,119.99999999981499,0.536095574105798
48.04,119.99999999981665,0.5363830212714082
48.05,119.99999999981831,0.5366704520978585
48.06,119.99999999981999,0.536957866576392
48.07,119.99999999982167,0.5372452646982516
48.08,119.99999999982333,0.5375326464546867
48.09,119.99999999982501,0.537820011836941
48.1,119.99999999982667,0.5381073608362604
48.11,119.99999999982833,0.5383946934438922
48.12,119.99999999983001,0.5386820096510836
48.13,119.99999999983169,0.5389693094490827
48.14,119.99999999983335,0.5392565928291376
48.15,119.99999999983501,0.5395438597824983
48.16,119.99999999983669,0.5398311103004126
48.17,119.99999999983837,0.5401183443741318
48.18,119.99999999984003,0.540405561994904
48.19,119.99999999984169,0.5406927631539818
48.2,119.99999999984337,0.5409799478426166
48.21,119.99999999984504,0.5412671160520598
48.22,119.99999999984671,0.5415542677735635
48.23,119.99999999984837,0.5418414029983811
48.24,119.99999999985005,0.542128521717766
48.25,119.99999999985172,0.5424156239229714
48.26,119.99999999985339,0.5427027096052521
48.27,119.99999999985506,0.542989778755864
48.28,119.99999999985673,0.5432768313660599
48.29,119.99999999985839,0.5435638674270974
48.3,119.99999999986007,0.5438508869302339
48.31,119.99999999986174,0.544137889866723
48.32,119.9999999998634,0.5444248762278256
48.33,119.99999999986507,0.5447118460047982
48.34,119.99999999986674,0.5449987991888984
48.35,119.99999999986842,0.5452857357713863
48.36,119.99999999987008,0.5455726557435215
48.37,119.99999999987175,0.5458595590965626
48.38,119.99999999987342,0.5461464458217702
48.39,119.9999999998751,0.5464333159104057
48.4,119.99999999987676,0.5467201693537321
48.41,119.99999999987843,0.5470070061430083
48.42,119.9999999998801,0.5472938262694993
48.43,119.99999999988177,0.5475806297244663
48.44,119.99999999988344,0.5478674164991738
48.45,119.99999999988512,0.5481541865848848
48.46,119.99999999988678,0.5484409399728656
48.47,119.99999999988844,0.5487276766543793
48.48,119.99999999989012,0.5490143966206916
48.49,119.9999999998918,0.5493010998630705
48.5,119.99999999989346,0.5495877863727803
48.51,119.99999999989512,0.5498744561410881
48.52,119.9999999998968,0.5501611091592636
48.53,119.99999999989848,0.5504477454185726
48.54,119.99999999990014,0.5507343649102846
48.55,119.9999999999018,0.5510209676256684
48.56,119.99999999990348,0.5513075535559937
48.57,119.99999999990516,0.5515941226925306
48.58,119.99999999990682,0.5518806750265489
48.59,119.9999999999085,0.5521672105493225
48.6,119.99999999991016,0.5524537292521197
48.61,119.99999999991182,0.5527402311262147
48.62,119.9999999999135,0.5530267161628787
48.63,119.99999999991518,0.5533131843533854
48.64,119.99999999991684,0.5535996356890097
48.65,119.9999999999185,0.5538860701610245
48.66,119.99999999992018,0.5541724877607042
48.67,119.99999999992185,0.5544588884793257
48.68,119.99999999992352,0.5547452723081622
48.69,119.99999999992518,0.5550316392384921
48.7,119.99999999992686,0.5553179892615917
48.71,119.99999999992853,0.555604322368738
48.72,119.9999999999302,0.5558906385512082
48.73,119.99999999993186,0.5561769378002821
48.74,119.99999999993354,0.5564632201072376
48.75,119.9999999999352,0.5567494854633533
48.76,119.99999999993688,0.5570357338599105
48.77,119.99999999993855,0.5573219652881892
48.78,119.99999999994021,0.5576081797394691
48.79,119.99999999994188,0.5578943772050329
48.8,119.99999999994355,0.5581805576761636
48.81,119.99999999994523,0.5584667211441409
48.82,119.9999999999469,0.5587528676002482
48.83,119.99999999994856,0.559038997035771
48.84,119.99999999995023,0.5593251094419927
48.85,119.99999999995191,0.5596112048101957
48.86,119.99999999995357,0.559897283131669
48.87,119.99999999995524,0.5601833443976939
48.88,119.99999999995691,0.560469388599559
48.89,119.99999999995859,0.560755415728549
48.9,119.99999999996025,0.5610414257759543
48.91,119.99999999996191,0.5613274187330592
48.92,119.99999999996359,0.5616133945911538
48.93,119.99999999996525,0.5618993533415253
48.94,119.99999999996693,0.5621852949754644
48.95,119.99999999996861,0.5624712194842588
48.96,119.99999999997027,0.5627571268592024
48.97,119.99999999997193,0.5630430170915828
48.98,119.99999999997361,0.5633288901726914
48.99,119.99999999997529,0.5636147460938213
49.0,119.99999999997695,0.5639005848462644
49.01,119.99999999997716,0.5641864064213292
49.02,119.99999999997736,0.5644722108102935
49.03,119.99999999997758,0.5647579980044515
49.04,119.99999999997777,0.5650437679950967
49.05,119.99999999997799,0.5653295207735247
49.06,119.99999999997819,0.5656152563310302
49.07,119.9999999999784,0.5659009746589099
49.08,119.9999999999786,0.56618667574846
49.09,119.99999999997881,0.5664723595909783
49.1,119.99999999997901,0.5667580261777618
49.11,119.99999999997922,0.5670436755001091
49.12,119.99999999997942,0.5673293075493167
49.13,119.99999999997964,0.5676149223166858
49.14,119.99999999997983,0.5679005197935167
49.15,119.99999999998005,0.5681860999711082
49.16,119.99999999998025,0.5684716628407608
49.17,119.99999999998046,0.568757208393777
49.18,119.99999999998067,0.5690427366214571
49.19,119.99999999998087,0.5693282475151042
49.2,119.99999999998109,0.5696137410660217
49.21,119.99999999998128,0.5698992172655122
49.22,119.9999999999815,0.5701846761048798
49.23,119.9999999999817,0.5704701175754298
49.24,119.99999999998191,0.5707555416684653
49.25,119.99999999998211,0.5710409483752937
49.26,119.99999999998232,0.5713263376872193
49.27,119.99999999998252,0.5716117095955509
49.28,119.99999999998273,0.5718970640915916
49.29,119.99999999998293,0.5721824011666528
49.3,119.99999999998315,0.5724677208120433
49.31,119.99999999998334,0.5727530230190665
49.32,119.99999999998356,0.5730383077790361
49.33,119.99999999998376,0.5733235750832613
49.34,119.99999999998397,0.5736088249230513
49.35,119.99999999998418,0.5738940572897171
49.36,119.99999999998438,0.5741792721745729
49.37,119.9999999999846,0.5744644695689255
49.38,119.9999999999848,0.5747496494640884
49.39,119.99999999998501,0.575034811851377
49.4,119.9999999999852,0.575319956722105
49.41,119.99999999998542,0.5756050840675824
49.42,119.99999999998562,0.5758901938791292
49.43,119.99999999998583,0.576175286148056
49.44,119.99999999998603,0.5764603608656793
49.45,119.99999999998624,0.5767454180233161
49.46,119.99999999998644,0.577030457612285
49.47,119.99999999998666,0.5773154796238995
49.48,119.99999999998685,0.5776004840494767
49.49,119.99999999998707,0.5778854708803404
49.5,119.99999999998727,0.5781704401078053
49.51,119.99999999998748,0.578455391723189
49.52,119.9999999999877,0.5787403257178172
49.53,119.99999999998789,0.5790252420830054
49.54,119.9999999999881,0.5793101408100746
49.55,119.9999999999883,0.5795950218903511
49.56,119.99999999998852,0.579879885315152
49.57,119.99999999998872,0.5801647310758016
49.58,119.99999999998893,0.5804495591636213
49.59,119.99999999998913,0.580734369569939
49.6,119.99999999998934,0.5810191622860752
49.61,119.99999999998954,0.5813039373033553
49.62,119.99999999998975,0.5815886946131047
49.63,119.99999999998995,0.5818734342066503
49.64,119.99999999999017,0.5821581560753167
49.65,119.99999999999037,0.582442860210432
49.66,119.99999999999058,0.5827275466033233
49.67,119.99999999999079,0.583012215245318
49.68,119.99999999999099,0.5832968661277453
49.69,119.9999999999912,0.5835814992419341
49.7,119.9999999999914,0.5838661145792141
49.71,119.99999999999162,0.5841507121309151
49.72,119.99999999999181,0.5844352918883674
49.73,119.99999999999203,0.5847198538429029
49.74,119.99999999999223,0.5850043979858538
49.75,119.99999999999244,0.5852889243085507
49.76,119.99999999999264,0.5855734328023284
49.77,119.99999999999285,0.5858579234585187
49.78,119.99999999999305,0.5861423962684559
49.79,119.99999999999326,0.5864268512234753
49.8,119.99999999999346,0.586711288314911
49.81,119.99999999999368,0.5869957075340987
49.82,119.99999999999388,0.5872801088723754
49.83,119.99999999999409,0.5875644923210764
49.84,119.9999999999943,0.5878488578715397
49.85,119.9999999999945,0.5881332055151027
49.86,119.99999999999471,0.5884175352431036
49.87,119.99999999999491,0.5887018470468819
49.88,119.99999999999513,0.5889861409177761
49.89,119.99999999999532,0.5892704168471268
49.9,119.99999999999554,0.5895546748262741
49.91,119.99999999999574,0.5898389148465588
49.92,119.99999999999595,0.5901231368993225
49.93,119.99999999999615,0.5904073409759085
49.94,119.99999999999636,0.5906915270676576
49.95,119.99999999999656,0.5909756951659139
49.96,119.99999999999677,0.5912598452620216
49.97,119.99999999999697,0.5915439773473241
49.98,119.99999999999719,0.5918280914131665
49.99,119.99999999999739,0.5921121874508947
50.0,119.9999999999976,0.5923962654518542
50.01,119.99999999999763,0.5926803254073932
50.02,119.99999999999764,0.5929643673088576
50.03,119.99999999999767,0.5932483911475941
50.04,119.99999999999768,0.5935323969149517
50.05,119.99999999999771,0.5938163846022781
50.06,119.99999999999773,0.5941003542009237
50.07,119.99999999999775,0.5943843057022369
50.08,119.99999999999777,0.5946682390975689
50.09,119.9999999999978,0.5949521543782712
50.1,119.99999999999781,0.5952360515356939
50.11,119.99999999999784,0.5955199305611911
50.12,119.99999999999785,0.5958037914461112
50.13,119.99999999999788,0.5960876341818112
50.14,119.99999999999791,0.5963714587596437
50.15,119.99999999999793,0.5966552651709643
50.16,119.99999999999795,0.5969390534071229
50.17,119.99999999999797,0.5972228234594816
50.18,119.999999999998,0.5975065753193906
50.19,119.99999999999801,0.5977903089782076
50.2,119.99999999999804,0.5980740244272922
50.21,119.99999999999805,0.5983577216580008
50.22,119.99999999999808,0.5986414006616888
50.23,119.9999999999981,0.5989250614297184
50.24,119.99999999999812,0.5992087039534484
50.25,119.99999999999815,0.5994923282242361
50.26,119.99999999999817,0.5997759342334418
50.27,119.9999999999982,0.6000595219724312
50.28,119.99999999999821,0.6003430914325604
50.29,119.99999999999824,0.6006266426051915
50.3,119.99999999999825,0.6009101754816928
50.31,119.99999999999828,0.6011936900534208
50.32,119.9999999999983,0.6014771863117411
50.33,119.99999999999832,0.6017606642480199
50.34,119.99999999999834,0.6020441238536218
50.35,119.99999999999837,0.6023275651199098
50.36,119.99999999999838,0.6026109880382512
50.37,119.99999999999841,0.602894392600012
50.38,119.99999999999844,0.6031777787965589
50.39,119.99999999999845,0.6034611466192591
50.4,119.99999999999848,0.6037444960594845
50.41,119.9999999999985,0.604027827108599
50.42,119.99999999999852,0.6043111397579742
50.43,119.99999999999854,0.6045944339989796
50.44,119.99999999999856,0.6048777098229847
50.45,119.99999999999858,0.6051609672213616
50.46,119.99999999999861,0.605444206185481
50.47,119.99999999999862,0.6057274267067155
50.48,119.99999999999865,0.6060106287764377
50.49,119.99999999999866,0.6062938123860204
50.5,119.99999999999869,0.6065769775268375
50.51,119.99999999999872,0.6068601241902627
50.52,119.99999999999874,0.6071432523676717
50.53,119.99999999999876,0.60742636205044
50.54,119.99999999999878,0.607709453229943
50.55,119.9999999999988,0.6079925258975575
50.56,119.99999999999882,0.6082755800446608
50.57,119.99999999999885,0.6085586156626299
50.58,119.99999999999886,0.608841632742844
50.59,119.99999999999889,0.609124631276681
50.6,119.9999999999989,0.609407611255521
50.61,119.99999999999893,0.6096905726707439
50.62,119.99999999999895,0.6099735155137296
50.63,119.99999999999898,0.6102564397758591
50.64,119.999999999999,0.6105393454485146
50.65,119.99999999999902,0.6108222325230785
50.66,119.99999999999905,0.6111051009909333
50.67,119.99999999999906,0.6113879508434621
50.68,119.99999999999909,0.6116707820720486
50.69,119.9999999999991,0.6119535946680783
50.7,119.99999999999913,0.6122363886229347
50.71,119.99999999999915,0.6125191639280048
50.72,119.99999999999918,0.612801920574674
50.73,119.99999999999919,0.6130846585543289
50.74,119.99999999999922,0.613367377858358
50.75,119.99999999999923,0.6136500784781481
50.76,119.99999999999926,0.6139327604050875
50.77,119.99999999999929,0.614215423630566
50.78,119.9999999999993,0.6144980681459724
50.79,119.99999999999933,0.6147806939426976
50.8,119.99999999999935,0.6150633010121321
50.81,119.99999999999937,0.6153458893456666
50.82,119.99999999999939,0.6156284589346939
50.83,119.99999999999942,0.6159110097706055
50.84,119.99999999999943,0.6161935418447955
50.85,119.99999999999946,0.616476055148656
50.86,119.99999999999947,0.6167585496735841
50.87,119.9999999999995,0.6170410254109696
50.88,119.99999999999953,0.6173234823522115
50.89,119.99999999999955,0.6176059204887053
50.9,119.99999999999957,0.6178883398118469
50.91,119.99999999999959,0.6181707403130335
50.92,119.99999999999962,0.6184531219836642
50.93,119.99999999999963,0.6187354848151322
50.94,119.99999999999966,0.6190178287988412
50.95,119.99999999999967,0.6193001539261886
50.96,119.9999999999997,0.6195824601885754
50.97,119.99999999999972,0.6198647475773996
50.98,119.99999999999974,0.6201470160840644
50.99,119.99999999999976,0.6204292656999727
51.0,119.99999999999979,0.6207114964165221
51.01,119.99999999999979,0.6209937082251197
51.02,119.99999999999979,0.6212759011171687
51.03,119.99999999999979,0.6215580750840681
51.04,119.9999999999998,0.6218402301172277
51.05,119.9999999999998,0.622122366208052
51.06,119.9999999999998,0.6224044833479442
51.07,119.9999999999998,0.6226865815283101
51.08,119.9999999999998,0.6229686607405597
51.09,119.9999999999998,0.6232507209760998
51.1,119.9999999999998,0.6235327622263347
51.11,119.9999999999998,0.6238147844826782
51.12,119.99999999999982,0.6240967877365351
51.13,119.99999999999982,0.6243787719793171
51.14,119.99999999999982,0.6246607372024325
51.15,119.99999999999982,0.624942683397297
51.16,119.99999999999982,0.6252246105553168
51.17,119.99999999999982,0.6255065186679061
51.18,119.99999999999982,0.6257884077264774
51.19,119.99999999999982,0.6260702777224436
51.2,119.99999999999983,0.6263521286472173
51.21,119.99999999999983,0.626633960492217
51.22,119.99999999999983,0.6269157732488531
51.23,119.99999999999983,0.627197566908543
51.24,119.99999999999983,0.627479341462702
51.25,119.99999999999983,0.6277610969027477
51.26,119.99999999999983,0.6280428332200968
51.27,119.99999999999984,0.6283245504061671
51.28,119.99999999999984,0.6286062484523774
51.29,119.99999999999984,0.6288879273501463
51.3,119.99999999999984,0.6291695870908931
51.31,119.99999999999984,0.6294512276660384
51.32,119.99999999999984,0.6297328490670031
51.33,119.99999999999984,0.6300144512852083
51.34,119.99999999999984,0.6302960343120759
51.35,119.99999999999986,0.6305775981390281
51.36,119.99999999999986,0.6308591427574883
51.37,119.99999999999986,0.6311406681588805
51.38,119.99999999999986,0.6314221743346281
51.39,119.99999999999986,0.6317036612761565
51.4,119.99999999999986,0.6319851289748912
51.41,119.99999999999986,0.6322665774222578
51.42,119.99999999999986,0.6325480066096838
51.43,119.99999999999987,0.6328294165285947
51.44,119.99999999999987,0.6331108071704197
51.45,119.99999999999987,0.6333921785265865
51.46,119.99999999999987,0.6336735305885245
51.47,119.99999999999987,0.6339548633476632
51.48,119.99999999999987,0.6342361767954321
51.49,119.99999999999987,0.6345174709232622
51.5,119.99999999999989,0.634798745722585
51.51,119.99999999999989,0.6350800011848323
51.52,119.99999999999989,0.6353612373014363
51.53,119.99999999999989,0.6356424540638306
51.54,119.99999999999989,0.6359236514634484
51.55,119.99999999999989,0.6362048294917242
51.56,119.99999999999989,0.6364859881400923
51.57,119.99999999999989,0.6367671273999886
51.58,119.9999999999999,0.6370482472628491
51.59,119.9999999999999,0.6373293477201105
51.6,119.9999999999999,0.6376104287632096
51.61,119.9999999999999,0.6378914903835846
51.62,119.9999999999999,0.6381725325726734
51.63,119.9999999999999,0.6384535553219154
51.64,119.9999999999999,0.6387345586227501
51.65,119.9999999999999,0.639015542466617
51.66,119.99999999999991,0.6392965068449576
51.67,119.99999999999991,0.6395774517492147
51.68,119.99999999999991,0.6398583771708252
51.69,119.99999999999991,0.6401392831012368
51.7,119.99999999999991,0.6404201695318908
51.71,119.99999999999991,0.6407010364542306
51.72,119.99999999999991,0.640981883859701
51.73,119.99999999999991,0.6412627117397465
51.74,119.99999999999993,0.6415435200858142
51.75,119.99999999999993,0.6418243088893459
51.76,119.99999999999993,0.6421050781417929
51.77,119.99999999999993,0.6423858278346021
51.78,119.99999999999993,0.6426665579592172
51.79,119.99999999999993,0.6429472685070906
51.8,119.99999999999993,0.6432279594696722
51.81,119.99999999999994,0.6435086308384065
51.82,119.99999999999994,0.6437892826047484
51.83,119.99999999999994,0.6440699147601473
51.84,119.99999999999994,0.6443505272960564
51.85,119.99999999999994,0.6446311202039228
51.86,119.99999999999994,0.6449116934752054
51.87,119.99999999999994,0.6451922471013529
51.88,119.99999999999994,0.6454727810738196
51.89,119.99999999999996,0.6457532953840625
51.9,119.99999999999996,0.6460337900235362
51.91,119.99999999999996,0.6463142649836927
51.92,119.99999999999996,0.6465947202559936
51.93,119.99999999999996,0.6468751558318918
51.94,119.99999999999996,0.6471555717028459
51.95,119.99999999999996,0.6474359678603125
51.96,119.99999999999996,0.6477163442957545
51.97,119.99999999999997,0.6479967010006267
51.98,119.99999999999997,0.64827703796639
51.99,119.99999999999997,0.6485573551845077
52.0,119.99999999999997,0.6488376526464378
52.01,119.99999999999997,0.6491179303436408
52.02,119.99999999999997,0.6493981882675841
52.03,119.99999999999997,0.6496784264097258
52.04,119.99999999999997,0.6499586447615311
52.05,119.99999999999997,0.6502388433144639
52.06,119.99999999999997,0.6505190220599889
52.07,119.99999999999997,0.6507991809895713
52.08,119.99999999999997,0.6510793200946756
52.09,119.99999999999997,0.6513594393667724
52.1,119.99999999999997,0.6516395387973248
52.11,119.99999999999997,0.6519196183778018
52.12,119.99999999999997,0.6521996780996716
52.13,119.99999999999997,0.6524797179544032
52.14,119.99999999999997,0.6527597379334661
52.15,119.99999999999997,0.65303973802833
52.16,119.99999999999997,0.6533197182304663
52.17,119.99999999999997,0.6535996785313456
52.18,119.99999999999997,0.6538796189224406
52.19,119.99999999999997,0.6541595393952233
52.2,119.99999999999997,0.6544394399411668
52.21,119.99999999999997,0.6547193205517449
52.22,119.99999999999997,0.6549991812184321
52.23,119.99999999999997,0.6552790219327036
52.24,119.99999999999997,0.6555588426860345
52.25,119.99999999999997,0.655838643469901
52.26,119.99999999999999,0.6561184242757796
52.27,119.99999999999999,0.656398185095149
52.28,119.99999999999999,0.6566779259194857
52.29,119.99999999999999,0.656957646740269
52.3,119.99999999999999,0.6572373475489784
52.31,119.99999999999999,0.6575170283370928
52.32,119.99999999999999,0.6577966890960938
52.33,119.99999999999999,0.6580763298174611
52.34,119.99999999999999,0.6583559504926777
52.35,119.99999999999999,0.6586355511132249
52.36,119.99999999999999,0.6589151316705862
52.37,119.99999999999999,0.6591946921562446
52.38,119.99999999999999,0.6594742325616847
52.39,119.99999999999999,0.659753752878391
52.4,119.99999999999999,0.6600332530978484
52.41,119.99999999999999,0.6603127332115433
52.42,119.99999999999999,0.6605921932109622
52.43,119.99999999999999,0.6608716330875922
52.44,119.99999999999999,0.6611510528329212
52.45,119.99999999999999,0.6614304524384373
52.46,119.99999999999999,0.6617098318956295
52.47,119.99999999999999,0.661989191195988
52.48,119.99999999999999,0.6622685303310024
52.49,119.99999999999999,0.6625478492921637
52.5,119.99999999999999,0.6628271480709634
52.51,119.99999999999999,0.6631064266588939
52.52,119.99999999999999,0.6633856850474473
52.53,119.99999999999999,0.6636649232281174
52.54,119.99999999999999,0.6639441411923975
52.55,119.99999999999999,0.6642233389317844
52.56,119.99999999999999,0.6645025164377681
52.57,119.99999999999999,0.6647816737018495
52.58,119.99999999999999,0.6650608107155229
52.59,119.99999999999999,0.6653399274702857
52.6,119.99999999999999,0.6656190239576351
52.61,119.99999999999999,0.6658981001690712
52.62,119.99999999999999,0.6661771560960897
52.63,119.99999999999999,0.6664561917301904
52.64,119.99999999999999,0.6667352070628756
52.65,119.99999999999999,0.6670142020856468
52.66,119.99999999999999,0.6672931767900009
52.67,119.99999999999999,0.6675721311674448
52.68,119.99999999999999,0.6678510652094777
52.69,119.99999999999999,0.6681299789076018
52.7,119.99999999999999,0.6684088722533251
52.71,119.99999999999999,0.668687745238151
52.72,119.99999999999999,0.6689665978535818
52.73,119.99999999999999,0.6692454300911236
52.74,119.99999999999999,0.6695242419422863
52.75,120.0,0.6698030333985733
52.76,120.0,0.6700818044514918
52.77,120.0,0.6703605550925539
52.78,120.0,0.6706392853132643
52.79,120.0,0.6709179951051327
52.8,120.0,0.6711966844596731
52.81,120.0,0.6714753533683915
52.82,120.0,0.6717540018228014
52.83,120.0,0.6720326298144129
52.84,120.0,0.6723112373347425
52.85,120.0,0.6725898243752993
52.86,120.0,0.6728683909275989
52.87,120.0,0.6731469369831549
52.88,120.0,0.6734254625334827
52.89,120.0,0.6737039675700964
52.9,120.0,0.6739824520845166
52.91,120.0,0.6742609160682557
52.92,120.0,0.6745393595128328
52.93,120.0,0.6748177824097664
52.94,120.0,0.6750961847505748
52.95,120.0,0.6753745665267771
52.96,120.0,0.6756529277298938
52.97,120.0,0.6759312683514456
52.98,120.0,0.6762095883829536
52.99,120.0,0.6764878878159395
53.0,120.0,0.676766166641926
53.01,120.0,0.6770444248524362
53.02,120.0,0.6773226624389938
53.03,120.0,0.6776008793931231
53.04,120.0,0.6778790757063496
53.05,120.0,0.6781572513701986
53.06,120.0,0.6784354063761961
53.07,120.0,0.6787135407158701
53.08,120.0,0.6789916543807467
53.09,120.0,0.6792697473623552
53.1,120.0,0.6795478196522236
53.11,120.0,0.6798258712418821
53.12,120.0,0.6801039021228603
53.13,120.0,0.6803819122866888
53.14,120.0,0.6806599017248991
53.15,120.0,0.6809378704290233
53.16,120.0,0.6812158183905938
53.17,120.0,0.6814937456011438
53.18,120.0,0.681771652052207
53.19,120.0,0.6820495377353184
53.2,120.0,0.6823274026420127
53.21,120.0,0.682605246763826
53.22,120.0,0.6828830700922942
53.23,120.0,0.6831608726189548
53.24,120.0,0.6834386543353447
53.25,120.0,0.6837164152330032
53.26,120.0,0.6839941553034684
53.27,120.0,0.6842718745382804
53.28,120.0,0.6845495729289791
53.29,120.0,0.6848272504671056
53.3,120.0,0.6851049071442009
53.31,120.0,0.6853825429518074
53.32,120.0,0.6856601578814677
53.33,120.0,0.6859377519247257
53.34,120.0,0.6862153250731241
53.35,120.0,0.686492877318209
53.36,120.0,0.6867704086515263
53.37,120.0,0.6870479190646176
53.38,120.0,0.6873254085490345
53.39,120.0,0.6876028770963217
53.4,120.0,0.6878803246980276
53.41,120.0,0.6881577513457007
53.42,120.0,0.6884351570308913
53.43,120.0,0.6887125417451468
53.44,120.0,0.6889899054800169
53.45,120.0,0.6892672482270558
53.46,120.0,0.6895445699778147
53.47,120.0,0.6898218707238426
53.48,120.0,0.6900991504566958
53.49,120.0,0.6903764091679286
53.5,120.0,0.6906536468490903
53.51,120.0,0.69093086349174
53.52,120.0,0.691208059087434
53.53,120.0,0.691485233627725
53.54,120.0,0.6917623871041697
53.55,120.0,0.69203951950833
53.56,120.0,0.6923166308317596
53.57,120.0,0.6925937210660174
53.58,120.0,0.6928707902026652
53.59,120.0,0.6931478382332634
53.6,120.0,0.6934248651493693
53.61,120.0,0.6937018709425465
53.62,120.0,0.693978855604356
53.63,120.0,0.694255819126361
53.64,120.0,0.6945327615001228
53.65,120.0,0.6948096827172093
53.66,120.0,0.695086582769182
53.67,120.0,0.6953634616476062
53.68,120.0,0.695640319344048
53.69,120.0,0.6959171558500741
53.7,120.0,0.6961939711572511
53.71,120.0,0.6964707652571474
53.72,120.0,0.6967475381413308
53.73,120.0,0.6970242898013708
53.74,120.0,0.6973010202288367
53.75,120.0,0.6975777294152988
53.76,120.0,0.697854417352328
53.77,120.0,0.6981310840314962
53.78,120.0,0.6984077294443753
53.79,120.0,0.6986843535825388
53.8,120.0,0.6989609564375596
53.81,120.0,0.6992375380010122
53.82,120.0,0.6995140982644714
53.83,120.0,0.6997906372195126
53.84,120.0,0.7000671548577123
53.85,120.0,0.7003436511706468
53.86,120.0,0.7006201261498937
53.87,120.0,0.7008965797870311
53.88,120.0,0.701173012073638
53.89,120.0,0.7014494230012935
53.9,120.0,0.7017258125615777
53.91,120.0,0.7020021807460712
53.92,120.0,0.7022785275463557
53.93,120.0,0.7025548529540125
53.94,120.0,0.7028311569606254
53.95,120.0,0.7031074395577763
53.96,120.0,0.7033837007370504
53.97,120.0,0.7036599404900314
53.98,120.0,0.7039361588083051
53.99,120.0,0.7042123556834571
54.0,120.0,0.7044885311070742
54.01,120.0,0.7047646850707434
54.02,120.0,0.7050408175660526
54.03,120.0,0.7053169285845906
54.04,120.0,0.7055930181179461
54.05,120.0,0.705869086157709
54.06,120.0,0.7061451326954706
54.07,120.0,0.7064211577228211
54.08,120.0,0.7066971612313525
54.09,120.0,0.7069731432126576
54.1,120.0,0.7072491036583294
54.11,120.0,0.7075250425599626
54.12,120.0,0.707800959909148
54.13,120.0,0.7080768556974842
54.14,120.0,0.7083527299165664
54.15,120.0,0.7086285825579907
54.16,120.0,0.7089044136133535
54.17,120.0,0.7091802230742549
54.18,120.0,0.7094560109322885
54.19,120.0,0.7097317771790573
54.2,120.0,0.7100075218061602
54.21,120.0,0.7102832448051983
54.22,120.0,0.7105589461677692
54.23,120.0,0.7108346258854779
54.24,120.0,0.7111102839499273
54.25,120.0,0.7113859203527159
54.26,120.0,0.7116615350854513
54.27,120.0,0.7119371281397385
54.28,120.0,0.7122126995071778
54.29,120.0,0.7124882491793789
54.3,120.0,0.7127637771479484
54.31,120.0,0.7130392834044902
54.32,120.0,0.7133147679406119
54.33,120.0,0.7135902307479247
54.34,120.0,0.7138656718180374
54.35,120.0,0.7141410911425559
54.36,120.0,0.7144164887130953
54.37,120.0,0.7146918645212624
54.38,120.0,0.7149672185586692
54.39,120.0,0.7152425508169302
54.4,120.0,0.715517861287659
54.41,120.0,0.7157931499624661
54.42,120.0,0.7160684168329667
54.43,120.0,0.7163436618907763
54.44,120.0,0.7166188851275097
54.45,120.0,0.7168940865347825
54.46,120.0,0.7171692661042153
54.47,120.0,0.7174444238274219
54.48,120.0,0.71771955969602
54.49,120.0,0.7179946737016328
54.5,120.0,0.718269765835876
54.51,120.0,0.7185448360903709
54.52,120.0,0.7188198844567385
54.53,120.0,0.7190949109266003
54.54,120.0,0.7193699154915786
54.55,120.0,0.7196448981432961
54.56,120.0,0.7199198588733763
54.57,120.0,0.7201947976734434
54.58,120.0,0.7204697145351218
54.59,120.0,0.7207446094500398
54.6,120.0,0.7210194824098206
54.61,120.0,0.7212943334060916
54.62,120.0,0.7215691624304812
54.63,120.0,0.7218439694746167
54.64,120.0,0.7221187545301281
54.65,120.0,0.7223935175886438
54.66,120.0,0.7226682586417951
54.67,120.0,0.7229429776812123
54.68,120.0,0.723217674698527
54.69,120.0,0.7234923496853717
54.7,120.0,0.7237670026333789
54.71,120.0,0.7240416335341827
54.72,120.0,0.7243162423794173
54.73,120.0,0.7245908291607172
54.74,120.0,0.7248653938697183
54.75,120.0,0.725139936498057
54.76,120.0,0.7254144570373698
54.77,120.0,0.7256889554792949
54.78,120.0,0.7259634318154705
54.79,120.0,0.726237886037535
54.8,120.0,0.7265123181371288
54.81,120.0,0.7267867281058916
54.82,120.0,0.7270611159354647
54.83,120.0,0.7273354816174898
54.84,120.0,0.7276098251436092
54.85,120.0,0.7278841465054661
54.86,120.0,0.7281584456947039
54.87,120.0,0.728432722702967
54.88,120.0,0.7287069775219003
54.89,120.0,0.7289812101431498
54.9,120.0,0.7292554205583618
54.91,120.0,0.7295296087591838
54.92,120.0,0.7298037747372643
54.93,120.0,0.7300779184842475
54.94,120.0,0.7303520399917873
54.95,120.0,0.730626139251532
54.96,120.0,0.7309002162551312
54.97,120.0,0.7311742709942372
54.98,120.0,0.731448303460501
54.99,120.0,0.7317223136455753
55.0,120.0,0.7319963015411136
55.01,120.0,0.7322702671387692
55.02,120.0,0.7325442104301985
55.03,120.0,0.7328181314070524
55.04,120.0,0.7330920300609909
55.05,120.0,0.7333659063836705
55.06,120.0,0.7336397603667442
55.07,120.0,0.7339135920018742
55.08,120.0,0.734187401280718
55.09,120.0,0.7344611881949362
55.1,120.0,0.7347349527361844
55.11,120.0,0.7350086948961287
55.12,120.0,0.7352824146664265
55.13,120.0,0.7355561120387399
55.14,120.0,0.7358297870047342
55.15,120.0,0.7361034395560729
55.16,120.0,0.7363770696844155
55.17,120.0,0.736650677381433
55.18,120.0,0.7369242626387866
55.19,120.0,0.7371978254481429
55.2,120.0,0.7374713658011682
55.21,120.0,0.7377448836895334
55.22,120.0,0.7380183791049039
55.23,120.0,0.7382918520389469
55.24,120.0,0.7385653024833372
55.25,120.0,0.7388387304297402
55.26,120.0,0.7391121358698273
55.27,120.0,0.7393855187952739
55.28,120.0,0.7396588791977483
55.29,120.0,0.739932217068925
55.3,120.0,0.7402055324004773
55.31,120.0,0.7404788251840798
55.32,120.0,0.7407520954114074
55.33,120.0,0.7410253430741344
55.34,120.0,0.7412985681639416
55.35,120.0,0.7415717706725018
55.36,120.0,0.741844950591494
55.37,120.0,0.7421181079125967
55.38,120.0,0.7423912426274893
55.39,120.0,0.7426643547278512
55.4,120.0,0.7429374442053635
55.41,120.0,0.743210511051707
55.42,120.0,0.7434835552585639
55.43,120.0,0.7437565768176166
55.44,120.0,0.7440295757205483
55.45,120.0,0.7443025519590429
55.46,120.0,0.7445755055247857
55.47,120.0,0.7448484364094613
55.48,120.0,0.745121344604756
55.49,120.0,0.745394230102357
55.5,120.0,0.7456670928939512
55.51,120.0,0.7459399329712267
55.52,120.0,0.7462127503258728
55.53,120.0,0.7464855449495783
55.54,120.0,0.7467583168340344
55.55,120.0,0.7470310659709307
55.56,120.0,0.7473037923519598
55.57,120.0,0.7475764959688136
55.58,120.0,0.7478491768131851
55.59,120.0,0.748121834876768
55.6,120.0,0.7483944701512568
55.61,120.0,0.7486670826283464
55.62,120.0,0.7489396722997324
55.63,120.0,0.7492122391571115
55.64,120.0,0.7494847831921804
55.65,120.0,0.7497573043966377
55.66,120.0,0.7500298027621815
55.67,120.0,0.7503022782805109
55.68,120.0,0.7505747309433259
55.69,120.0,0.7508471607423273
55.7,120.0,0.7511195676692161
55.71,120.0,0.7513919517156948
55.72,120.0,0.7516643128734659
55.73,120.0,0.7519366511342321
55.74,120.0,0.7522089664896984
55.75,120.0,0.7524812589315696
55.76,120.0,0.7527535284515505
55.77,120.0,0.7530257750413478
55.78,120.0,0.7532979986926682
55.79,120.0,0.7535701993972197
55.8,120.0,0.7538423771467115
55.81,120.0,0.7541145319328487
55.82,120.0,0.7543866637473449
55.83,120.0,0.7546587725819092
55.84,120.0,0.7549308584282529
55.85,120.0,0.7552029212780876
55.86,120.0,0.7554749611231271
55.87,120.0,0.7557469779550808
55.88,120.0,0.7560189717656661
55.89,120.0,0.7562909425465969
55.9,120.0,0.7565628902895896
55.91,120.0,0.756834814986356
55.92,120.0,0.7571067166286185
55.93,120.0,0.7573785952080899
55.94,120.0,0.7576504507164887
55.95,120.0,0.7579222831455369
55.96,120.0,0.7581940924869529
55.97,120.0,0.7584658787324534
55.98,120.0,0.7587376418737639
55.99,120.0,0.7590093819026054
56.0,120.0,0.7592810988106973
56.01,120.0,0.7595527925897633
56.02,120.0,0.7598244632315309
56.03,120.0,0.7600961107277204
56.04,120.0,0.7603677350700568
56.05,120.0,0.7606393362502704
56.06,120.0,0.7609109142600834
56.07,120.0,0.761182469091223
56.08,120.0,0.7614540007354205
56.09,120.0,0.7617255091844038
56.1,120.0,0.7619969944299003
56.11,120.0,0.7622684564636406
56.12,120.0,0.762539895277356
56.13,120.0,0.7628113108627781
56.14,120.0,0.7630827032116371
56.15,120.0,0.7633540723156708
56.16,120.0,0.7636254181666084
56.17,120.0,0.7638967407561855
56.18,120.0,0.7641680400761374
56.19,120.0,0.7644393161181997
56.2,120.0,0.7647105688741088
56.21,120.0,0.7649817983356018
56.22,120.0,0.7652530044944169
56.23,120.0,0.7655241873422924
56.24,120.0,0.7657953468709676
56.25,120.0,0.7660664830721827
56.26,120.0,0.7663375959376783
56.27,120.0,0.766608685459196
56.28,120.0,0.7668797516284775
56.29,120.0,0.7671507944372661
56.3,120.0,0.7674218138773051
56.31,120.0,0.767692809940339
56.32,120.0,0.7679637826181125
56.33,120.0,0.7682347319023716
56.34,120.0,0.7685056577848624
56.35,120.0,0.7687765602573324
56.36,120.0,0.7690474393115291
56.37,120.0,0.7693182949392012
56.38,120.0,0.7695891271320983
56.39,120.0,0.7698599358819697
56.4,120.0,0.7701307211805664
56.41,120.0,0.77040148301964
56.42,120.0,0.7706722213909424
56.43,120.0,0.7709429362862265
56.44,120.0,0.7712136276972458
56.45,120.0,0.7714842956157549
56.46,120.0,0.7717549400335081
56.47,120.0,0.7720255609422617
56.48,120.0,0.7722961583337717
56.49,120.0,0.7725667321997959
56.5,120.0,0.7728372825320915
56.51,120.0,0.773107809322417
56.52,120.0,0.7733783125625323
56.53,120.0,0.773648792244197
56.54,120.0,0.7739192483591718
56.55,120.0,0.7741896808992184
56.56,120.0,0.7744600898560985
56.57,120.0,0.7747304752215753
56.58,120.0,0.775000836987412
56.59,120.0,0.7752711751453739
56.6,120.0,0.7755414896872251
56.61,120.0,0.7758117806047327
56.62,120.0,0.7760820478896594
56.63,120.0,0.7763522915337768
56.64,120.0,0.7766225115288505
56.65,120.0,0.7768927078666503
56.66,120.0,0.7771628805389446
56.67,120.0,0.7774330295375054
56.68,120.0,0.7777031548541002
56.69,120.0,0.7779732564805012
56.7,120.0,0.7782433344084828
56.71,120.0,0.7785133886298183
56.72,120.0,0.7787834191362768
56.73,120.0,0.7790534259196379
56.74,120.0,0.7793234089716753
56.75,120.0,0.7795933682841616
56.76,120.0,0.7798633038488774
56.77,120.0,0.7801332156576
56.78,120.0,0.7804031037021043
56.79,120.0,0.7806729679741694
56.8,120.0,0.7809428084655788
56.81,120.0,0.7812126251681086
56.82,120.0,0.7814824180735394
56.83,120.0,0.7817521871736564
56.84,120.0,0.7820219324602411
56.85,120.0,0.7822916539250728
56.86,120.0,0.7825613515599409
56.87,120.0,0.7828310253566253
56.88,120.0,0.7831006753069136
56.89,120.0,0.7833703014025897
56.9,120.0,0.7836399036354442
56.91,120.0,0.7839094819972613
56.92,120.0,0.7841790364798298
56.93,120.0,0.7844485670749393
56.94,120.0,0.7847180737743787
56.95,120.0,0.7849875565699372
56.96,120.0,0.7852570154534106
56.97,120.0,0.7855264504165854
56.98,120.0,0.7857958614512567
56.99,120.0,0.7860652485492171
57.0,120.0,0.7863346117022612
57.01,120.0,0.7866039509021824
57.02,120.0,0.7868732661407776
57.03,120.0,0.7871425574098426
57.04,120.0,0.7874118247011743
57.05,120.0,0.7876810680065698
57.06,120.0,0.7879502873178281
57.07,120.0,0.788219482626748
57.08,120.0,0.7884886539251295
57.09,120.0,0.7887578012047733
57.1,120.0,0.7890269244574802
57.11,120.0,0.789296023675053
57.12,120.0,0.7895650988492937
57.13,120.0,0.7898341499720064
57.14,120.0,0.7901031770349948
57.15,120.0,0.7903721800300646
57.16,120.0,0.7906411589490208
57.17,120.0,0.7909101137836698
57.18,120.0,0.7911790445258193
57.19,120.0,0.791447951167277
57.2,120.0,0.7917168336998512
57.21,120.0,0.791985692115352
57.22,120.0,0.7922545264055888
57.23,120.0,0.7925233365623728
57.24,120.0,0.7927921225775152
57.25,120.0,0.793060884442829
57.26,120.0,0.7933296221501263
57.27,120.0,0.7935983356912217
57.28,120.0,0.7938670250579293
57.29,120.0,0.7941356902420645
57.3,120.0,0.7944043312354436
57.31,120.0,0.7946729480298829
57.32,120.0,0.7949415406171997
57.33,120.0,0.7952101089892126
57.34,120.0,0.7954786531377406
57.35,120.0,0.7957471730546027
57.36,120.0,0.7960156687316202
57.37,120.0,0.7962841401606136
57.38,120.0,0.7965525873334054
57.39,120.0,0.7968210102418177
57.4,120.0,0.7970894088776739
57.41,120.0,0.7973577832327982
57.42,120.0,0.7976261332990171
57.43,120.0,0.7978944590681518
57.44,120.0,0.7981627605320326
57.45,120.0,0.7984310376824857
57.46,120.0,0.798699290511338
57.47,120.0,0.7989675190104193
57.48,120.0,0.7992357231715582
57.49,120.0,0.7995039029865862
57.5,120.0,0.7997720584473293
57.51,120.0,0.8000401895456245
57.52,120.0,0.800308296273303
57.53,120.0,0.8005763786221939
57.54,120.0,0.8008444365841352
57.55,120.0,0.8011124701509614
57.56,120.0,0.8013804793145033
57.57,120.0,0.8016484640666017
57.58,120.0,0.8019164243990913
57.59,120.0,0.8021843603038109
57.6,120.0,0.8024522717725947
57.61,120.0,0.802720158797288
57.62,120.0,0.802988021369725
57.63,120.0,0.8032558594817473
57.64,120.0,0.8035236731251978
57.65,120.0,0.8037914622919192
57.66,120.0,0.8040592269737509
57.67,120.0,0.8043269671625382
57.68,120.0,0.8045946828501247
57.69,120.0,0.8048623740283561
57.7,120.0,0.8051300406890758
57.71,120.0,0.8053976828241349
57.72,120.0,0.8056653004253765
57.73,120.0,0.8059328934846481
57.74,120.0,0.8062004619938024
57.75,120.0,0.8064680059446854
57.76,120.0,0.8067355253291477
57.77,120.0,0.8070030201390411
57.78,120.0,0.8072704903662166
57.79,120.0,0.8075379360025268
57.8,120.0,0.807805357039825
57.81,120.0,0.8080727534699645
57.82,120.0,0.8083401252848006
57.83,120.0,0.8086074724761867
57.84,120.0,0.8088747950359836
57.85,120.0,0.8091420929560443
57.86,120.0,0.8094093662282271
57.87,120.0,0.8096766148443908
57.88,120.0,0.8099438387963943
57.89,120.0,0.8102110380760976
57.9,120.0,0.8104782126753615
57.91,120.0,0.810745362586047
57.92,120.0,0.8110124878000168
57.93,120.0,0.8112795883091336
57.94,120.0,0.8115466641052604
57.95,120.0,0.8118137151802628
57.96,120.0,0.8120807415260053
57.97,120.0,0.8123477431343538
57.98,120.0,0.8126147199971748
57.99,120.0,0.8128816721063358
58.0,120.0,0.8131485994537057
58.01,120.0,0.8134155020311521
58.02,120.0,0.8136823798305458
58.03,120.0,0.8139492328437568
58.04,120.0,0.8142160610626565
58.05,120.0,0.8144828644791166
58.06,120.0,0.8147496430850099
58.07,120.0,0.8150163968722096
58.08,120.0,0.8152831258325904
58.09,120.0,0.815549829958027
58.1,120.0,0.8158165092403955
58.11,120.0,0.8160831636715714
58.12,120.0,0.8163497932434332
58.13,120.0,0.8166163979478581
58.14,120.0,0.816882977776725
58.15,120.0,0.8171495327219135
58.16,120.0,0.8174160627753038
58.17,120.0,0.8176825679287785
58.18,120.0,0.817949048174215
58.19,120.0,0.8182155035035003
58.2,120.0,0.8184819339085156
58.21,120.0,0.8187483393811457
58.22,120.0,0.8190147199132756
58.23,120.0,0.81928107549679
58.24,120.0,0.8195474061235759
58.25,120.0,0.8198137117855202
58.26,120.0,0.820079992474511
58.27,120.0,0.8203462481824376
58.28,120.0,0.8206124789011863
58.29,120.0,0.8208786846226507
58.3,120.0,0.8211448653387216
58.31,120.0,0.821411021041287
58.32,120.0,0.8216771517222435
58.33,120.0,0.8219432573734823
58.34,120.0,0.822209337986898
58.35,120.0,0.8224753935543847
58.36,120.0,0.82274142406784
58.37,120.0,0.8230074295191568
58.38,120.0,0.8232734099002325
58.39,120.0,0.8235393652029672
58.4,120.0,0.8238052954192598
58.41,120.0,0.8240712005410055
58.42,120.0,0.8243370805601092
58.43,120.0,0.8246029354684687
58.44,120.0,0.824868765257985
58.45,120.0,0.8251345699205632
58.46,120.0,0.8254003494481064
58.47,120.0,0.8256661038325156
58.48,120.0,0.8259318330656963
58.49,120.0,0.8261975371395569
58.5,120.0,0.8264632160460003
58.51,120.0,0.8267288697769328
58.52,120.0,0.8269944983242666
58.53,120.0,0.8272601016799062
58.54,120.0,0.8275256798357606
58.55,120.0,0.8277912327837444
58.56,120.0,0.8280567605157635
58.57,120.0,0.8283222630237317
58.58,120.0,0.8285877402995595
58.59,120.0,0.828853192335164
58.6,120.0,0.829118619122455
58.61,120.0,0.8293840206533492
58.62,120.0,0.8296493969197606
58.63,120.0,0.8299147479136064
58.64,120.0,0.8301800736268035
58.65,120.0,0.8304453740512697
58.66,120.0,0.8307106491789229
58.67,120.0,0.8309758990016828
58.68,120.0,0.8312411235114695
58.69,120.0,0.8315063227002035
58.7,120.0,0.8317714965598066
58.71,120.0,0.8320366450822011
58.72,120.0,0.83230176825931
58.73,120.0,0.832566866083057
58.74,120.0,0.8328319385453673
58.75,120.0,0.8330969856381659
58.76,120.0,0.8333620073533795
58.77,120.0,0.8336270036829342
58.78,120.0,0.8338919746187587
58.79,120.0,0.8341569201527806
58.8,120.0,0.8344218402769301
58.81,120.0,0.8346867349831367
58.82,120.0,0.8349516042633314
58.83,120.0,0.835216448109446
58.84,120.0,0.8354812665134126
58.85,120.0,0.8357460594671645
58.86,120.0,0.8360108269626356
58.87,120.0,0.8362755689917607
58.88,120.0,0.8365402855464754
58.89,120.0,0.8368049766187159
58.9,120.0,0.8370696422004189
58.91,120.0,0.8373342822835228
58.92,120.0,0.8375988968599654
58.93,120.0,0.8378634859216868
58.94,120.0,0.8381280494606269
58.95,120.0,0.8383925874687267
58.96,120.0,0.8386570999379286
58.97,120.0,0.8389215868601733
58.98,120.0,0.839186048227406
58.99,120.0,0.8394504840315694
59.0,120.0,0.8397148942646087
59.01,120.0,0.8399792789184701
59.02,120.0,0.8402436379850995
59.03,120.0,0.8405079714564434
59.04,120.0,0.840772279324451
59.05,120.0,0.8410365615810701
59.06,120.0,0.8413008182182508
59.07,120.0,0.8415650492279427
59.08,120.0,0.8418292546020978
59.09,120.0,0.842093434332667
59.1,120.0,0.8423575884116038
59.11,120.0,0.8426217168308621
59.12,120.0,0.8428858195823926
59.13,120.0,0.8431498966581543
59.14,120.0,0.8434139480501014
59.15,120.0,0.8436779737501917
59.16,120.0,0.8439419737503785
59.17,120.0,0.8442059480426257
59.18,120.0,0.8444698966188878
59.19,120.0,0.8447338194711247
59.2,120.0,0.844997716591299
59.21,120.0,0.8452615879713724
59.22,120.0,0.8455254336033023
59.23,120.0,0.8457892534790569
59.24,120.0,0.8460530475905986
59.25,120.0,0.8463168159298892
59.26,120.0,0.8465805584888941
59.27,120.0,0.8468442752595833
59.28,120.0,0.8471079662339193
59.29,120.0,0.8473716314038697
59.3,120.0,0.8476352707614071
59.31,120.0,0.8478988842984962
59.32,120.0,0.8481624720071073
59.33,120.0,0.8484260338792127
59.34,120.0,0.848689569906785
59.35,120.0,0.8489530800817934
59.36,120.0,0.8492165643962118
59.37,120.0,0.8494800228420147
59.38,120.0,0.8497434554111765
59.39,120.0,0.850006862095671
59.4,120.0,0.8502702428874787
59.41,120.0,0.8505335977785721
59.42,120.0,0.8507969267609308
59.43,120.0,0.8510602298265331
59.44,120.0,0.851323506967358
59.45,120.0,0.8515867581753862
59.46,120.0,0.8518499834425984
59.47,120.0,0.852113182760976
59.48,120.0,0.852376356122502
59.49,120.0,0.8526395035191596
59.5,120.0,0.8529026249429323
59.51,120.0,0.8531657203858056
59.52,120.0,0.8534287898397649
59.53,120.0,0.853691833296797
59.54,120.0,0.8539548507488882
59.55,120.0,0.8542178421880274
59.56,120.0,0.8544808076062034
59.57,120.0,0.8547437469954056
59.58,120.0,0.8550066603476241
59.59,120.0,0.8552695476548504
59.6,120.0,0.8555324089090762
59.61,120.0,0.855795244102295
59.62,120.0,0.8560580532265002
59.63,120.0,0.8563208362736855
59.64,120.0,0.8565835932358463
59.65,120.0,0.8568463241049793
59.66,120.0,0.8571090288730804
59.67,120.0,0.8573717075321476
59.68,120.0,0.8576343600741788
59.69,120.0,0.857896986491174
59.7,120.0,0.8581595867751322
59.71,120.0,0.8584221609180549
59.72,120.0,0.8586847089119428
59.73,120.0,0.8589472307487998
59.74,120.0,0.8592097264206268
59.75,120.0,0.8594721959194291
59.76,120.0,0.8597346392372116
59.77,120.0,0.8599970563659793
59.78,120.0,0.8602594472977384
59.79,120.0,0.8605218120244966
59.8,120.0,0.8607841505382609
59.81,120.0,0.8610464628310409
59.82,120.0,0.8613087488948462
59.83,120.0,0.8615710087216862
59.84,120.0,0.8618332423035725
59.85,120.0,0.862095449632517
59.86,120.0,0.8623576307005338
59.87,120.0,0.8626197854996326
59.88,120.0,0.8628819140218313
59.89,120.0,0.8631440162591438
59.9,120.0,0.8634060922035861
59.91,120.0,0.8636681418471748
59.92,120.0,0.863930165181929
59.93,120.0,0.8641921621998625
59.94,120.0,0.8644541328929992
59.95,120.0,0.8647160772533568
59.96,120.0,0.8649779952729578
59.97,120.0,0.86523988694382
59.98,120.0,0.865501752257969
59.99,120.0,0.8657635912074286
60.0,120.0,0.8660254037842184
