orbit_abs_deg,orbit_signed_deg,world_spin_delta_deg,world_phase_deg,swing_joint_delta_deg,support_joint_delta_deg,center_x_over_R,center_y_over_R,centerline_gap_over_R
0.0,0.0,0.0,30.0,0.0,0.0,-1.7320508075688772,2.1211504774498136e-16,0.8660254037841228
0.01,0.01,0.02,30.02,0.03,0.01,-1.7320507811882349,0.000302299892504466,0.8655890846906188
0.02,0.02,0.04,30.04,0.06,0.02,-1.7320507020463087,0.0006045997758001387,0.8651527921501462
0.03,0.03,0.05999999999999999,30.06,0.09,0.03,-1.732050570143101,0.000906899640678649,0.8647165263358114
0.04,0.04,0.08,30.08,0.12,0.04,-1.732050385478616,0.0012091994779314164,0.8642802874203044
0.05,0.05,0.1,30.1,0.15000000000000002,0.05,-1.7320501480528592,0.0015114992783498615,0.8638440755762757
0.06,0.06,0.11999999999999998,30.12,0.18,0.06,-1.7320498578658376,0.0018137990327254058,0.8634078909763371
0.07,0.07,0.14,30.14,0.21000000000000002,0.07,-1.7320495149175605,0.002116098731849472,0.8629717337930591
0.08,0.08,0.16,30.16,0.24,0.08,-1.732049119208038,0.0024183983665142543,0.8625356041989727
0.09,0.09,0.18,30.18,0.27,0.09,-1.7320486707372824,0.0027206979275088707,0.8620995023665725
0.1,0.1,0.2,30.2,0.30000000000000004,0.1,-1.7320481695053072,0.0030229974056270588,0.8616634284683079
0.11,0.11,0.22,30.22,0.33,0.11,-1.7320476155121276,0.003325296791660249,0.8612273826765913
0.12,0.12,0.23999999999999996,30.24,0.36,0.12,-1.7320470087577606,0.0036275960763975683,0.8607913651637974
0.13,0.13,0.26,30.26,0.39,0.13,-1.7320463492422247,0.003929895250632761,0.8603553761022561
0.14,0.14,0.28,30.28,0.42000000000000004,0.14,-1.73204563696554,0.0042321943051565,0.8599194156642608
0.15,0.15,0.3,30.3,0.44999999999999996,0.15,-1.7320448719277282,0.0045344932307602275,0.8594834840220634
0.16,0.16,0.32,30.32,0.48,0.16,-1.7320440541288122,0.004836792018235393,0.8590475813478763
0.17,0.17,0.34,30.34,0.51,0.17,-1.7320431835688177,0.005139090658373448,0.8586117078138712
0.18,0.18,0.36,30.36,0.54,0.18,-1.7320422602477705,0.005441389141966619,0.8581758635921798
0.19,0.19,0.38,30.38,0.5700000000000001,0.19,-1.732041284165699,0.005743687459804059,0.8577400488548946
0.2,0.2,0.4,30.4,0.6000000000000001,0.2,-1.732040255322633,0.006045985602679545,0.8573042637740652
0.21,0.21,0.42,30.42,0.63,0.21,-1.7320391737186038,0.006348283561384547,0.8568685085217022
0.22,0.22,0.44,30.44,0.66,0.22,-1.7320380393536443,0.006650581326708234,0.8564327832697778
0.23,0.23,0.46,30.46,0.6900000000000001,0.23,-1.7320368522277891,0.0069528788894444,0.8559970881902194
0.24,0.24,0.4799999999999999,30.48,0.72,0.24,-1.7320356123410743,0.007255176240384532,0.855561423454917
0.25,0.25,0.5,30.5,0.75,0.25,-1.732034319693538,0.00755747337031782,0.8551257892357201
0.26,0.26,0.52,30.52,0.78,0.26,-1.7320329742852187,0.007859770270038074,0.8546901857044362
0.27,0.27,0.5400000000000001,30.54,0.8100000000000002,0.27,-1.7320315761161587,0.008162066930336803,0.8542546130328303
0.28,0.28,0.56,30.56,0.8400000000000001,0.28,-1.7320301251863994,0.008464363342003987,0.8538190713926322
0.29,0.29,0.58,30.58,0.8699999999999999,0.29,-1.7320286214959855,0.00876665949583115,0.8533835609555261
0.3,0.3,0.6,30.6,0.8999999999999999,0.3,-1.7320270650449627,0.009068955382612133,0.8529480818931553
0.31,0.31,0.62,30.62,0.9299999999999999,0.31,-1.7320254558333785,0.009371250993136168,0.8525126343771253
0.32,0.32,0.64,30.64,0.96,0.32,-1.7320237938612824,0.009673546318194805,0.8520772185789991
0.33,0.33,0.66,30.66,0.99,0.33,-1.732022079128724,0.00997584134858191,0.8516418346702965
0.34,0.34,0.68,30.68,1.02,0.34,-1.732020311635756,0.01027813607508674,0.8512064828224999
0.35,0.35,0.7,30.7,1.0499999999999998,0.35,-1.7320184913824326,0.010580430488500873,0.8507711632070489
0.36,0.36,0.72,30.72,1.08,0.36,-1.7320166183688088,0.010882724579618204,0.8503358759953403
0.37,0.37,0.74,30.74,1.1099999999999999,0.37,-1.7320146925949418,0.011185018339228015,0.8499006213587325
0.38,0.38,0.76,30.76,1.1400000000000001,0.38,-1.7320127140608903,0.011487311758122686,0.8494653994685406
0.39,0.39,0.78,30.78,1.17,0.39,-1.7320106827667145,0.011789604827093061,0.84903021049604
0.4,0.4,0.8,30.8,1.2000000000000002,0.4,-1.7320085987124763,0.012091897536933075,0.8485950546124618
0.41,0.41,0.82,30.82,1.23,0.41,-1.7320064618982394,0.01239418987843206,0.8481599319889986
0.42,0.42,0.84,30.84,1.26,0.42,-1.7320042723240685,0.012696481842381662,0.8477248427968015
0.43,0.43,0.86,30.86,1.29,0.43,-1.7320020299900305,0.012998773419575848,0.8472897872069767
0.44,0.44,0.88,30.88,1.32,0.44,-1.7319997348961935,0.013301064600803983,0.8468547653905926
0.45,0.45,0.9,30.9,1.35,0.45,-1.7319973870426277,0.013603355376857754,0.8464197775186747
0.46,0.46,0.92,30.92,1.3800000000000001,0.46,-1.7319949864294046,0.013905645738531161,0.8459848237622039
0.47,0.47,0.94,30.94,1.41,0.47,-1.7319925330565975,0.014207935676613609,0.8455499042921245
0.48,0.48,0.9599999999999999,30.96,1.44,0.48,-1.7319900269242805,0.014510225181897587,0.8451150192793351
0.49,0.49,0.98,30.98,1.47,0.49,-1.7319874680325307,0.01481251424517483,0.8446801688946936
0.5,0.5,1.0,31.0,1.5,0.5,-1.7319848563814253,0.01511480285723709,0.8442453533090162
0.51,0.51,1.02,31.02,1.53,0.51,-1.7319821919710443,0.015417091008876123,0.8438105726930767
0.52,0.52,1.04,31.04,1.56,0.52,-1.731979474801469,0.01571937869088448,0.8433758272176063
0.53,0.53,1.06,31.06,1.59,0.53,-1.7319767048727817,0.016021665894051643,0.8429411170532971
0.54,0.54,1.0800000000000003,31.080000000000002,1.6200000000000003,0.54,-1.7319738821850672,0.01632395260917172,0.842506442370794
0.55,0.55,1.1,31.1,1.6500000000000001,0.55,-1.7319710067384113,0.016626238827036538,0.8420718033407032
0.56,0.56,1.12,31.12,1.6800000000000002,0.56,-1.7319680785329017,0.01692852453843562,0.841637200133589
0.57,0.57,1.14,31.14,1.71,0.57,-1.7319650975686274,0.017230809734163126,0.8412026329199717
0.58,0.58,1.16,31.16,1.7399999999999998,0.58,-1.7319620638456792,0.017533094405010923,0.840768101870328
0.59,0.59,1.18,31.18,1.77,0.59,-1.73195897736415,0.017835378541768587,0.8403336071550971
0.6,0.6,1.2,31.2,1.7999999999999998,0.6,-1.731955838124133,0.018137662135230322,0.8398991489446707
0.61,0.61,1.22,31.22,1.83,0.61,-1.7319526461257244,0.018439945176188043,0.8394647274093988
0.62,0.62,1.24,31.24,1.8599999999999999,0.62,-1.7319494013690215,0.018742227655432143,0.839030342719592
0.63,0.63,1.26,31.26,1.8900000000000001,0.63,-1.7319461038541228,0.01904450956375457,0.838595995045516
0.64,0.64,1.28,31.28,1.92,0.64,-1.731942753581129,0.019346790891948833,0.8381616845573928
0.65,0.65,1.3,31.3,1.9500000000000002,0.65,-1.7319393505501417,0.019649071630806918,0.8377274114254024
0.66,0.66,1.32,31.32,1.98,0.66,-1.7319358947612653,0.019951351771118512,0.8372931758196845
0.67,0.67,1.34,31.34,2.0100000000000002,0.67,-1.7319323862146048,0.02025363130367795,0.8368589779103323
0.68,0.68,1.36,31.36,2.04,0.68,-1.7319288249102667,0.020555910219277263,0.8364248178673974
0.69,0.69,1.38,31.38,2.07,0.69,-1.7319252108483596,0.02085818850870621,0.8359906958608906
0.7,0.7,1.4,31.4,2.0999999999999996,0.7,-1.731921544028994,0.02116046616275917,0.8355566120607758
0.71,0.71,1.4199999999999997,31.419999999999998,2.13,0.71,-1.7319178244522813,0.02146274317222824,0.8351225666369761
0.72,0.72,1.44,31.44,2.16,0.72,-1.7319140521183347,0.021765019527904,0.8346885597593723
0.73,0.73,1.46,31.46,2.19,0.73,-1.7319102270272693,0.02206729522057858,0.8342545915978016
0.74,0.74,1.48,31.48,2.2199999999999998,0.74,-1.7319063491792017,0.022369570241046452,0.8338206623220547
0.75,0.75,1.5,31.5,2.25,0.75,-1.7319024185742495,0.022671844580097474,0.8333867721018843
0.76,0.76,1.52,31.52,2.2800000000000002,0.76,-1.7318984352125333,0.02297411822852385,0.8329529211069965
0.77,0.77,1.54,31.54,2.31,0.77,-1.7318943990941738,0.02327639117712011,0.8325191095070535
0.78,0.78,1.56,31.56,2.34,0.78,-1.731890310219294,0.023578663416676176,0.8320853374716767
0.79,0.79,1.5800000000000003,31.580000000000002,2.37,0.79,-1.7318861685880187,0.023880934937984315,0.8316516051704427
0.8,0.8,1.6,31.6,2.4000000000000004,0.8,-1.731881974200474,0.024183205731839113,0.8312179127728828
0.81,0.81,1.62,31.62,2.43,0.81,-1.7318777270567873,0.024485475789030573,0.8307842604484881
0.82,0.82,1.64,31.64,2.46,0.82,-1.7318734271570888,0.024787745100351786,0.830350648366704
0.83,0.83,1.66,31.66,2.4899999999999998,0.83,-1.7318690745015086,0.02509001365659511,0.8299170766969324
0.84,0.84,1.68,31.68,2.52,0.84,-1.7318646690901796,0.025392281448552913,0.8294835456085318
0.85,0.85,1.7,31.7,2.55,0.85,-1.7318602109232362,0.02569454846701759,0.8290500552708162
0.86,0.86,1.72,31.72,2.58,0.86,-1.731855700000814,0.025996814702781562,0.8286166058530572
0.87,0.87,1.74,31.74,2.61,0.87,-1.7318511363230502,0.026299080146637278,0.8281831975244809
0.88,0.88,1.76,31.76,2.64,0.88,-1.7318465198900843,0.0266013447893772,0.8277498304542701
0.89,0.89,1.78,31.78,2.67,0.89,-1.7318418507020568,0.026903608621793054,0.827316504811565
0.9,0.9,1.8,31.8,2.7,0.9,-1.7318371287591097,0.027205871634679666,0.8268832207654577
0.91,0.91,1.82,31.82,2.73,0.91,-1.731832354061387,0.027508133818827267,0.8264499784850012
0.92,0.92,1.84,31.84,2.7600000000000002,0.92,-1.7318275266090342,0.027810395165029193,0.8260167781392013
0.93,0.93,1.86,31.86,2.79,0.93,-1.731822646402198,0.028112655664078043,0.8255836198970202
0.94,0.94,1.88,31.88,2.82,0.94,-1.7318177134410275,0.028414915306766434,0.8251505039273762
0.95,0.95,1.9,31.9,2.8499999999999996,0.95,-1.731812727725673,0.028717174083887007,0.8247174303991429
0.96,0.96,1.9199999999999997,31.919999999999998,2.88,0.96,-1.7318076892562857,0.029019431986233198,0.824284399481149
0.97,0.97,1.94,31.94,2.91,0.97,-1.7318025980330198,0.029321689004595412,0.8238514113421812
0.98,0.98,1.96,31.96,2.94,0.98,-1.7317974540560301,0.029623945129768663,0.8234184661509781
0.99,0.99,1.98,31.98,2.9699999999999998,0.99,-1.7317922573254734,0.029926200352545722,0.8229855640762359
1.0,1.0,2.0,32.0,3.0,1.0,-1.731787007841508,0.030228454663717052,0.8225527052866074
1.01,1.01,2.02,32.02,3.0300000000000002,1.01,-1.7317817056042937,0.030530708054077756,0.8221198899506977
1.02,1.02,2.04,32.04,3.06,1.02,-1.7317763506139918,0.03083296051442069,0.8216871182370687
1.03,1.03,2.06,32.06,3.09,1.03,-1.731770942870766,0.0311352120355364,0.82125439031424
1.04,1.04,2.08,32.08,3.12,1.04,-1.7317654823747806,0.031437462608220085,0.8208217063506814
1.05,1.05,2.1,32.1,3.1500000000000004,1.05,-1.731759969126202,0.03173971222326467,0.8203890665148212
1.06,1.06,2.12,32.12,3.18,1.06,-1.7317544031251981,0.03204196087146155,0.8199564709750433
1.07,1.07,2.14,32.14,3.21,1.07,-1.7317487843719388,0.03234420854360373,0.8195239198996852
1.08,1.08,2.1600000000000006,32.160000000000004,3.2400000000000007,1.08,-1.7317431128665948,0.032646455230486524,0.819091413457038
1.09,1.09,2.18,32.18,3.2700000000000005,1.09,-1.731737388609339,0.03294870092290064,0.8186589518153521
1.1,1.1,2.2,32.2,3.3000000000000003,1.1,-1.7317316116003458,0.03325094561163917,0.8182265351428287
1.11,1.11,2.22,32.22,3.33,1.11,-1.7317257818397915,0.033553189287497516,0.8177941636076244
1.12,1.12,2.24,32.24,3.3600000000000003,1.12,-1.7317198993278533,0.0338554319412665,0.8173618373778534
1.13,1.13,2.26,32.26,3.3899999999999997,1.13,-1.7317139640647101,0.03415767356373928,0.8169295566215825
1.14,1.14,2.28,32.28,3.42,1.14,-1.7317079760505436,0.0344599141457106,0.8164973215068319
1.15,1.15,2.3,32.3,3.4499999999999997,1.15,-1.7317019352855354,0.034762153677973674,0.8160651322015785
1.16,1.16,2.32,32.32,3.4799999999999995,1.16,-1.7316958417698698,0.03506439215132023,0.8156329888737543
1.17,1.17,2.3399999999999994,32.339999999999996,3.5099999999999993,1.17,-1.7316896955037326,0.03536662955654355,0.8152008916912445
1.18,1.18,2.36,32.36,3.54,1.18,-1.7316834964873107,0.035668865884439266,0.8147688408218874
1.19,1.19,2.38,32.38,3.57,1.19,-1.731677244720793,0.035971101125798426,0.8143368364334795
1.2,1.2,2.4,32.4,3.5999999999999996,1.2,-1.7316709402043702,0.03627333527141442,0.8139048786937693
1.21,1.21,2.42,32.42,3.63,1.21,-1.731664582938234,0.03657556831208298,0.813472967770458
1.22,1.22,2.44,32.44,3.66,1.22,-1.7316581729225782,0.03687780023859524,0.8130411038312051
1.23,1.23,2.46,32.46,3.69,1.23,-1.7316517101575981,0.03718003104174471,0.8126092870436219
1.24,1.24,2.48,32.48,3.7199999999999998,1.24,-1.7316451946434908,0.0374822607123272,0.8121775175752725
1.25,1.25,2.5,32.5,3.75,1.25,-1.7316386263804542,0.03778448924113397,0.8117457955936779
1.26,1.26,2.52,32.52,3.7800000000000002,1.26,-1.7316320053686889,0.03808671661895938,0.8113141212663123
1.27,1.27,2.54,32.54,3.81,1.27,-1.7316253316083963,0.038388942836597065,0.8108824947606033
1.28,1.28,2.56,32.56,3.84,1.28,-1.7316186050997797,0.03869116788484068,0.8104509162439331
1.29,1.29,2.58,32.58,3.87,1.29,-1.7316118258430442,0.038993391754483915,0.810019385883637
1.3,1.3,2.6,32.6,3.9000000000000004,1.3,-1.7316049938383962,0.03929561443632052,0.809587903847005
1.31,1.31,2.62,32.62,3.93,1.31,-1.7315981090860435,0.03959783592114426,0.8091564703012807
1.32,1.32,2.64,32.64,3.96,1.32,-1.7315911715861965,0.03990005619974895,0.8087250854136606
1.33,1.33,2.6600000000000006,32.660000000000004,3.9900000000000007,1.33,-1.731584181339066,0.04020227526292919,0.8082937493512958
1.34,1.34,2.68,32.68,4.0200000000000005,1.34,-1.7315771383448653,0.04050449310147656,0.8078624622812925
1.35,1.35,2.7,32.7,4.050000000000001,1.35,-1.7315700426038083,0.04080670970618728,0.807431224370707
1.36,1.36,2.72,32.72,4.08,1.36,-1.7315628941161119,0.04110892506785531,0.8070000357865506
1.37,1.37,2.74,32.74,4.11,1.37,-1.7315556928819933,0.04141113917727234,0.8065688966957913
1.38,1.38,2.76,32.76,4.14,1.38,-1.7315484389016724,0.041713352025234705,0.8061378072653453
1.39,1.39,2.78,32.78,4.17,1.39,-1.7315411321753695,0.04201556360253571,0.8057067676620853
1.4,1.4,2.8,32.8,4.199999999999999,1.4,-1.7315337727033078,0.042317773899969456,0.8052757780528367
1.41,1.41,2.82,32.82,4.2299999999999995,1.41,-1.7315263604857112,0.04261998290833009,0.8048448386043779
1.42,1.42,2.8399999999999994,32.839999999999996,4.26,1.42,-1.7315188955228056,0.04292219061841182,0.8044139494834412
1.43,1.43,2.86,32.86,4.29,1.43,-1.7315113778148181,0.043224397021009615,0.8039831108567113
1.44,1.44,2.88,32.88,4.32,1.44,-1.731503807361978,0.04352660210691545,0.8035523228908277
1.45,1.45,2.9,32.9,4.35,1.45,-1.7314961841645158,0.04382880586692594,0.8031215857523802
1.46,1.46,2.92,32.92,4.38,1.46,-1.7314885082226636,0.044131008291835416,0.8026908996079131
1.47,1.47,2.94,32.94,4.41,1.47,-1.7314807795366556,0.04443320937243598,0.8022602646239254
1.48,1.48,2.96,32.96,4.4399999999999995,1.48,-1.731472998106727,0.044735409099524344,0.8018296809668658
1.49,1.49,2.98,32.98,4.47,1.49,-1.7314651639331147,0.045037607463895,0.8013991488031372
1.5,1.5,3.0,33.0,4.5,1.5,-1.7314572770160574,0.045339804456340914,0.8009686682990966
1.51,1.51,3.02,33.02,4.53,1.51,-1.7314493373557955,0.04564200006765663,0.8005382396210534
1.52,1.52,3.04,33.04,4.5600000000000005,1.52,-1.7314413449525707,0.045944194288639065,0.8001078629352663
1.53,1.53,3.06,33.06,4.59,1.53,-1.7314332998066269,0.04624638711008055,0.7996775384079515
1.54,1.54,3.08,33.08,4.62,1.54,-1.7314252019182084,0.04654857852277574,0.7992472662052763
1.55,1.55,3.1,33.1,4.65,1.55,-1.7314170512875624,0.04685076851752169,0.7988170464933576
1.56,1.56,3.12,33.12,4.68,1.56,-1.731408847914937,0.047152957085110865,0.7983868794382691
1.57,1.57,3.14,33.14,4.71,1.57,-1.7314005918005821,0.04745514421633805,0.7979567652060352
1.58,1.58,3.1600000000000006,33.160000000000004,4.74,1.58,-1.7313922829447495,0.04775732990200042,0.7975267039626306
1.59,1.59,3.18,33.18,4.7700000000000005,1.59,-1.7313839213476916,0.048059514132890564,0.7970966958739866
1.6,1.6,3.2,33.2,4.800000000000001,1.6,-1.731375507009664,0.04836169689980419,0.7966667411059831
1.61,1.61,3.22,33.22,4.83,1.61,-1.7313670399309224,0.04866387819353629,0.7962368398244541
1.62,1.62,3.24,33.24,4.86,1.62,-1.731358520111725,0.04896605800488189,0.7958069921951859
1.63,1.63,3.26,33.26,4.89,1.63,-1.731349947552331,0.049268236324636075,0.7953771983839157
1.64,1.64,3.28,33.28,4.92,1.64,-1.731341322253002,0.04957041314359319,0.7949474585563344
1.65,1.65,3.3,33.3,4.949999999999999,1.65,-1.7313326442140002,0.04987258845255071,0.7945177728780832
1.66,1.66,3.32,33.32,4.9799999999999995,1.66,-1.7313239134355907,0.050174762242301545,0.7940881415147568
1.67,1.67,3.3399999999999994,33.339999999999996,5.01,1.67,-1.7313151299180387,0.05047693450364095,0.7936585646319014
1.68,1.68,3.36,33.36,5.04,1.68,-1.731306293661612,0.05077910522736655,0.7932290423950142
1.69,1.69,3.38,33.38,5.07,1.69,-1.7312974046665797,0.051081274404271376,0.7927995749695457
1.7,1.7,3.4,33.4,5.1,1.7,-1.731288462933213,0.051383442025151604,0.7923701625208974
1.71,1.71,3.42,33.42,5.13,1.71,-1.731279468461784,0.05168560808080269,0.7919408052144228
1.72,1.72,3.44,33.44,5.16,1.72,-1.7312704212525665,0.05198777256202011,0.7915115032154265
1.73,1.73,3.46,33.46,5.1899999999999995,1.73,-1.7312613213058363,0.05228993545959944,0.7910822566891655
1.74,1.74,3.48,33.48,5.22,1.74,-1.7312521686218707,0.05259209676433624,0.7906530658008484
1.75,1.75,3.5,33.5,5.25,1.75,-1.7312429632009483,0.05289425646702616,0.790223930715634
1.76,1.76,3.52,33.52,5.28,1.76,-1.7312337050433495,0.05319641455846489,0.789794851598635
1.77,1.77,3.54,33.54,5.3100000000000005,1.77,-1.7312243941493566,0.053498571029448945,0.7893658286149124
1.78,1.78,3.56,33.56,5.34,1.78,-1.7312150305192529,0.053800725870771796,0.7889368619294831
1.79,1.79,3.58,33.58,5.37,1.79,-1.7312056141533236,0.0541028790732316,0.78850795170731
1.8,1.8,3.6,33.6,5.4,1.8,-1.731196145051856,0.054405030627624223,0.7880790981133103
1.81,1.81,3.62,33.62,5.43,1.81,-1.7311866232151383,0.05470718052474331,0.7876503013123535
1.82,1.82,3.64,33.64,5.46,1.82,-1.7311770486434601,0.05500932875538715,0.7872215614692575
1.83,1.83,3.6600000000000006,33.660000000000004,5.49,1.83,-1.7311674213371138,0.055311475310351785,0.7867928787487921
1.84,1.84,3.68,33.68,5.5200000000000005,1.84,-1.7311577412963923,0.055613620180431006,0.7863642533156809
1.85,1.85,3.7,33.7,5.550000000000001,1.85,-1.7311480085215902,0.05591576335642325,0.7859356853345943
1.86,1.86,3.72,33.72,5.58,1.86,-1.7311382230130046,0.0562179048291247,0.7855071749701558
1.87,1.87,3.74,33.74,5.61,1.87,-1.7311283847709331,0.05652004458933009,0.7850787223869408
1.88,1.88,3.76,33.76,5.64,1.88,-1.7311184937956756,0.05682218262783568,0.7846503277494747
1.89,1.89,3.78,33.78,5.67,1.89,-1.7311085500875332,0.0571243189354394,0.7842219912222325
1.9,1.9,3.8,33.8,5.699999999999999,1.9,-1.731098553646809,0.05742645350293761,0.7837937129696404
1.91,1.91,3.82,33.82,5.7299999999999995,1.91,-1.7310885044738078,0.057728586321124487,0.7833654931560785
1.92,1.92,3.8399999999999994,33.839999999999996,5.76,1.92,-1.731078402568835,0.058030717380798826,0.7829373319458731
1.93,1.93,3.86,33.86,5.79,1.93,-1.7310682479321988,0.05833284667275721,0.7825092295033028
1.94,1.94,3.88,33.88,5.82,1.94,-1.7310580405642084,0.05863497418779394,0.7820811859925986
1.95,1.95,3.9,33.9,5.85,1.95,-1.7310477804651747,0.05893709991670797,0.7816532015779392
1.96,1.96,3.92,33.92,5.88,1.96,-1.7310374676354103,0.05923922385029606,0.7812252764234549
1.97,1.97,3.94,33.94,5.91,1.97,-1.7310271020752293,0.05954134597935344,0.7807974106932276
1.98,1.98,3.96,33.96,5.9399999999999995,1.98,-1.7310166837849477,0.05984346629467691,0.7803696045512886
1.99,1.99,3.98,33.98,5.97,1.99,-1.7310062127648824,0.06014558478706572,0.7799418581616174
2.0,2.0,4.0,34.0,6.0,2.0,-1.7309956890153528,0.06044770144731447,0.7795141716881481
2.01,2.01,4.02,34.019999999999996,6.029999999999999,2.01,-1.7309851125366793,0.06074981626622017,0.7790865452947623
2.02,2.02,4.04,34.04,6.0600000000000005,2.02,-1.7309744833291838,0.061051929234582185,0.7786589791452907
2.03,2.03,4.06,34.06,6.09,2.03,-1.7309638013931907,0.06135404034319532,0.7782314734035167
2.04,2.04,4.08,34.08,6.12,2.04,-1.730953066729025,0.06165614958285751,0.7778040282331734
2.05,2.05,4.1,34.1,6.1499999999999995,2.05,-1.7309422793370135,0.061958256944366,0.7773766437979421
2.06,2.06,4.12,34.12,6.18,2.06,-1.730931439217485,0.06226036241851804,0.7769493202614556
2.07,2.07,4.14,34.14,6.209999999999999,2.07,-1.7309205463707702,0.062562465996111,0.7765220577872957
2.08,2.08,4.16,34.16,6.24,2.08,-1.7309096007972,0.06286456766794225,0.7760948565389953
2.09,2.09,4.18,34.18,6.27,2.09,-1.7308986024971085,0.0631666674248093,0.7756677166800362
2.1,2.1,4.2,34.2,6.300000000000001,2.1,-1.7308875514708304,0.06346876525750961,0.7752406383738496
2.11,2.11,4.22,34.22,6.33,2.11,-1.7308764477187024,0.06377086115684154,0.7748136217838169
2.12,2.12,4.24,34.24,6.36,2.12,-1.7308652912410631,0.06407295511360041,0.7743866670732704
2.13,2.13,4.26,34.26,6.39,2.13,-1.7308540820382519,0.06437504711858624,0.7739597744054897
2.14,2.14,4.28,34.28,6.42,2.14,-1.7308428201106103,0.064677137162596,0.7735329439437052
2.15,2.15,4.3,34.3,6.449999999999999,2.15,-1.7308315054584815,0.0649792252364275,0.7731061758510966
2.16,2.16,4.320000000000001,34.32,6.480000000000001,2.16,-1.73082013808221,0.06528131133087861,0.772679470290794
2.17,2.17,4.34,34.34,6.51,2.17,-1.7308087179821423,0.06558339543674727,0.7722528274258748
2.18,2.18,4.36,34.36,6.540000000000001,2.18,-1.7307972451586262,0.06588547754483146,0.7718262474193679
2.19,2.19,4.38,34.38,6.57,2.19,-1.7307857196120109,0.06618755764592922,0.7713997304342507
2.2,2.2,4.4,34.4,6.6000000000000005,2.2,-1.7307741413426478,0.0664896357308387,0.7709732766334493
2.21,2.21,4.42,34.42,6.63,2.21,-1.7307625103508897,0.06679171179035884,0.7705468861798389
2.22,2.22,4.44,34.44,6.66,2.22,-1.7307508266370906,0.06709378581528554,0.7701205592362468
2.23,2.23,4.46,34.46,6.6899999999999995,2.23,-1.7307390902016064,0.06739585779641942,0.7696942959654449
2.24,2.24,4.48,34.480000000000004,6.720000000000001,2.24,-1.730727301044795,0.06769792772455885,0.769268096530156
2.25,2.25,4.5,34.5,6.75,2.25,-1.7307154591670149,0.06799999559049993,0.7688419610930551
2.26,2.26,4.52,34.519999999999996,6.779999999999999,2.26,-1.7307035645686275,0.0683020613850435,0.7684158898167601
2.27,2.27,4.54,34.54,6.8100000000000005,2.27,-1.7306916172499947,0.06860412509898803,0.7679898828638424
2.28,2.28,4.56,34.56,6.84,2.28,-1.7306796172114804,0.06890618672312988,0.7675639403968216
2.29,2.29,4.58,34.58,6.87,2.29,-1.7306675644534506,0.06920824624827004,0.767138062578164
2.3,2.3,4.6,34.6,6.8999999999999995,2.3,-1.730655458976272,0.06951030366520722,0.766712249570286
2.31,2.31,4.62,34.62,6.93,2.31,-1.7306433007803133,0.06981235896473871,0.7662865015355543
2.32,2.32,4.64,34.64,6.959999999999999,2.32,-1.7306310898659452,0.07011441213766337,0.7658608186362822
2.33,2.33,4.66,34.66,6.99,2.33,-1.7306188262335396,0.07041646317478242,0.7654352010347303
2.34,2.34,4.679999999999999,34.68,7.019999999999999,2.34,-1.7306065098834698,0.0707185120668926,0.765009648893112
2.35,2.35,4.7,34.7,7.050000000000001,2.35,-1.7305941408161112,0.07102055880479294,0.7645841623735861
2.36,2.36,4.72,34.72,7.08,2.36,-1.7305817190318407,0.07132260337928488,0.7641587416382586
2.37,2.37,4.74,34.74,7.11,2.37,-1.7305692445310366,0.07162464578116533,0.7637333868491885
2.38,2.38,4.76,34.76,7.14,2.38,-1.7305567173140786,0.07192668600123353,0.7633080981683801
2.39,2.39,4.78,34.78,7.17,2.39,-1.7305441373813484,0.07222872403029035,0.7628828757577848
2.4,2.4,4.8,34.8,7.199999999999999,2.4,-1.7305315047332297,0.0725307598591352,0.7624577197793042
2.41,2.41,4.820000000000001,34.82,7.230000000000001,2.41,-1.7305188193701069,0.07283279347856597,0.762032630394789
2.42,2.42,4.84,34.84,7.26,2.42,-1.7305060812923663,0.07313482487938223,0.7616076077660369
2.43,2.43,4.86,34.86,7.290000000000001,2.43,-1.730493290500396,0.07343685405238588,0.761182652054792
2.44,2.44,4.88,34.88,7.32,2.44,-1.730480446994586,0.07373888098837426,0.7607577634227493
2.45,2.45,4.9,34.9,7.3500000000000005,2.45,-1.730467550775327,0.07404090567814711,0.7603329420315513
2.46,2.46,4.92,34.92,7.38,2.46,-1.7304546018430125,0.07434292811250653,0.7599081880427855
2.47,2.47,4.94,34.94,7.41,2.47,-1.730441600198036,0.0746449482822501,0.7594835016179917
2.48,2.48,4.96,34.96,7.4399999999999995,2.48,-1.7304285458407944,0.07494696617817852,0.7590588829186546
2.49,2.49,4.98,34.980000000000004,7.470000000000001,2.49,-1.7304154387716852,0.07524898179109181,0.7586343321062076
2.5,2.5,5.0,35.0,7.5,2.5,-1.7304022789911073,0.07555099511179002,0.7582098493420321
2.51,2.51,5.02,35.019999999999996,7.529999999999999,2.51,-1.730389066499462,0.07585300613107332,0.7577854347874564
2.52,2.52,5.04,35.04,7.5600000000000005,2.52,-1.7303758012971513,0.07615501483974194,0.7573610886037575
2.53,2.53,5.06,35.06,7.59,2.53,-1.7303624833845797,0.07645702122859613,0.7569368109521589
2.54,2.54,5.08,35.08,7.62,2.54,-1.7303491127621526,0.0767590252884363,0.7565126019938331
2.55,2.55,5.1,35.1,7.6499999999999995,2.55,-1.7303356894302775,0.0770610270100636,0.756088461889898
2.56,2.56,5.12,35.12,7.68,2.56,-1.7303222133893632,0.07736302638427625,0.7556643908014221
2.57,2.57,5.14,35.14,7.709999999999999,2.57,-1.7303086846398203,0.07766502340187713,0.755240388889418
2.58,2.58,5.16,35.16,7.74,2.58,-1.7302951031820608,0.07796701805366689,0.7548164563148466
2.59,2.59,5.179999999999999,35.18,7.769999999999999,2.59,-1.7302814690164985,0.07826901033044392,0.7543925932386191
2.6,2.6,5.2,35.2,7.800000000000001,2.6,-1.7302677821435488,0.07857100022301135,0.7539687998215892
2.61,2.61,5.22,35.22,7.83,2.61,-1.7302540425636281,0.07887298772217,0.7535450762245601
2.62,2.62,5.24,35.24,7.86,2.62,-1.730240250277156,0.0791749728187185,0.7531214226082837
2.63,2.63,5.26,35.26,7.89,2.63,-1.7302264052845515,0.0794769555034602,0.7526978391334564
2.64,2.64,5.28,35.28,7.92,2.64,-1.7302125075862367,0.0797789357671954,0.7522743259607231
2.65,2.65,5.3,35.3,7.949999999999999,2.65,-1.7301985571826353,0.08008091360072601,0.7518508832506744
2.66,2.66,5.320000000000001,35.32,7.980000000000001,2.66,-1.7301845540741718,0.08038288899485097,0.7514275111638508
2.67,2.67,5.34,35.34,8.01,2.67,-1.7301704982612733,0.08068486194037387,0.7510042098607363
2.68,2.68,5.36,35.36,8.040000000000001,2.68,-1.7301563897443673,0.08098683242809611,0.7505809795017627
2.69,2.69,5.38,35.38,8.07,2.69,-1.730142228523884,0.0812888004488168,0.7501578202473111
2.7,2.7,5.4,35.4,8.100000000000001,2.7,-1.730128014600255,0.08159076599333982,0.7497347322577057
2.71,2.71,5.42,35.42,8.129999999999999,2.71,-1.7301137479739126,0.08189272905246676,0.749311715693219
2.72,2.72,5.44,35.44,8.16,2.72,-1.730099428645292,0.08219468961699697,0.7488887707140726
2.73,2.73,5.46,35.46,8.19,2.73,-1.7300850566148287,0.08249664767773454,0.7484658974804298
2.74,2.74,5.48,35.480000000000004,8.22,2.74,-1.7300706318829613,0.0827986032254813,0.7480430961524035
2.75,2.75,5.5,35.5,8.25,2.75,-1.7300561544501287,0.08310055625103759,0.7476203668900538
2.76,2.76,5.52,35.519999999999996,8.28,2.76,-1.7300416243167722,0.08340250674520541,0.7471977098533864
2.77,2.77,5.54,35.54,8.31,2.77,-1.730027041483334,0.08370445469878915,0.7467751252023512
2.78,2.78,5.56,35.56,8.34,2.78,-1.730012405950259,0.08400640010258863,0.7463526130968482
2.79,2.79,5.58,35.58,8.370000000000001,2.79,-1.7299977177179924,0.08430834294740605,0.7459301736967222
2.8,2.8,5.6,35.6,8.399999999999999,2.8,-1.7299829767869817,0.08461028322404603,0.7455078071617625
2.81,2.81,5.62,35.62,8.43,2.81,-1.729968183157676,0.08491222092330862,0.7450855136517075
2.82,2.82,5.64,35.64,8.459999999999999,2.82,-1.7299533368305262,0.08521415603599629,0.7446632933262406
2.83,2.83,5.66,35.66,8.49,2.83,-1.7299384378059846,0.08551608855291389,0.7442411463449898
2.84,2.84,5.679999999999999,35.68,8.52,2.84,-1.7299234860845045,0.08581801846486169,0.7438190728675318
2.85,2.85,5.7,35.7,8.55,2.85,-1.7299084816665415,0.08611994576264315,0.743397073053388
2.86,2.86,5.72,35.72,8.58,2.86,-1.729893424552553,0.08642187043706105,0.742975147062026
2.87,2.87,5.74,35.74,8.61,2.87,-1.7298783147429977,0.08672379247891825,0.7425532950528585
2.88,2.88,5.76,35.76,8.64,2.88,-1.7298631522383352,0.08702571187901766,0.7421315171852461
2.89,2.89,5.78,35.78,8.67,2.89,-1.7298479370390283,0.08732762862816153,0.7417098136184929
2.9,2.9,5.8,35.8,8.7,2.9,-1.7298326691455395,0.08762954271715524,0.7412881845118497
2.91,2.91,5.820000000000001,35.82,8.73,2.91,-1.7298173485583348,0.08793145413679969,0.7408666300245137
2.92,2.92,5.84,35.84,8.76,2.92,-1.7298019752778804,0.0882333628778981,0.740445150315628
2.93,2.93,5.86,35.86,8.790000000000001,2.93,-1.7297865493046447,0.08853526893125613,0.7400237455442785
2.94,2.94,5.88,35.88,8.82,2.94,-1.7297710706390976,0.08883717228767486,0.7396024158695008
2.95,2.95,5.9,35.9,8.850000000000001,2.95,-1.7297555392817106,0.08913907293795859,0.7391811614502735
2.96,2.96,5.92,35.92,8.879999999999999,2.96,-1.7297399552329566,0.08944097087291088,0.7387599824455209
2.97,2.97,5.94,35.94,8.91,2.97,-1.7297243184933107,0.0897428660833354,0.7383388790141131
2.98,2.98,5.96,35.96,8.94,2.98,-1.729708629063249,0.09004475856003591,0.737917851314866
2.99,2.99,5.98,35.980000000000004,8.97,2.99,-1.7296928869432495,0.09034664829381699,0.7374968995065393
3.0,3.0,6.0,36.0,9.0,3.0,-1.7296770921337916,0.09064853527548024,0.7370760237478415
3.01,3.01,6.02,36.019999999999996,9.03,3.01,-1.729661244635357,0.09095041949583198,0.7366552241974214
3.02,3.02,6.04,36.04,9.06,3.02,-1.7296453444484274,0.09125230094567628,0.7362345010138763
3.03,3.03,6.06,36.06,9.09,3.03,-1.7296293915734882,0.09155417961581501,0.7358138543557489
3.04,3.04,6.08,36.08,9.120000000000001,3.04,-1.7296133860110245,0.09185605549705471,0.7353932843815254
3.05,3.05,6.1,36.1,9.149999999999999,3.05,-1.7295973277615246,0.09215792858019974,0.7349727912496362
3.06,3.06,6.12,36.12,9.18,3.06,-1.7295812168254772,0.09245979885605217,0.7345523751184614
3.07,3.07,6.14,36.14,9.209999999999999,3.07,-1.729565053203373,0.09276166631541886,0.73413203614632
3.08,3.08,6.16,36.16,9.24,3.08,-1.7295488368957046,0.09306353094910438,0.7337117744914794
3.09,3.09,6.179999999999999,36.18,9.27,3.09,-1.729532567902966,0.09336539274791186,0.7332915903121516
3.1,3.1,6.2,36.2,9.3,3.1,-1.7295162462256528,0.09366725170264609,0.7328714837664938
3.11,3.11,6.22,36.22,9.33,3.11,-1.7294998718642618,0.09396910780411422,0.732451455012605
3.12,3.12,6.24,36.24,9.36,3.12,-1.7294834448192924,0.09427096104311884,0.7320315042085329
3.13,3.13,6.26,36.26,9.39,3.13,-1.7294669650912446,0.09457281141046503,0.7316116315122679
3.14,3.14,6.28,36.28,9.42,3.14,-1.7294504326806204,0.09487465889695941,0.7311918370817444
3.15,3.15,6.3,36.3,9.45,3.15,-1.7294338475879236,0.09517650349340719,0.7307721210748415
3.16,3.16,6.320000000000001,36.32,9.48,3.16,-1.7294172098136593,0.09547834519061135,0.730352483649386
3.17,3.17,6.34,36.34,9.51,3.17,-1.7294005193583342,0.09578018397937957,0.7299329249631441
3.18,3.18,6.36,36.36,9.540000000000001,3.18,-1.7293837762224569,0.0960820198505173,0.7295134451738291
3.19,3.19,6.38,36.38,9.57,3.19,-1.7293669804065372,0.09638385279482858,0.7290940444391001
3.2,3.2,6.4,36.4,9.600000000000001,3.2,-1.729350131911087,0.09668568280311905,0.7286747229165587
3.21,3.21,6.42,36.42,9.629999999999999,3.21,-1.7293332307366196,0.09698750986619674,0.7282554807637488
3.22,3.22,6.44,36.44,9.66,3.22,-1.7293162768836494,0.09728933397486517,0.7278363181381633
3.23,3.23,6.46,36.46,9.69,3.23,-1.7292992703526933,0.09759115511993025,0.727417235197236
3.24,3.24,6.48,36.480000000000004,9.72,3.24,-1.729282211144269,0.09789297329220027,0.7269982320983441
3.25,3.25,6.5,36.5,9.75,3.25,-1.7292650992588963,0.09819478848247906,0.7265793089988124
3.26,3.26,6.52,36.519999999999996,9.78,3.26,-1.7292479346970968,0.09849660068157277,0.726160466055907
3.27,3.27,6.54,36.54,9.81,3.27,-1.7292307174593926,0.09879840988028998,0.7257417034268372
3.28,3.28,6.56,36.56,9.84,3.28,-1.7292134475463088,0.09910021606943477,0.7253230212687595
3.29,3.29,6.58,36.58,9.870000000000001,3.29,-1.7291961249583712,0.09940201923981436,0.7249044197387717
3.3,3.3,6.6,36.6,9.899999999999999,3.3,-1.7291787496961077,0.09970381938223528,0.7244858989939167
3.31,3.31,6.62,36.62,9.93,3.31,-1.7291613217600472,0.10000561648750421,0.7240674591911803
3.32,3.32,6.64,36.64,9.959999999999999,3.32,-1.729143841150721,0.10030741054642783,0.7236491004874924
3.33,3.33,6.66,36.66,9.99,3.33,-1.7291263078686614,0.10060920154981304,0.7232308230397271
3.34,3.34,6.679999999999999,36.68,10.02,3.34,-1.7291087219144026,0.10091098948846668,0.722812627004701
3.35,3.35,6.7,36.7,10.05,3.35,-1.7290910832884798,0.10121277435319583,0.7223945125391757
3.36,3.36,6.72,36.72,10.08,3.36,-1.729073391991431,0.10151455613480832,0.7219764797998546
3.37,3.37,6.74,36.74,10.11,3.37,-1.7290556480237946,0.10181633482410907,0.7215585289433875
3.38,3.38,6.76,36.76,10.14,3.38,-1.7290378513861115,0.10211811041190769,0.7211406601263642
3.39,3.39,6.78,36.78,10.17,3.39,-1.7290200020789237,0.10241988288901079,0.7207228735053203
3.4,3.4,6.8,36.8,10.2,3.4,-1.7290021001027747,0.10272165224622581,0.7203051692367339
3.41,3.41,6.820000000000001,36.82,10.23,3.41,-1.7289841454582098,0.10302341847436042,0.7198875474770261
3.42,3.42,6.84,36.84,10.26,3.42,-1.7289661381457766,0.10332518156422221,0.7194700083825615
3.43,3.43,6.86,36.86,10.290000000000001,3.43,-1.7289480781660227,0.10362694150661901,0.719052552109649
3.44,3.44,6.88,36.88,10.32,3.44,-1.7289299655194987,0.10392869829235865,0.7186351788145393
3.45,3.45,6.9,36.9,10.350000000000001,3.45,-1.7289118002067567,0.10423045191224913,0.7182178886534262
3.46,3.46,6.92,36.92,10.379999999999999,3.46,-1.7288935822283493,0.10453220235709923,0.7178006817824472
3.47,3.47,6.94,36.94,10.41,3.47,-1.728875311584832,0.10483394961771483,0.717383558357684
3.48,3.48,6.96,36.96,10.44,3.48,-1.728856988276761,0.1051356936849065,0.7169665185351584
3.49,3.49,6.98,36.980000000000004,10.47,3.49,-1.7288386123046948,0.10543743454948255,0.7165495624708363
3.5,3.5,7.0,37.0,10.5,3.5,-1.7288201836691932,0.10573917220224915,0.7161326903206289
3.51,3.51,7.02,37.019999999999996,10.53,3.51,-1.728801702370817,0.10604090663401715,0.7157159022403864
3.52,3.52,7.04,37.04,10.56,3.52,-1.7287831684101298,0.10634263783559518,0.7152991983859036
3.53,3.53,7.06,37.06,10.59,3.53,-1.7287645817876958,0.10664436579779048,0.7148825789129193
3.54,3.54,7.08,37.08,10.620000000000001,3.54,-1.7287459425040812,0.10694609051141184,0.7144660439771136
3.55,3.55,7.1,37.1,10.649999999999999,3.55,-1.728727250559854,0.10724781196727054,0.7140495937341069
3.56,3.56,7.12,37.12,10.68,3.56,-1.7287085059555836,0.1075495301561733,0.7136332283394676
3.57,3.57,7.14,37.14,10.709999999999999,3.57,-1.728689708691841,0.10785124506892926,0.7132169479487029
3.58,3.58,7.16,37.16,10.74,3.58,-1.7286708587691981,0.10815295669634999,0.7128007527172622
3.59,3.59,7.179999999999999,37.18,10.77,3.59,-1.72865195618823,0.10845466502924249,0.7123846428005393
3.6,3.6,7.2,37.2,10.8,3.6,-1.7286330009495123,0.10875637005841618,0.7119686183538698
3.61,3.61,7.22,37.22,10.83,3.61,-1.7286139930536222,0.10905807177468295,0.7115526795325301
3.62,3.62,7.24,37.24,10.86,3.62,-1.7285949325011385,0.10935977016885011,0.7111368264917419
3.63,3.63,7.26,37.26,10.89,3.63,-1.7285758192926426,0.10966146523172819,0.7107210593866662
3.64,3.64,7.28,37.28,10.92,3.64,-1.728556653428716,0.10996315695412624,0.7103053783724086
3.65,3.65,7.3,37.3,10.95,3.65,-1.7285374349099425,0.11026484532685653,0.7098897836040142
3.66,3.66,7.320000000000001,37.32,10.98,3.66,-1.7285181637369083,0.11056653034072679,0.709474275236473
3.67,3.67,7.34,37.34,11.01,3.67,-1.7284988399101995,0.11086821198654717,0.709058853424716
3.68,3.68,7.36,37.36,11.040000000000001,3.68,-1.7284794634304053,0.11116989025513023,0.7086435183236145
3.69,3.69,7.38,37.38,11.07,3.69,-1.7284600342981158,0.11147156513728401,0.7082282700879851
3.7,3.7,7.4,37.4,11.100000000000001,3.7,-1.728440552513923,0.11177323662381897,0.7078131088725841
3.71,3.71,7.42,37.42,11.129999999999999,3.71,-1.72842101807842,0.112074904705548,0.707398034832109
3.72,3.72,7.44,37.44,11.16,3.72,-1.728401430992202,0.11237656937327944,0.7069830481212016
3.73,3.73,7.46,37.46,11.19,3.73,-1.7283817912558659,0.11267823061782481,0.7065681488944436
3.74,3.74,7.48,37.480000000000004,11.22,3.74,-1.7283620988700097,0.11297988842999501,0.7061533373063594
3.75,3.75,7.5,37.5,11.25,3.75,-1.7283423538352334,0.11328154280060103,0.7057386135114145
3.76,3.76,7.52,37.519999999999996,11.28,3.76,-1.7283225561521383,0.1135831937204539,0.7053239776640159
3.77,3.77,7.54,37.54,11.31,3.77,-1.7283027058213276,0.11388484118036485,0.7049094299185128
3.78,3.78,7.56,37.56,11.34,3.78,-1.728282802843406,0.11418648517114516,0.704494970429196
3.79,3.79,7.58,37.58,11.370000000000001,3.79,-1.7282628472189798,0.11448812568360622,0.7040805993502969
3.8,3.8,7.6,37.6,11.399999999999999,3.8,-1.7282428389486566,0.11478976270856033,0.7036663168359888
3.81,3.81,7.62,37.62,11.43,3.81,-1.7282227780330461,0.11509139623681679,0.7032521230403883
3.82,3.82,7.64,37.64,11.459999999999999,3.82,-1.7282026644727595,0.11539302625918957,0.7028380181175495
3.83,3.83,7.66,37.66,11.49,3.83,-1.7281824982684095,0.11569465276649056,0.7024240022214701
3.84,3.84,7.679999999999999,37.68,11.52,3.84,-1.7281622794206102,0.11599627574952937,0.7020100755060908
3.85,3.85,7.7,37.7,11.55,3.85,-1.7281420079299774,0.11629789519912032,0.7015962381252903
3.86,3.86,7.72,37.72,11.58,3.86,-1.728121683797129,0.11659951110607557,0.7011824902328886
3.87,3.87,7.74,37.74,11.61,3.87,-1.7281013070226838,0.1169011234612051,0.7007688319826508
3.88,3.88,7.76,37.76,11.64,3.88,-1.7280808776072625,0.1172027322553235,0.7003552635282781
3.89,3.89,7.78,37.78,11.67,3.89,-1.7280603955514877,0.11750433747924256,0.6999417850234155
3.9,3.9,7.8,37.8,11.7,3.9,-1.728039860855983,0.11780593912377556,0.6995283966216481
3.91,3.91,7.820000000000001,37.82,11.73,3.91,-1.728019273521374,0.11810753717973294,0.6991150984765038
3.92,3.92,7.84,37.84,11.76,3.92,-1.7279986335482882,0.11840913163792975,0.6987018907414477
3.93,3.93,7.86,37.86,11.790000000000001,3.93,-1.7279779409373537,0.11871072248917894,0.6982887735698887
3.94,3.94,7.88,37.88,11.82,3.94,-1.7279571956892015,0.1190123097242912,0.6978757471151767
3.95,3.95,7.9,37.9,11.850000000000001,3.95,-1.7279363978044628,0.11931389333408193,0.6974628115306005
3.96,3.96,7.92,37.92,11.879999999999999,3.96,-1.7279155472837717,0.11961547330936444,0.6970499669693896
3.97,3.97,7.94,37.94,11.91,3.97,-1.7278946441277632,0.1199170496409505,0.6966372135847162
3.98,3.98,7.96,37.96,11.94,3.98,-1.7278736883370742,0.12021862231965358,0.6962245515296919
3.99,3.99,7.98,37.980000000000004,11.97,3.99,-1.7278526799123424,0.12052019133628955,0.6958119809573676
4.0,4.0,8.0,38.0,12.0,4.0,-1.7278316188542084,0.12082175668166979,0.6953995020207373
4.01,4.01,8.02,38.019999999999996,12.03,4.01,-1.7278105051633137,0.12112331834660808,0.6949871148727345
4.02,4.02,8.04,38.04,12.059999999999999,4.02,-1.7277893388403014,0.12142487632192066,0.6945748196662301
4.03,4.03,8.06,38.06,12.09,4.03,-1.7277681198858161,0.12172643059841923,0.694162616554041
4.04,4.04,8.08,38.08,12.120000000000001,4.04,-1.7277468483005043,0.1220279811669179,0.6937505056889206
4.05,4.05,8.1,38.1,12.149999999999999,4.05,-1.7277255240850138,0.12232952801823326,0.6933384872235621
4.06,4.06,8.12,38.12,12.18,4.06,-1.7277041472399945,0.12263107114317734,0.6929265613106019
4.07,4.07,8.14,38.14,12.21,4.07,-1.7276827177660974,0.12293261053256538,0.6925147281026146
4.08,4.08,8.16,38.16,12.24,4.08,-1.727661235663975,0.12323414617721197,0.6921029877521149
4.09,4.09,8.18,38.18,12.27,4.09,-1.727639700934282,0.12353567806793178,0.6916913404115586
4.1,4.1,8.2,38.2,12.299999999999999,4.1,-1.7276181135776747,0.12383720619553967,0.6912797862333399
4.11,4.11,8.22,38.22,12.330000000000002,4.11,-1.72759647359481,0.12413873055085055,0.6908683253697954
4.12,4.12,8.24,38.24,12.36,4.12,-1.7275747809863475,0.12444025112467946,0.6904569579731993
4.13,4.13,8.26,38.26,12.39,4.13,-1.7275530357529478,0.12474176790784156,0.6900456841957671
4.14,4.14,8.28,38.28,12.419999999999998,4.14,-1.7275312378952736,0.12504328089115135,0.6896345041896544
4.15,4.15,8.3,38.3,12.450000000000001,4.15,-1.7275093874139886,0.12534479006542654,0.6892234181069542
4.16,4.16,8.32,38.32,12.48,4.16,-1.7274874843097585,0.1256462954214803,0.6888124260997028
4.17,4.17,8.34,38.34,12.51,4.17,-1.7274655285832505,0.12594779695012903,0.6884015283198738
4.18,4.18,8.36,38.36,12.54,4.18,-1.7274435202351333,0.1262492946421885,0.6879907249193816
4.19,4.19,8.38,38.38,12.57,4.19,-1.7274214592660777,0.1265507884884745,0.6875800160500789
4.2,4.2,8.4,38.4,12.600000000000001,4.2,-1.7273993456767551,0.1268522784798031,0.6871694018637599
4.21,4.21,8.42,38.42,12.629999999999999,4.21,-1.7273771794678399,0.1271537646069903,0.6867588825121562
4.22,4.22,8.44,38.44,12.66,4.22,-1.7273549606400067,0.12745524686085233,0.6863484581469412
4.23,4.23,8.46,38.46,12.690000000000001,4.23,-1.7273326891939325,0.12775672523220558,0.6859381289197258
4.24,4.24,8.48,38.480000000000004,12.72,4.24,-1.7273103651302957,0.12805819971186716,0.6855278949820607
4.25,4.25,8.5,38.5,12.75,4.25,-1.7272879884497765,0.12835967029065137,0.6851177564854379
4.26,4.26,8.52,38.519999999999996,12.78,4.26,-1.7272655591530564,0.12866113695937723,0.6847077135812852
4.27,4.27,8.54,38.54,12.809999999999999,4.27,-1.7272430772408183,0.1289625997088615,0.6842977664209722
4.28,4.28,8.56,38.56,12.84,4.28,-1.727220542713748,0.1292640585299188,0.6838879151558083
4.29,4.29,8.58,38.58,12.870000000000001,4.29,-1.7271979555725308,0.1295655134133685,0.6834781599370391
4.3,4.3,8.6,38.6,12.899999999999999,4.3,-1.7271753158178553,0.12986696435002773,0.6830685009158511
4.31,4.31,8.62,38.62,12.93,4.31,-1.7271526234504113,0.13016841133071144,0.6826589382433719
4.32,4.32,8.640000000000002,38.64,12.960000000000003,4.32,-1.7271298784708897,0.13046985434623942,0.6822494720706639
4.33,4.33,8.66,38.66,12.99,4.33,-1.7271070808799838,0.1307712933874291,0.6818401025487307
4.34,4.34,8.68,38.68,13.02,4.34,-1.7270842306783876,0.13107272844509665,0.6814308298285161
4.35,4.35,8.7,38.7,13.049999999999999,4.35,-1.7270613278667972,0.13137415951005982,0.6810216540609013
4.36,4.36,8.72,38.72,13.080000000000002,4.36,-1.7270383724459106,0.13167558657313874,0.680612575396705
4.37,4.37,8.74,38.74,13.11,4.37,-1.7270153644164268,0.1319770096251492,0.6802035939866876
4.38,4.38,8.76,38.76,13.14,4.38,-1.7269923037790467,0.13227842865690928,0.6797947099815473
4.39,4.39,8.78,38.78,13.169999999999998,4.39,-1.7269691905344726,0.13257984365923875,0.6793859235319192
4.4,4.4,8.8,38.8,13.200000000000001,4.4,-1.7269460246834087,0.13288125462295602,0.6789772347883781
4.41,4.41,8.82,38.82,13.23,4.41,-1.7269228062265611,0.13318266153887728,0.6785686439014398
4.42,4.42,8.84,38.84,13.26,4.42,-1.7268995351646363,0.13348406439782345,0.6781601510215549
4.43,4.43,8.859999999999998,38.86,13.289999999999997,4.43,-1.7268762114983438,0.13378546319061327,0.6777517562991141
4.44,4.44,8.88,38.88,13.32,4.44,-1.7268528352283938,0.13408685790806407,0.6773434598844478
4.45,4.45,8.9,38.9,13.350000000000001,4.45,-1.7268294063554985,0.13438824854099485,0.6769352619278239
4.46,4.46,8.92,38.92,13.379999999999999,4.46,-1.7268059248803713,0.134689635080227,0.6765271625794469
4.47,4.47,8.94,38.94,13.41,4.47,-1.726782390803728,0.1349910175165775,0.6761191619894623
4.48,4.48,8.96,38.96,13.440000000000001,4.48,-1.7267588041262851,0.13529239584086572,0.6757112603079539
4.49,4.49,8.98,38.980000000000004,13.47,4.49,-1.7267351648487612,0.13559377004391338,0.67530345768494
4.5,4.5,9.0,39.0,13.5,4.5,-1.7267114729718762,0.1358951401165379,0.6748957542703821
4.51,4.51,9.02,39.019999999999996,13.53,4.51,-1.726687728496352,0.13619650604955968,0.674488150214177
4.52,4.52,9.04,39.04,13.559999999999999,4.52,-1.726663931422912,0.1364978678337987,0.6740806456661593
4.53,4.53,9.06,39.06,13.59,4.53,-1.726640081752281,0.13679922546007486,0.6736732407761035
4.54,4.54,9.08,39.08,13.620000000000001,4.54,-1.7266161794851853,0.13710057891920832,0.6732659356937207
4.55,4.55,9.1,39.1,13.649999999999999,4.55,-1.7265922246223533,0.13740192820201935,0.6728587305686604
4.56,4.56,9.12,39.12,13.68,4.56,-1.7265682171645145,0.13770327329932833,0.6724516255505103
4.57,4.57,9.140000000000002,39.14,13.710000000000003,4.57,-1.7265441571124005,0.1380046142019557,0.6720446207887951
4.58,4.58,9.16,39.16,13.74,4.58,-1.7265200444667437,0.1383059509007229,0.6716377164329781
4.59,4.59,9.18,39.18,13.77,4.59,-1.7264958792282792,0.1386072833864484,0.6712309126324615
4.6,4.6,9.2,39.2,13.799999999999999,4.6,-1.7264716613977424,0.13890861164995538,0.6708242095365826
4.61,4.61,9.22,39.22,13.830000000000002,4.61,-1.726447390975872,0.13920993568206483,0.6704176072946175
4.62,4.62,9.24,39.24,13.86,4.62,-1.7264230679634065,0.13951125547359566,0.6700111060557817
4.63,4.63,9.26,39.26,13.89,4.63,-1.7263986923610872,0.13981257101537134,0.6696047059692258
4.64,4.64,9.28,39.28,13.919999999999998,4.64,-1.7263742641696562,0.14011388229821262,0.6691984071840391
4.65,4.65,9.3,39.3,13.950000000000001,4.65,-1.7263497833898582,0.14041518931294095,0.6687922098492487
4.66,4.66,9.32,39.32,13.98,4.66,-1.7263252500224389,0.14071649205037803,0.6683861141138178
4.67,4.67,9.34,39.34,14.01,4.67,-1.7263006640681449,0.14101779050134564,0.6679801201266493
4.68,4.68,9.359999999999998,39.36,14.039999999999997,4.68,-1.7262760255277259,0.14131908465666648,0.6675742280365807
4.69,4.69,9.38,39.38,14.07,4.69,-1.7262513344019321,0.14162037450716033,0.6671684379923908
4.7,4.7,9.4,39.4,14.100000000000001,4.7,-1.7262265906915157,0.14192166004365164,0.6667627501427906
4.71,4.71,9.42,39.42,14.129999999999999,4.71,-1.7262017943972305,0.14222294125696272,0.6663571646364318
4.72,4.72,9.44,39.44,14.16,4.72,-1.7261769455198317,0.14252421813791374,0.6659516816219039
4.73,4.73,9.46,39.46,14.190000000000001,4.73,-1.7261520440600762,0.14282549067732958,0.6655463012477302
4.74,4.74,9.48,39.480000000000004,14.22,4.74,-1.7261270900187227,0.14312675886603296,0.6651410236623727
4.75,4.75,9.5,39.5,14.25,4.75,-1.7261020833965317,0.14342802269484442,0.6647358490142331
4.76,4.76,9.52,39.519999999999996,14.28,4.76,-1.726077024194264,0.14372928215458927,0.6643307774516461
4.77,4.77,9.54,39.54,14.309999999999999,4.77,-1.7260519124126836,0.14403053723609052,0.6639258091228847
4.78,4.78,9.56,39.56,14.34,4.78,-1.7260267480525555,0.14433178793016999,0.6635209441761606
4.79,4.79,9.58,39.58,14.370000000000001,4.79,-1.7260015311146462,0.14463303422765103,0.6631161827596209
4.8,4.8,9.6,39.6,14.399999999999999,4.8,-1.7259762615997236,0.14493427611935944,0.6627115250213479
4.81,4.81,9.62,39.62,14.43,4.81,-1.7259509395085573,0.14523551359611656,0.6623069711093644
4.82,4.82,9.640000000000002,39.64,14.460000000000003,4.82,-1.7259255648419194,0.14553674664874622,0.6619025211716271
4.83,4.83,9.66,39.66,14.49,4.83,-1.725900137600582,0.14583797526807454,0.6614981753560296
4.84,4.84,9.68,39.68,14.52,4.84,-1.7258746577853203,0.14613919944492335,0.6610939338104038
4.85,4.85,9.7,39.7,14.549999999999999,4.85,-1.7258491253969102,0.14644041917011685,0.6606897966825176
4.86,4.86,9.72,39.72,14.580000000000002,4.86,-1.7258235404361295,0.1467416344344816,0.6602857641200731
4.87,4.87,9.74,39.74,14.61,4.87,-1.7257979029037573,0.14704284522883979,0.6598818362707128
4.88,4.88,9.76,39.76,14.64,4.88,-1.7257722128005752,0.1473440515440168,0.6594780132820133
4.89,4.89,9.78,39.78,14.669999999999998,4.89,-1.7257464701273653,0.14764525337083656,0.6590742953014884
4.9,4.9,9.8,39.8,14.700000000000001,4.9,-1.7257206748849117,0.14794645070012624,0.6586706824765867
4.91,4.91,9.82,39.82,14.73,4.91,-1.7256948270740002,0.14824764352270858,0.6582671749546958
4.92,4.92,9.84,39.84,14.76,4.92,-1.7256689266954186,0.1485488318294087,0.6578637728831384
4.93,4.93,9.859999999999998,39.86,14.789999999999997,4.93,-1.7256429737499552,0.14885001561105418,0.6574604764091715
4.94,4.94,9.88,39.88,14.82,4.94,-1.725616968238401,0.14915119485846812,0.657057285679992
4.95,4.95,9.9,39.9,14.850000000000001,4.95,-1.7255909101615483,0.14945236956247687,0.6566542008427303
4.96,4.96,9.92,39.92,14.879999999999999,4.96,-1.7255647995201904,0.1497535397139061,0.656251222044454
4.97,4.97,9.94,39.94,14.91,4.97,-1.725538636315123,0.15005470530358164,0.6558483494321659
4.98,4.98,9.96,39.96,14.940000000000001,4.98,-1.7255124205471433,0.1503558663223295,0.6554455831528059
4.99,4.99,9.98,39.980000000000004,14.97,4.99,-1.7254861522170495,0.15065702276097578,0.6550429233532485
5.0,5.0,10.0,40.0,15.0,5.0,-1.7254598313256417,0.1509581746103467,0.6546403701803066
5.01,5.01,10.02,40.019999999999996,15.03,5.01,-1.7254334578737218,0.15125932186126864,0.6542379237807263
5.02,5.02,10.04,40.04,15.059999999999999,5.02,-1.7254070318620933,0.15156046450456895,0.65383558430119
5.03,5.03,10.06,40.06,15.09,5.03,-1.7253805532915614,0.15186160253107198,0.6534333518883189
5.04,5.04,10.08,40.08,15.120000000000001,5.04,-1.7253540221629322,0.15216273593160684,0.653031226688665
5.05,5.05,10.1,40.1,15.149999999999999,5.05,-1.725327438477014,0.15246386469700046,0.6526292088487194
5.06,5.06,10.12,40.12,15.18,5.06,-1.7253008022346168,0.15276498881807765,0.6522272985149097
5.07,5.07,10.140000000000002,40.14,15.210000000000003,5.07,-1.7252741134365517,0.15306610828566797,0.6518254958335958
5.08,5.08,10.16,40.16,15.24,5.08,-1.725247372083632,0.15336722309059875,0.6514238009510744
5.09,5.09,10.18,40.18,15.27,5.09,-1.725220578176672,0.15366833322369525,0.6510222140135806
5.1,5.1,10.2,40.2,15.299999999999999,5.1,-1.7251937317164883,0.15396943867578738,0.6506207351672807
5.11,5.11,10.22,40.22,15.330000000000002,5.11,-1.725166832703898,0.154270539437703,0.6502193645582783
5.12,5.12,10.24,40.24,15.36,5.12,-1.7251398811397212,0.1545716355002685,0.6498181023326137
5.13,5.13,10.26,40.26,15.39,5.13,-1.7251128770247788,0.15487272685431197,0.6494169486362612
5.14,5.14,10.28,40.28,15.419999999999998,5.14,-1.7250858203598929,0.15517381349066314,0.64901590361513
5.15,5.15,10.3,40.3,15.450000000000001,5.15,-1.725058711145888,0.15547489540015047,0.6486149674150641
5.16,5.16,10.32,40.32,15.48,5.16,-1.72503154938359,0.1557759725736001,0.6482141401818464
5.17,5.17,10.34,40.34,15.51,5.17,-1.725004335073826,0.15607704500184302,0.6478134220611904
5.18,5.18,10.359999999999998,40.36,15.539999999999997,5.18,-1.7249770682174252,0.15637811267570806,0.6474128131987464
5.19,5.19,10.38,40.38,15.57,5.19,-1.7249497488152181,0.15667917558602185,0.6470123137401022
5.2,5.2,10.4,40.4,15.600000000000001,5.2,-1.724922376868037,0.15698023372361578,0.6466119238307764
5.21,5.21,10.42,40.42,15.629999999999999,5.21,-1.7248949523767159,0.15728128707931915,0.646211643616225
5.22,5.22,10.44,40.44,15.66,5.22,-1.7248674753420896,0.1575823356439598,0.6458114732418396
5.23,5.23,10.46,40.46,15.690000000000001,5.23,-1.7248399457649957,0.1578833794083672,0.6454114128529462
5.24,5.24,10.48,40.480000000000004,15.72,5.24,-1.7248123636462724,0.15818441836337338,0.6450114625948031
5.25,5.25,10.5,40.5,15.75,5.25,-1.72478472898676,0.1584854524998059,0.6446116226126078
5.26,5.26,10.52,40.519999999999996,15.78,5.26,-1.7247570417873006,0.15878648180849467,0.6442118930514897
5.27,5.27,10.54,40.54,15.809999999999999,5.27,-1.7247293020487373,0.15908750628027216,0.6438122740565125
5.28,5.28,10.56,40.56,15.84,5.28,-1.724701509771915,0.1593885259059663,0.6434127657726775
5.29,5.29,10.58,40.58,15.870000000000001,5.29,-1.7246736649576804,0.1596895406764076,0.6430133683449182
5.3,5.3,10.6,40.6,15.899999999999999,5.3,-1.7246457676068818,0.1599905505824288,0.6426140819181025
5.31,5.31,10.62,40.62,15.93,5.31,-1.724617817720369,0.16029155561485842,0.6422149066370348
5.32,5.32,10.640000000000002,40.64,15.960000000000003,5.32,-1.7245898152989934,0.16059255576452802,0.641815842646453
5.33,5.33,10.66,40.66,15.99,5.33,-1.724561760343608,0.16089355102226863,0.6414168900910289
5.34,5.34,10.68,40.68,16.02,5.34,-1.7245336528550674,0.16119454137891143,0.6410180491153691
5.35,5.35,10.7,40.7,16.049999999999997,5.35,-1.7245054928342276,0.1614955268252877,0.6406193198640154
5.36,5.36,10.72,40.72,16.080000000000002,5.36,-1.7244772802819466,0.16179650735222895,0.6402207024814432
5.37,5.37,10.74,40.74,16.11,5.37,-1.724449015199084,0.16209748295056672,0.6398221971120621
5.38,5.38,10.76,40.76,16.14,5.38,-1.7244206975865002,0.16239845361113278,0.6394238039002162
5.39,5.39,10.78,40.78,16.169999999999998,5.39,-1.7243923274450585,0.16269941932475834,0.6390255229901841
5.4,5.4,10.8,40.8,16.200000000000003,5.4,-1.7243639047756227,0.1630003800822777,0.6386273545261769
5.41,5.41,10.82,40.82,16.23,5.41,-1.7243354295790587,0.16330133587452078,0.6382292986523429
5.42,5.42,10.84,40.84,16.259999999999998,5.42,-1.7243069018562338,0.16360228669232071,0.6378313555127619
5.43,5.43,10.859999999999998,40.86,16.29,5.43,-1.724278321608017,0.16390323252651,0.6374335252514487
5.44,5.44,10.88,40.88,16.32,5.44,-1.7242496888352792,0.16420417336792137,0.6370358080123518
5.45,5.45,10.9,40.9,16.35,5.45,-1.7242210035388923,0.16450510920738756,0.6366382039393541
5.46,5.46,10.92,40.92,16.38,5.46,-1.7241922657197302,0.16480604003574234,0.6362407131762718
5.47,5.47,10.94,40.94,16.41,5.47,-1.7241634753786685,0.1651069658438165,0.6358433358668562
5.48,5.48,10.96,40.96,16.44,5.48,-1.7241346325165838,0.16540788662244568,0.6354460721547904
5.49,5.49,10.98,40.980000000000004,16.47,5.49,-1.7241057371343549,0.16570880236246327,0.6350489221836924
5.5,5.5,11.0,41.0,16.5,5.5,-1.7240767892328623,0.16600971305470058,0.6346518860971152
5.51,5.51,11.02,41.019999999999996,16.53,5.51,-1.7240477888129875,0.16631061868999358,0.6342549640385428
5.52,5.52,11.04,41.04,16.56,5.52,-1.7240187358756136,0.16661151925917625,0.6338581561513943
5.53,5.53,11.06,41.06,16.59,5.53,-1.7239896304216262,0.16691241475308027,0.6334614625790238
5.54,5.54,11.08,41.08,16.62,5.54,-1.7239604724519118,0.16721330516254215,0.633064883464716
5.55,5.55,11.1,41.1,16.65,5.55,-1.723931261967358,0.16751419047839625,0.6326684189516908
5.56,5.56,11.12,41.12,16.68,5.56,-1.723901998968855,0.16781507069147558,0.632272069183102
5.57,5.57,11.140000000000002,41.14,16.71,5.57,-1.7238726834572946,0.16811594579261474,0.6318758343020369
5.58,5.58,11.16,41.16,16.740000000000002,5.58,-1.7238433154335695,0.16841681577265089,0.631479714451513
5.59,5.59,11.18,41.18,16.77,5.59,-1.723813894898574,0.16871768062241668,0.6310837097744858
5.6,5.6,11.2,41.2,16.799999999999997,5.6,-1.7237844218532046,0.16901854033274732,0.6306878204138421
5.61,5.61,11.22,41.22,16.830000000000002,5.61,-1.723754896298359,0.1693193948944803,0.6302920465123996
5.62,5.62,11.24,41.24,16.86,5.62,-1.7237253182349368,0.16962024429844882,0.6298963882129136
5.63,5.63,11.26,41.26,16.89,5.63,-1.723695687663839,0.16992108853548846,0.6295008456580699
5.64,5.64,11.28,41.28,16.919999999999998,5.64,-1.7236660045859675,0.17022192759643653,0.6291054189904873
5.65,5.65,11.3,41.3,16.950000000000003,5.65,-1.7236362690022276,0.17052276147212894,0.6287101083527177
5.66,5.66,11.32,41.32,16.98,5.66,-1.723606480913524,0.17082359015340023,0.6283149138872484
5.67,5.67,11.34,41.34,17.009999999999998,5.67,-1.7235766403207653,0.17112441363108666,0.6279198357364967
5.68,5.68,11.359999999999998,41.36,17.04,5.68,-1.7235467472248593,0.17142523189602688,0.6275248740428137
5.69,5.69,11.38,41.38,17.07,5.69,-1.7235168016267173,0.17172604493905516,0.6271300289484849
5.7,5.7,11.4,41.4,17.1,5.7,-1.7234868035272515,0.17202685275100824,0.6267353005957271
5.71,5.71,11.42,41.42,17.13,5.71,-1.7234567529273752,0.17232765532272523,0.6263406891266895
5.72,5.72,11.44,41.44,17.16,5.72,-1.7234266498280044,0.17262845264504093,0.6259461946834558
5.73,5.73,11.46,41.46,17.19,5.73,-1.7233964942300557,0.17292924470879248,0.6255518174080421
5.74,5.74,11.48,41.480000000000004,17.22,5.74,-1.7233662861344476,0.17323003150481953,0.6251575574423948
5.75,5.75,11.5,41.5,17.25,5.75,-1.7233360255421006,0.17353081302395731,0.6247634149283963
5.76,5.76,11.52,41.519999999999996,17.28,5.76,-1.7233057124539366,0.17383158925704428,0.6243693900078596
5.77,5.77,11.54,41.54,17.31,5.77,-1.7232753468708786,0.1741323601949182,0.623975482822531
5.78,5.78,11.56,41.56,17.34,5.78,-1.7232449287938518,0.17443312582841713,0.6235816935140888
5.79,5.79,11.58,41.58,17.37,5.79,-1.7232144582237827,0.1747338861483792,0.623188022224144
5.8,5.8,11.6,41.6,17.4,5.8,-1.7231839351615996,0.17503464114564274,0.6227944690942404
5.81,5.81,11.62,41.62,17.43,5.81,-1.723153359608232,0.1753353908110462,0.6224010342658538
5.82,5.82,11.640000000000002,41.64,17.46,5.82,-1.7231227315646118,0.17563613513542825,0.6220077178803921
5.83,5.83,11.66,41.66,17.490000000000002,5.83,-1.7230920510316716,0.17593687410962844,0.6216145200791959
5.84,5.84,11.68,41.68,17.52,5.84,-1.723061318010346,0.17623760772448346,0.6212214410035389
5.85,5.85,11.7,41.7,17.549999999999997,5.85,-1.7230305325015713,0.1765383359708347,0.6208284807946252
5.86,5.86,11.72,41.72,17.580000000000002,5.86,-1.722999694506285,0.1768390588395215,0.6204356395935914
5.87,5.87,11.74,41.74,17.61,5.87,-1.7229688040254272,0.17713977632138103,0.6200429175415084
5.88,5.88,11.76,41.76,17.64,5.88,-1.722937861059938,0.17744048840725515,0.6196503147793768
5.89,5.89,11.78,41.78,17.669999999999998,5.89,-1.7229068656107605,0.17774119508798292,0.6192578314481298
5.9,5.9,11.8,41.8,17.700000000000003,5.9,-1.7228758176788388,0.17804189635440423,0.6188654676886332
5.91,5.91,11.82,41.82,17.73,5.91,-1.7228447172651185,0.1783425921973593,0.6184732236416841
5.92,5.92,11.84,41.84,17.759999999999998,5.92,-1.7228135643705471,0.17864328260768836,0.6180810994480124
5.93,5.93,11.859999999999998,41.86,17.79,5.93,-1.7227823589960733,0.17894396757623257,0.6176890952482788
5.94,5.94,11.88,41.88,17.82,5.94,-1.7227511011426484,0.1792446470938303,0.6172972111830769
5.95,5.95,11.9,41.9,17.85,5.95,-1.722719790811224,0.17954532115132465,0.6169054473929313
5.96,5.96,11.92,41.92,17.88,5.96,-1.7226884280027537,0.17984598973955654,0.616513804018298
5.97,5.97,11.94,41.94,17.91,5.97,-1.7226570127181935,0.18014665284936476,0.6161222811995666
5.98,5.98,11.96,41.96,17.94,5.98,-1.7226255449584997,0.1804473104715929,0.6157308790770561
5.99,5.99,11.98,41.980000000000004,17.97,5.99,-1.7225940247246312,0.1807479625970824,0.6153395977910178
6.0,6.0,12.0,42.0,18.0,6.0,-1.7225624520175482,0.18104860921667337,0.6149484374816357
6.01,6.01,12.02,42.019999999999996,18.03,6.01,-1.7225308268382125,0.18134925032120755,0.6145573982890256
6.02,6.02,12.04,42.04,18.06,6.02,-1.722499149187587,0.18164988590152922,0.6141664803532305
6.03,6.03,12.06,42.06,18.09,6.03,-1.7224674190666371,0.18195051594847816,0.6137756838142308
6.04,6.04,12.08,42.08,18.12,6.04,-1.7224356364763296,0.1822511404528967,0.6133850088119351
6.05,6.05,12.1,42.1,18.15,6.05,-1.7224038014176317,0.18255175940562957,0.6129944554861825
6.06,6.06,12.12,42.12,18.18,6.06,-1.7223719138915141,0.1828523727975171,0.6126040239767463
6.07,6.07,12.140000000000002,42.14,18.21,6.07,-1.722339973898948,0.18315298061940205,0.6122137144233294
6.08,6.08,12.16,42.16,18.240000000000002,6.08,-1.7223079814409057,0.18345358286212973,0.6118235269655647
6.09,6.09,12.18,42.18,18.27,6.09,-1.7222759365183624,0.18375417951654097,0.6114334617430193
6.1,6.1,12.2,42.2,18.299999999999997,6.1,-1.7222438391322943,0.18405477057347977,0.611043518895189
6.11,6.11,12.22,42.22,18.330000000000002,6.11,-1.7222116892836785,0.1843553560237897,0.6106536985615019
6.12,6.12,12.24,42.24,18.36,6.12,-1.722179486973495,0.18465593585831433,0.6102640008813167
6.13,6.13,12.26,42.26,18.39,6.13,-1.722147232202724,0.18495651006789748,0.6098744259939235
6.14,6.14,12.28,42.28,18.419999999999998,6.14,-1.722114924972349,0.18525707864338245,0.6094849740385428
6.15,6.15,12.3,42.3,18.450000000000003,6.15,-1.7220825652833534,0.1855576415756156,0.6090956451543261
6.16,6.16,12.32,42.32,18.48,6.16,-1.7220501531367232,0.185858198855439,0.6087064394803571
6.17,6.17,12.34,42.34,18.509999999999998,6.17,-1.722017688533446,0.18615875047369718,0.6083173571556488
6.18,6.18,12.359999999999998,42.36,18.54,6.18,-1.7219851714745098,0.18645929642123704,0.607928398319145
6.19,6.19,12.38,42.38,18.57,6.19,-1.7219526019609062,0.1867598366889012,0.6075395631097219
6.2,6.2,12.4,42.4,18.6,6.2,-1.7219199799936267,0.18706037126753539,0.607150851666185
6.21,6.21,12.42,42.42,18.63,6.21,-1.7218873055736652,0.18736090014798484,0.6067622641272707
6.22,6.22,12.44,42.44,18.66,6.22,-1.721854578702017,0.18766142332109492,0.6063738006316465
6.23,6.23,12.46,42.46,18.69,6.23,-1.721821799379679,0.18796194077771117,0.60598546131791
6.24,6.24,12.48,42.480000000000004,18.72,6.24,-1.72178896760765,0.18826245250867926,0.6055972463245897
6.25,6.25,12.5,42.5,18.75,6.25,-1.7217560833869296,0.1885629585048451,0.6052091557901448
6.26,6.26,12.52,42.519999999999996,18.78,6.26,-1.72172314671852,0.18886345875705482,0.6048211898529646
6.27,6.27,12.54,42.54,18.81,6.27,-1.7216901576034238,0.18916395325615531,0.6044333486513682
6.28,6.28,12.56,42.56,18.84,6.28,-1.7216571160426468,0.1894644419929908,0.6040456323236074
6.29,6.29,12.58,42.58,18.87,6.29,-1.7216240220371952,0.1897649249584101,0.6036580410078617
6.3,6.3,12.6,42.6,18.9,6.3,-1.7215908755880767,0.19006540214326,0.6032705748422419
6.31,6.31,12.62,42.62,18.93,6.31,-1.7215576766963014,0.19036587353838516,0.6028832339647905
6.32,6.32,12.640000000000002,42.64,18.96,6.32,-1.7215244253628805,0.19066633913463496,0.6024960185134778
6.33,6.33,12.66,42.66,18.990000000000002,6.33,-1.7214911215888267,0.19096679892285673,0.6021089286262052
6.34,6.34,12.68,42.68,19.02,6.34,-1.721457765375155,0.19126725289389562,0.6017219644408061
6.35,6.35,12.7,42.7,19.049999999999997,6.35,-1.721424356722881,0.1915677010386016,0.6013351260950406
6.36,6.36,12.72,42.72,19.080000000000002,6.36,-1.7213908956330224,0.19186814334782246,0.6009484137266012
6.37,6.37,12.74,42.74,19.11,6.37,-1.7213573821065988,0.19216857981240468,0.6005618274731108
6.38,6.38,12.76,42.76,19.14,6.38,-1.721323816144631,0.19246901042319647,0.6001753674721211
6.39,6.39,12.78,42.78,19.169999999999998,6.39,-1.721290197748141,0.19276943517104772,0.5997890338611132
6.4,6.4,12.8,42.8,19.200000000000003,6.4,-1.7212565269181537,0.19306985404680693,0.5994028267774985
6.41,6.41,12.82,42.82,19.23,6.41,-1.721222803655694,0.19337026704132057,0.599016746358621
6.42,6.42,12.84,42.84,19.259999999999998,6.42,-1.7211890279617896,0.1936706741454398,0.5986307927417499
6.43,6.43,12.859999999999998,42.86,19.29,6.43,-1.7211551998374692,0.19397107535001368,0.598244966064087
6.44,6.44,12.88,42.88,19.32,6.44,-1.7211213192837636,0.19427147064589,0.5978592664627639
6.45,6.45,12.9,42.9,19.35,6.45,-1.7210873863017044,0.19457186002391813,0.5974736940748419
6.46,6.46,12.92,42.92,19.38,6.46,-1.7210534008923253,0.19487224347495002,0.5970882490373093
6.47,6.47,12.94,42.94,19.41,6.47,-1.721019363056662,0.19517262098983318,0.5967029314870875
6.48,6.48,12.96,42.96,19.44,6.48,-1.7209852727957509,0.19547299255941752,0.5963177415610267
6.49,6.49,12.98,42.980000000000004,19.47,6.49,-1.7209511301106306,0.1957733581745556,0.5959326793959037
6.5,6.5,13.0,43.0,19.5,6.5,-1.7209169350023412,0.19607371782609537,0.5955477451284291
6.51,6.51,13.02,43.019999999999996,19.53,6.51,-1.7208826874719243,0.1963740715048874,0.5951629388952406
6.52,6.52,13.04,43.04,19.56,6.52,-1.7208483875204232,0.19667441920178466,0.5947782608329039
6.53,6.53,13.06,43.06,19.59,6.53,-1.7208140351488823,0.19697476090763577,0.5943937110779182
6.54,6.54,13.08,43.08,19.62,6.54,-1.720779630358349,0.19727509661329257,0.5940092897667077
6.55,6.55,13.1,43.1,19.65,6.55,-1.7207451731498704,0.19757542630960626,0.5936249970356287
6.56,6.56,13.12,43.12,19.68,6.56,-1.7207106635244962,0.19787574998742832,0.5932408330209659
6.57,6.57,13.140000000000002,43.14,19.71,6.57,-1.7206761014832783,0.19817606763761036,0.5928567978589324
6.58,6.58,13.16,43.16,19.740000000000002,6.58,-1.720641487027269,0.1984763792510042,0.5924728916856714
6.59,6.59,13.18,43.18,19.77,6.59,-1.7206068201575226,0.19877668481846175,0.5920891146372554
6.6,6.6,13.2,43.2,19.799999999999997,6.6,-1.7205721008750956,0.1990769843308353,0.5917054668496853
6.61,6.61,13.22,43.22,19.830000000000002,6.61,-1.720537329181045,0.19937727777897785,0.5913219484588904
6.62,6.62,13.24,43.24,19.86,6.62,-1.7205025050764309,0.19967756515373972,0.5909385596007318
6.63,6.63,13.26,43.26,19.89,6.63,-1.720467628562313,0.19997784644597585,0.5905553004109961
6.64,6.64,13.28,43.28,19.919999999999998,6.64,-1.7204326996397545,0.2002781216465385,0.5901721710254006
6.65,6.65,13.3,43.3,19.950000000000003,6.65,-1.7203977183098191,0.20057839074628067,0.5897891715795912
6.66,6.66,13.32,43.32,19.98,6.66,-1.7203626845735724,0.20087865373605565,0.5894063022091431
6.67,6.67,13.34,43.34,20.009999999999998,6.67,-1.7203275984320818,0.20117891060671697,0.5890235630495593
6.68,6.68,13.359999999999998,43.36,20.04,6.68,-1.720292459886416,0.2014791613491182,0.5886409542362722
6.69,6.69,13.38,43.38,20.07,6.69,-1.720257268937645,0.20177940595411323,0.5882584759046429
6.7,6.7,13.4,43.4,20.1,6.7,-1.7202220255868412,0.2020796444125561,0.5878761281899609
6.71,6.71,13.42,43.42,20.13,6.71,-1.720186729835078,0.20237987671530172,0.5874939112274438
6.72,6.72,13.44,43.44,20.16,6.72,-1.7201513816834306,0.2026801028532023,0.5871118251522405
6.73,6.73,13.46,43.46,20.19,6.73,-1.7201159811329758,0.2029803228171146,0.5867298700994246
6.74,6.74,13.48,43.480000000000004,20.22,6.74,-1.7200805281847917,0.2032805365978935,0.5863480462039996
6.75,6.75,13.5,43.5,20.25,6.75,-1.7200450228399589,0.2035807441863916,0.5859663536009001
6.76,6.76,13.52,43.519999999999996,20.28,6.76,-1.7200094650995585,0.2038809455734664,0.5855847924249846
6.77,6.77,13.54,43.54,20.31,6.77,-1.7199738549646733,0.20418114074997323,0.5852033628110431
6.78,6.78,13.56,43.56,20.34,6.78,-1.719938192436389,0.20448132970676527,0.5848220648937934
6.79,6.79,13.58,43.58,20.37,6.79,-1.7199024775157912,0.20478151243470066,0.5844408988078809
6.8,6.8,13.6,43.6,20.4,6.8,-1.7198667102039678,0.20508168892463519,0.5840598646878794
6.81,6.81,13.62,43.62,20.43,6.81,-1.7198308905020088,0.2053818591674235,0.5836789626682918
6.82,6.82,13.640000000000002,43.64,20.46,6.82,-1.7197950184110051,0.20568202315392184,0.5832981928835488
6.83,6.83,13.66,43.66,20.490000000000002,6.83,-1.7197590939320493,0.20598218087498904,0.5829175554680073
6.84,6.84,13.68,43.68,20.52,6.84,-1.7197231170662357,0.2062823323214794,0.5825370505559561
6.85,6.85,13.7,43.7,20.549999999999997,6.85,-1.7196870878146608,0.20658247748424985,0.5821566782816089
6.86,6.86,13.72,43.72,20.580000000000002,6.86,-1.7196510061784214,0.20688261635415972,0.5817764387791078
6.87,6.87,13.74,43.74,20.61,6.87,-1.719614872158617,0.20718274892206395,0.5813963321825245
6.88,6.88,13.76,43.76,20.64,6.88,-1.7195786857563482,0.20748287517882,0.5810163586258582
6.89,6.89,13.78,43.78,20.669999999999998,6.89,-1.7195424469727174,0.20778299511528706,0.580636518243034
6.9,6.9,13.8,43.8,20.700000000000003,6.9,-1.719506155808828,0.20808310872232286,0.5802568111679066
6.91,6.91,13.82,43.82,20.73,6.91,-1.719469812265786,0.20838321599078397,0.5798772375342589
6.92,6.92,13.84,43.84,20.759999999999998,6.92,-1.7194334163446987,0.20868331691152855,0.5794977974758012
6.93,6.93,13.859999999999998,43.86,20.79,6.93,-1.719396968046674,0.20898341147541735,0.5791184911261696
6.94,6.94,13.88,43.88,20.82,6.94,-1.719360467372823,0.20928349967330662,0.5787393186189308
6.95,6.95,13.9,43.9,20.85,6.95,-1.7193239143242574,0.20958358149605522,0.5783602800875783
6.96,6.96,13.92,43.92,20.88,6.96,-1.7192873089020901,0.20988365693452432,0.577981375665531
6.97,6.97,13.94,43.94,20.91,6.97,-1.7192506511074366,0.2101837259795709,0.5776026054861387
6.98,6.98,13.96,43.96,20.94,6.98,-1.7192139409414133,0.21048378862205508,0.5772239696826772
6.99,6.99,13.98,43.980000000000004,20.97,6.99,-1.7191771784051388,0.21078384485283638,0.5768454683883489
7.0,7.0,14.0,44.0,21.0,7.0,-1.719140363499733,0.21108389466277463,0.5764671017362849
7.01,7.01,14.02,44.019999999999996,21.03,7.01,-1.7191034962263172,0.21138393804272976,0.5760888698595434
7.02,7.02,14.04,44.04,21.06,7.02,-1.719066576586014,0.21168397498356192,0.5757107728911102
7.03,7.03,14.06,44.06,21.09,7.03,-1.7190296045799487,0.21198400547613147,0.5753328109638977
7.04,7.04,14.08,44.08,21.12,7.04,-1.7189925802092474,0.21228402951129896,0.574954984210746
7.05,7.05,14.1,44.1,21.15,7.05,-1.7189555034750374,0.2125840470799259,0.5745772927644225
7.06,7.06,14.12,44.12,21.18,7.06,-1.7189183743784489,0.21288405817287093,0.5741997367576229
7.07,7.07,14.140000000000002,44.14,21.21,7.07,-1.7188811929206125,0.21318406278099747,0.5738223163229674
7.08,7.08,14.16,44.16,21.240000000000002,7.08,-1.7188439591026605,0.2134840608951669,0.5734450315930053
7.09,7.09,14.18,44.18,21.27,7.09,-1.7188066729257276,0.21378405250623844,0.5730678827002138
7.1,7.1,14.2,44.2,21.299999999999997,7.1,-1.7187693343909496,0.2140840376050761,0.5726908697769943
7.11,7.11,14.22,44.22,21.330000000000002,7.11,-1.7187319434994635,0.21438401618254185,0.5723139929556776
7.12,7.12,14.24,44.24,21.36,7.12,-1.718694500252409,0.2146839882294955,0.5719372523685213
7.13,7.13,14.26,44.26,21.39,7.13,-1.7186570046509257,0.21498395373680165,0.5715606481477087
7.14,7.14,14.28,44.28,21.419999999999998,7.14,-1.7186194566961566,0.2152839126953221,0.5711841804253502
7.15,7.15,14.3,44.3,21.450000000000003,7.15,-1.718581856389245,0.21558386509592034,0.5708078493334843
7.16,7.16,14.32,44.32,21.48,7.16,-1.7185442037313365,0.21588381092945697,0.5704316550040758
7.17,7.17,14.34,44.34,21.509999999999998,7.17,-1.7185064987235783,0.21618375018679745,0.5700555975690151
7.18,7.18,14.359999999999998,44.36,21.54,7.18,-1.7184687413671182,0.21648368285880512,0.5696796771601202
7.19,7.19,14.38,44.38,21.57,7.19,-1.7184309316631072,0.21678360893634116,0.5693038939091374
7.2,7.2,14.4,44.4,21.6,7.2,-1.7183930696126968,0.21708352841027162,0.5689282479477359
7.21,7.21,14.42,44.42,21.63,7.21,-1.7183551552170397,0.21738344127146042,0.5685527394075149
7.22,7.22,14.44,44.44,21.66,7.22,-1.718317188477292,0.21768334751076943,0.5681773684199996
7.23,7.23,14.46,44.46,21.69,7.23,-1.7182791693946093,0.21798324711906528,0.5678021351166399
7.24,7.24,14.48,44.480000000000004,21.72,7.24,-1.71824109797015,0.21828314008721242,0.5674270396288136
7.25,7.25,14.5,44.5,21.75,7.25,-1.7182029742050737,0.21858302640607416,0.5670520820878254
7.26,7.26,14.52,44.519999999999996,21.78,7.26,-1.7181647981005421,0.2188829060665154,0.5666772626249058
7.27,7.27,14.54,44.54,21.81,7.27,-1.7181265696577177,0.21918277905940356,0.5663025813712104
7.28,7.28,14.56,44.56,21.84,7.28,-1.7180882888777653,0.2194826453756017,0.5659280384578238
7.29,7.29,14.58,44.58,21.87,7.29,-1.718049955761851,0.21978250500597543,0.5655536340157555
7.3,7.3,14.6,44.6,21.9,7.3,-1.718011570311142,0.22008235794139272,0.5651793681759398
7.31,7.31,14.62,44.62,21.93,7.31,-1.7179731325268084,0.22038220417271723,0.5648052410692401
7.32,7.32,14.640000000000002,44.64,21.96,7.32,-1.7179346424100206,0.2206820436908152,0.5644312528264445
7.33,7.33,14.66,44.66,21.990000000000002,7.33,-1.7178960999619506,0.22098187648655523,0.5640574035782663
7.34,7.34,14.68,44.68,22.02,7.34,-1.7178575051837734,0.22128170255080162,0.5636836934553465
7.35,7.35,14.7,44.7,22.049999999999997,7.35,-1.7178188580766642,0.22158152187442187,0.563310122588252
7.36,7.36,14.72,44.72,22.080000000000002,7.36,-1.7177801586418004,0.22188133444828298,0.5629366911074747
7.37,7.37,14.74,44.74,22.11,7.37,-1.7177414068803607,0.22218114026325217,0.5625633991434333
7.38,7.38,14.76,44.76,22.14,7.38,-1.7177026027935254,0.22248093931019683,0.5621902468264727
7.39,7.39,14.78,44.78,22.169999999999998,7.39,-1.717663746382477,0.22278073157998377,0.5618172342868627
7.4,7.4,14.8,44.8,22.200000000000003,7.4,-1.717624837648399,0.22308051706348309,0.5614443616547988
7.41,7.41,14.82,44.82,22.23,7.41,-1.717585876592476,0.22338029575156046,0.5610716290604043
7.42,7.42,14.84,44.84,22.259999999999998,7.42,-1.7175468632158961,0.2236800676350842,0.5606990366337266
7.43,7.43,14.859999999999998,44.86,22.29,7.43,-1.7175077975198463,0.22397983270492497,0.5603265845047385
7.44,7.44,14.88,44.88,22.32,7.44,-1.7174686795055176,0.22427959095194913,0.5599542728033402
7.45,7.45,14.9,44.9,22.35,7.45,-1.717429509174101,0.22457934236702629,0.5595821016593572
7.46,7.46,14.92,44.92,22.38,7.46,-1.7173902865267903,0.22487908694102546,0.5592100712025386
7.47,7.47,14.94,44.94,22.41,7.47,-1.7173510115647797,0.22517882466481592,0.5588381815625617
7.48,7.48,14.96,44.96,22.44,7.48,-1.717311684289266,0.22547855552926713,0.5584664328690276
7.49,7.49,14.98,44.980000000000004,22.47,7.49,-1.7172723047014467,0.2257782795252496,0.5580948252514634
7.5,7.5,15.0,45.0,22.5,7.5,-1.7172328728025217,0.22607799664363082,0.5577233588393234
7.51,7.51,15.02,45.019999999999996,22.53,7.51,-1.7171933885936925,0.2263777068752832,0.5573520337619838
7.52,7.52,15.04,45.04,22.56,7.52,-1.7171538520761611,0.2266774102110771,0.5569808501487488
7.53,7.53,15.06,45.06,22.59,7.53,-1.7171142632511327,0.22697710664188073,0.5566098081288481
7.54,7.54,15.08,45.08,22.62,7.54,-1.7170746221198125,0.227276796158567,0.5562389078314354
7.55,7.55,15.1,45.1,22.65,7.55,-1.7170349286834083,0.22757647875200698,0.5558681493855895
7.56,7.56,15.12,45.12,22.68,7.56,-1.7169951829431294,0.22787615441306946,0.5554975329203171
7.57,7.57,15.140000000000002,45.14,22.71,7.57,-1.7169553849001864,0.22817582313262819,0.5551270585645462
7.58,7.58,15.16,45.16,22.740000000000002,7.58,-1.7169155345557914,0.22847548490155456,0.5547567264471327
7.59,7.59,15.18,45.18,22.77,7.59,-1.7168756319111589,0.2287751397107189,0.554386536696857
7.6,7.6,15.2,45.2,22.799999999999997,7.6,-1.716835676967504,0.22907478755099325,0.554016489442425
7.61,7.61,15.22,45.22,22.830000000000002,7.61,-1.7167956697260431,0.22937442841325212,0.5536465848124661
7.62,7.62,15.24,45.24,22.86,7.62,-1.7167556101879964,0.2296740622883655,0.5532768229355364
7.63,7.63,15.26,45.26,22.89,7.63,-1.7167154983545831,0.22997368916720617,0.5529072039401167
7.64,7.64,15.28,45.28,22.919999999999998,7.64,-1.7166753342270256,0.23027330904064844,0.5525377279546112
7.65,7.65,15.3,45.3,22.950000000000003,7.65,-1.7166351178065467,0.23057292189956533,0.5521683951073506
7.66,7.66,15.32,45.32,22.98,7.66,-1.7165948490943723,0.23087252773482786,0.5517992055265911
7.67,7.67,15.34,45.34,23.009999999999998,7.67,-1.7165545280917285,0.23117212653731184,0.5514301593405111
7.68,7.68,15.359999999999998,45.36,23.04,7.68,-1.7165141547998437,0.2314717182978909,0.5510612566772155
7.69,7.69,15.38,45.38,23.07,7.69,-1.7164737292199477,0.23177130300743748,0.5506924976647348
7.7,7.7,15.4,45.4,23.1,7.7,-1.716433251353272,0.23207088065682563,0.550323882431023
7.71,7.71,15.42,45.42,23.13,7.71,-1.7163927212010497,0.2323704512369321,0.5499554111039577
7.72,7.72,15.44,45.44,23.16,7.72,-1.7163521387645153,0.23267001473862908,0.5495870838113436
7.73,7.73,15.46,45.46,23.19,7.73,-1.716311504044905,0.23296957115279135,0.5492189006809088
7.74,7.74,15.48,45.480000000000004,23.22,7.74,-1.7162708170434566,0.2332691204702962,0.5488508618403047
7.75,7.75,15.5,45.5,23.25,7.75,-1.7162300777614097,0.2335686626820165,0.5484829674171094
7.76,7.76,15.52,45.519999999999996,23.28,7.76,-1.716189286200005,0.2338681977788278,0.548115217538825
7.77,7.77,15.54,45.54,23.31,7.77,-1.7161484423604851,0.23416772575160788,0.5477476123328757
7.78,7.78,15.56,45.56,23.34,7.78,-1.7161075462440945,0.23446724659123044,0.5473801519266135
7.79,7.79,15.58,45.58,23.37,7.79,-1.7160665978520786,0.23476676028857218,0.5470128364473129
7.8,7.8,15.6,45.6,23.4,7.8,-1.716025597185685,0.23506626683450949,0.5466456660221728
7.81,7.81,15.62,45.62,23.43,7.81,-1.7159845442461625,0.23536576621991886,0.5462786407783168
7.82,7.82,15.640000000000002,45.64,23.46,7.82,-1.7159434390347619,0.235665258435677,0.5459117608427924
7.83,7.83,15.66,45.66,23.490000000000002,7.83,-1.7159022815527347,0.2359647434726609,0.5455450263425716
7.84,7.84,15.68,45.68,23.52,7.84,-1.7158610718013354,0.23626422132174763,0.5451784374045501
7.85,7.85,15.7,45.7,23.549999999999997,7.85,-1.7158198097818191,0.23656369197381463,0.5448119941555482
7.86,7.86,15.72,45.72,23.580000000000002,7.86,-1.7157784954954423,0.2368631554197403,0.5444456967223105
7.87,7.87,15.74,45.74,23.61,7.87,-1.715737128943464,0.23716261165040012,0.5440795452315054
7.88,7.88,15.76,45.76,23.64,7.88,-1.7156957101271442,0.23746206065667444,0.5437135398097246
7.89,7.89,15.78,45.78,23.669999999999998,7.89,-1.7156542390477445,0.23776150242944075,0.5433476805834845
7.9,7.9,15.8,45.8,23.700000000000003,7.9,-1.7156127157065277,0.23806093695957756,0.5429819676792261
7.91,7.91,15.82,45.82,23.73,7.91,-1.7155711401047598,0.23836036423796356,0.5426164012233128
7.92,7.92,15.84,45.84,23.759999999999998,7.92,-1.7155295122437062,0.23865978425547762,0.5422509813420331
7.93,7.93,15.859999999999998,45.86,23.79,7.93,-1.7154878321246354,0.23895919700299972,0.5418857081615979
7.94,7.94,15.88,45.88,23.82,7.94,-1.7154460997488172,0.2392586024714069,0.5415205818081448
7.95,7.95,15.9,45.9,23.85,7.95,-1.7154043151175224,0.23955800065158103,0.5411556024077318
7.96,7.96,15.92,45.92,23.88,7.96,-1.7153624782320243,0.239857391534402,0.5407907700863412
7.97,7.97,15.94,45.94,23.91,7.97,-1.7153205890935974,0.24015677511074746,0.5404260849698821
7.98,7.98,15.96,45.96,23.94,7.98,-1.715278647703517,0.24045615137149995,0.5400615471841835
7.99,7.99,15.98,45.980000000000004,23.97,7.99,-1.7152366540630613,0.24075552030753997,0.5396971568549989
8.0,8.0,16.0,46.0,24.0,8.0,-1.7151946081735094,0.24105488190974603,0.5393329141080079
8.01,8.01,16.02,46.019999999999996,24.03,8.01,-1.7151525100361418,0.24135423616900117,0.5389688190688098
8.02,8.02,16.04,46.04,24.06,8.02,-1.7151103596522412,0.24165358307618665,0.5386048718629295
8.03,8.03,16.06,46.06,24.089999999999996,8.03,-1.7150681570230915,0.24195292262218232,0.5382410726158162
8.04,8.04,16.08,46.08,24.119999999999997,8.04,-1.7150259021499785,0.24225225479786971,0.537877421452841
8.05,8.05,16.1,46.1,24.150000000000002,8.05,-1.714983595034189,0.242551579594133,0.5375139184992976
8.06,8.06,16.12,46.120000000000005,24.18,8.06,-1.7149412356770117,0.24285089700185186,0.5371505638804054
8.07,8.07,16.14,46.14,24.21,8.07,-1.7148988240797371,0.24315020701190865,0.5367873577213061
8.08,8.08,16.16,46.16,24.240000000000002,8.08,-1.7148563602436573,0.24344950961518813,0.5364243001470631
8.09,8.09,16.18,46.18,24.27,8.09,-1.7148138441700655,0.24374880480257066,0.5360613912826662
8.1,8.1,16.2,46.2,24.299999999999997,8.1,-1.7147712758602573,0.24404809256493928,0.535698631253026
8.11,8.11,16.22,46.22,24.33,8.11,-1.7147286553155285,0.24434737289317948,0.5353360201829758
8.12,8.12,16.24,46.239999999999995,24.36,8.12,-1.7146859825371785,0.24464664577817222,0.5349735581972743
8.13,8.13,16.26,46.260000000000005,24.39,8.13,-1.7146432575265065,0.24494591121080203,0.5346112454206017
8.14,8.14,16.28,46.28,24.42,8.14,-1.714600480284814,0.2452451691819519,0.534249081977562
8.15,8.15,16.3,46.3,24.450000000000003,8.15,-1.7145576508134044,0.2455444196825083,0.5338870679926808
8.16,8.16,16.32,46.32,24.48,8.16,-1.714514769113582,0.24584366270335317,0.5335252035904086
8.17,8.17,16.34,46.34,24.509999999999998,8.17,-1.7144718351866535,0.2461428982353711,0.5331634888951179
8.18,8.18,16.36,46.36,24.54,8.18,-1.714428849033926,0.2464421262694491,0.5328019240311032
8.19,8.19,16.38,46.379999999999995,24.57,8.19,-1.7143858106567096,0.24674134679646992,0.5324405091225837
8.2,8.2,16.4,46.4,24.599999999999998,8.2,-1.7143427200563155,0.2470405598073187,0.5320792442937006
8.21,8.21,16.42,46.42,24.630000000000003,8.21,-1.7142995772340552,0.2473397652928833,0.5317181296685165
8.22,8.22,16.44,46.44,24.660000000000004,8.22,-1.7142563821912442,0.24763896324404702,0.5313571653710192
8.23,8.23,16.46,46.46,24.69,8.23,-1.7142131349291976,0.24793815365169652,0.5309963515251177
8.24,8.24,16.48,46.480000000000004,24.72,8.24,-1.714169835449233,0.248237336506718,0.5306356882546437
8.25,8.25,16.5,46.5,24.75,8.25,-1.714126483752669,0.2485365117999978,0.5302751756833524
8.26,8.26,16.52,46.519999999999996,24.78,8.26,-1.7140830798408266,0.24883567952242258,0.5299148139349206
8.27,8.27,16.54,46.54,24.81,8.27,-1.714039623715028,0.24913483966487907,0.5295546031329481
8.28,8.28,16.56,46.56,24.839999999999996,8.28,-1.7139961153765966,0.24943399221825432,0.529194543400957
8.29,8.29,16.58,46.58,24.869999999999997,8.29,-1.713952554826858,0.24973313717343573,0.5288346348623929
8.3,8.3,16.6,46.6,24.900000000000002,8.3,-1.7139089420671387,0.2500322745213116,0.5284748776406214
8.31,8.31,16.62,46.620000000000005,24.93,8.31,-1.7138652770987681,0.25033140425276723,0.5281152718589343
8.32,8.32,16.64,46.64,24.96,8.32,-1.7138215599230755,0.25063052635869304,0.5277558176405422
8.33,8.33,16.66,46.66,24.990000000000002,8.33,-1.713777790541393,0.2509296408299772,0.527396515108579
8.34,8.34,16.68,46.68,25.02,8.34,-1.7137339689550537,0.25122874765750586,0.5270373643861034
8.35,8.35,16.7,46.7,25.049999999999997,8.35,-1.7136900951653924,0.25152784683217005,0.5266783655960924
8.36,8.36,16.72,46.72,25.08,8.36,-1.713646169173746,0.2518269383448586,0.5263195188614476
8.37,8.37,16.74,46.739999999999995,25.11,8.37,-1.713602190981452,0.2521260221864585,0.5259608243049932
8.38,8.38,16.76,46.760000000000005,25.14,8.38,-1.7135581605898504,0.2524250983478613,0.5256022820494739
8.39,8.39,16.78,46.78,25.17,8.39,-1.7135140780002827,0.2527241668199559,0.5252438922175572
8.4,8.4,16.8,46.8,25.200000000000003,8.4,-1.713469943214091,0.25302322759363294,0.5248856549318328
8.41,8.41,16.82,46.82,25.23,8.41,-1.7134257562326205,0.25332228065978024,0.5245275703148135
8.42,8.42,16.84,46.84,25.259999999999998,8.42,-1.7133815170572166,0.25362132600929027,0.5241696384889318
8.43,8.43,16.86,46.86,25.29,8.43,-1.713337225689227,0.25392036363305376,0.523811859576544
8.44,8.44,16.88,46.879999999999995,25.32,8.44,-1.7132928821300013,0.2542193935219591,0.5234542336999286
8.45,8.45,16.9,46.9,25.349999999999998,8.45,-1.7132484863808901,0.25451841566689976,0.5230967609812832
8.46,8.46,16.92,46.92,25.380000000000003,8.46,-1.7132040384432454,0.2548174300587667,0.5227394415427304
8.47,8.47,16.94,46.94,25.410000000000004,8.47,-1.7131595383184217,0.25511643668845024,0.5223822755063136
8.48,8.48,16.96,46.96,25.44,8.48,-1.7131149860077743,0.25541543554684193,0.522025262993998
8.49,8.49,16.98,46.980000000000004,25.47,8.49,-1.7130703815126602,0.2557144266248361,0.521668404127669
8.5,8.5,17.0,47.0,25.5,8.5,-1.7130257248344383,0.2560134099133226,0.5213116990291369
8.51,8.51,17.02,47.019999999999996,25.53,8.51,-1.712981015974469,0.25631238540319395,0.5209551478201316
8.52,8.52,17.04,47.04,25.56,8.52,-1.712936254934114,0.2566113530853451,0.5205987506223031
8.53,8.53,17.06,47.06,25.589999999999996,8.53,-1.712891441714737,0.2569103129506667,0.5202425075572271
8.54,8.54,17.08,47.08,25.619999999999997,8.54,-1.712846576317703,0.2572092649900518,0.5198864187463983
8.55,8.55,17.1,47.1,25.650000000000002,8.55,-1.7128016587443786,0.2575082091943962,0.5195304843112315
8.56,8.56,17.12,47.120000000000005,25.68,8.56,-1.7127566889961323,0.25780714555459133,0.5191747043730662
8.57,8.57,17.14,47.14,25.71,8.57,-1.7127116670743334,0.25810607406153163,0.5188190790531624
8.58,8.58,17.16,47.16,25.740000000000002,8.58,-1.7126665929803542,0.2584049947061114,0.5184636084727
8.59,8.59,17.18,47.18,25.77,8.59,-1.7126214667155673,0.2587039074792249,0.5181082927527813
8.6,8.6,17.2,47.2,25.799999999999997,8.6,-1.712576288281347,0.2590028123717667,0.5177531320144309
8.61,8.61,17.219999999999995,47.22,25.829999999999995,8.61,-1.71253105767907,0.25930170937463165,0.5173981263785931
8.62,8.62,17.24,47.239999999999995,25.86,8.62,-1.712485774910114,0.2596005984787149,0.5170432759661344
8.63,8.63,17.26,47.260000000000005,25.89,8.63,-1.712440439975858,0.2598994796749117,0.5166885808978424
8.64,8.64,17.280000000000005,47.28,25.920000000000005,8.64,-1.7123950528776835,0.2601983529541169,0.5163340412944264
8.65,8.65,17.3,47.3,25.950000000000003,8.65,-1.7123496136169727,0.26049721830722855,0.515979657276515
8.66,8.66,17.32,47.32,25.98,8.66,-1.71230412219511,0.2607960757251404,0.5156254289646599
8.67,8.67,17.34,47.34,26.009999999999998,8.67,-1.7122585786134812,0.26109492519874955,0.5152713564793338
8.68,8.68,17.36,47.36,26.04,8.68,-1.7122129828734733,0.2613937667189524,0.5149174399409298
8.69,8.69,17.38,47.379999999999995,26.07,8.69,-1.7121673349764757,0.2616926002766458,0.5145636794697616
8.7,8.7,17.4,47.4,26.099999999999998,8.7,-1.7121216349238786,0.2619914258627268,0.5142100751860648
8.71,8.71,17.42,47.42,26.130000000000003,8.71,-1.7120758827170741,0.2622902434680926,0.5138566272099957
8.72,8.72,17.44,47.44,26.160000000000004,8.72,-1.712030078357456,0.26258905308364067,0.5135033356616314
8.73,8.73,17.46,47.46,26.19,8.73,-1.7119842218464194,0.26288785470026876,0.5131502006609702
8.74,8.74,17.48,47.480000000000004,26.22,8.74,-1.7119383131853612,0.26318664830887567,0.5127972223279305
8.75,8.75,17.5,47.5,26.25,8.75,-1.7118923523756802,0.2634854339003573,0.5124444007823526
8.76,8.76,17.52,47.519999999999996,26.28,8.76,-1.7118463394187762,0.2637842114656144,0.5120917361439965
8.77,8.77,17.54,47.54,26.31,8.77,-1.7118002743160505,0.2640829809955457,0.5117392285325431
8.78,8.78,17.56,47.56,26.339999999999996,8.78,-1.711754157068907,0.2643817424810479,0.511386878067596
8.79,8.79,17.58,47.58,26.369999999999997,8.79,-1.7117079876787502,0.2646804959130224,0.5110346848686762
8.8,8.8,17.6,47.6,26.400000000000002,8.8,-1.7116617661469862,0.2649792412823687,0.5106826490552271
8.81,8.81,17.62,47.620000000000005,26.43,8.81,-1.7116154924750235,0.26527797857998425,0.5103307707466138
8.82,8.82,17.64,47.64,26.46,8.82,-1.7115691666642714,0.2655767077967713,0.5099790500621196
8.83,8.83,17.66,47.66,26.490000000000002,8.83,-1.7115227887161408,0.2658754289236299,0.5096274871209492
8.84,8.84,17.68,47.68,26.52,8.84,-1.711476358632045,0.2661741419514591,0.5092760820422293
8.85,8.85,17.7,47.7,26.549999999999997,8.85,-1.711429876413398,0.2664728468711595,0.5089248349450057
8.86,8.86,17.719999999999995,47.72,26.579999999999995,8.86,-1.711383342061616,0.2667715436736343,0.5085737459482431
8.87,8.87,17.74,47.739999999999995,26.61,8.87,-1.711336755578116,0.2670702323497825,0.5082228151708305
8.88,8.88,17.76,47.760000000000005,26.64,8.88,-1.7112901169643178,0.26736891289050546,0.5078720427315737
8.89,8.89,17.780000000000005,47.78,26.670000000000005,8.89,-1.7112434262216418,0.2676675852867063,0.5075214287492001
8.9,8.9,17.8,47.8,26.700000000000003,8.9,-1.71119668335151,0.26796624952928705,0.5071709733423574
8.91,8.91,17.82,47.82,26.73,8.91,-1.7111498883553466,0.2682649056091475,0.5068206766296148
8.92,8.92,17.84,47.84,26.759999999999998,8.92,-1.7111030412345767,0.26856355351719247,0.5064705387294592
8.93,8.93,17.86,47.86,26.79,8.93,-1.7110561419906278,0.2688621932443245,0.5061205597602987
8.94,8.94,17.88,47.879999999999995,26.82,8.94,-1.7110091906249283,0.269160824781445,0.5057707398404628
8.95,8.95,17.9,47.9,26.849999999999998,8.95,-1.7109621871389085,0.2694594481194572,0.5054210790882002
8.96,8.96,17.92,47.92,26.880000000000003,8.96,-1.7109151315339999,0.26975806324926677,0.5050715776216783
8.97,8.97,17.94,47.94,26.910000000000004,8.97,-1.7108680238116363,0.2700566701617751,0.5047222355589871
8.98,8.98,17.96,47.96,26.94,8.98,-1.7108208639732527,0.270355268847886,0.5043730530181353
8.99,8.99,17.98,47.980000000000004,26.97,8.99,-1.7107736520202852,0.2706538592985061,0.50402403011705
9.0,9.0,18.0,48.0,27.0,9.0,-1.7107263879541723,0.27095244150453734,0.5036751669735818
9.01,9.01,18.02,48.019999999999996,27.03,9.01,-1.710679071776354,0.2712510154568853,0.5033264637054983
9.02,9.02,18.04,48.04,27.06,9.02,-1.7106317034882712,0.27154958114645483,0.5029779204304881
9.03,9.03,18.06,48.06,27.089999999999996,9.03,-1.710584283091367,0.2718481385641511,0.5026295372661593
9.04,9.04,18.08,48.08,27.119999999999997,9.04,-1.7105368105870857,0.2721466877008795,0.5022813143300399
9.05,9.05,18.1,48.1,27.150000000000002,9.05,-1.7104892859768737,0.27244522854754577,0.5019332517395778
9.06,9.06,18.12,48.120000000000005,27.18,9.06,-1.7104417092621784,0.2727437610950559,0.5015853496121402
9.07,9.07,18.14,48.14,27.21,9.07,-1.7103940804444495,0.27304228533431585,0.5012376080650147
9.08,9.08,18.16,48.16,27.240000000000002,9.08,-1.7103463995251371,0.27334080125623295,0.5008900272154079
9.09,9.09,18.18,48.18,27.27,9.09,-1.7102986665056947,0.2736393088517116,0.5005426071804469
9.1,9.1,18.2,48.2,27.299999999999997,9.1,-1.7102508813875754,0.273937808111661,0.5001953480771766
9.11,9.11,18.219999999999995,48.22,27.329999999999995,9.11,-1.7102030441722351,0.27423629902698843,0.499848250022563
9.12,9.12,18.24,48.239999999999995,27.36,9.12,-1.7101551548611313,0.2745347815885989,0.4995013131334921
9.13,9.13,18.26,48.260000000000005,27.39,9.13,-1.7101072134557223,0.2748332557874025,0.4991545375267675
9.14,9.14,18.280000000000005,48.28,27.420000000000005,9.14,-1.7100592199574691,0.2751317216143064,0.4988079233191134
9.15,9.15,18.3,48.3,27.450000000000003,9.15,-1.710011174367833,0.27543017906021877,0.49846147062717355
9.16,9.16,18.32,48.32,27.48,9.16,-1.709963076688278,0.2757286281160481,0.4981151795675103
9.17,9.17,18.34,48.34,27.509999999999998,9.17,-1.7099149269202691,0.2760270687727032,0.4977690502566063
9.18,9.18,18.36,48.36,27.54,9.18,-1.7098667250652728,0.2763255010210937,0.49742308281086256
9.19,9.19,18.38,48.379999999999995,27.57,9.19,-1.709818471124758,0.27662392485212656,0.49707727734660073
9.2,9.2,18.4,48.4,27.599999999999998,9.2,-1.709770165100194,0.27692234025671364,0.49673163398006015
9.21,9.21,18.42,48.42,27.630000000000003,9.21,-1.7097218069930524,0.27722074722576456,0.4963861528273992
9.22,9.22,18.44,48.44,27.660000000000004,9.22,-1.7096733968048068,0.27751914575018716,0.496040834004698
9.23,9.23,18.46,48.46,27.69,9.23,-1.7096249345369312,0.2778175358208939,0.49569567762795286
9.24,9.24,18.48,48.480000000000004,27.72,9.24,-1.7095764201909018,0.2781159174287953,0.49535068381308034
9.25,9.25,18.5,48.5,27.75,9.25,-1.7095278537681973,0.27841429056479994,0.495005852675917
9.26,9.26,18.52,48.519999999999996,27.78,9.26,-1.7094792352702963,0.278712655219821,0.4946611843322167
9.27,9.27,18.54,48.54,27.81,9.27,-1.7094305646986798,0.27901101138476997,0.494316678897653
9.28,9.28,18.56,48.56,27.839999999999996,9.28,-1.709381842054831,0.2793093590505567,0.49397233648781913
9.29,9.29,18.58,48.58,27.869999999999997,9.29,-1.7093330673402336,0.27960769820809306,0.49362815721822717
9.3,9.3,18.6,48.6,27.900000000000002,9.3,-1.7092842405563733,0.27990602884829346,0.4932841412043058
9.31,9.31,18.62,48.620000000000005,27.93,9.31,-1.709235361704738,0.2802043509620678,0.49294028856140615
9.32,9.32,18.64,48.64,27.96,9.32,-1.709186430786816,0.28050266454032885,0.492596599404796
9.33,9.33,18.66,48.66,27.990000000000002,9.33,-1.7091374478040982,0.28080096957399153,0.49225307384966155
9.34,9.34,18.68,48.68,28.02,9.34,-1.7090884127580763,0.2810992660539669,0.4919097120111093
9.35,9.35,18.7,48.7,28.049999999999997,9.35,-1.7090393256502447,0.28139755397116817,0.49156651400416335
9.36,9.36,18.719999999999995,48.72,28.079999999999995,9.36,-1.708990186482098,0.2816958333165113,0.49122347994376636
9.37,9.37,18.74,48.739999999999995,28.11,9.37,-1.7089409952551333,0.28199410408090797,0.49088060994478117
9.38,9.38,18.76,48.760000000000005,28.14,9.38,-1.7088917519708493,0.28229236625527293,0.4905379041219875
9.39,9.39,18.780000000000005,48.78,28.170000000000005,9.39,-1.7088424566307459,0.28259061983052,0.490195362590085
9.4,9.4,18.8,48.8,28.200000000000003,9.4,-1.7087931092363242,0.282888864797566,0.48985298546369
9.41,9.41,18.82,48.82,28.23,9.41,-1.708743709789088,0.28318710114732365,0.48951077285733935
9.42,9.42,18.84,48.84,28.259999999999998,9.42,-1.708694258290542,0.2834853288707082,0.4891687248854885
9.43,9.43,18.86,48.86,28.29,9.43,-1.7086447547421926,0.28378354795863736,0.48882684166250817
9.44,9.44,18.88,48.879999999999995,28.32,9.44,-1.7085951991455475,0.28408175840202454,0.4884851233026919
9.45,9.45,18.9,48.9,28.349999999999998,9.45,-1.7085455915021166,0.2843799601917865,0.48814356992024865
9.46,9.46,18.92,48.92,28.380000000000003,9.46,-1.708495931813411,0.28467815331883956,0.48780218162930644
9.47,9.47,18.94,48.94,28.410000000000004,9.47,-1.708446220080943,0.28497633777410014,0.4874609585439123
9.48,9.48,18.96,48.96,28.44,9.48,-1.708396456306227,0.2852745135484851,0.48711990077803047
9.49,9.49,18.98,48.980000000000004,28.47,9.49,-1.7083466404907794,0.28557268063291147,0.48677900844554434
9.5,9.5,19.0,49.0,28.5,9.5,-1.7082967726361176,0.28587083901829646,0.48643828166025493
9.51,9.51,19.02,49.019999999999996,28.53,9.51,-1.70824685274376,0.28616898869555785,0.48609772053588174
9.52,9.52,19.04,49.04,28.56,9.52,-1.7081968808152277,0.28646712965561405,0.48575732518606174
9.53,9.53,19.06,49.06,28.589999999999996,9.53,-1.708146856852043,0.286765261889381,0.485417095724352
9.54,9.54,19.08,49.08,28.619999999999997,9.54,-1.7080967808557297,0.2870633853877793,0.48507703226422505
9.55,9.55,19.1,49.1,28.650000000000002,9.55,-1.708046652827813,0.2873615001417276,0.48473713491907267
9.56,9.56,19.12,49.120000000000005,28.68,9.56,-1.7079964727698203,0.28765960614214253,0.4843974038022059
9.57,9.57,19.14,49.14,28.71,9.57,-1.7079462406832795,0.2879577033799456,0.484057839026851
9.58,9.58,19.16,49.16,28.740000000000002,9.58,-1.7078959565697212,0.2882557918460561,0.48371844070615455
9.59,9.59,19.18,49.18,28.77,9.59,-1.7078456204306771,0.28855387153139167,0.48337920895318043
9.6,9.6,19.2,49.2,28.799999999999997,9.6,-1.7077952322676808,0.2888519424268743,0.4830401438809095
9.61,9.61,19.219999999999995,49.22,28.829999999999995,9.61,-1.7077447920822664,0.28915000452342443,0.4827012456022415
9.62,9.62,19.24,49.239999999999995,28.86,9.62,-1.7076942998759712,0.28944805781196103,0.4823625142299936
9.63,9.63,19.26,49.260000000000005,28.89,9.63,-1.707643755650333,0.2897461022834048,0.48202394987690117
9.64,9.64,19.280000000000005,49.28,28.920000000000005,9.64,-1.7075931594068916,0.29004413792867834,0.4816855526556161
9.65,9.65,19.3,49.3,28.950000000000003,9.65,-1.7075425111471878,0.290342164738703,0.4813473226787089
9.66,9.66,19.32,49.32,28.98,9.66,-1.707491810872765,0.290640182704398,0.4810092600586691
9.67,9.67,19.34,49.34,29.009999999999998,9.67,-1.707441058585167,0.29093819181668756,0.480671364907901
9.68,9.68,19.36,49.36,29.04,9.68,-1.7073902542859403,0.29123619206649376,0.4803336373387281
9.69,9.69,19.38,49.379999999999995,29.07,9.69,-1.7073393979766325,0.2915341834447368,0.47999607746339223
9.7,9.7,19.4,49.4,29.099999999999998,9.7,-1.7072884896587928,0.29183216594234146,0.47965868539405065
9.71,9.71,19.42,49.42,29.130000000000003,9.71,-1.7072375293339712,0.2921301395502308,0.4793214612427799
9.72,9.72,19.44,49.44,29.160000000000004,9.72,-1.707186517003721,0.29242810425932647,0.47898440512157425
9.73,9.73,19.46,49.46,29.19,9.73,-1.7071354526695959,0.2927260600605519,0.4786475171423445
9.74,9.74,19.48,49.480000000000004,29.22,9.74,-1.7070843363331507,0.2930240069448332,0.47831079741691745
9.75,9.75,19.5,49.5,29.25,9.75,-1.7070331679959436,0.2933219449030921,0.47797424605704036
9.76,9.76,19.52,49.519999999999996,29.28,9.76,-1.7069819476595327,0.29361987392625283,0.47763786317437634
9.77,9.77,19.54,49.54,29.31,9.77,-1.7069306753254778,0.2939177940052422,0.47730164888050486
9.78,9.78,19.56,49.56,29.339999999999996,9.78,-1.7068793509953415,0.29421570513098294,0.47696560328692417
9.79,9.79,19.58,49.58,29.369999999999997,9.79,-1.706827974670687,0.29451360729439996,0.4766297265050497
9.8,9.8,19.6,49.6,29.400000000000002,9.8,-1.706776546353079,0.2948115004864211,0.4762940186462124
9.81,9.81,19.62,49.620000000000005,29.43,9.81,-1.7067250660440847,0.2951093846979695,0.4759584798216624
9.82,9.82,19.64,49.64,29.46,9.82,-1.7066735337452719,0.2954072599199721,0.47562311014256625
9.83,9.83,19.66,49.66,29.490000000000002,9.83,-1.7066219494582104,0.295705126143355,0.4752879097200073
9.84,9.84,19.68,49.68,29.52,9.84,-1.7065703131844714,0.2960029833590446,0.4749528786649867
9.85,9.85,19.7,49.7,29.549999999999997,9.85,-1.7065186249256281,0.29630083155796777,0.4746180170884214
9.86,9.86,19.719999999999995,49.72,29.579999999999995,9.86,-1.706466884683255,0.29659867073105145,0.4742833251011468
9.87,9.87,19.74,49.739999999999995,29.61,9.87,-1.7064150924589279,0.296896500869223,0.47394880281391455
9.88,9.88,19.76,49.760000000000005,29.64,9.88,-1.7063632482542246,0.29719432196340995,0.47361445033739336
9.89,9.89,19.780000000000005,49.78,29.670000000000005,9.89,-1.7063113520707247,0.29749213400453944,0.4732802677821691
9.9,9.9,19.8,49.8,29.700000000000003,9.9,-1.7062594039100085,0.29778993698354184,0.4729462552587433
9.91,9.91,19.82,49.82,29.73,9.91,-1.706207403773659,0.2980877308913432,0.47261241287753647
9.92,9.92,19.84,49.84,29.759999999999998,9.92,-1.70615535166326,0.2983855157188732,0.47227874074888426
9.93,9.93,19.86,49.86,29.79,9.93,-1.7061032475803966,0.29868329145706046,0.4719452389830401
9.94,9.94,19.88,49.879999999999995,29.82,9.94,-1.7060510915266567,0.2989810580968345,0.47161190769017325
9.95,9.95,19.9,49.9,29.849999999999998,9.95,-1.7059988835036288,0.2992788156291247,0.47127874698037037
9.96,9.96,19.92,49.92,29.880000000000003,9.96,-1.705946623512903,0.29957656404486155,0.4709457569636343
9.97,9.97,19.94,49.94,29.910000000000004,9.97,-1.7058943115560719,0.29987430333497295,0.47061293774988616
9.98,9.98,19.96,49.96,29.94,9.98,-1.7058419476347284,0.3001720334903915,0.47028028944896105
9.99,9.99,19.98,49.980000000000004,29.97,9.99,-1.7057895317504672,0.30046975450204777,0.46994781217061227
10.0,10.0,20.0,50.0,30.0,10.0,-1.7057370639048863,0.30076746636087043,0.4696155060245102
10.01,10.01,20.02,50.019999999999996,30.03,10.01,-1.705684544099583,0.3010651690577929,0.4692833711202405
10.02,10.02,20.04,50.04,30.06,10.02,-1.705631972336157,0.30136286258374667,0.46895140756730536
10.03,10.03,20.06,50.06,30.089999999999996,10.03,-1.7055793486162107,0.3016605469296612,0.46861961547512493
10.04,10.04,20.08,50.08,30.119999999999997,10.04,-1.705526672941346,0.3019582220864707,0.46828799495303397
10.05,10.05,20.1,50.1,30.150000000000002,10.05,-1.7054739453131682,0.3022558880451076,0.46795654611028453
10.06,10.06,20.12,50.120000000000005,30.18,10.06,-1.7054211657332832,0.30255354479650287,0.46762526905604523
10.07,10.07,20.14,50.14,30.21,10.07,-1.7053683342032988,0.30285119233158936,0.46729416389940165
10.08,10.08,20.16,50.16,30.240000000000002,10.08,-1.7053154507248243,0.30314883064130255,0.46696323074935275
10.09,10.09,20.18,50.18,30.27,10.09,-1.7052625152994707,0.3034464597165736,0.46663246971481726
10.1,10.1,20.2,50.2,30.299999999999997,10.1,-1.7052095279288508,0.30374407954833604,0.46630188090462865
10.11,10.11,20.219999999999995,50.22,30.329999999999995,10.11,-1.705156488614578,0.3040416901275263,0.4659714644275354
10.12,10.12,20.24,50.239999999999995,30.36,10.12,-1.7051033973582683,0.30433929144507627,0.4656412203922051
10.13,10.13,20.26,50.260000000000005,30.39,10.13,-1.7050502541615393,0.3046368834919206,0.4653111489072192
10.14,10.14,20.280000000000005,50.28,30.420000000000005,10.14,-1.7049970590260095,0.3049344662589955,0.4649812500810753
10.15,10.15,20.3,50.3,30.450000000000003,10.15,-1.704943811953299,0.3052320397372362,0.46465152402218757
10.16,10.16,20.32,50.32,30.48,10.16,-1.7048905129450302,0.30552960391757655,0.4643219708388875
10.17,10.17,20.34,50.34,30.509999999999998,10.17,-1.7048371620028269,0.3058271587909521,0.4639925906394206
10.18,10.18,20.36,50.36,30.54,10.18,-1.704783759128314,0.3061247043483013,0.4636633835319485
10.19,10.19,20.38,50.379999999999995,30.57,10.19,-1.7047303043231181,0.3064222405805579,0.4633343496245508
10.2,10.2,20.4,50.4,30.599999999999998,10.2,-1.7046767975888677,0.30671976747865864,0.4630054890252214
10.21,10.21,20.42,50.42,30.630000000000003,10.21,-1.7046232389271925,0.3070172850335425,0.46267680184186927
10.22,10.22,20.44,50.44,30.660000000000004,10.22,-1.7045696283397243,0.30731479323614425,0.46234828818232127
10.23,10.23,20.46,50.46,30.69,10.23,-1.7045159658280962,0.3076122920774013,0.46201994815431946
10.24,10.24,20.48,50.480000000000004,30.72,10.24,-1.7044622513939423,0.30790978154825366,0.46169178186552046
10.25,10.25,20.5,50.5,30.75,10.25,-1.7044084850388994,0.308207261639637,0.4613637894234983
10.26,10.26,20.52,50.519999999999996,30.78,10.26,-1.704354666764605,0.30850473234249026,0.461035970935742
10.27,10.27,20.54,50.54,30.81,10.27,-1.704300796572699,0.308802193647752,0.46070832650965576
10.28,10.28,20.56,50.56,30.839999999999996,10.28,-1.7042468744648216,0.309099645546361,0.46038085625256076
10.29,10.29,20.58,50.58,30.869999999999997,10.29,-1.7041929004426162,0.30939708802925636,0.4600535602716925
10.3,10.3,20.6,50.6,30.900000000000002,10.3,-1.7041388745077262,0.3096945210873775,0.45972643867420304
10.31,10.31,20.62,50.620000000000005,30.93,10.31,-1.7040847966617976,0.3099919447116641,0.45939949156715926
10.32,10.32,20.64,50.64,30.96,10.32,-1.704030666906478,0.31028935889305603,0.45907271905754427
10.33,10.33,20.66,50.66,30.990000000000002,10.33,-1.7039764852434156,0.3105867636224944,0.45874612125225583
10.34,10.34,20.68,50.68,31.02,10.34,-1.7039222516742618,0.3108841588909174,0.45841969825810874
10.35,10.35,20.7,50.7,31.049999999999997,10.35,-1.7038679662006682,0.3111815446892681,0.45809345018183134
10.36,10.36,20.719999999999995,50.72,31.079999999999995,10.36,-1.7038136288242878,0.31147892100848773,0.45776737713006826
10.37,10.37,20.74,50.739999999999995,31.11,10.37,-1.7037592395467769,0.31177628783951533,0.4574414792093805
10.38,10.38,20.76,50.760000000000005,31.14,10.38,-1.7037047983697917,0.3120736451732949,0.45711575652624264
10.39,10.39,20.780000000000005,50.78,31.170000000000005,10.39,-1.7036503052949905,0.3123709930007676,0.4567902091870456
10.4,10.4,20.8,50.8,31.200000000000003,10.4,-1.7035957603240335,0.3126683313128757,0.45646483729809534
10.41,10.41,20.82,50.82,31.23,10.41,-1.703541163458582,0.31296566010056187,0.4561396409656133
10.42,10.42,20.84,50.84,31.259999999999998,10.42,-1.7034865147002993,0.3132629793547688,0.45581462029573566
10.43,10.43,20.86,50.86,31.29,10.43,-1.70343181405085,0.31356028906644057,0.45548977539451424
10.44,10.44,20.88,50.879999999999995,31.32,10.44,-1.7033770615119008,0.31385758922651813,0.4551651063679164
10.45,10.45,20.9,50.9,31.349999999999998,10.45,-1.703322257085119,0.31415487982594764,0.45484061332182363
10.46,10.46,20.92,50.92,31.380000000000003,10.46,-1.703267400772174,0.314452160855673,0.45451629636203295
10.47,10.47,20.94,50.94,31.410000000000004,10.47,-1.7032124925747374,0.31474943230663627,0.45419215559425774
10.48,10.48,20.96,50.96,31.44,10.48,-1.7031575324944812,0.3150466941697843,0.4538681911241234
10.49,10.49,20.98,50.980000000000004,31.47,10.49,-1.7031025205330799,0.3153439464360621,0.45354440305717314
10.5,10.5,21.0,51.0,31.5,10.5,-1.7030474566922091,0.31564118909641314,0.4532207914988647
10.51,10.51,21.02,51.019999999999996,31.53,10.51,-1.7029923409735466,0.315938422141783,0.45289735655456975
10.52,10.52,21.04,51.04,31.56,10.52,-1.7029371733787704,0.3162356455631197,0.4525740983295748
10.53,10.53,21.06,51.06,31.589999999999996,10.53,-1.7028819539095619,0.3165328593513671,0.45225101692908276
10.54,10.54,21.08,51.08,31.619999999999997,10.54,-1.7028266825676028,0.31683006349747145,0.4519281124582106
10.55,10.55,21.1,51.1,31.650000000000002,10.55,-1.7027713593545768,0.31712725799238173,0.45160538502198866
10.56,10.56,21.12,51.120000000000005,31.68,10.56,-1.702715984272169,0.31742444282704246,0.45128283472536496
10.57,10.57,21.14,51.14,31.71,10.57,-1.7026605573220666,0.3177216179924011,0.45096046167320036
10.58,10.58,21.16,51.16,31.740000000000002,10.58,-1.7026050785059574,0.31801878347940726,0.45063826597027007
10.59,10.59,21.18,51.18,31.77,10.59,-1.7025495478255321,0.31831593927900653,0.45031624772126577
10.6,10.6,21.2,51.2,31.799999999999997,10.6,-1.7024939652824815,0.3186130853821479,0.44999440703079213
10.61,10.61,21.219999999999995,51.22,31.829999999999995,10.61,-1.7024383308784996,0.3189102217797796,0.4496727440033694
10.62,10.62,21.24,51.239999999999995,31.86,10.62,-1.7023826446152803,0.31920734846285054,0.44935125874343257
10.63,10.63,21.26,51.260000000000005,31.89,10.63,-1.7023269064945203,0.3195044654223096,0.4490299513553302
10.64,10.64,21.280000000000005,51.28,31.920000000000005,10.64,-1.7022711165179178,0.3198015726491053,0.44870882194332656
10.65,10.65,21.3,51.3,31.950000000000003,10.65,-1.7022152746871717,0.3200986701341895,0.4483878706115992
10.66,10.66,21.32,51.32,31.98,10.66,-1.7021593810039832,0.32039575786850993,0.44806709746424184
10.67,10.67,21.34,51.34,32.01,10.67,-1.702103435470055,0.3206928358430167,0.4477465026052616
10.68,10.68,21.36,51.36,32.04,10.68,-1.702047438087091,0.3209899040486627,0.4474260861385792
10.69,10.69,21.38,51.379999999999995,32.07,10.69,-1.7019913888567975,0.3212869624763962,0.44710584816803123
10.7,10.7,21.4,51.4,32.099999999999994,10.7,-1.7019352877808815,0.32158401111716917,0.4467857887973684
10.71,10.71,21.42,51.42,32.13,10.71,-1.701879134861052,0.32188104996193306,0.44646590813025555
10.72,10.72,21.44,51.44,32.160000000000004,10.72,-1.7018229300990197,0.3221780790016395,0.4461462062702712
10.73,10.73,21.46,51.46,32.19,10.73,-1.7017666734964965,0.32247509822724035,0.44582668332090875
10.74,10.74,21.48,51.480000000000004,32.22,10.74,-1.7017103650551961,0.32277210762968805,0.44550733938557624
10.75,10.75,21.5,51.5,32.25,10.75,-1.7016540047768338,0.32306910719993515,0.44518817456759513
10.76,10.76,21.52,51.519999999999996,32.28,10.76,-1.7015975926631262,0.3233660969289345,0.44486918897020183
10.77,10.77,21.54,51.54,32.31,10.77,-1.701541128715792,0.3236630768076399,0.4445503826965458
10.78,10.78,21.56,51.56,32.339999999999996,10.78,-1.7014846129365513,0.3239600468270028,0.44423175584969227
10.79,10.79,21.58,51.58,32.37,10.79,-1.7014280453271253,0.32425700697797905,0.4439133085326186
10.8,10.8,21.6,51.6,32.400000000000006,10.8,-1.7013714258892372,0.32455395725152286,0.44359504084821755
10.81,10.81,21.62,51.620000000000005,32.43,10.81,-1.7013147546246123,0.3248508976385862,0.44327695289929636
10.82,10.82,21.64,51.64,32.46,10.82,-1.701258031534976,0.3251478281301261,0.4429590447885752
10.83,10.83,21.66,51.66,32.49,10.83,-1.7012012566220567,0.32544474871709766,0.4426413166186869
10.84,10.84,21.68,51.68,32.519999999999996,10.84,-1.7011444298875842,0.3257416593904537,0.4423237684921824
10.85,10.85,21.7,51.7,32.55,10.85,-1.7010875513332886,0.3260385601411521,0.44200640051152273
10.86,10.86,21.719999999999995,51.72,32.58,10.86,-1.7010306209609032,0.3263354509601488,0.44168921277908374
10.87,10.87,21.74,51.739999999999995,32.61,10.87,-1.7009736387721621,0.32663233183839846,0.4413722053971564
10.88,10.88,21.76,51.760000000000005,32.64,10.88,-1.7009166047688011,0.3269292027668576,0.4410553784679443
10.89,10.89,21.780000000000005,51.78,32.67,10.89,-1.7008595189525577,0.3272260637364845,0.44073873209356473
10.9,10.9,21.8,51.8,32.7,10.9,-1.7008023813251703,0.32752291473823625,0.44042226637604925
10.91,10.91,21.82,51.82,32.730000000000004,10.91,-1.7007451918883798,0.327819755763068,0.44010598141734386
10.92,10.92,21.84,51.84,32.76,10.92,-1.7006879506439283,0.3281165868019397,0.4397898773193064
10.93,10.93,21.86,51.86,32.79,10.93,-1.7006306575935592,0.3284134078458094,0.4394739541837097
10.94,10.94,21.88,51.879999999999995,32.82,10.94,-1.7005733127390181,0.3287102188856339,0.4391582121122404
10.95,10.95,21.9,51.9,32.849999999999994,10.95,-1.7005159160820518,0.3290070199123717,0.43884265120649885
10.96,10.96,21.92,51.92,32.88,10.96,-1.7004584676244083,0.3293038109169842,0.4385272715679965
10.97,10.97,21.94,51.94,32.910000000000004,10.97,-1.7004009673678377,0.3296005918904282,0.43821207329816225
10.98,10.98,21.96,51.96,32.94,10.98,-1.7003434153140924,0.3298973628236633,0.43789705649833605
10.99,10.99,21.98,51.980000000000004,32.97,10.99,-1.7002858114649242,0.33019412370765155,0.43758222126977114
11.0,11.0,22.0,52.0,33.0,11.0,-1.7002281558220886,0.33049087453335085,0.4372675677136363
11.01,11.01,22.02,52.019999999999996,33.03,11.01,-1.7001704483873419,0.33078761529172174,0.43695309593101234
11.02,11.02,22.04,52.04,33.06,11.02,-1.7001126891624416,0.33108434597372716,0.43663880602289185
11.03,11.03,22.06,52.06,33.089999999999996,11.03,-1.7000548781491476,0.33138106657032596,0.43632469809018415
11.04,11.04,22.08,52.08,33.12,11.04,-1.6999970153492205,0.3316777770724802,0.4360107722337104
11.05,11.05,22.1,52.1,33.150000000000006,11.05,-1.6999391007644231,0.33197447747115155,0.43569702855420417
11.06,11.06,22.12,52.120000000000005,33.18,11.06,-1.6998811343965197,0.33227116775730214,0.4353834671523137
11.07,11.07,22.14,52.14,33.21,11.07,-1.699823116247276,0.3325678479218941,0.43507008812859954
11.08,11.08,22.16,52.16,33.24,11.08,-1.6997650463184588,0.33286451795589017,0.4347568915835363
11.09,11.09,22.18,52.18,33.269999999999996,11.09,-1.6997069246118377,0.33316117785025323,0.4344438776175109
11.1,11.1,22.2,52.2,33.3,11.1,-1.6996487511291831,0.33345782759594644,0.43413104633082417
11.11,11.11,22.219999999999995,52.22,33.33,11.11,-1.6995905258722666,0.3337544671839341,0.43381839782368936
11.12,11.12,22.24,52.239999999999995,33.36,11.12,-1.6995322488428626,0.3340510966051778,0.4335059321962346
11.13,11.13,22.26,52.260000000000005,33.39,11.13,-1.6994739200427458,0.33434771585064404,0.43319364954849804
11.14,11.14,22.280000000000005,52.28,33.42,11.14,-1.6994155394736927,0.3346443249112964,0.432881549980434
11.15,11.15,22.3,52.3,33.45,11.15,-1.6993571071374824,0.33494092377809975,0.43256963359190775
11.16,11.16,22.32,52.32,33.480000000000004,11.16,-1.6992986230358944,0.3352375124420191,0.4322579004826986
11.17,11.17,22.34,52.34,33.51,11.17,-1.6992400871707103,0.33553409089401987,0.43194635075249843
11.18,11.18,22.36,52.36,33.54,11.18,-1.6991814995437133,0.33583065912506777,0.43163498450091226
11.19,11.19,22.38,52.379999999999995,33.57,11.19,-1.6991228601566881,0.3361272171261288,0.4313238018274572
11.2,11.2,22.4,52.4,33.599999999999994,11.2,-1.6990641690114205,0.33642376488816933,0.43101280283156523
11.21,11.21,22.42,52.42,33.63,11.21,-1.699005426109699,0.33672030240215667,0.43070198761257855
11.22,11.22,22.44,52.44,33.660000000000004,11.22,-1.6989466314533128,0.33701682965905555,0.43039135626975483
11.23,11.23,22.46,52.46,33.69,11.23,-1.6988877850440527,0.33731334664983553,0.43008090890226236
11.24,11.24,22.48,52.480000000000004,33.72,11.24,-1.6988288868837111,0.3376098533654642,0.4297706456091831
11.25,11.25,22.5,52.5,33.75,11.25,-1.698769936974083,0.3379063497969071,0.42946056648951264
11.26,11.26,22.52,52.519999999999996,33.78,11.26,-1.6987109353169632,0.3382028359351347,0.42915067164215737
11.27,11.27,22.54,52.54,33.81,11.27,-1.6986518819141492,0.33849931177111564,0.42884096116593745
11.28,11.28,22.56,52.56,33.839999999999996,11.28,-1.6985927767674402,0.33879577729581634,0.42853143515958647
11.29,11.29,22.58,52.58,33.87,11.29,-1.6985336198786365,0.3390922325002083,0.42822209372174896
11.3,11.3,22.6,52.6,33.900000000000006,11.3,-1.6984744112495398,0.33938867737526096,0.42791293695098276
11.31,11.31,22.62,52.620000000000005,33.93,11.31,-1.698415150881954,0.33968511191194256,0.42760396494575886
11.32,11.32,22.64,52.64,33.96,11.32,-1.6983558387776845,0.33998153610122317,0.4272951778044611
11.33,11.33,22.66,52.66,33.99,11.33,-1.6982964749385376,0.34027794993407545,0.4269865756253831
11.34,11.34,22.68,52.68,34.019999999999996,11.34,-1.6982370593663216,0.34057435340146797,0.42667815850673446
11.35,11.35,22.7,52.7,34.05,11.35,-1.698177592062847,0.34087074649437166,0.4263699265466355
11.36,11.36,22.719999999999995,52.72,34.08,11.36,-1.6981180730299248,0.3411671292037602,0.426061879843118
11.37,11.37,22.74,52.739999999999995,34.11,11.37,-1.698058502269368,0.34146350152060284,0.42575401849412875
11.38,11.38,22.76,52.760000000000005,34.14,11.38,-1.6979988797829915,0.3417598634358718,0.42544634259752484
11.39,11.39,22.780000000000005,52.78,34.17,11.39,-1.6979392055726112,0.34205621494054067,0.42513885225107617
11.4,11.4,22.8,52.8,34.2,11.4,-1.697879479640045,0.3423525560255822,0.4248315475524649
11.41,11.41,22.82,52.82,34.230000000000004,11.41,-1.6978197019871124,0.34264888668196775,0.42452442859928585
11.42,11.42,22.84,52.84,34.26,11.42,-1.6977598726156347,0.3429452069006706,0.42421749548904625
11.43,11.43,22.86,52.86,34.29,11.43,-1.6976999915274333,0.3432415166726666,0.42391074831916437
11.44,11.44,22.88,52.879999999999995,34.32,11.44,-1.6976400587243332,0.34353781598892735,0.4236041871869725
11.45,11.45,22.9,52.9,34.349999999999994,11.45,-1.69758007420816,0.34383410484042704,0.42329781218971385
11.46,11.46,22.92,52.92,34.38,11.46,-1.6975200379807402,0.3441303832181425,0.42299162342454294
11.47,11.47,22.94,52.94,34.410000000000004,11.47,-1.6974599500439036,0.3444266511130463,0.4226856209885284
11.48,11.48,22.96,52.96,34.44,11.48,-1.69739981039948,0.3447229085161143,0.4223798049786502
11.49,11.49,22.98,52.980000000000004,34.47,11.49,-1.6973396190493013,0.3450191554183221,0.4220741754917998
11.5,11.5,23.0,53.0,34.5,11.5,-1.6972793759952014,0.3453153918106454,0.4217687326247814
11.51,11.51,23.02,53.019999999999996,34.53,11.51,-1.697219081239015,0.3456116176840604,0.42146347647431026
11.52,11.52,23.04,53.04,34.56,11.52,-1.6971587347825792,0.3459078330295435,0.4211584071370148
11.53,11.53,23.06,53.06,34.589999999999996,11.53,-1.6970983366277321,0.3462040378380714,0.42085352470943455
11.54,11.54,23.08,53.08,34.62,11.54,-1.6970378867763134,0.3465002321006213,0.4205488292880212
11.55,11.55,23.1,53.1,34.650000000000006,11.55,-1.6969773852301644,0.34679641580817133,0.4202443209691381
11.56,11.56,23.12,53.120000000000005,34.68,11.56,-1.6969168319911285,0.3470925889516969,0.41993999984906155
11.57,11.57,23.14,53.14,34.71,11.57,-1.69685622706105,0.3473887515221784,0.41963586602397795
11.58,11.58,23.16,53.16,34.74,11.58,-1.696795570441775,0.34768490351059417,0.4193319195899865
11.59,11.59,23.18,53.18,34.769999999999996,11.59,-1.6967348621351515,0.3479810449079206,0.41902816064309867
11.6,11.6,23.2,53.2,34.8,11.6,-1.6966741021430283,0.34827717570513905,0.4187245892792361
11.61,11.61,23.219999999999995,53.22,34.83,11.61,-1.6966132904672564,0.3485732958932288,0.41842120559423357
11.62,11.62,23.24,53.239999999999995,34.86,11.62,-1.6965524271096888,0.34886940546316725,0.4181180096838379
11.63,11.63,23.26,53.260000000000005,34.89,11.63,-1.6964915120721789,0.34916550440593663,0.41781500164370505
11.64,11.64,23.280000000000005,53.28,34.92,11.64,-1.6964305453565822,0.3494615927125166,0.4175121815694059
11.65,11.65,23.3,53.3,34.95,11.65,-1.696369526964756,0.3497576703738885,0.4172095495564199
11.66,11.66,23.32,53.32,34.980000000000004,11.66,-1.6963084568985596,0.35005373738103096,0.41690710570014117
11.67,11.67,23.34,53.34,35.01,11.67,-1.6962473351598522,0.3503497937249276,0.41660485009587284
11.68,11.68,23.36,53.36,35.04,11.68,-1.6961861617504965,0.35064583939655997,0.41630278283883015
11.69,11.69,23.38,53.379999999999995,35.07,11.69,-1.696124936672356,0.3509418743869078,0.416000904024141
11.7,11.7,23.4,53.4,35.099999999999994,11.7,-1.6960636599272954,0.3512378986869556,0.4156992137468433
11.71,11.71,23.42,53.42,35.13,11.71,-1.6960023315171808,0.35153391228768593,0.41539771210188703
11.72,11.72,23.44,53.44,35.160000000000004,11.72,-1.6959409514438815,0.35182991518007944,0.41509639918413455
11.73,11.73,23.46,53.46,35.19,11.73,-1.6958795197092662,0.3521259073551216,0.4147952750883575
11.74,11.74,23.48,53.480000000000004,35.22,11.74,-1.695818036315207,0.3524218888037961,0.4144943399092398
11.75,11.75,23.5,53.5,35.25,11.75,-1.6957565012635765,0.3527178595170851,0.41419359374137804
11.76,11.76,23.52,53.519999999999996,35.28,11.76,-1.695694914556249,0.35301381948597305,0.4138930366792789
11.77,11.77,23.54,53.54,35.31,11.77,-1.6956332761951005,0.3533097687014466,0.4135926688173595
11.78,11.78,23.56,53.56,35.339999999999996,11.78,-1.695571586182009,0.3536057071544884,0.4132924902499499
11.79,11.79,23.58,53.58,35.37,11.79,-1.6955098445188534,0.3539016348360837,0.41299250107129065
11.8,11.8,23.6,53.6,35.400000000000006,11.8,-1.6954480512075145,0.35419755173722023,0.41269270137553266
11.81,11.81,23.62,53.620000000000005,35.43,11.81,-1.6953862062498748,0.3544934578488816,0.41239309125673956
11.82,11.82,23.64,53.64,35.46,11.82,-1.695324309647818,0.35478935316205407,0.41209367080888576
11.83,11.83,23.66,53.66,35.49,11.83,-1.6952623614032296,0.3550852376677262,0.4117944401258551
11.84,11.84,23.68,53.68,35.519999999999996,11.84,-1.6952003615179967,0.35538111135688283,0.4114953993014448
11.85,11.85,23.7,53.7,35.55,11.85,-1.695138309994008,0.3556769742205117,0.41119654842936204
11.86,11.86,23.719999999999995,53.72,35.58,11.86,-1.6950762068331535,0.3559728262496004,0.4108978876032251
11.87,11.87,23.74,53.739999999999995,35.61,11.87,-1.695014052037325,0.35626866743513674,0.41059941691656354
11.88,11.88,23.76,53.760000000000005,35.64,11.88,-1.694951845608416,0.35656449776810895,0.4103011364628168
11.89,11.89,23.780000000000005,53.78,35.67,11.89,-1.6948895875483216,0.3568603172395047,0.41000304633533746
11.9,11.9,23.8,53.8,35.7,11.9,-1.6948272778589377,0.357156125840315,0.40970514662738605
11.91,11.91,23.82,53.82,35.730000000000004,11.91,-1.694764916542163,0.3574519235615268,0.40940743743213676
11.92,11.92,23.84,53.84,35.76,11.92,-1.6947025035998964,0.35774771039413045,0.40910991884267367
11.93,11.93,23.86,53.86,35.79,11.93,-1.6946400390340397,0.35804348632911565,0.4088125909519914
11.94,11.94,23.88,53.879999999999995,35.82,11.94,-1.6945775228464957,0.3583392513574725,0.40851545385299515
11.95,11.95,23.9,53.9,35.849999999999994,11.95,-1.6945149550391685,0.35863500547019167,0.4082185076385013
11.96,11.96,23.92,53.92,35.88,11.96,-1.694452335613964,0.35893074865826385,0.4079217524012376
11.97,11.97,23.94,53.94,35.910000000000004,11.97,-1.6943896645727898,0.35922648091268017,0.40762518823384186
11.98,11.98,23.96,53.96,35.94,11.98,-1.6943269419175553,0.3595222022244322,0.4073288152288619
11.99,11.99,23.98,53.980000000000004,35.97,11.99,-1.6942641676501702,0.3598179125845124,0.4070326334787576
12.0,12.0,24.0,54.0,36.0,12.0,-1.6942013417725479,0.36011361198391073,0.40673664307589935
12.01,12.01,24.02,54.019999999999996,36.03,12.01,-1.694138464286601,0.3604093004136219,0.4064408441125674
12.02,12.02,24.04,54.04,36.06,12.02,-1.6940755351942458,0.3607049778646387,0.4061452366809521
12.03,12.03,24.06,54.06,36.089999999999996,12.03,-1.694012554497399,0.3610006443279521,0.4058498208731565
12.04,12.04,24.08,54.08,36.12,12.04,-1.6939495221979788,0.3612962997945578,0.4055545967811923
12.05,12.05,24.1,54.1,36.150000000000006,12.05,-1.6938864382979053,0.3615919442554496,0.40525956449698197
12.06,12.06,24.12,54.120000000000005,36.18,12.06,-1.6938233027991008,0.36188757770161945,0.4049647241123594
12.07,12.07,24.14,54.14,36.21,12.07,-1.6937601157034876,0.362183200124064,0.4046700757190682
12.08,12.08,24.16,54.16,36.24,12.08,-1.693696877012991,0.3624788115137782,0.40437561940876215
12.09,12.09,24.18,54.18,36.269999999999996,12.09,-1.6936335867295371,0.36277441186175563,0.40408135527300687
12.1,12.1,24.2,54.2,36.3,12.1,-1.6935702448550545,0.3630700011589918,0.4037872834032769
12.11,12.11,24.219999999999995,54.22,36.33,12.11,-1.693506851391472,0.36336557939648484,0.4034934038909569
12.12,12.12,24.24,54.239999999999995,36.36,12.12,-1.6934434063407207,0.3636611465652286,0.40319971682734396
12.13,12.13,24.26,54.260000000000005,36.39,12.13,-1.6933799097047335,0.3639567026562196,0.4029062223036437
12.14,12.14,24.280000000000005,54.28,36.42,12.14,-1.6933163614854447,0.3642522476604562,0.40261292041097174
12.15,12.15,24.3,54.3,36.45,12.15,-1.6932527616847897,0.36454778156893564,0.4023198112403552
12.16,12.16,24.32,54.32,36.480000000000004,12.16,-1.6931891103047063,0.3648433043726531,0.40202689488273136
12.17,12.17,24.34,54.34,36.51,12.17,-1.6931254073471333,0.36513881606260884,0.40173417142894613
12.18,12.18,24.36,54.36,36.54,12.18,-1.6930616528140108,0.36543431662980086,0.4014416409697577
12.19,12.19,24.38,54.379999999999995,36.57,12.19,-1.6929978467072815,0.36572980606522637,0.401149303595833
12.2,12.2,24.4,54.4,36.599999999999994,12.2,-1.6929339890288888,0.3660252843598841,0.40085715939775013
12.21,12.21,24.42,54.42,36.63,12.21,-1.6928700797807774,0.3663207515047756,0.4005652084659957
12.22,12.22,24.44,54.44,36.660000000000004,12.22,-1.692806118964895,0.3666162074908982,0.400273450890968
12.23,12.23,24.46,54.46,36.69,12.23,-1.6927421065831896,0.3669116523092517,0.39998188676297497
12.24,12.24,24.48,54.480000000000004,36.72,12.24,-1.6926780426376107,0.36720708595083873,0.3996905161722335
12.25,12.25,24.5,54.5,36.75,12.25,-1.6926139271301104,0.36750250840665744,0.399399339208872
12.26,12.26,24.52,54.519999999999996,36.78,12.26,-1.6925497600626416,0.3677979196677089,0.39910835596292843
12.27,12.27,24.54,54.54,36.81,12.27,-1.6924855414371582,0.3680933197249966,0.3988175665243499
12.28,12.28,24.56,54.56,36.839999999999996,12.28,-1.6924212712556177,0.3683887085695198,0.3985269709829939
12.29,12.29,24.58,54.58,36.87,12.29,-1.692356949519977,0.3686840861922812,0.3982365694286285
12.3,12.3,24.6,54.6,36.900000000000006,12.3,-1.6922925762321959,0.3689794525842832,0.3979463619509304
12.31,12.31,24.62,54.620000000000005,36.93,12.31,-1.692228151394235,0.36927480773652827,0.39765634863948734
12.32,12.32,24.64,54.64,36.96,12.32,-1.6921636750080569,0.36957015164001955,0.39736652958379576
12.33,12.33,24.66,54.66,36.99,12.33,-1.6920991470756257,0.36986548428576016,0.39707690487326325
12.34,12.34,24.68,54.68,37.019999999999996,12.34,-1.6920345675989068,0.3701608056647539,0.3967874745972056
12.35,12.35,24.7,54.7,37.05,12.35,-1.691969936579868,0.3704561157680047,0.39649823884484947
12.36,12.36,24.719999999999995,54.72,37.08,12.36,-1.691905254020477,0.37075141458651767,0.39620919770533053
12.37,12.37,24.74,54.739999999999995,37.11,12.37,-1.6918405199227058,0.37104670211129526,0.395920351267695
12.38,12.38,24.76,54.760000000000005,37.14,12.38,-1.6917757342885247,0.37134197833334476,0.39563169962089795
12.39,12.39,24.780000000000005,54.78,37.17,12.39,-1.6917108971199082,0.3716372432436707,0.39534324285380396
12.4,12.4,24.8,54.8,37.2,12.4,-1.6916460084188307,0.37193249683327884,0.3950549810551883
12.41,12.41,24.82,54.82,37.230000000000004,12.41,-1.6915810681872692,0.37222773909317525,0.39476691431373523
12.42,12.42,24.84,54.84,37.26,12.42,-1.6915160764272017,0.3725229700143664,0.3944790427180379
12.43,12.43,24.86,54.86,37.29,12.43,-1.691451033140608,0.3728181895878597,0.39419136635659946
12.44,12.44,24.88,54.879999999999995,37.32,12.44,-1.6913859383294698,0.3731133978046601,0.3939038853178338
12.45,12.45,24.9,54.9,37.349999999999994,12.45,-1.6913207919957696,0.37340859465577714,0.3936165996900622
12.46,12.46,24.92,54.92,37.38,12.46,-1.6912555941414917,0.3737037801322187,0.3933295095615164
12.47,12.47,24.94,54.94,37.410000000000004,12.47,-1.6911903447686227,0.3739989542249907,0.39304261502033877
12.48,12.48,24.96,54.96,37.44,12.48,-1.6911250438791499,0.37429411692510384,0.3927559161545783
12.49,12.49,24.98,54.980000000000004,37.47,12.49,-1.691059691475062,0.3745892682235669,0.3924694130521959
12.5,12.5,25.0,55.0,37.5,12.5,-1.6909942875583508,0.37488440811138685,0.3921831058010608
12.51,12.51,25.02,55.019999999999996,37.53,12.51,-1.690928832131008,0.37517953657957553,0.3918969944889511
12.52,12.52,25.04,55.04,37.56,12.52,-1.6908633251950271,0.37547465361914273,0.3916110792035552
12.53,12.53,25.06,55.06,37.589999999999996,12.53,-1.6907977667524046,0.3757697592210972,0.3913253600324702
12.54,12.54,25.08,55.08,37.62,12.54,-1.6907321568051368,0.37606485337644946,0.3910398370632031
12.55,12.55,25.1,55.1,37.650000000000006,12.55,-1.690666495355222,0.3763599360762127,0.3907545103831689
12.56,12.56,25.12,55.120000000000005,37.68,12.56,-1.690600782404661,0.376655007311396,0.39046938007969284
12.57,12.57,25.14,55.14,37.71,12.57,-1.6905350179554555,0.37695006707301093,0.3901844462400093
12.58,12.58,25.16,55.16,37.74,12.58,-1.6904692020096082,0.37724511535207167,0.38989970895126075
12.59,12.59,25.18,55.18,37.769999999999996,12.59,-1.6904033345691247,0.3775401521395884,0.38961516830050025
12.6,12.6,25.2,55.2,37.8,12.6,-1.6903374156360111,0.37783517742657363,0.3893308243746897
12.61,12.61,25.219999999999995,55.22,37.83,12.61,-1.6902714452122753,0.37813019120404273,0.3890466772606984
12.62,12.62,25.24,55.239999999999995,37.86,12.62,-1.690205423299927,0.3784251934630068,0.38876272704530684
12.63,12.63,25.26,55.260000000000005,37.89,12.63,-1.6901393499009774,0.37872018419448034,0.3884789738152039
12.64,12.64,25.280000000000005,55.28,37.92,12.64,-1.6900732250174393,0.37901516338947655,0.3881954176569871
12.65,12.65,25.3,55.3,37.95,12.65,-1.6900070486513266,0.37931013103901223,0.3879120586571625
12.66,12.66,25.32,55.32,37.980000000000004,12.66,-1.6899408208046554,0.3796050871340998,0.38762889690214636
12.67,12.67,25.34,55.34,38.01,12.67,-1.6898745414794432,0.3799000316657545,0.3873459324782633
12.68,12.68,25.36,55.36,38.04,12.68,-1.6898082106777086,0.3801949646249939,0.38706316547174613
12.69,12.69,25.38,55.379999999999995,38.07,12.69,-1.6897418284014727,0.38048988600283173,0.3867805959687377
12.7,12.7,25.4,55.4,38.099999999999994,12.7,-1.6896753946527574,0.38078479579028407,0.38649822405528933
12.71,12.71,25.42,55.42,38.13,12.71,-1.689608909433586,0.3810796939783697,0.3862160498173605
12.72,12.72,25.44,55.44,38.160000000000004,12.72,-1.6895423727459842,0.38137458055810336,0.3859340733408206
12.73,12.73,25.46,55.46,38.19,12.73,-1.6894757845919788,0.38166945552050296,0.38565229471144685
12.74,12.74,25.48,55.480000000000004,38.22,12.74,-1.6894091449735982,0.38196431885658616,0.3853707140149259
12.75,12.75,25.5,55.5,38.25,12.75,-1.689342453892872,0.38225917055737085,0.3850893313368531
12.76,12.76,25.52,55.519999999999996,38.28,12.76,-1.6892757113518322,0.3825540106138753,0.3848081467627317
12.77,12.77,25.54,55.54,38.31,12.77,-1.6892089173525116,0.38284883901711825,0.3845271603779746
12.78,12.78,25.56,55.56,38.339999999999996,12.78,-1.6891420718969448,0.3831436557581187,0.38424637226790276
12.79,12.79,25.58,55.58,38.37,12.79,-1.6890751749871684,0.38343846082789595,0.38396578251774616
12.8,12.8,25.6,55.6,38.400000000000006,12.8,-1.6890082266252198,0.3837332542174705,0.38368539121264283
12.81,12.81,25.62,55.620000000000005,38.43,12.81,-1.6889412268131387,0.3840280359178603,0.38340519843764087
12.82,12.82,25.64,55.64,38.46,12.82,-1.688874175552966,0.38432280592008783,0.38312520427769475
12.83,12.83,25.66,55.66,38.49,12.83,-1.6888070728467437,0.384617564215174,0.38284540881766876
12.84,12.84,25.68,55.68,38.519999999999996,12.84,-1.6887399186965164,0.3849123107941378,0.3825658121423366
12.85,12.85,25.7,55.7,38.55,12.85,-1.6886727131043295,0.38520704564800284,0.3822864143363782
12.86,12.86,25.719999999999995,55.72,38.58,12.86,-1.6886054560722301,0.38550176876779096,0.3820072154843832
12.87,12.87,25.74,55.739999999999995,38.61,12.87,-1.6885381476022674,0.3857964801445222,0.3817282156708507
12.88,12.88,25.76,55.760000000000005,38.64,12.88,-1.6884707876964915,0.38609117976922147,0.38144941498018575
12.89,12.89,25.780000000000005,55.78,38.67,12.89,-1.6884033763569541,0.38638586763291083,0.3811708134967043
12.9,12.9,25.8,55.8,38.7,12.9,-1.6883359135857086,0.38668054372661437,0.38089241130462903
12.91,12.91,25.82,55.82,38.730000000000004,12.91,-1.6882683993848107,0.3869752080413535,0.380614208488092
12.92,12.92,25.84,55.84,38.76,12.92,-1.6882008337563164,0.38726986056815443,0.38033620513113253
12.93,12.93,25.86,55.86,38.79,12.93,-1.6881332167022838,0.3875645012980416,0.38005840131769897
12.94,12.94,25.88,55.879999999999995,38.82,12.94,-1.6880655482247733,0.3878591302220375,0.37978079713164836
12.95,12.95,25.9,55.9,38.849999999999994,12.95,-1.6879978283258454,0.38815374733116936,0.37950339265674465
12.96,12.96,25.92,55.92,38.88,12.96,-1.6879300570075633,0.3884483526164627,0.3792261879766609
12.97,12.97,25.94,55.94,38.910000000000004,12.97,-1.6878622342719916,0.3887429460689419,0.378949183174979
12.98,12.98,25.96,55.96,38.94,12.98,-1.6877943601211962,0.389037527679633,0.378672378335188
12.99,12.99,25.98,55.980000000000004,38.97,12.99,-1.6877264345572445,0.3893320974395649,0.37839577354068454
13.0,13.0,26.0,56.0,39.0,13.0,-1.6876584575822058,0.3896266553397621,0.37811936887477493
13.01,13.01,26.02,56.019999999999996,39.03,13.01,-1.687590429198151,0.38992120137125197,0.3778431644206735
13.02,13.02,26.04,56.04,39.06,13.02,-1.6875223494071516,0.3902157355250644,0.3775671602615007
13.03,13.03,26.06,56.06,39.089999999999996,13.03,-1.6874542182112822,0.390510257792225,0.3772913564802874
13.04,13.04,26.08,56.08,39.12,13.04,-1.6873860356126182,0.3908047681637622,0.37701575315997143
13.05,13.05,26.1,56.1,39.150000000000006,13.05,-1.687317801613236,0.3910992666307069,0.376740350383398
13.06,13.06,26.12,56.120000000000005,39.18,13.06,-1.6872495162152144,0.3913937531840859,0.37646514823332206
13.07,13.07,26.14,56.14,39.21,13.07,-1.6871811794206335,0.39168822781492946,0.37619014679240487
13.08,13.08,26.16,56.16,39.24,13.08,-1.687112791231575,0.39198269051426726,0.3759153461432165
13.09,13.09,26.18,56.18,39.269999999999996,13.09,-1.687044351650122,0.39227714127312957,0.37564074636823447
13.1,13.1,26.2,56.2,39.3,13.1,-1.6869758606783596,0.39257158008254683,0.3753663475498445
13.11,13.11,26.219999999999995,56.22,39.33,13.11,-1.686907318318374,0.3928660069335499,0.37509214977034017
13.12,13.12,26.24,56.239999999999995,39.36,13.12,-1.6868387245722527,0.39316042181717015,0.3748181531119229
13.13,13.13,26.26,56.260000000000005,39.39,13.13,-1.686770079442086,0.39345482472443905,0.3745443576567016
13.14,13.14,26.280000000000005,56.28,39.42,13.14,-1.6867013829299642,0.39374921564638793,0.37427076348669397
13.15,13.15,26.3,56.3,39.45,13.15,-1.68663263503798,0.39404359457405125,0.37399737068382366
13.16,13.16,26.32,56.32,39.480000000000004,13.16,-1.6865638357682282,0.39433796149845957,0.3737241793299242
13.17,13.17,26.34,56.34,39.51,13.17,-1.686494985122804,0.3946323164106467,0.3734511895067352
13.18,13.18,26.36,56.36,39.54,13.18,-1.686426083103805,0.39492665930164605,0.37317840129590485
13.19,13.19,26.38,56.379999999999995,39.57,13.19,-1.6863571297133295,0.39522099016249146,0.37290581477898915
13.2,13.2,26.4,56.4,39.599999999999994,13.2,-1.6862881249534787,0.39551530898421705,0.3726334300374509
13.21,13.21,26.42,56.42,39.63,13.21,-1.686219068826354,0.3958096157578574,0.3723612471526613
13.22,13.22,26.44,56.44,39.660000000000004,13.22,-1.6861499613340596,0.3961039104744474,0.3720892662058988
13.23,13.23,26.46,56.46,39.69,13.23,-1.6860808024787,0.3963981931250223,0.3718174872783499
13.24,13.24,26.48,56.480000000000004,39.72,13.24,-1.6860115922623822,0.39669246370061845,0.3715459104511072
13.25,13.25,26.5,56.5,39.75,13.25,-1.6859423306872146,0.39698672219226966,0.37127453580517406
13.26,13.26,26.52,56.519999999999996,39.78,13.26,-1.6858730177553067,0.39728096859101464,0.3710033634214576
13.27,13.27,26.54,56.54,39.81,13.27,-1.68580365346877,0.39757520288789,0.3707323933807741
13.28,13.28,26.56,56.56,39.839999999999996,13.28,-1.6857342378297178,0.3978694250739306,0.3704616257638486
13.29,13.29,26.58,56.58,39.87,13.29,-1.6856647708402641,0.3981636351401763,0.3701910606513115
13.3,13.3,26.6,56.6,39.900000000000006,13.3,-1.685595252502525,0.39845783307766475,0.3699206981237012
13.31,13.31,26.62,56.620000000000005,39.93,13.31,-1.685525682818619,0.3987520188774321,0.3696505382614644
13.32,13.32,26.64,56.64,39.96,13.32,-1.6854560617906644,0.3990461925305191,0.3693805811449543
13.33,13.33,26.66,56.66,39.99,13.33,-1.685386389420782,0.39934035402796475,0.3691108268544317
13.34,13.34,26.68,56.68,40.019999999999996,13.34,-1.6853166657110945,0.39963450336080686,0.36884127547006496
13.35,13.35,26.7,56.7,40.05,13.35,-1.685246890663726,0.3999286405200851,0.3685719270719298
13.36,13.36,26.719999999999995,56.72,40.08,13.36,-1.6851770642808013,0.40022276549684177,0.3683027817400079
13.37,13.37,26.74,56.739999999999995,40.11,13.37,-1.6851071865644478,0.4005168782821152,0.3680338395541908
13.38,13.38,26.76,56.760000000000005,40.14,13.38,-1.6850372575167945,0.40081097886694605,0.36776510059427475
13.39,13.39,26.780000000000005,56.78,40.17,13.39,-1.684967277139971,0.40110506724237704,0.3674965649399646
13.4,13.4,26.8,56.8,40.2,13.4,-1.6848972454361089,0.4013991433994498,0.3672282326708721
13.41,13.41,26.82,56.82,40.230000000000004,13.41,-1.684827162407342,0.40169320732920466,0.36696010386651634
13.42,13.42,26.84,56.84,40.26,13.42,-1.684757028055805,0.40198725902268395,0.3666921786063238
13.43,13.43,26.86,56.86,40.29,13.43,-1.684686842383634,0.4022812984709327,0.36642445696962633
13.44,13.44,26.88,56.879999999999995,40.32,13.44,-1.6846166053929676,0.40257532566499155,0.3661569390356655
13.45,13.45,26.9,56.9,40.349999999999994,13.45,-1.6845463170859452,0.402869340595904,0.36588962488358856
13.46,13.46,26.92,56.92,40.38,13.46,-1.684475977464707,0.40316334325471603,0.3656225145924494
13.47,13.47,26.94,56.94,40.410000000000004,13.47,-1.6844055865313965,0.40345733363246966,0.36535560824121044
13.48,13.48,26.96,56.96,40.44,13.48,-1.684335144288158,0.40375131172020934,0.3650889059087397
13.49,13.49,26.98,56.980000000000004,40.47,13.49,-1.6842646507371366,0.4040452775089823,0.36478726269802836
13.5,13.5,27.0,57.0,40.5,13.5,-1.6841941058804806,0.40433923098983154,0.3644221784449752
13.51,13.51,27.02,57.019999999999996,40.53,13.51,-1.6841235097203382,0.40463317215380346,0.3640576978153225
13.52,13.52,27.04,57.04,40.56,13.52,-1.6840528622588602,0.4049271009919442,0.363693823009359
13.53,13.53,27.06,57.06,40.589999999999996,13.53,-1.6839821634981984,0.40522101749530004,0.3633305562329286
13.54,13.54,27.08,57.08,40.62,13.54,-1.6839114134405069,0.4055149216549178,0.36296789969741666
13.55,13.55,27.1,57.1,40.650000000000006,13.55,-1.6838406120879403,0.4058088134618447,0.362605855619746
13.56,13.56,27.12,57.120000000000005,40.68,13.56,-1.6837697594426555,0.4061026929071283,0.36224442622235986
13.57,13.57,27.14,57.14,40.71,13.57,-1.683698855506811,0.40639655998181645,0.3618836137332197
13.58,13.58,27.16,57.16,40.74,13.58,-1.6836279002825663,0.40669041467695827,0.3615234203857876
13.59,13.59,27.18,57.18,40.769999999999996,13.59,-1.6835568937720835,0.40698425698360013,0.3611638484190218
13.6,13.6,27.2,57.2,40.8,13.6,-1.683485835977525,0.4072780868927933,0.3608049000773585
13.61,13.61,27.219999999999995,57.22,40.83,13.61,-1.683414726901055,0.4075719043955873,0.3604465776107069
13.62,13.62,27.24,57.239999999999995,40.86,13.62,-1.6833435665448409,0.40786570948302964,0.3600888832744343
13.63,13.63,27.26,57.260000000000005,40.89,13.63,-1.6832723549110489,0.40815950214617275,0.3597318193293519
13.64,13.64,27.280000000000005,57.28,40.92,13.64,-1.683201092001849,0.40845328237606643,0.35937538804170754
13.65,13.65,27.3,57.3,40.95,13.65,-1.683129777819412,0.40874705016376167,0.3590195916831666
13.66,13.66,27.32,57.32,40.980000000000004,13.66,-1.6830584123659098,0.40904080550030975,0.3586644325308024
13.67,13.67,27.34,57.34,41.01,13.67,-1.682986995643517,0.4093345483767624,0.3583099128670832
13.68,13.68,27.36,57.36,41.04,13.68,-1.6829155276544085,0.40962827878417246,0.3579560349798555
13.69,13.69,27.38,57.379999999999995,41.07,13.69,-1.6828440084007616,0.40992199671359003,0.3576028011623287
13.7,13.7,27.4,57.4,41.099999999999994,13.7,-1.682772437884755,0.4102157021560704,0.3572502137130661
13.71,13.71,27.42,57.42,41.13,13.71,-1.6827008161085684,0.4105093951026666,0.35689827493596316
13.72,13.72,27.44,57.44,41.160000000000004,13.72,-1.6826291430743845,0.4108030755444301,0.35654698714023564
13.73,13.73,27.46,57.46,41.19,13.73,-1.6825574187843853,0.41109674347241704,0.35619635264040234
13.74,13.74,27.48,57.480000000000004,41.22,13.74,-1.6824856432407562,0.41139039887768186,0.3558463737562673
13.75,13.75,27.5,57.5,41.25,13.75,-1.682413816445684,0.41168404175127704,0.3554970528129093
13.76,13.76,27.52,57.519999999999996,41.28,13.76,-1.6823419384013567,0.41197767208425995,0.35514839214065397
13.77,13.77,27.54,57.54,41.31,13.77,-1.6822700091099627,0.4122712898676861,0.35480039407506736
13.78,13.78,27.56,57.56,41.339999999999996,13.78,-1.6821980285736942,0.41256489509260985,0.3544530609569304
13.79,13.79,27.58,57.58,41.37,13.79,-1.6821259967947437,0.41285848775008743,0.3541063951322244
13.8,13.8,27.6,57.6,41.400000000000006,13.8,-1.682053913775305,0.4131520678311779,0.35376039895210937
13.81,13.81,27.62,57.620000000000005,41.43,13.81,-1.6819817795175744,0.41344563532693596,0.3534150747729091
13.82,13.82,27.64,57.64,41.46,13.82,-1.681909594023749,0.41373919022841904,0.3530704249560846
13.83,13.83,27.66,57.66,41.49,13.83,-1.6818373572960272,0.4140327325266872,0.3527264518682243
13.84,13.84,27.68,57.68,41.519999999999996,13.84,-1.6817650693366102,0.4143262622127963,0.3523831578810125
13.85,13.85,27.7,57.7,41.55,13.85,-1.6816927301476998,0.4146197792778051,0.35204054537121465
13.86,13.86,27.719999999999995,57.72,41.58,13.86,-1.681620339731499,0.4149132837127746,0.35169861672065633
13.87,13.87,27.74,57.739999999999995,41.61,13.87,-1.6815478980902139,0.415206775508762,0.3513573743162013
13.88,13.88,27.76,57.760000000000005,41.64,13.88,-1.6814754052260505,0.4155002546568278,0.35101682054972483
13.89,13.89,27.780000000000005,57.78,41.67,13.89,-1.6814028611412177,0.41579372114803137,0.3506769578180975
13.9,13.9,27.8,57.8,41.7,13.9,-1.6813302658379246,0.4160871749734354,0.35033778852315706
13.91,13.91,27.82,57.82,41.730000000000004,13.91,-1.6812576193183826,0.4163806161240985,0.3499993150716877
13.92,13.92,27.84,57.84,41.76,13.92,-1.6811849215848054,0.416674044591082,0.34966153987539683
13.93,13.93,27.86,57.86,41.79,13.93,-1.6811121726394067,0.4169674603654498,0.34932446535088635
13.94,13.94,27.88,57.879999999999995,41.82,13.94,-1.681039372484403,0.41726086343826174,0.3489880939196325
13.95,13.95,27.9,57.9,41.849999999999994,13.95,-1.6809665211220122,0.4175542538005809,0.34865242800795954
13.96,13.96,27.92,57.92,41.88,13.96,-1.6808936185544525,0.4178476314434702,0.34831747004701047
13.97,13.97,27.94,57.94,41.910000000000004,13.97,-1.6808206647839457,0.41814099635799273,0.34798322247272573
13.98,13.98,27.96,57.96,41.94,13.98,-1.6807476598127133,0.4184343485352122,0.347649687725811
13.99,13.99,27.98,57.980000000000004,41.97,13.99,-1.6806746036429796,0.41872768796619253,0.3473168682517198
14.0,14.0,28.0,58.0,42.0,14.0,-1.68060149627697,0.4190210146419981,0.34698476650061105
14.01,14.01,28.02,58.019999999999996,42.03,14.01,-1.6805283377169111,0.41931432855369366,0.346653384927334
14.02,14.02,28.04,58.04,42.06,14.02,-1.6804551279650317,0.41960762969234516,0.34632272599139385
14.03,14.03,28.06,58.06,42.089999999999996,14.03,-1.6803818670235624,0.4199009180490158,0.345992792156923
14.04,14.04,28.08,58.08,42.12,14.04,-1.680308554894734,0.42019419361477384,0.3456635858926513
14.05,14.05,28.1,58.1,42.150000000000006,14.05,-1.68023519158078,0.42048745638068546,0.3453351096718782
14.06,14.06,28.12,58.120000000000005,42.18,14.06,-1.6801617770839357,0.42078070633781534,0.34500736597243953
14.07,14.07,28.14,58.14,42.21,14.07,-1.6800883114064367,0.42107394347723265,0.34468035727667695
14.08,14.08,28.16,58.16,42.24,14.08,-1.680014794550521,0.4213671677900049,0.34435408607140794
14.09,14.09,28.18,58.18,42.269999999999996,14.09,-1.6799412265184288,0.42166037926719774,0.3440285548478909
14.1,14.1,28.2,58.2,42.3,14.1,-1.6798676073124,0.4219535778998817,0.3437037661017959
14.11,14.11,28.219999999999995,58.22,42.33,14.11,-1.6797939369346777,0.4222467636791254,0.3433797223331705
14.12,14.12,28.24,58.239999999999995,42.36,14.12,-1.6797202153875064,0.4225399365959964,0.34305642604640463
14.13,14.13,28.26,58.260000000000005,42.39,14.13,-1.6796464426731317,0.4228330966415642,0.34273387975019504
14.14,14.14,28.280000000000005,58.28,42.42,14.14,-1.6795726187938,0.4231262438069001,0.3424120859575177
14.15,14.15,28.3,58.3,42.45,14.15,-1.6794987437517606,0.42341937808307434,0.34209104718558386
14.16,14.16,28.32,58.32,42.480000000000004,14.16,-1.6794248175492645,0.42371249946115525,0.3417707659558113
14.17,14.17,28.34,58.34,42.51,14.17,-1.6793508401885628,0.4240056079322161,0.3414512447937848
14.18,14.18,28.36,58.36,42.54,14.18,-1.679276811671909,0.4242987034873283,0.3411324862292178
14.19,14.19,28.38,58.379999999999995,42.57,14.19,-1.6792027320015588,0.4245917861175614,0.3408144927959189
14.2,14.2,28.4,58.4,42.599999999999994,14.2,-1.6791286011797681,0.4248848558139898,0.3404972670317524
14.21,14.21,28.42,58.42,42.63,14.21,-1.6790544192087953,0.4251779125676862,0.3401808114786
14.22,14.22,28.44,58.44,42.660000000000004,14.22,-1.6789801860909002,0.42547095636972204,0.33986512868232216
14.23,14.23,28.46,58.46,42.69,14.23,-1.6789059018283443,0.42576398721117065,0.3395502211927165
14.24,14.24,28.48,58.480000000000004,42.72,14.24,-1.6788315664233897,0.426057005083108,0.33923609156348045
14.25,14.25,28.5,58.5,42.75,14.25,-1.6787571798783012,0.42635000997660616,0.3389227423521696
14.26,14.26,28.52,58.519999999999996,42.78,14.26,-1.6786827421953452,0.4266430018827396,0.3386101761201587
14.27,14.27,28.54,58.54,42.81,14.27,-1.6786082533767885,0.4269359807925855,0.3382983954325974
14.28,14.28,28.56,58.56,42.839999999999996,14.28,-1.6785337134249005,0.427228946697217,0.3379874028583664
14.29,14.29,28.58,58.58,42.87,14.29,-1.678459122341952,0.42752189958770986,0.3376772009700414
14.3,14.3,28.6,58.6,42.900000000000006,14.3,-1.6783844801302146,0.4278148394551425,0.3373677923438411
14.31,14.31,28.62,58.620000000000005,42.93,14.31,-1.6783097867919623,0.4281077662905891,0.3370591795595918
14.32,14.32,28.64,58.64,42.96,14.32,-1.6782350423294705,0.42840068008512744,0.33675136520067667
14.33,14.33,28.66,58.66,42.99,14.33,-1.678160246745016,0.4286935808298348,0.33644435185399313
14.34,14.34,28.68,58.68,43.019999999999996,14.34,-1.6780854000408774,0.4289864685157889,0.3361381421099074
14.35,14.35,28.7,58.7,43.05,14.35,-1.6780105022193343,0.429279343134068,0.33583273856220974
14.36,14.36,28.719999999999995,58.72,43.08,14.36,-1.6779355532826685,0.4295722046757506,0.3355281438080624
14.37,14.37,28.74,58.739999999999995,43.11,14.37,-1.6778605532331627,0.42986505313191553,0.33522436044795867
14.38,14.38,28.76,58.760000000000005,43.14,14.38,-1.677785502073102,0.4301578884936421,0.3349213910856723
14.39,14.39,28.780000000000005,58.78,43.17,14.39,-1.6777103998047724,0.4304507107520094,0.33461923832820784
14.4,14.4,28.8,58.8,43.2,14.4,-1.6776352464304614,0.4307435198980997,0.334317904785753
14.41,14.41,28.82,58.82,43.230000000000004,14.41,-1.6775600419524586,0.43103631592299135,0.3340173930716279
14.42,14.42,28.84,58.84,43.26,14.42,-1.6774847863730549,0.431329098817766,0.333717705802239
14.43,14.43,28.86,58.86,43.29,14.43,-1.6774094796945425,0.431621868573505,0.3334188455970187
14.44,14.44,28.88,58.879999999999995,43.32,14.44,-1.6773341219192155,0.43191462518129,0.33312081507838726
14.45,14.45,28.9,58.9,43.349999999999994,14.45,-1.6772587130493692,0.43220736863220316,0.3328236168716878
14.46,14.46,28.92,58.92,43.38,14.46,-1.677183253087301,0.43250009891732777,0.3325272536051449
14.47,14.47,28.94,58.94,43.410000000000004,14.47,-1.6771077420353095,0.43279281602774444,0.332231727909799
14.48,14.48,28.96,58.96,43.44,14.48,-1.6770321798956949,0.43308551995453887,0.3319370424194671
14.49,14.49,28.98,58.980000000000004,43.47,14.49,-1.6769565666707587,0.43337821068879473,0.3316431997706757
14.5,14.5,29.0,59.0,43.5,14.5,-1.6768809023628044,0.43367088822159383,0.3313502026026132
14.51,14.51,29.02,59.019999999999996,43.53,14.51,-1.676805186974137,0.4339635525440231,0.33105805355707063
14.52,14.52,29.04,59.04,43.56,14.52,-1.6767294205070624,0.4342562036471673,0.3307667552783877
14.53,14.53,29.06,59.06,43.589999999999996,14.53,-1.6766536029638894,0.4345488415221096,0.33047631041339415
14.54,14.54,29.08,59.08,43.62,14.54,-1.676577734346927,0.4348414661599381,0.33018672161135565
14.55,14.55,29.1,59.1,43.650000000000006,14.55,-1.6765018146584862,0.4351340775517387,0.32989799152391
14.56,14.56,29.12,59.120000000000005,43.68,14.56,-1.67642584390088,0.4354266756885967,0.3296101228050124
14.57,14.57,29.14,59.14,43.71,14.57,-1.6763498220764224,0.43571926056159893,0.3293231181108785
14.58,14.58,29.16,59.16,43.74,14.58,-1.6762737491874289,0.4360118321618349,0.3290369800999159
14.59,14.59,29.18,59.18,43.769999999999996,14.59,-1.6761976252362174,0.4363043904803903,0.3287517114326763
14.6,14.6,29.2,59.2,43.8,14.6,-1.6761214502251065,0.43659693550835327,0.32846731477178076
14.61,14.61,29.219999999999995,59.22,43.83,14.61,-1.6760452241564163,0.4368894672368145,0.32818379278186705
14.62,14.62,29.24,59.239999999999995,43.86,14.62,-1.6759689470324695,0.43718198565686084,0.32790114812952786
14.63,14.63,29.26,59.260000000000005,43.89,14.63,-1.675892618855589,0.4374744907595816,0.3276193834832381
14.64,14.64,29.280000000000005,59.28,43.92,14.64,-1.6758162396281,0.43776698253606805,0.32733850151330196
14.65,14.65,29.3,59.3,43.95,14.65,-1.6757398093523292,0.4380594609774104,0.32705850489178634
14.66,14.66,29.32,59.32,43.980000000000004,14.66,-1.6756633280306048,0.43835192607469775,0.32677939629244845
14.67,14.67,29.34,59.34,44.01,14.67,-1.675586795665257,0.4386443778190212,0.32650117839068155
14.68,14.68,29.36,59.36,44.04,14.68,-1.675510212258616,0.4389368162014743,0.3262238538634414
14.69,14.69,29.38,59.379999999999995,44.07,14.69,-1.6754335778130158,0.43922924121314666,0.32594742538917965
14.7,14.7,29.4,59.4,44.099999999999994,14.7,-1.6753568923307904,0.43952165284513045,0.3256718956477828
14.71,14.71,29.42,59.42,44.13,14.71,-1.6752801558142756,0.4398140510885207,0.32539726732049556
14.72,14.72,29.44,59.44,44.160000000000004,14.72,-1.6752033682658094,0.4401064359344079,0.32512354308985913
14.73,14.73,29.46,59.46,44.19,14.73,-1.6751265296877305,0.4403988073738858,0.3248507256396373
14.74,14.74,29.48,59.480000000000004,44.22,14.74,-1.675049640082379,0.4406911653980504,0.32457881765475105
14.75,14.75,29.5,59.5,44.25,14.75,-1.6749726994520981,0.44098350999799363,0.3243078218212026
14.76,14.76,29.52,59.519999999999996,44.28,14.76,-1.6748957077992312,0.44127584116481117,0.32403774082601267
14.77,14.77,29.54,59.54,44.31,14.77,-1.6748186651261237,0.4415681588895978,0.323768577357138
14.78,14.78,29.56,59.56,44.339999999999996,14.78,-1.674741571435122,0.4418604631634491,0.32350033410340656
14.79,14.79,29.58,59.58,44.37,14.79,-1.6746644267285749,0.44215275397746107,0.32323301375444574
14.8,14.8,29.6,59.6,44.400000000000006,14.8,-1.6745872310088323,0.44244503132272994,0.32296661900060036
14.81,14.81,29.62,59.620000000000005,44.43,14.81,-1.6745099842782456,0.4427372951903526,0.3227011525328669
14.82,14.82,29.64,59.64,44.46,14.82,-1.6744326865391679,0.44302954557142593,0.3224366170428149
14.83,14.83,29.66,59.66,44.49,14.83,-1.6743553377939537,0.4433217824570483,0.32217301522251485
14.84,14.84,29.68,59.68,44.519999999999996,14.84,-1.67427793804496,0.4436140058383155,0.32191034976445404
14.85,14.85,29.7,59.7,44.55,14.85,-1.6742004872945433,0.44390621570632804,0.3216486233614692
14.86,14.86,29.719999999999995,59.72,44.58,14.86,-1.6741229855450634,0.4441984120521848,0.3213878387066643
14.87,14.87,29.74,59.739999999999995,44.61,14.87,-1.6740454327988816,0.4444905948669827,0.32112799849333423
14.88,14.88,29.76,59.760000000000005,44.64,14.88,-1.67396782905836,0.4447827641418236,0.3208691054148849
14.89,14.89,29.780000000000005,59.78,44.67,14.89,-1.673890174325862,0.44507491986780673,0.32061116216475594
14.9,14.9,29.8,59.8,44.7,14.9,-1.6738124686037537,0.4453670620360332,0.32035417143633726
14.91,14.91,29.82,59.82,44.730000000000004,14.91,-1.6737347118944021,0.44565919063760173,0.32009813592289604
14.92,14.92,29.84,59.84,44.76,14.92,-1.6736569042001757,0.4459513056636158,0.31984305831748744
14.93,14.93,29.86,59.86,44.79,14.93,-1.6735790455234443,0.446243407105177,0.31958894131287724
14.94,14.94,29.88,59.879999999999995,44.82,14.94,-1.6735011358665806,0.4465354949533852,0.31933578760146064
14.95,14.95,29.9,59.9,44.849999999999994,14.95,-1.6734231752319566,0.4468275691993452,0.3190835998751748
14.96,14.96,29.92,59.92,44.88,14.96,-1.6733451636219479,0.44711962983415976,0.318832380825423
14.97,14.97,29.94,59.94,44.910000000000004,14.97,-1.6732671010389308,0.4474116768489302,0.3185821331429832
14.98,14.98,29.96,59.96,44.94,14.98,-1.6731889874852834,0.44770371023476224,0.3183328595179268
14.99,14.99,29.98,59.980000000000004,44.97,14.99,-1.6731108229633844,0.44799572998276027,0.3180845626395335
15.0,15.0,30.0,60.0,45.0,15.0,-1.6730326074756157,0.44828773608402717,0.31783724519620626
15.01,15.01,30.02,60.019999999999996,45.03,15.01,-1.6729543410243595,0.448579728529668,0.3175909098753809
15.02,15.02,30.04,60.04,45.06,15.02,-1.6728760236119997,0.4488717073107905,0.31734555936344583
15.03,15.03,30.06,60.06,45.089999999999996,15.03,-1.6727976552409223,0.4491636724184981,0.31710119634564876
15.04,15.04,30.08,60.08,45.12,15.04,-1.6727192359135148,0.44945562384389715,0.31685782350601066
15.05,15.05,30.1,60.1,45.150000000000006,15.05,-1.6726407656321653,0.44974756157809637,0.31661544352723653
15.06,15.06,30.12,60.120000000000005,45.18,15.06,-1.6725622443992647,0.4500394856122008,0.31637405909062905
15.07,15.07,30.14,60.14,45.21,15.07,-1.6724836722172047,0.45033139593731775,0.3161336728759939
15.08,15.08,30.16,60.16,45.24,15.08,-1.6724050490883786,0.45062329254455746,0.3158942875615519
15.09,15.09,30.18,60.18,45.269999999999996,15.09,-1.6723263750151816,0.450915175425026,0.31565590582384967
15.1,15.1,30.2,60.2,45.3,15.1,-1.67224765000001,0.4512070445698329,0.31541853033766326
15.11,15.11,30.219999999999995,60.22,45.33,15.11,-1.6721688740452625,0.45149889997008713,0.3151821637759127
15.12,15.12,30.24,60.239999999999995,45.36,15.12,-1.6720900471533382,0.45179074161689853,0.31494680880956427
15.13,15.13,30.26,60.260000000000005,45.39,15.13,-1.6720111693266384,0.45208256950137693,0.3147124681075378
15.14,15.14,30.280000000000005,60.28,45.42,15.14,-1.671932240567566,0.45237438361463206,0.31447914433661456
15.15,15.15,30.3,60.3,45.45,15.15,-1.6718532608785248,0.4526661839477769,0.3142468401613425
15.16,15.16,30.32,60.32,45.480000000000004,15.16,-1.6717742302619214,0.4529579704919206,0.31401555824394156
15.17,15.17,30.34,60.34,45.51,15.17,-1.671695148720163,0.45324974323817474,0.3137853012442074
15.18,15.18,30.36,60.36,45.54,15.18,-1.6716160162556584,0.45354150217765365,0.3135560718194153
15.19,15.19,30.38,60.379999999999995,45.57,15.19,-1.6715368328708178,0.4538332473014676,0.31332787262422657
15.2,15.2,30.4,60.4,45.599999999999994,15.2,-1.671457598568054,0.4541249786007304,0.3131007063105867
15.21,15.21,30.42,60.42,45.63,15.21,-1.6713783133497802,0.45441669606655527,0.31287457552763315
15.22,15.22,30.44,60.44,45.660000000000004,15.22,-1.6712989772184115,0.45470839969005605,0.3126494829215938
15.23,15.23,30.46,60.46,45.69,15.23,-1.6712195901763645,0.4550000894623469,0.3124254311356887
15.24,15.24,30.48,60.480000000000004,45.72,15.24,-1.671140152226058,0.45529176537454247,0.3122024228100348
15.25,15.25,30.5,60.5,45.75,15.25,-1.6710606633699114,0.45558342741775776,0.3119804605815408
15.26,15.26,30.52,60.519999999999996,45.78,15.26,-1.6709811236103462,0.4558750755831083,0.31175954708381093
15.27,15.27,30.54,60.54,45.81,15.27,-1.670901532949785,0.45616670986171065,0.31153968494704554
15.28,15.28,30.56,60.56,45.839999999999996,15.28,-1.6708218913906532,0.456458330244679,0.31132087679793485
15.29,15.29,30.58,60.58,45.87,15.29,-1.6707421989353757,0.4567499367231322,0.31110312525956246
15.3,15.3,30.6,60.6,45.900000000000006,15.3,-1.6706624555863803,0.4570415292881874,0.31088643295130264
15.31,15.31,30.62,60.620000000000005,45.93,15.31,-1.670582661346097,0.4573331079309601,0.31067080248871665
15.32,15.32,30.64,60.64,45.96,15.32,-1.6705028162169555,0.4576246726425704,0.31045623648344955
15.33,15.33,30.66,60.66,45.99,15.33,-1.6704229202013883,0.4579162234141368,0.31024273754313136
15.34,15.34,30.68,60.68,46.019999999999996,15.34,-1.6703429733018298,0.458207760236776,0.31003030827126543
15.35,15.35,30.7,60.7,46.05,15.35,-1.6702629755207141,0.45849928310160926,0.3098189512671319
15.36,15.36,30.719999999999995,60.72,46.08,15.36,-1.6701829268604789,0.4587907919997565,0.3096086691256802
15.37,15.37,30.74,60.739999999999995,46.11,15.37,-1.6701028273235625,0.45908228692233627,0.309399464437423
15.38,15.38,30.76,60.760000000000005,46.14,15.38,-1.6700226769124051,0.45937376786046924,0.3091913397883315
15.39,15.39,30.780000000000005,60.78,46.17,15.39,-1.6699424756294476,0.4596652348052778,0.3089842977597313
15.4,15.4,30.8,60.8,46.2,15.4,-1.6698622234771334,0.4599566877478833,0.30877834092819484
15.41,15.41,30.82,60.82,46.230000000000004,15.41,-1.6697819204579074,0.46024812667940534,0.3085734718654335
15.42,15.42,30.84,60.84,46.26,15.42,-1.6697015665742154,0.4605395515909686,0.30836969313819246
15.43,15.43,30.86,60.86,46.29,15.43,-1.669621161828505,0.4608309624736956,0.30816700730814517
15.44,15.44,30.88,60.879999999999995,46.32,15.44,-1.669540706223226,0.4611223593187081,0.30796541693178114
15.45,15.45,30.9,60.9,46.349999999999994,15.45,-1.669460199760829,0.46141374211712943,0.30776492456029997
15.46,15.46,30.92,60.92,46.38,15.46,-1.6693796424437657,0.461705110860086,0.30756553273950304
15.47,15.47,30.94,60.94,46.410000000000004,15.47,-1.6692990342744911,0.4619964655386999,0.3073672440096857
15.48,15.48,30.96,60.96,46.44,15.48,-1.6692183752554604,0.46228780614409587,0.3071700609055279
15.49,15.49,30.98,60.980000000000004,46.47,15.49,-1.6691376653891297,0.4625791326674016,0.30697398595598047
15.5,15.5,31.0,61.0,46.5,15.5,-1.6690569046779584,0.46287044509974035,0.30677902168416343
15.51,15.51,31.02,61.019999999999996,46.53,15.51,-1.668976093124407,0.4631617434322384,0.30658517060724794
15.52,15.52,31.04,61.04,46.56,15.52,-1.668895230730936,0.4634530276560244,0.3063924352363499
15.53,15.53,31.06,61.06,46.589999999999996,15.53,-1.6688143175000092,0.46374429776222326,0.3062008180764198
15.54,15.54,31.08,61.08,46.62,15.54,-1.6687333534340918,0.46403555374196287,0.3060103216261293
15.55,15.55,31.1,61.1,46.650000000000006,15.55,-1.6686523385356493,0.4643267955863713,0.30582094837776114
15.56,15.56,31.12,61.120000000000005,46.68,15.56,-1.6685712728071502,0.46461802328657675,0.30563270081709976
15.57,15.57,31.14,61.14,46.71,15.57,-1.6684901562510637,0.46490923683370783,0.3054455814233146
15.58,15.58,31.16,61.16,46.74,15.58,-1.6684089888698608,0.46520043621889373,0.3052595926688512
15.59,15.59,31.18,61.18,46.769999999999996,15.59,-1.6683277706660133,0.46549162143326395,0.30507473701932086
15.6,15.6,31.2,61.2,46.8,15.6,-1.6682465016419963,0.4657827924679486,0.3048910169333844
15.61,15.61,31.219999999999995,61.22,46.83,15.61,-1.6681651818002847,0.46607394931407886,0.30470843486264126
15.62,15.62,31.24,61.239999999999995,46.86,15.62,-1.6680838111433562,0.46636509196278325,0.3045269932515149
15.63,15.63,31.26,61.260000000000005,46.89,15.63,-1.668002389673689,0.4666562204051952,0.304346694537141
15.64,15.64,31.280000000000005,61.28,46.92,15.64,-1.6679209173937637,0.4669473346324459,0.30416754114925654
15.65,15.65,31.3,61.3,46.95,15.65,-1.6678393943060617,0.46723843463566744,0.3039895355100818
15.66,15.66,31.32,61.32,46.980000000000004,15.66,-1.6677578204130667,0.4675295204059923,0.3038126800342064
15.67,15.67,31.34,61.34,47.01,15.67,-1.667676195717263,0.46782059193455366,0.30363697712848275
15.68,15.68,31.36,61.36,47.04,15.68,-1.667594520221138,0.4681116492124848,0.3034624291919017
15.69,15.69,31.38,61.379999999999995,47.07,15.69,-1.6675127939271788,0.4684026922309198,0.3032890386154877
15.7,15.7,31.4,61.4,47.099999999999994,15.7,-1.6674310168378754,0.4686937209809928,0.3031168077821778
15.71,15.71,31.42,61.42,47.13,15.71,-1.6673491889557184,0.4689847354538394,0.30294573906671035
15.72,15.72,31.44,61.44,47.160000000000004,15.72,-1.6672673102832012,0.46927573564059266,0.30277583483551074
15.73,15.73,31.46,61.46,47.19,15.73,-1.6671853808228172,0.4695667215323902,0.3026070974465767
15.74,15.74,31.48,61.480000000000004,47.22,15.74,-1.6671034005770624,0.46985769312036824,0.30243952924936107
15.75,15.75,31.5,61.5,47.25,15.75,-1.6670213695484344,0.470148650395661,0.3022731325846585
15.76,15.76,31.52,61.519999999999996,47.28,15.76,-1.6669392877394316,0.4704395933494076,0.3021079097844944
15.77,15.77,31.54,61.54,47.31,15.77,-1.6668571551525542,0.47073052197274556,0.30194386317200306
15.78,15.78,31.56,61.56,47.339999999999996,15.78,-1.6667749717903049,0.47102143625681037,0.3017809950613183
15.79,15.79,31.58,61.58,47.37,15.79,-1.666692737655186,0.47131233619274254,0.301619307757457
15.8,15.8,31.6,61.6,47.400000000000006,15.8,-1.6666104527497032,0.4716032217716807,0.30145880355620097
15.81,15.81,31.62,61.620000000000005,47.43,15.81,-1.666528117076363,0.4718940929847623,0.3012994847439896
15.82,15.82,31.64,61.64,47.46,15.82,-1.6664457306376739,0.4721849498231273,0.3011413535977946
15.83,15.83,31.66,61.66,47.49,15.83,-1.6663632934361443,0.4724757922779177,0.30098441238501433
15.84,15.84,31.68,61.68,47.519999999999996,15.84,-1.6662808054742866,0.4727666203402716,0.300828663363352
15.85,15.85,31.7,61.7,47.55,15.85,-1.6661982667546131,0.47305743400133016,0.30067410878070794
15.86,15.86,31.719999999999995,61.72,47.58,15.86,-1.6661156772796377,0.4733482332522366,0.30052075087505736
15.87,15.87,31.74,61.739999999999995,47.61,15.87,-1.6660330370518768,0.47363901808413067,0.30036859187434084
15.88,15.88,31.76,61.760000000000005,47.64,15.88,-1.6659503460738476,0.4739297884881544,0.30021763399634555
15.89,15.89,31.780000000000005,61.78,47.67,15.89,-1.665867604348069,0.474220544455452,0.300067879448596
15.9,15.9,31.8,61.8,47.7,15.9,-1.665784811877061,0.4745112859771666,0.299919330428235
15.91,15.91,31.82,61.82,47.730000000000004,15.91,-1.6657019686633463,0.4748020130444401,0.29977198912190767
15.92,15.92,31.84,61.84,47.76,15.92,-1.6656190747094481,0.47509272564841637,0.2996258577056573
15.93,15.93,31.86,61.86,47.79,15.93,-1.6655361300178912,0.47538342378024223,0.2994809383447992
15.94,15.94,31.88,61.879999999999995,47.82,15.94,-1.665453134591203,0.4756741074310602,0.2993372331938133
15.95,15.95,31.9,61.9,47.849999999999994,15.95,-1.6653700884319114,0.47596477659201547,0.2991947443962285
15.96,15.96,31.92,61.92,47.88,15.96,-1.6652869915425454,0.4762554312542561,0.2990534740845121
15.97,15.97,31.94,61.94,47.910000000000004,15.97,-1.6652038439256374,0.4765460714089259,0.2989134243799509
15.98,15.98,31.96,61.96,47.94,15.98,-1.6651206455837195,0.4768366970471724,0.29877459739254375
15.99,15.99,31.98,61.980000000000004,47.97,15.99,-1.6650373965193264,0.47712730816014237,0.29863699522088305
16.0,16.0,32.0,62.0,48.0,16.0,-1.6649540967349936,0.47741790473898343,0.29850061995205035
16.01,16.01,32.02,62.02,48.03,16.01,-1.664870746233259,0.47770848677484357,0.29836547366149363
16.02,16.02,32.04,62.04,48.06,16.02,-1.6647873450166615,0.47799905425887107,0.2982315584129212
16.03,16.03,32.06,62.06,48.09,16.03,-1.6647038930877414,0.4782896071822148,0.29809887625818915
16.04,16.04,32.08,62.08,48.12,16.04,-1.664620390449041,0.47858014553602385,0.2979674292371921
16.05,16.05,32.1,62.1,48.150000000000006,16.05,-1.6645368371031037,0.4788706693114488,0.29783721937774477
16.06,16.06,32.12,62.12,48.17999999999999,16.06,-1.6644532330524753,0.47916117849963763,0.29770824869547746
16.07,16.07,32.14,62.14,48.21,16.07,-1.6643695782997021,0.47945167309174297,0.2975805191937237
16.08,16.08,32.16,62.16,48.239999999999995,16.08,-1.6642858728473322,0.47974215307891516,0.29745403286340827
16.09,16.09,32.18,62.18,48.269999999999996,16.09,-1.6642021166979155,0.4800326184523057,0.2973287916829398
16.1,16.1,32.2,62.2,48.300000000000004,16.1,-1.6641183098540038,0.4803230692030666,0.2972047976180996
16.11,16.11,32.22,62.22,48.33,16.11,-1.6640344523181492,0.4806135053223508,0.2970820526219306
16.12,16.12,32.24,62.24,48.36,16.12,-1.663950544092907,0.48090392680130895,0.2969605586346338
16.13,16.13,32.26,62.26,48.39,16.13,-1.6638665851808325,0.48119433363109665,0.2968403175834539
16.14,16.14,32.28,62.28,48.42,16.14,-1.6637825755844835,0.4814847258028667,0.29672133138257706
16.15,16.15,32.3,62.3,48.449999999999996,16.15,-1.6636985153064192,0.48177510330777396,0.29660360193301777
16.16,16.16,32.32,62.32,48.480000000000004,16.16,-1.6636144043492003,0.48206546613697104,0.29648713112251673
16.17,16.17,32.34,62.34,48.510000000000005,16.17,-1.6635302427153884,0.48235581428161567,0.29637192082542996
16.18,16.18,32.36,62.36,48.54,16.18,-1.6634460304075478,0.4826461477328613,0.2962579729026261
16.19,16.19,32.38,62.38,48.57000000000001,16.19,-1.6633617674282437,0.4829364664818638,0.29614528920137856
16.2,16.2,32.4,62.4,48.599999999999994,16.2,-1.6632774537800428,0.483226770519781,0.296033871555262
16.21,16.21,32.42,62.42,48.63,16.21,-1.6631930894655131,0.4835170598377699,0.2959237217840457
16.22,16.22,32.44,62.44,48.66,16.22,-1.663108674487225,0.4838073344269853,0.2958148416935911
16.23,16.23,32.46,62.46,48.69,16.23,-1.6630242088477498,0.48409759427858734,0.2957072330757491
16.24,16.24,32.48,62.48,48.72,16.24,-1.66293969254966,0.48438783938373414,0.2956008977082557
16.25,16.25,32.5,62.5,48.75,16.25,-1.6628551255955306,0.4846780697335829,0.295495837354627
16.26,16.26,32.52,62.52,48.78,16.26,-1.6627705079879378,0.4849682853192926,0.29539205376406397
16.27,16.27,32.54,62.54,48.81,16.27,-1.6626858397294586,0.48525848613202505,0.29528954867134477
16.28,16.28,32.56,62.56,48.84,16.28,-1.6626011208226728,0.485548672162938,0.2951883237967284
16.29,16.29,32.58,62.58,48.87,16.29,-1.6625163512701608,0.48583884340319194,0.29508838084585337
16.3,16.3,32.6,62.6,48.900000000000006,16.3,-1.6624315310745044,0.4861289998439498,0.29498972150963726
16.31,16.31,32.62,62.62,48.92999999999999,16.31,-1.662346660238288,0.48641914147637083,0.2948923474641795
16.32,16.32,32.64,62.64,48.96,16.32,-1.662261738764097,0.4867092682916168,0.2947962603706638
16.33,16.33,32.66,62.66,48.989999999999995,16.33,-1.6621767666545175,0.48699938028085143,0.29470146187525914
16.34,16.34,32.68,62.68,49.019999999999996,16.34,-1.6620917439121383,0.48728947743523726,0.29460795360902675
16.35,16.35,32.7,62.7,49.050000000000004,16.35,-1.6620066705395495,0.4875795597459362,0.2945157371878165
16.36,16.36,32.72,62.72,49.08,16.36,-1.6619215465393427,0.48786962720411237,0.29442481421218203
16.37,16.37,32.74,62.74,49.11,16.37,-1.6618363719141105,0.4881596798009299,0.29433518626727784
16.38,16.38,32.76,62.76,49.14,16.38,-1.6617511466664474,0.4884497175275532,0.2942468549227713
16.39,16.39,32.78,62.78,49.17,16.39,-1.6616658707989502,0.48873974037514656,0.29415982173274774
16.4,16.4,32.8,62.8,49.199999999999996,16.4,-1.661580544314216,0.4890297483348776,0.29407408823561876
16.41,16.41,32.82,62.82,49.230000000000004,16.41,-1.661495167214844,0.48931974139790985,0.29398965595402493
16.42,16.42,32.84,62.84,49.260000000000005,16.42,-1.6614097395034348,0.48960971955541127,0.2939065263947569
16.43,16.43,32.86,62.86,49.29,16.43,-1.6613242611825916,0.48989968279854623,0.29382470104865793
16.44,16.44,32.88,62.88,49.32000000000001,16.44,-1.661238732254917,0.49018963111848424,0.29374418139053426
16.45,16.45,32.9,62.9,49.349999999999994,16.45,-1.661153152723017,0.49047956450639224,0.29366496887907256
16.46,16.46,32.92,62.92,49.38,16.46,-1.6610675225894984,0.49076948295343836,0.29358706495674763
16.47,16.47,32.94,62.94,49.41,16.47,-1.66098184185697,0.49105938645079117,0.29351047104973926
16.48,16.48,32.96,62.96,49.44,16.48,-1.660896110528041,0.4913492749896196,0.29343518856784623
16.49,16.49,32.98,62.98,49.47,16.49,-1.6608103286053233,0.49163914856109403,0.2933612189043995
16.5,16.5,33.0,63.0,49.5,16.5,-1.6607244960914305,0.49192900715638216,0.29328856343618137
16.51,16.51,33.02,63.02,49.53,16.51,-1.6606386129889765,0.49221885076665656,0.2932172235233426
16.52,16.52,33.04,63.04,49.56,16.52,-1.6605526793005774,0.49250867938308807,0.29314720050931864
16.53,16.53,33.06,63.06,49.59,16.53,-1.6604666950288516,0.4927984929968458,0.29307849572075045
16.54,16.54,33.08,63.08,49.62,16.54,-1.6603806601764177,0.4930882915991039,0.29301111046740647
16.55,16.55,33.1,63.1,49.650000000000006,16.55,-1.6602945747458966,0.4933780751810344,0.29294504604209737
16.56,16.56,33.12,63.12,49.67999999999999,16.56,-1.660208438739911,0.4936678437338078,0.2928803037206048
16.57,16.57,33.14,63.14,49.71,16.57,-1.660122252161084,0.49395759724859944,0.29280444527403543
16.58,16.58,33.16,63.16,49.739999999999995,16.58,-1.6600360150120417,0.49424733571658236,0.29260431648967977
16.59,16.59,33.18,63.18,49.769999999999996,16.59,-1.6599497272954105,0.49453705912893126,0.2924044116404275
16.6,16.6,33.2,63.2,49.800000000000004,16.6,-1.6598633890138195,0.49482676747681836,0.2922047307752041
16.61,16.61,33.22,63.22,49.83,16.61,-1.659777000169898,0.49511646075142157,0.29200527394283554
16.62,16.62,33.24,63.24,49.86,16.62,-1.6596905607662782,0.49540613894391433,0.2918060411920502
16.63,16.63,33.26,63.26,49.89,16.63,-1.6596040708055928,0.4956958020454724,0.2916070325714783
16.64,16.64,33.28,63.28,49.92,16.64,-1.6595175302904768,0.4959854500472736,0.2914082481296498
16.65,16.65,33.3,63.3,49.949999999999996,16.65,-1.6594309392235655,0.49627508294049477,0.2912096879149981
16.66,16.66,33.32,63.32,49.980000000000004,16.66,-1.659344297607498,0.49656470071631104,0.291011351975857
16.67,16.67,33.34,63.34,50.010000000000005,16.67,-1.6592576054449117,0.49685430336590297,0.29081324036046236
16.68,16.68,33.36,63.36,50.04,16.68,-1.6591708627384494,0.49714389088044664,0.29061535311695047
16.69,16.69,33.38,63.38,50.07000000000001,16.69,-1.6590840694907523,0.4974334632511214,0.2904176902933601
16.7,16.7,33.4,63.4,50.099999999999994,16.7,-1.6589972257044645,0.49772302046910566,0.29022025193763173
16.71,16.71,33.42,63.42,50.13,16.71,-1.658910331382231,0.4980125625255812,0.2900230380976055
16.72,16.72,33.44,63.44,50.16,16.72,-1.6588233865266995,0.4983020894117258,0.2898260488210246
16.73,16.73,33.46,63.46,50.19,16.73,-1.6587363911405184,0.4985916011187201,0.2896292841555329
16.74,16.74,33.48,63.48,50.22,16.74,-1.658649345226337,0.4988810976377472,0.289432744148676
16.75,16.75,33.5,63.5,50.25,16.75,-1.6585622487868075,0.4991705789599863,0.2892364288479
16.76,16.76,33.52,63.52,50.28,16.76,-1.6584751018245831,0.4994600450766194,0.289040338300554
16.77,16.77,33.54,63.54,50.31,16.77,-1.6583879043423178,0.49974949597883084,0.28884447255388673
16.78,16.78,33.56,63.56,50.34,16.78,-1.6583006563426683,0.5000389316578014,0.288648831655049
16.79,16.79,33.58,63.58,50.37,16.79,-1.6582133578282923,0.5003283521047153,0.288453415651093
16.8,16.8,33.6,63.6,50.400000000000006,16.8,-1.6581260088018488,0.5006177573107559,0.2882582245889723
16.81,16.81,33.62,63.62,50.42999999999999,16.81,-1.6580386092659989,0.5009071472671076,0.28806325851554127
16.82,16.82,33.64,63.64,50.46,16.82,-1.6579511592234049,0.5011965219649551,0.2878685174775559
16.83,16.83,33.66,63.66,50.489999999999995,16.83,-1.6578636586767306,0.5014858813954827,0.28767400152167344
16.84,16.84,33.68,63.68,50.519999999999996,16.84,-1.6577761076286412,0.5017752255498784,0.2874797106944517
16.85,16.85,33.7,63.7,50.550000000000004,16.85,-1.657688506081804,0.5020645544193258,0.28728564504235127
16.86,16.86,33.72,63.72,50.58,16.86,-1.6576008540388874,0.5023538679950131,0.28709180461173245
16.87,16.87,33.74,63.74,50.61,16.87,-1.6575131515025616,0.5026431662681252,0.28689818944885775
16.88,16.88,33.76,63.76,50.64,16.88,-1.6574253984754976,0.5029324492298515,0.28670479959989065
16.89,16.89,33.78,63.78,50.67,16.89,-1.6573375949603693,0.5032217168713794,0.2865116351108949
16.9,16.9,33.8,63.8,50.699999999999996,16.9,-1.6572497409598508,0.5035109691838973,0.2863186960278365
16.91,16.91,33.82,63.82,50.730000000000004,16.91,-1.657161836476618,0.5038002061585939,0.2861259823965828
16.92,16.92,33.84,63.84,50.760000000000005,16.92,-1.6570738815133494,0.5040894277866593,0.2859334942629012
16.93,16.93,33.86,63.86,50.79,16.93,-1.656985876072724,0.5043786340592821,0.285741231672461
16.94,16.94,33.88,63.88,50.82000000000001,16.94,-1.6568978201574225,0.5046678249676524,0.28554919467083295
16.95,16.95,33.9,63.9,50.849999999999994,16.95,-1.6568097137701272,0.5049570005029622,0.2853573833034878
16.96,16.96,33.92,63.92,50.88,16.96,-1.6567215569135219,0.5052461606564032,0.2851657976157982
16.97,16.97,33.94,63.94,50.91,16.97,-1.6566333495902925,0.5055353054191644,0.2849744376530382
16.98,16.98,33.96,63.96,50.94,16.98,-1.6565450918031253,0.5058244347824403,0.2847833034603821
16.99,16.99,33.98,63.98,50.97,16.99,-1.6564567835547086,0.5061135487374236,0.2845923950829059
17.0,17.0,34.0,64.0,51.0,17.0,-1.6563684248477337,0.5064026472753053,0.2844017125655862
17.01,17.01,34.02,64.02000000000001,51.03,17.01,-1.656280015684891,0.5066917303872808,0.2842112559533013
17.02,17.02,34.04,64.03999999999999,51.06,17.02,-1.6561915560688738,0.5069807980645444,0.28402102529082934
17.03,17.03,34.06,64.06,51.09,17.03,-1.656103046002377,0.507269850298289,0.28383102062285137
17.04,17.04,34.08,64.08,51.12,17.04,-1.656014485488097,0.5075588870797096,0.28364124199394763
17.05,17.05,34.1,64.1,51.150000000000006,17.05,-1.6559258745287304,0.5078479084000039,0.2834516894486002
17.06,17.06,34.12,64.12,51.17999999999999,17.06,-1.6558372131269776,0.5081369142503656,0.2832623630311921
17.07,17.07,34.14,64.14,51.21,17.07,-1.6557485012855393,0.508425904621991,0.2830732627860077
17.08,17.08,34.16,64.16,51.239999999999995,17.08,-1.6556597390071173,0.5087148795060784,0.2828843887572313
17.09,17.09,34.18,64.18,51.269999999999996,17.09,-1.6555709262944154,0.5090038388938252,0.282695740988949
17.1,17.1,34.2,64.2,51.300000000000004,17.1,-1.6554820631501397,0.509292782776427,0.282507319525148
17.11,17.11,34.22,64.22,51.33,17.11,-1.655393149576996,0.5095817111450849,0.2823191244097159
17.12,17.12,34.24,64.24000000000001,51.36,17.12,-1.655304185577694,0.5098706239909956,0.282131155686441
17.13,17.13,34.26,64.25999999999999,51.39,17.13,-1.6552151711549428,0.5101595213053588,0.28194341339901385
17.14,17.14,34.28,64.28,51.42,17.14,-1.6551261063114546,0.5104484030793737,0.2817558975910242
17.15,17.15,34.3,64.3,51.449999999999996,17.15,-1.6550369910499418,0.5107372693042426,0.28156860830596336
17.16,17.16,34.32,64.32,51.480000000000004,17.16,-1.6549478253731196,0.5110261199711639,0.2813815455872243
17.17,17.17,34.34,64.34,51.510000000000005,17.17,-1.6548586092837037,0.5113149550713393,0.2811947094780999
17.18,17.18,34.36,64.36,51.54,17.18,-1.6547693427844121,0.5116037745959705,0.2810081000217843
17.19,17.19,34.38,64.38,51.57000000000001,17.19,-1.6546800258779637,0.5118925785362597,0.2808217172613725
17.2,17.2,34.4,64.4,51.599999999999994,17.2,-1.6545906585670798,0.5121813668834084,0.28063556123986017
17.21,17.21,34.42,64.42,51.63,17.21,-1.654501240854482,0.5124701396286221,0.2804496320001436
17.22,17.22,34.43999999999999,64.44,51.65999999999999,17.22,-1.6544117727428944,0.5127588967631019,0.2802639295850204
17.23,17.23,34.46,64.46000000000001,51.69,17.23,-1.6543222542350424,0.5130476382780526,0.28007845403718895
17.24,17.24,34.48,64.47999999999999,51.72,17.24,-1.654232685333653,0.5133363641646784,0.2798932053992479
17.25,17.25,34.5,64.5,51.75,17.25,-1.6541430660414544,0.5136250744141845,0.2797081837136975
17.26,17.26,34.52,64.52000000000001,51.78,17.26,-1.6540533963611765,0.5139137690177761,0.2795233890229381
17.27,17.27,34.54,64.53999999999999,51.81,17.27,-1.6539636762955512,0.5142024479666591,0.27933882136927096
17.28,17.28,34.56000000000001,64.56,51.84000000000001,17.28,-1.653873905847311,0.5144911112520398,0.2791544807948983
17.29,17.29,34.58,64.58,51.87,17.29,-1.6537840850191912,0.5147797588651252,0.2789703673419227
17.3,17.3,34.6,64.6,51.900000000000006,17.3,-1.6536942138139268,0.515068390797123,0.2787864810523481
17.31,17.31,34.62,64.62,51.92999999999999,17.31,-1.6536042922342569,0.515357007039239,0.2786028219680784
17.32,17.32,34.64,64.64,51.96,17.32,-1.6535143202829192,0.5156456075826837,0.27841939013091893
17.33,17.33,34.66,64.66,51.989999999999995,17.33,-1.6534242979626552,0.515934192418665,0.27823618558257535
17.34,17.34,34.68,64.68,52.019999999999996,17.34,-1.653334225276207,0.5162227615383921,0.27805320836465375
17.35,17.35,34.7,64.7,52.050000000000004,17.35,-1.6532441022263187,0.5165113149330745,0.27787045851866154
17.36,17.36,34.72,64.72,52.08,17.36,-1.6531539288157346,0.5167998525939234,0.2776879360860063
17.37,17.37,34.74,64.74000000000001,52.11,17.37,-1.6530637050472028,0.5170883745121471,0.27750564110799686
17.38,17.38,34.76,64.75999999999999,52.14,17.38,-1.6529734309234707,0.5173768806789589,0.2773235736258419
17.39,17.39,34.78,64.78,52.17,17.39,-1.6528831064472886,0.5176653710855696,0.277141733680651
17.4,17.4,34.8,64.8,52.199999999999996,17.4,-1.652792731621408,0.5179538457231923,0.27696012131343445
17.41,17.41,34.82,64.82,52.230000000000004,17.41,-1.6527023064485817,0.5182423045830371,0.2767787365651042
17.42,17.42,34.84,64.84,52.260000000000005,17.42,-1.6526118309315645,0.5185307476563199,0.2765975794764703
17.43,17.43,34.86,64.86,52.29,17.43,-1.652521305073112,0.5188191749342523,0.2764166500882461
17.44,17.44,34.88,64.88,52.32000000000001,17.44,-1.6524307288759823,0.5191075864080482,0.27623594844104415
17.45,17.45,34.9,64.9,52.349999999999994,17.45,-1.652340102342934,0.5193959820689235,0.27605547457537727
17.46,17.46,34.92,64.92,52.38,17.46,-1.652249425476728,0.5196843619080931,0.2758752285316596
17.47,17.47,34.93999999999999,64.94,52.40999999999999,17.47,-1.6521586982801266,0.5199727259167711,0.2756952103502059
17.48,17.48,34.96,64.96000000000001,52.44,17.48,-1.6520679207558935,0.5202610740861734,0.27551542007123103
17.49,17.49,34.98,64.97999999999999,52.47,17.49,-1.6519770929067932,0.5205494064075187,0.27533585773485053
17.5,17.5,35.0,65.0,52.5,17.5,-1.6518862147355933,0.5208377228720215,0.27515652338108054
17.51,17.51,35.02,65.02000000000001,52.53,17.51,-1.6517952862450622,0.5211260234708993,0.2749774170498374
17.52,17.52,35.04,65.03999999999999,52.56,17.52,-1.6517043074379691,0.521414308195372,0.2747985387809387
17.53,17.53,35.06000000000001,65.06,52.59000000000001,17.53,-1.6516132783170858,0.5217025770366561,0.27461988861410164
17.54,17.54,35.08,65.08,52.62,17.54,-1.6515221988851851,0.5219908299859702,0.274441466588945
17.55,17.55,35.1,65.1,52.650000000000006,17.55,-1.6514310691450413,0.5222790670345357,0.2742632727449863
17.56,17.56,35.12,65.12,52.67999999999999,17.56,-1.6513398890994306,0.5225672881735705,0.27408530712164547
17.57,17.57,35.14,65.14,52.71,17.57,-1.6512486587511306,0.5228554933942953,0.27390756975824154
17.58,17.58,35.16,65.16,52.739999999999995,17.58,-1.6511573781029203,0.5231436826879303,0.27373006069399497
17.59,17.59,35.18,65.18,52.769999999999996,17.59,-1.6510660471575795,0.523431856045699,0.27355277996802585
17.6,17.6,35.2,65.2,52.800000000000004,17.6,-1.650974665917891,0.5237200134588208,0.2733757276193554
17.61,17.61,35.22,65.22,52.83,17.61,-1.6508832343866386,0.5240081549185187,0.2731989036869046
17.62,17.62,35.24,65.24000000000001,52.86,17.62,-1.6507917525666074,0.5242962804160155,0.27302230820949486
17.63,17.63,35.26,65.25999999999999,52.89,17.63,-1.6507002204605834,0.5245843899425342,0.27284594122584915
17.64,17.64,35.28,65.28,52.92,17.64,-1.6506086380713558,0.5248724834892979,0.2726698027745893
17.65,17.65,35.3,65.3,52.949999999999996,17.65,-1.6505170054017135,0.5251605610475331,0.27249389289423803
17.66,17.66,35.32,65.32,52.980000000000004,17.66,-1.6504253224544483,0.525448622608462,0.2723182116232194
17.67,17.67,35.34,65.34,53.010000000000005,17.67,-1.6503335892323527,0.5257366681633112,0.272142758999856
17.68,17.68,35.36,65.36,53.04,17.68,-1.6502418057382218,0.5260246977033045,0.2719675350623729
17.69,17.69,35.38,65.38,53.07000000000001,17.69,-1.6501499719748505,0.5263127112196697,0.271792539848894
17.7,17.7,35.4,65.4,53.099999999999994,17.7,-1.6500580879450368,0.5266007087036331,0.27161777339744364
17.71,17.71,35.42,65.42,53.13,17.71,-1.6499661536515797,0.5268886901464216,0.27144323574594675
17.72,17.72,35.43999999999999,65.44,53.15999999999999,17.72,-1.6498741690972791,0.5271766555392627,0.2712689269322297
17.73,17.73,35.46,65.46000000000001,53.19,17.73,-1.6497821342849377,0.5274646048733846,0.27109484699401687
17.74,17.74,35.48,65.47999999999999,53.22,17.74,-1.6496900492173583,0.5277525381400168,0.2709209959689352
17.75,17.75,35.5,65.5,53.25,17.75,-1.649597913897347,0.5280404553303857,0.2707473738945104
17.76,17.76,35.52,65.52000000000001,53.28,17.76,-1.6495057283277095,0.5283283564357233,0.2705739808081689
17.77,17.77,35.54,65.53999999999999,53.31,17.77,-1.6494134925112538,0.5286162414472596,0.270400816747238
17.78,17.78,35.56000000000001,65.56,53.34000000000001,17.78,-1.6493212064507907,0.528904110356223,0.27022788174894435
17.79,17.79,35.58,65.58,53.37,17.79,-1.6492288701491304,0.5291919631538465,0.2700551758504153
17.8,17.8,35.6,65.6,53.400000000000006,17.8,-1.6491364836090858,0.529479799831362,0.2698826990886785
17.81,17.81,35.62,65.62,53.42999999999999,17.81,-1.6490440468334715,0.5297676203799988,0.26971045150066203
17.82,17.82,35.64,65.64,53.46,17.82,-1.6489515598251032,0.5300554247909919,0.2695384331231933
17.83,17.83,35.66,65.66,53.489999999999995,17.83,-1.6488590225867978,0.5303432130555733,0.2693666439930012
17.84,17.84,35.68,65.68,53.519999999999996,17.84,-1.6487664351213742,0.5306309851649775,0.2691950841467139
17.85,17.85,35.7,65.7,53.550000000000004,17.85,-1.6486737974316537,0.5309187411104361,0.26902375362086
17.86,17.86,35.72,65.72,53.58,17.86,-1.6485811095204568,0.5312064808831866,0.2688526524518686
17.87,17.87,35.74,65.74000000000001,53.61,17.87,-1.648488371390608,0.5314942044744615,0.26868178067606874
17.88,17.88,35.76,65.75999999999999,53.64,17.88,-1.648395583044932,0.5317819118754964,0.2685111383296898
17.89,17.89,35.78,65.78,53.67,17.89,-1.648302744486255,0.5320696030775287,0.2683407254488609
17.9,17.9,35.8,65.8,53.699999999999996,17.9,-1.6482098557174052,0.5323572780717949,0.26817054206961133
17.91,17.91,35.82,65.82,53.730000000000004,17.91,-1.6481169167412122,0.5326449368495303,0.26800058822787187
17.92,17.92,35.84,65.84,53.760000000000005,17.92,-1.6480239275605069,0.532932579401973,0.26783086395947153
17.93,17.93,35.86,65.86,53.79,17.93,-1.6479308881781223,0.5332202057203612,0.26766136930014045
17.94,17.94,35.88,65.88,53.82000000000001,17.94,-1.6478377985968924,0.5335078157959331,0.2674921042855088
17.95,17.95,35.9,65.9,53.849999999999994,17.95,-1.647744658819653,0.5337954096199268,0.26732306895110697
17.96,17.96,35.92,65.92,53.88,17.96,-1.6476514688492403,0.5340829871835839,0.2671542633323653
17.97,17.97,35.93999999999999,65.94,53.90999999999999,17.97,-1.6475582286884942,0.5343705484781424,0.2669856874646144
17.98,17.98,35.96,65.96000000000001,53.94,17.98,-1.6474649383402549,0.5346580934948423,0.26681734138308444
17.99,17.99,35.98,65.97999999999999,53.97,17.99,-1.6473715978073633,0.5349456222249267,0.26664922512290645
18.0,18.0,36.0,66.0,54.0,18.0,-1.6472782070926637,0.535233134659635,0.2664813387191105
18.01,18.01,36.02,66.02000000000001,54.03,18.01,-1.6471847661990004,0.5355206307902097,0.26631368220662804
18.02,18.02,36.04,66.03999999999999,54.06,18.02,-1.6470912751292197,0.5358081106078932,0.26614625562029026
18.03,18.03,36.06000000000001,66.06,54.09000000000001,18.03,-1.6469977338861699,0.5360955741039283,0.2659790589948272
18.04,18.04,36.08,66.08,54.12,18.04,-1.6469041424727002,0.5363830212695583,0.26581209236487013
18.05,18.05,36.1,66.1,54.150000000000006,18.05,-1.6468105008916616,0.5366704520960273,0.26564535576495013
18.06,18.06,36.12,66.12,54.17999999999999,18.06,-1.6467168091459066,0.5369578665745793,0.2654788492294981
18.07,18.07,36.14,66.14,54.21,18.07,-1.646623067238289,0.5372452646964596,0.26531257279284515
18.08,18.08,36.16,66.16,54.239999999999995,18.08,-1.646529275171665,0.5375326464529123,0.26514652648922266
18.09,18.09,36.18,66.18,54.269999999999996,18.09,-1.6464354329488904,0.5378200118351859,0.264980710352761
18.1,18.1,36.2,66.2,54.300000000000004,18.1,-1.6463415405728248,0.5381073608345244,0.26481512441749183
18.11,18.11,36.22,66.22,54.33,18.11,-1.6462475980463283,0.538394693442176,0.26464976871734547
18.12,18.12,36.24,66.24000000000001,54.36,18.12,-1.6461536053722623,0.5386820096493861,0.2644846432861539
18.13,18.13,36.26,66.25999999999999,54.39,18.13,-1.6460595625534902,0.5389693094474044,0.2643197481576474
18.14,18.14,36.28,66.28,54.42,18.14,-1.6459654695928765,0.5392565928274788,0.2641550833654569
18.15,18.15,36.3,66.3,54.449999999999996,18.15,-1.6458713264932874,0.5395438597808581,0.26399064894311386
18.16,18.16,36.32,66.32,54.480000000000004,18.16,-1.6457771332575908,0.5398311102987914,0.26382644492404855
18.17,18.17,36.34,66.34,54.510000000000005,18.17,-1.6456828898886555,0.5401183443725296,0.2636624713415922
18.18,18.18,36.36,66.36,54.54,18.18,-1.6455885963893533,0.5404055619933216,0.26349872822897513
18.19,18.19,36.38,66.38,54.57000000000001,18.19,-1.6454942527625562,0.5406927631524179,0.2633352156193286
18.2,18.2,36.4,66.4,54.599999999999994,18.2,-1.6453998590111376,0.5409799478410716,0.26317193354568236
18.21,18.21,36.42,66.42,54.63,18.21,-1.645305415137973,0.5412671160505346,0.2630088820409676
18.22,18.22,36.43999999999999,66.44,54.65999999999999,18.22,-1.6452109211459396,0.5415542677720568,0.2628460611380147
18.23,18.23,36.46,66.46000000000001,54.69,18.23,-1.6451163770379158,0.5418414029968934,0.26268347086955335
18.24,18.24,36.48,66.47999999999999,54.72,18.24,-1.6450217828167812,0.5421285217162979,0.26252111126821437
18.25,18.25,36.5,66.5,54.75,18.25,-1.644927138485418,0.5424156239215218,0.26235898236652744
18.26,18.26,36.52,66.52000000000001,54.78,18.26,-1.6448324440467088,0.5427027096038216,0.26219708419692256
18.27,18.27,36.54,66.53999999999999,54.81,18.27,-1.644737699503538,0.5429897787544522,0.2620354167917295
18.28,18.28,36.56000000000001,66.56,54.84000000000001,18.28,-1.644642904858792,0.5432768313646678,0.2618739801831779
18.29,18.29,36.58,66.58,54.87,18.29,-1.6445480601153588,0.5435638674257239,0.26171277440339735
18.3,18.3,36.6,66.6,54.900000000000006,18.3,-1.6444531652761263,0.5438508869288792,0.26155179948441737
18.31,18.31,36.62,66.62,54.92999999999999,18.31,-1.6443582203439864,0.5441378898653885,0.2613910554581664
18.32,18.32,36.64,66.64,54.96,18.32,-1.6442632253218308,0.544424876226509,0.26123054235647447
18.33,18.33,36.66,66.66,54.989999999999995,18.33,-1.6441681802125532,0.5447118460035003,0.26107026021106966
18.34,18.34,36.68,66.68,55.019999999999996,18.34,-1.6440730850190486,0.5449987991876207,0.2609102090535805
18.35,18.35,36.7,66.7,55.050000000000004,18.35,-1.6439779397442142,0.5452857357701267,0.26075038891553665
18.36,18.36,36.72,66.72,55.08,18.36,-1.6438827443909478,0.545572655742281,0.2605907998283649
18.37,18.37,36.74,66.74000000000001,55.11,18.37,-1.6437874989621497,0.545859559095341,0.260431441823394
18.38,18.38,36.76,66.75999999999999,55.14,18.38,-1.6436922034607213,0.546146445820568,0.26027231493185166
18.39,18.39,36.78,66.78,55.17,18.39,-1.6435968578895652,0.5464333159092224,0.26011341918486586
18.4,18.4,36.8,66.8,55.199999999999996,18.4,-1.6435014622515856,0.5467201693525673,0.25995475461346323
18.41,18.41,36.82,66.82,55.230000000000004,18.41,-1.6434060165496887,0.547007006141863,0.25979632124857144
18.42,18.42,36.84,66.84,55.260000000000005,18.42,-1.6433105207867815,0.5472938262683731,0.2596381191210172
18.43,18.43,36.86,66.86,55.29,18.43,-1.6432149749657743,0.5475806297233585,0.25948014826152727
18.44,18.44,36.88,66.88,55.32000000000001,18.44,-1.643119379089576,0.5478674164980849,0.259322408700728
18.45,18.45,36.9,66.9,55.349999999999994,18.45,-1.6430237331610993,0.5481541865838154,0.2591649004691457
18.46,18.46,36.92,66.92,55.38,18.46,-1.642928037183258,0.5484409399718145,0.2590076235972057
18.47,18.47,36.93999999999999,66.94,55.40999999999999,18.47,-1.6428322911589666,0.5487276766533473,0.25885057811523415
18.48,18.48,36.96,66.96000000000001,55.44,18.48,-1.6427364950911418,0.5490143966196792,0.2586937640534564
18.49,18.49,36.98,66.97999999999999,55.47,18.49,-1.6426406489827023,0.5493010998620763,0.25853718144199683
18.5,18.5,37.0,67.0,55.5,18.5,-1.642544752836567,0.5495877863718049,0.25838083031088066
18.51,18.51,37.02,67.02000000000001,55.53,18.51,-1.6424488066556575,0.5498744561401324,0.25822471069003233
18.52,18.52,37.04,67.03999999999999,55.56,18.52,-1.6423528104428962,0.5501611091583267,0.2580688226092758
18.53,18.53,37.06000000000001,67.06,55.59000000000001,18.53,-1.6422567642012076,0.5504477454176541,0.257913166098335
18.54,18.54,37.08,67.08,55.62,18.54,-1.6421606679335174,0.5507343649093848,0.2577577411868331
18.55,18.55,37.1,67.1,55.650000000000006,18.55,-1.6420645216427527,0.5510209676247882,0.25760254790429293
18.56,18.56,37.12,67.12,55.67999999999999,18.56,-1.6419683253318424,0.5513075535551317,0.2574475862801384
18.57,18.57,37.14,67.14,55.71,18.57,-1.6418720790037167,0.5515941226916876,0.25729285634369137
18.58,18.58,37.16,67.16,55.739999999999995,18.58,-1.6417757826613075,0.5518806750257256,0.25713835812417374
18.59,18.59,37.18,67.18,55.769999999999996,18.59,-1.6416794363075482,0.5521672105485169,0.2569840916507071
18.6,18.6,37.2,67.2,55.800000000000004,18.6,-1.6415830399453737,0.5524537292513332,0.2568300569523134
18.61,18.61,37.22,67.22,55.83,18.61,-1.6414865935777199,0.5527402311254472,0.25667625405791367
18.62,18.62,37.24,67.24000000000001,55.86,18.62,-1.6413900972075255,0.5530267161621304,0.25652268299632797
18.63,18.63,37.26,67.25999999999999,55.89,18.63,-1.64129355083773,0.5533131843526556,0.2563693437962771
18.64,18.64,37.28,67.28,55.92,18.64,-1.6411969544712732,0.5535996356882984,0.2562162364863809
18.65,18.65,37.3,67.3,55.949999999999996,18.65,-1.6411003081110986,0.5538860701603324,0.2560633610951586
18.66,18.66,37.32,67.32,55.980000000000004,18.66,-1.6410036117601503,0.5541724877600306,0.2559107176510297
18.67,18.67,37.34,67.34,56.010000000000005,18.67,-1.6409068654213732,0.5544588884786709,0.2557583061823119
18.68,18.68,37.36,67.36,56.04,18.68,-1.6408100690977148,0.5547452723075269,0.2556061267172247
18.69,18.69,37.38,67.38,56.07000000000001,18.69,-1.6407132227921237,0.5550316392378749,0.2554541792838853
18.7,18.7,37.4,67.4,56.099999999999994,18.7,-1.6406163265075497,0.5553179892609931,0.2553024639103111
18.71,18.71,37.42,67.42,56.13,18.71,-1.6405193802469444,0.5556043223681587,0.2551509806244194
18.72,18.72,37.43999999999999,67.44,56.15999999999999,18.72,-1.6404223840132615,0.5558906385506482,0.2549997294540266
18.73,18.73,37.46,67.46000000000001,56.19,18.73,-1.6403253378094556,0.5561769377997398,0.25484871042684865
18.74,18.74,37.48,67.47999999999999,56.22,18.74,-1.6402282416384817,0.5564632201067143,0.25469792357050214
18.75,18.75,37.5,67.5,56.25,18.75,-1.640131095503299,0.5567494854628494,0.25454736891250085
18.76,18.76,37.52,67.52000000000001,56.28,18.76,-1.6400338994068666,0.5570357338594245,0.2543970464802603
18.77,18.77,37.54,67.53999999999999,56.31,18.77,-1.6399366533521442,0.5573219652877224,0.25424695630109484
18.78,18.78,37.56000000000001,67.56,56.34000000000001,18.78,-1.6398393573420948,0.5576081797390215,0.25409709840221845
18.79,18.79,37.58,67.58,56.37,18.79,-1.6397420113796826,0.5578943772046036,0.25394747281074426
18.8,18.8,37.6,67.6,56.400000000000006,18.8,-1.6396446154678719,0.5581805576757526,0.25379807955368466
18.81,18.81,37.62,67.62,56.42999999999999,18.81,-1.6395471696096304,0.5584667211437487,0.2536489186579526
18.82,18.82,37.64,67.64,56.46,18.82,-1.639449673807926,0.5587528675998757,0.2534999901503601
18.83,18.83,37.66,67.66,56.489999999999995,18.83,-1.6393521280657293,0.5590389970354165,0.25335129405761814
18.84,18.84,37.68,67.68,56.519999999999996,18.84,-1.6392545323860106,0.559325109441657,0.2532028304063377
18.85,18.85,37.7,67.7,56.550000000000004,18.85,-1.6391568867717436,0.5596112048098797,0.2530545992230293
18.86,18.86,37.72,67.72,56.58,18.86,-1.6390591912259027,0.5598972831313702,0.25290660053410263
18.87,18.87,37.74,67.74000000000001,56.61,18.87,-1.6389614457514636,0.5601833443974142,0.25275883436586716
18.88,18.88,37.76,67.75999999999999,56.64,18.88,-1.638863650351404,0.5604693885992978,0.25261130074453175
18.89,18.89,37.78,67.78,56.67,18.89,-1.638765805028703,0.5607554157283067,0.25246399969620464
18.9,18.9,37.8,67.8,56.699999999999996,18.9,-1.6386679097863408,0.5610414257757305,0.2523169312468932
18.91,18.91,37.82,67.82,56.730000000000004,18.91,-1.6385699646272998,0.5613274187328543,0.25217009542250485
18.92,18.92,37.84,67.84,56.760000000000005,18.92,-1.638471969554563,0.5616133945909679,0.2520234922488463
18.93,18.93,37.86,67.86,56.79,18.93,-1.6383739245711169,0.5618993533413578,0.2518771217516237
18.94,18.94,37.88,67.88,56.82000000000001,18.94,-1.6382758296799464,0.5621852949753154,0.25173098395644267
18.95,18.95,37.9,67.9,56.849999999999994,18.95,-1.6381776848840408,0.5624712194841296,0.2515850788888078
18.96,18.96,37.92,67.92,56.88,18.96,-1.6380794901863889,0.5627571268590914,0.25143940657412384
18.97,18.97,37.93999999999999,67.94,56.90999999999999,18.97,-1.6379812455899831,0.5630430170914894,0.25129396703769413
18.98,18.98,37.96,67.96000000000001,56.94,18.98,-1.6378829510978148,0.5633288901726171,0.25114876030472255
18.99,18.99,37.98,67.97999999999999,56.97,18.99,-1.6377846067128787,0.5636147460937663,0.2510037864003113
19.0,19.0,38.0,68.0,57.0,19.0,-1.6376862124381713,0.563900584846227,0.2508590453494626
19.01,19.01,38.02,68.02000000000001,57.03,19.01,-1.6375877682766886,0.5641864064212944,0.25071453717707787
19.02,19.02,38.04,68.03999999999999,57.06,19.02,-1.6374892742314298,0.5644722108102619,0.2505702619079583
19.03,19.03,38.06000000000001,68.06,57.09000000000001,19.03,-1.637390730305396,0.5647579980044211,0.2504262195668033
19.04,19.04,38.08,68.08,57.12,19.04,-1.637292136501588,0.5650437679950686,0.2502824101782135
19.05,19.05,38.1,68.1,57.150000000000006,19.05,-1.6371934928230094,0.5653295207734995,0.25013883376668716
19.06,19.06,38.12,68.12,57.17999999999999,19.06,-1.6370947992726652,0.5656152563310076,0.24999549035662363
19.07,19.07,38.14,68.14,57.21,19.07,-1.6369960558535621,0.5659009746588891,0.2498523799723198
19.08,19.08,38.16,68.16,57.239999999999995,19.08,-1.6368972625687077,0.5661866757484418,0.2497095026379731
19.09,19.09,38.18,68.18,57.269999999999996,19.09,-1.6367984194211107,0.566472359590963,0.24956685837768022
19.1,19.1,38.2,68.2,57.300000000000004,19.1,-1.6366995264137836,0.566758026177748,0.24942444721543672
19.11,19.11,38.22,68.22,57.33,19.11,-1.636600583549737,0.5670436755000975,0.24928226917513852
19.12,19.12,38.24,68.24000000000001,57.36,19.12,-1.6365015908319862,0.5673293075493083,0.2491403242805796
19.13,19.13,38.26,68.25999999999999,57.39,19.13,-1.6364025482635467,0.5676149223166794,0.24899861255545416
19.14,19.14,38.28,68.28,57.42,19.14,-1.636303455847435,0.567900519793512,0.24885713402335502
19.15,19.15,38.3,68.3,57.449999999999996,19.15,-1.6362043135866693,0.5681860999711063,0.24871588870777528
19.16,19.16,38.32,68.32,57.480000000000004,19.16,-1.6361051214842703,0.5684716628407613,0.2485748766321071
19.17,19.17,38.34,68.34,57.510000000000005,19.17,-1.6360058795432595,0.5687572083937796,0.2484340978196411
19.18,19.18,38.36,68.36,57.54,19.18,-1.6359065877666599,0.5690427366214624,0.24829355229356828
19.19,19.19,38.38,68.38,57.57000000000001,19.19,-1.635807246157496,0.5693282475151122,0.24815324007697853
19.2,19.2,38.4,68.4,57.599999999999994,19.2,-1.6357078547187942,0.5696137410660312,0.24801316119286101
19.21,19.21,38.42,68.42,57.63,19.21,-1.6356084134535813,0.569899217265525,0.24787331566410445
19.22,19.22,38.43999999999999,68.44,57.65999999999999,19.22,-1.6355089223648875,0.570184676104895,0.24773370351349638
19.23,19.23,38.46,68.46000000000001,57.69,19.23,-1.635409381455743,0.570470117575446,0.24759432476372448
19.24,19.24,38.48,68.47999999999999,57.72,19.24,-1.63530979072918,0.570755541668485,0.2474551794373745
19.25,19.25,38.5,68.5,57.75,19.25,-1.6352101501882321,0.571040948375315,0.24731626755693273
19.26,19.26,38.52,68.52000000000001,57.78,19.26,-1.6351104598359345,0.5713263376872433,0.2471775891447842
19.27,19.27,38.54,68.53999999999999,57.81,19.27,-1.6350107196753245,0.5716117095955761,0.24703914422321274
19.28,19.28,38.56000000000001,68.56,57.84000000000001,19.28,-1.6349109297094397,0.5718970640916204,0.24690093281440242
19.29,19.29,38.58,68.58,57.87,19.29,-1.6348110899413202,0.5721824011666841,0.24676295494043612
19.3,19.3,38.6,68.6,57.900000000000006,19.3,-1.6347112003740072,0.5724677208120751,0.24662521062329554
19.31,19.31,38.62,68.62,57.92999999999999,19.31,-1.6346112610105437,0.5727530230191021,0.24648769988486227
19.32,19.32,38.64,68.64,57.96,19.32,-1.6345112718539736,0.5730383077790744,0.24635042274691737
19.33,19.33,38.66,68.66,57.989999999999995,19.33,-1.6344112329073435,0.5733235750833009,0.24621337923114042
19.34,19.34,38.68,68.68,58.019999999999996,19.34,-1.6343111441736995,0.5736088249230941,0.24607656935911085
19.35,19.35,38.7,68.7,58.050000000000004,19.35,-1.6342110056560917,0.5738940572897626,0.2459399931523066
19.36,19.36,38.72,68.72,58.08,19.36,-1.6341108173575696,0.5741792721746192,0.24580365063210607
19.37,19.37,38.74,68.74000000000001,58.11,19.37,-1.634010579281186,0.5744644695689736,0.24566754181978542
19.38,19.38,38.76,68.75999999999999,58.14,19.38,-1.6339102914299939,0.5747496494641402,0.24553166673652166
19.39,19.39,38.78,68.78,58.17,19.39,-1.6338099538070483,0.5750348118514313,0.24539602540338928
19.4,19.4,38.8,68.8,58.199999999999996,19.4,-1.6337095664154049,0.5753199567221613,0.2452606178413639
19.41,19.41,38.82,68.82,58.230000000000004,19.41,-1.633609129258123,0.5756050840676417,0.2451254440713189
19.42,19.42,38.84,68.84,58.260000000000005,19.42,-1.633508642338261,0.5758901938791899,0.24499050411402726
19.43,19.43,38.86,68.86,58.29,19.43,-1.6334081056588805,0.5761752861481191,0.24485579799016127
19.44,19.44,38.88,68.88,58.32000000000001,19.44,-1.6333075192230442,0.5764603608657447,0.24472132572029293
19.45,19.45,38.9,68.9,58.349999999999994,19.45,-1.6332068830338156,0.5767454180233843,0.24458708732489234
19.46,19.46,38.92,68.92,58.38,19.46,-1.6331061970942602,0.5770304576123545,0.24445308282433012
19.47,19.47,38.93999999999999,68.94,58.40999999999999,19.47,-1.6330054614074456,0.5773154796239705,0.244319312238875
19.48,19.48,38.96,68.96000000000001,58.44,19.48,-1.63290467597644,0.5776004840495519,0.24418577558869545
19.49,19.49,38.98,68.97999999999999,58.47,19.49,-1.6328038408043135,0.5778854708804173,0.24405247289385903
19.5,19.5,39.0,69.0,58.5,19.5,-1.632702955894138,0.5781704401078839,0.24391940417433255
19.51,19.51,39.02,69.02000000000001,58.53,19.51,-1.6326020212489867,0.578455391723271,0.24378656944998192
19.52,19.52,39.04,69.03999999999999,58.56,19.52,-1.6325010368719335,0.5787403257179008,0.24365396874057238
19.53,19.53,39.06000000000001,69.06,58.59000000000001,19.53,-1.6324000027660552,0.5790252420830913,0.2435216020657682
19.54,19.54,39.08,69.08,58.62,19.54,-1.6322989189344297,0.5793101408101636,0.24338946944513293
19.55,19.55,39.1,69.1,58.650000000000006,19.55,-1.6321977853801353,0.5795950218904415,0.24325757089812927
19.56,19.56,39.12,69.12,58.67999999999999,19.56,-1.6320966021062535,0.5798798853152446,0.24312590644411877
19.57,19.57,39.14,69.14,58.71,19.57,-1.6319953691158666,0.5801647310758957,0.2429944761023629
19.58,19.58,39.16,69.16,58.739999999999995,19.58,-1.6318940864120575,0.5804495591637191,0.24286327989202205
19.59,19.59,39.18,69.18,58.769999999999996,19.59,-1.6317927539979118,0.5807343695700387,0.2427323178321548
19.6,19.6,39.2,69.2,58.800000000000004,19.6,-1.6316913718765167,0.581019162286177,0.24260158994172026
19.61,19.61,39.22,69.22,58.83,19.61,-1.63158994005096,0.5813039373034595,0.24247109623957638
19.62,19.62,39.24,69.24000000000001,58.86,19.62,-1.6314884585243317,0.5815886946132115,0.24234083674447943
19.63,19.63,39.26,69.25999999999999,58.89,19.63,-1.6313869272997232,0.5818734342067589,0.24221081147508555
19.64,19.64,39.28,69.28,58.92,19.64,-1.6312853463802275,0.5821581560754271,0.24208102044995009
19.65,19.65,39.3,69.3,58.949999999999996,19.65,-1.631183715768938,0.5824428602105454,0.2419514636875271
19.66,19.66,39.32,69.32,58.980000000000004,19.66,-1.631082035468951,0.5827275466034387,0.24182214120617088
19.67,19.67,39.34,69.34,59.010000000000005,19.67,-1.6309803054833643,0.5830122152454367,0.2416930530241328
19.68,19.68,39.36,69.36,59.04,19.68,-1.6308785258152767,0.5832968661278657,0.24156419915956528
19.69,19.69,39.38,69.38,59.07000000000001,19.69,-1.6307766964677883,0.5835814992420567,0.24143557963051898
19.7,19.7,39.4,69.4,59.099999999999994,19.7,-1.6306748174440011,0.5838661145793388,0.2413071944549439
19.71,19.71,39.42,69.42,59.13,19.71,-1.6305728887470183,0.5841507121310419,0.24117904365068943
19.72,19.72,39.43999999999999,69.44,59.15999999999999,19.72,-1.6304709103799453,0.5844352918884969,0.2410511272355036
19.73,19.73,39.46,69.46000000000001,59.19,19.73,-1.6303688823458877,0.5847198538430348,0.2409234452270342
19.74,19.74,39.48,69.47999999999999,59.22,19.74,-1.6302668046479545,0.5850043979859874,0.24079599764282697
19.75,19.75,39.5,69.5,59.25,19.75,-1.6301646772892546,0.585288924308687,0.2406687845003281
19.76,19.76,39.52,69.52000000000001,59.28,19.76,-1.630062500272899,0.5855734328024665,0.240541805816882
19.77,19.77,39.54,69.53999999999999,59.31,19.77,-1.629960273602,0.58585792345866,0.240415061609733
19.78,19.78,39.56000000000001,69.56,59.34000000000001,19.78,-1.6298579972796723,0.5861423962685992,0.24028855189602366
19.79,19.79,39.58,69.58,59.37,19.79,-1.6297556713090307,0.5864268512236206,0.2401622766927964
19.8,19.8,39.6,69.6,59.400000000000006,19.8,-1.6296532956931922,0.5867112883150595,0.24003623601699198
19.81,19.81,39.62,69.62,59.42999999999999,19.81,-1.6295508704352761,0.586995707534249,0.23991042988545078
19.82,19.82,39.64,69.64,59.46,19.82,-1.6294483955384018,0.5872801088725276,0.23978485831491242
19.83,19.83,39.66,69.66,59.489999999999995,19.83,-1.629345871005691,0.587564492321231,0.23965952132201554
19.84,19.84,39.68,69.68,59.519999999999996,19.84,-1.6292432968402668,0.5878488578716965,0.23953441892329708
19.85,19.85,39.7,69.7,59.550000000000004,19.85,-1.6291406730452538,0.5881332055152618,0.23940955113519438
19.86,19.86,39.72,69.72,59.58,19.86,-1.6290379996237778,0.5884175352432659,0.2392849179740428
19.87,19.87,39.74,69.74000000000001,59.61,19.87,-1.6289352765789669,0.5887018470470463,0.23916051945607728
19.88,19.88,39.76,69.75999999999999,59.64,19.88,-1.6288325039139506,0.5889861409179421,0.23903635559743192
19.89,19.89,39.78,69.78,59.67,19.89,-1.6287296816318584,0.5892704168472949,0.2389124264141397
19.9,19.9,39.8,69.8,59.699999999999996,19.9,-1.628626809735823,0.5895546748264451,0.23878873192213254
19.91,19.91,39.82,69.82,59.730000000000004,19.91,-1.6285238882289783,0.5898389148467315,0.23866527213724195
19.92,19.92,39.84,69.84,59.760000000000005,19.92,-1.628420917114459,0.5901231368994985,0.2385420470751977
19.93,19.93,39.86,69.86,59.79,19.93,-1.628317896395402,0.5904073409760862,0.23841905675162997
19.94,19.94,39.88,69.88,59.82000000000001,19.94,-1.6282148260749456,0.5906915270678378,0.23829630118206654
19.95,19.95,39.9,69.9,59.849999999999994,19.95,-1.6281117061562298,0.5909756951660958,0.238173780381935
19.96,19.96,39.92,69.92,59.88,19.96,-1.6280085366423949,0.5912598452622061,0.23805149436656212
19.97,19.97,39.93999999999999,69.94,59.90999999999999,19.97,-1.6279053175365843,0.5915439773475111,0.23792944315117312
19.98,19.98,39.96,69.96000000000001,59.94,19.98,-1.6278020488419422,0.5918280914133551,0.2378076267508932
19.99,19.99,39.98,69.97999999999999,59.97,19.99,-1.627698730561614,0.5921121874510862,0.23768604518074607
20.0,20.0,40.0,70.0,60.0,20.0,-1.6275953626987472,0.5923962654520479,0.23756469845565442
20.01,20.01,40.02,70.02000000000001,60.03,20.01,-1.6274919452564909,0.5926803254075867,0.23744358659043976
20.02,20.02,40.04,70.03999999999999,60.06,20.02,-1.6273884782379944,0.5929643673090519,0.23732270959982374
20.03,20.03,40.06000000000001,70.06,60.09000000000001,20.03,-1.6272849616464105,0.5932483911477888,0.23720206749842593
20.04,20.04,40.08,70.08,60.12,20.04,-1.6271813954848922,0.5935323969151464,0.2370816603007654
20.05,20.05,40.1,70.1,60.150000000000006,20.05,-1.6270777797565938,0.5938163846024732,0.2369614880212608
20.06,20.06,40.12,70.12,60.17999999999999,20.06,-1.6269741144646725,0.5941003542011187,0.2368415506742283
20.07,20.07,40.14,70.14,60.21,20.07,-1.6268703996122853,0.5943843057024325,0.23672184827388512
20.08,20.08,40.16,70.16,60.239999999999995,20.08,-1.6267666352025922,0.5946682390977642,0.23660238083434598
20.09,20.09,40.18,70.18,60.269999999999996,20.09,-1.6266628212387533,0.594952154378467,0.23648314836962522
20.1,20.1,40.2,70.2,60.300000000000004,20.1,-1.6265589577239317,0.5952360515358901,0.2363641508936365
20.11,20.11,40.22,70.22,60.33,20.11,-1.6264550446612904,0.5955199305613869,0.23624538842019208
20.12,20.12,40.24,70.24000000000001,60.36,20.12,-1.6263510820539961,0.5958037914463078,0.23612686096300303
20.13,20.13,40.26,70.25999999999999,60.39,20.13,-1.6262470699052147,0.5960876341820083,0.23600856853568034
20.14,20.14,40.28,70.28,60.42,20.14,-1.6261430082181145,0.596371458759841,0.23589051115173354
20.15,20.15,40.3,70.3,60.449999999999996,20.15,-1.626038896995866,0.5966552651711602,0.23577268882457084
20.16,20.16,40.32,70.32,60.480000000000004,20.16,-1.62593473624164,0.5969390534073208,0.23565510156750016
20.17,20.17,40.34,70.34,60.510000000000005,20.17,-1.6258305259586097,0.5972228234596786,0.23553774939372787
20.18,20.18,40.36,70.36,60.54,20.18,-1.6257262661499499,0.5975065753195876,0.23542063231635996
20.19,20.19,40.38,70.38,60.57000000000001,20.19,-1.625621956818836,0.5977903089784061,0.23530375034840081
20.2,20.2,40.4,70.4,60.599999999999994,20.2,-1.6255175979684455,0.5980740244274907,0.23518710350275437
20.21,20.21,40.42,70.42,60.63,20.21,-1.6254131896019572,0.5983577216581993,0.23507069179222345
20.22,20.22,40.43999999999999,70.44,60.65999999999999,20.22,-1.6253087317225525,0.5986414006618881,0.23495451522950972
20.23,20.23,40.46,70.46000000000001,60.69,20.23,-1.6252042243334126,0.5989250614299176,0.23483857382721376
20.24,20.24,40.48,70.47999999999999,60.72,20.24,-1.6250996674377205,0.5992087039536473,0.23472286759783623
20.25,20.25,40.5,70.5,60.75,20.25,-1.6249950610386625,0.5994923282244347,0.23460739655377513
20.26,20.26,40.52,70.52000000000001,60.78,20.26,-1.624890405139424,0.5997759342336422,0.23449216070732873
20.27,20.27,40.54,70.53999999999999,60.81,20.27,-1.624785699743193,0.6000595219726307,0.23437716007069428
20.28,20.28,40.56000000000001,70.56,60.84000000000001,20.28,-1.62468094485316,0.6003430914327594,0.23426239465596715
20.29,20.29,40.58,70.58,60.87,20.29,-1.6245761404725152,0.6006266426053927,0.23414786447514252
20.3,20.3,40.6,70.6,60.900000000000006,20.3,-1.624471286604451,0.6009101754818928,0.23403356954011453
20.31,20.31,40.62,70.62,60.92999999999999,20.31,-1.624366383252162,0.6011936900536216,0.233919509862676
20.32,20.32,40.64,70.64,60.96,20.32,-1.6242614304188436,0.6014771863119427,0.23380568545451927
20.33,20.33,40.66,70.66,60.989999999999995,20.33,-1.6241564281076926,0.6017606642482216,0.2336920963272355
20.34,20.34,40.68,70.68,61.019999999999996,20.34,-1.6240513763219075,0.6020441238538232,0.23357874249231378
20.35,20.35,40.7,70.7,61.050000000000004,20.35,-1.623946275064689,0.6023275651201108,0.2334656239611442
20.36,20.36,40.72,70.72,61.08,20.36,-1.6238411243392377,0.6026109880384528,0.23335274074501466
20.37,20.37,40.74,70.74000000000001,61.11,20.37,-1.6237359241487572,0.6028943926002138,0.23324009285511205
20.38,20.38,40.76,70.75999999999999,61.14,20.38,-1.6236306744964524,0.6031777787967614,0.2331276803025227
20.39,20.39,40.78,70.78,61.17,20.39,-1.623525375385529,0.6034611466194624,0.23301550309823185
20.4,20.4,40.8,70.8,61.199999999999996,20.4,-1.6234200268191945,0.6037444960596872,0.2329035612531231
20.41,20.41,40.82,70.82,61.230000000000004,20.41,-1.6233146288006581,0.6040278271088023,0.23279185477798037
20.42,20.42,40.84,70.84,61.260000000000005,20.42,-1.6232091813331306,0.6043111397581776,0.23268038368348534
20.43,20.43,40.86,70.86,61.29,20.43,-1.6231036844198239,0.6045944339991829,0.23256914798021955
20.44,20.44,40.88,70.88,61.32000000000001,20.44,-1.6229981380639518,0.6048777098231886,0.232458147678663
20.45,20.45,40.9,70.9,61.349999999999994,20.45,-1.6228925422687293,0.6051609672215649,0.23234738278919492
20.46,20.46,40.92,70.92,61.38,20.46,-1.6227868970373727,0.6054442061856855,0.23223685332209376
20.47,20.47,40.93999999999999,70.94,61.40999999999999,20.47,-1.6226812023731008,0.6057274267069201,0.23212655928753648
20.48,20.48,40.96,70.96000000000001,61.44,20.48,-1.622575458279133,0.6060106287766425,0.2320165006955993
20.49,20.49,40.98,70.97999999999999,61.47,20.49,-1.62246966475869,0.6062938123862252,0.2319066775562584
20.5,20.5,41.0,71.0,61.5,20.5,-1.6223638218149952,0.6065769775270424,0.23179708987938646
20.51,20.51,41.02,71.02000000000001,61.53,20.51,-1.6222579294512722,0.6068601241904682,0.23168773767475792
20.52,20.52,41.04,71.03999999999999,61.56,20.52,-1.6221519876707469,0.6071432523678776,0.231578620952045
20.53,20.53,41.06000000000001,71.06,61.59000000000001,20.53,-1.6220459964766465,0.6074263620506459,0.23146973972081847
20.54,20.54,41.08,71.08,61.62,20.54,-1.6219399558721996,0.6077094532301491,0.23136109399054922
20.55,20.55,41.1,71.1,61.650000000000006,20.55,-1.621833865860636,0.6079925258977646,0.23125268377060634
20.56,20.56,41.12,71.12,61.67999999999999,20.56,-1.6217277264451884,0.6082755800448673,0.23114450907025785
20.57,20.57,41.14,71.14,61.71,20.57,-1.621621537629089,0.6085586156628369,0.23103656989867152
20.58,20.58,41.16,71.16,61.739999999999995,20.58,-1.621515299415573,0.608841632743051,0.23092886626491357
20.59,20.59,41.18,71.18,61.769999999999996,20.59,-1.6214090118078763,0.6091246312768885,0.23082139817794942
20.6,20.6,41.2,71.2,61.800000000000004,20.6,-1.621302674809237,0.6094076112557286,0.23071416564664318
20.61,20.61,41.22,71.22,61.83,20.61,-1.6211962884228934,0.6096905726709522,0.23060716867975886
20.62,20.62,41.24,71.24000000000001,61.86,20.62,-1.621089852652088,0.6099735155139373,0.23050040728595766
20.63,20.63,41.26,71.25999999999999,61.89,20.63,-1.6209833675000611,0.6102564397760675,0.23039388147380235
20.64,20.64,41.28,71.28,61.92,20.64,-1.6208768329700576,0.6105393454487235,0.23028759125175255
20.65,20.65,41.3,71.3,61.949999999999996,20.65,-1.620770249065322,0.6108222325232882,0.23018153662816754
20.66,20.66,41.32,71.32,61.980000000000004,20.66,-1.6206636157891017,0.6111051009911423,0.23007571761130638
20.67,20.67,41.34,71.34,62.010000000000005,20.67,-1.6205569331446443,0.6113879508436719,0.22997013420932588
20.68,20.68,41.36,71.36,62.04,20.68,-1.6204502011352002,0.611670782072259,0.22986478643028269
20.69,20.69,41.38,71.38,62.07000000000001,20.69,-1.6203434197640205,0.6119535946682877,0.22975967428213248
20.7,20.7,41.4,71.4,62.099999999999994,20.7,-1.6202365890343575,0.6122363886231448,0.22965479777272935
20.71,20.71,41.42,71.42,62.13,20.71,-1.6201297089494653,0.6125191639282157,0.2295501569098273
20.72,20.72,41.43999999999999,71.44,62.15999999999999,20.72,-1.6200227795126008,0.6128019205748845,0.22944575170107817
20.73,20.73,41.46,71.46000000000001,62.19,20.73,-1.61991580072702,0.61308465855454,0.2293415821540341
20.74,20.74,41.48,71.47999999999999,62.22,20.74,-1.6198087725959822,0.6133673778585697,0.2292376482761449
20.75,20.75,41.5,71.5,62.25,20.75,-1.6197016951227476,0.6136500784783598,0.22913395007476065
20.76,20.76,41.52,71.52000000000001,62.28,20.76,-1.6195945683105786,0.6139327604052991,0.22903048755712935
20.77,20.77,41.54,71.53999999999999,62.31,20.77,-1.619487392162737,0.6142154236307783,0.22892726073039957
20.78,20.78,41.56000000000001,71.56,62.34000000000001,20.78,-1.6193801666824892,0.6144980681461851,0.22882426960161667
20.79,20.79,41.58,71.58,62.37,20.79,-1.6192728918731005,0.6147806939429098,0.2287215141777269
20.8,20.8,41.6,71.6,62.400000000000006,20.8,-1.6191655677378387,0.615063301012345,0.22861899446557482
20.81,20.81,41.62,71.62,62.42999999999999,20.81,-1.6190581942799733,0.61534588934588,0.22851671047190392
20.82,20.82,41.64,71.64,62.46,20.82,-1.6189507715027756,0.6156284589349066,0.2284146622033567
20.83,20.83,41.66,71.66,62.489999999999995,20.83,-1.6188432994095165,0.6159110097708186,0.22831284966647553
20.84,20.84,41.68,71.68,62.519999999999996,20.84,-1.618735778003471,0.6161935418450092,0.22821127286770004
20.85,20.85,41.7,71.7,62.550000000000004,20.85,-1.6186282072879141,0.6164760551488705,0.2281099318133704
20.86,20.86,41.72,71.72,62.58,20.86,-1.6185205872661224,0.6167585496737972,0.22800882650972565
20.87,20.87,41.74,71.74000000000001,62.61,20.87,-1.6184129179413744,0.6170410254111842,0.2279079569629028
20.88,20.88,41.76,71.75999999999999,62.64,20.88,-1.61830519931695,0.6173234823524267,0.2278073231789393
20.89,20.89,41.78,71.78,62.67,20.89,-1.6181974313961303,0.6176059204889199,0.22770692516377067
20.9,20.9,41.8,71.8,62.699999999999996,20.9,-1.6180896141821974,0.6178883398120625,0.2276067629232319
20.91,20.91,41.82,71.82,62.730000000000004,20.91,-1.6179817476784368,0.6181707403132491,0.22750683646305633
20.92,20.92,41.84,71.84,62.760000000000005,20.92,-1.6178738318881338,0.618453121983879,0.22740714578887697
20.93,20.93,41.86,71.86,62.79,20.93,-1.6177658668145758,0.618735484815348,0.22730769090622624
20.94,20.94,41.88,71.88,62.82000000000001,20.94,-1.6176578524610514,0.6190178287990572,0.22720847182053464
20.95,20.95,41.9,71.9,62.849999999999994,20.95,-1.617549788830851,0.6193001539264049,0.22710948853713198
20.96,20.96,41.92,71.92,62.88,20.96,-1.6174416759272665,0.6195824601887913,0.2270107410612474
20.97,20.97,41.93999999999999,71.94,62.90999999999999,20.97,-1.617333513753591,0.6198647475776167,0.22691222939800915
20.98,20.98,41.96,71.96000000000001,62.94,20.98,-1.6172253023131196,0.6201470160842819,0.22681395355244374
20.99,20.99,41.98,71.97999999999999,62.97,20.99,-1.617117041609148,0.6204292657001897,0.2267159135294779
21.0,21.0,42.0,72.0,63.0,21.0,-1.617008731644975,0.6207114964167398,0.22661810933393628
21.01,21.01,42.02,72.02000000000001,63.03,21.01,-1.6169003724238993,0.6209937082253374,0.22652054097054306
21.02,21.02,42.04,72.03999999999999,63.06,21.02,-1.6167919639492214,0.6212759011173855,0.22642320844392178
21.03,21.03,42.06000000000001,72.06,63.09000000000001,21.03,-1.6166835062242444,0.6215580750842861,0.22632611175859432
21.04,21.04,42.08,72.08,63.12,21.04,-1.6165749992522715,0.6218402301174457,0.2262292509189822
21.05,21.05,42.1,72.1,63.150000000000006,21.05,-1.616466443036608,0.6221223662082694,0.22613262592940567
21.06,21.06,42.12,72.12,63.17999999999999,21.06,-1.6163578375805614,0.6224044833481608,0.22603623679408388
21.07,21.07,42.14,72.14,63.21,21.07,-1.6162491828874395,0.6226865815285281,0.2259400835171355
21.08,21.08,42.16,72.16,63.239999999999995,21.08,-1.6161404789605518,0.6229686607407775,0.2258441661025781
21.09,21.09,42.18,72.18,63.269999999999996,21.09,-1.6160317258032098,0.6232507209763171,0.225748484554328
21.1,21.1,42.2,72.2,63.300000000000004,21.1,-1.6159229234187271,0.6235327622265526,0.22565303887620075
21.11,21.11,42.22,72.22,63.33,21.11,-1.6158140718104166,0.6238147844828955,0.22555782907191138
21.12,21.12,42.24,72.24000000000001,63.36,21.12,-1.6157051709815953,0.6240967877367527,0.2254628551450729
21.13,21.13,42.26,72.25999999999999,63.39,21.13,-1.6155962209355805,0.6243787719795338,0.2253681170991983
21.14,21.14,42.28,72.28,63.42,21.14,-1.6154872216756901,0.6246607372026509,0.2252736149376996
21.15,21.15,42.3,72.3,63.449999999999996,21.15,-1.6153781732052448,0.6249426833975144,0.2251793486638876
21.16,21.16,42.32,72.32,63.480000000000004,21.16,-1.6152690755275672,0.6252246105555338,0.22508531828097175
21.17,21.17,42.34,72.34,63.510000000000005,21.17,-1.615159928645979,0.6255065186681238,0.22499152379206183
21.18,21.18,42.36,72.36,63.54,21.18,-1.6150507325638064,0.625788407726695,0.22489796520016533
21.19,21.19,42.38,72.38,63.57000000000001,21.19,-1.614941487284375,0.6260702777226612,0.22480464250818954
21.2,21.2,42.4,72.4,63.599999999999994,21.2,-1.6148321928110134,0.6263521286474356,0.22471155571894033
21.21,21.21,42.42,72.42,63.63,21.21,-1.6147228491470498,0.6266339604924345,0.22461870483512356
21.22,21.22,42.43999999999999,72.44,63.65999999999999,21.22,-1.6146134562958157,0.6269157732490707,0.22452608985934316
21.23,21.23,42.46,72.46000000000001,63.69,21.23,-1.6145040142606433,0.6271975669087597,0.22443371079410274
21.24,21.24,42.48,72.47999999999999,63.72,21.24,-1.614394523044866,0.6274793414629197,0.22434156764180457
21.25,21.25,42.5,72.5,63.75,21.25,-1.6142849826518195,0.6277610969029652,0.22424966040475047
21.26,21.26,42.52,72.52000000000001,63.78,21.26,-1.614175393084841,0.6280428332203136,0.22415798908514054
21.27,21.27,42.54,72.53999999999999,63.81,21.27,-1.6140657543472676,0.6283245504063847,0.22406655368507541
21.28,21.28,42.56000000000001,72.56,63.84000000000001,21.28,-1.6139560664424402,0.6286062484525947,0.22397535420655315
21.29,21.29,42.58,72.58,63.87,21.29,-1.6138463293736995,0.6288879273503636,0.223884390651472
21.3,21.3,42.6,72.6,63.900000000000006,21.3,-1.6137365431443884,0.6291695870911106,0.22379366302162904
21.31,21.31,42.62,72.62,63.92999999999999,21.31,-1.6136267077578514,0.6294512276662562,0.22370317131871997
21.32,21.32,42.64,72.64,63.96,21.32,-1.6135168232174342,0.6297328490672207,0.22361291554434046
21.33,21.33,42.66,72.66,63.989999999999995,21.33,-1.613406889526484,0.6300144512854252,0.2235228956999846
21.34,21.34,42.68,72.68,64.02,21.34,-1.6132969066883491,0.6302960343122934,0.22343311178704564
21.35,21.35,42.7,72.7,64.05000000000001,21.35,-1.6131868747063807,0.6305775981392459,0.22334356380681616
21.36,21.36,42.72,72.72,64.08,21.36,-1.6130767935839294,0.6308591427577068,0.22325425176048838
21.37,21.37,42.74,72.74000000000001,64.11,21.37,-1.6129666633243498,0.6311406681590981,0.22316517564915228
21.38,21.38,42.76,72.75999999999999,64.14,21.38,-1.612856483930996,0.6314221743348459,0.22307633547379757
21.39,21.39,42.78,72.78,64.17,21.39,-1.612746255407224,0.6317036612763745,0.2229877312353137
21.4,21.4,42.8,72.8,64.19999999999999,21.4,-1.612635977756392,0.6319851289751092,0.22289936293448845
21.41,21.41,42.82,72.82,64.23,21.41,-1.612525650981859,0.6322665774224759,0.22281123057200888
21.42,21.42,42.84,72.84,64.26,21.42,-1.6124152750869853,0.6325480066099021,0.2227233341484621
21.43,21.43,42.86,72.86,64.28999999999999,21.43,-1.6123048500751342,0.6328294165288135,0.22263567366433257
21.44,21.44,42.88,72.88,64.32000000000001,21.44,-1.612194375949669,0.6331108071706377,0.22254824912000523
21.45,21.45,42.9,72.9,64.35,21.45,-1.612083852713955,0.6333921785268047,0.22246106051576345
21.46,21.46,42.92,72.92,64.38,21.46,-1.611973280371358,0.6336735305887434,0.2223741078517906
21.47,21.47,42.93999999999999,72.94,64.41,21.47,-1.6118626589252476,0.633954863347881,0.22228739112816842
21.48,21.48,42.96,72.96000000000001,64.44,21.48,-1.6117519883789928,0.63423617679565,0.22220091034487766
21.49,21.49,42.98,72.97999999999999,64.47,21.49,-1.6116412687359645,0.634517470923481,0.22211466550179917
21.5,21.5,43.0,73.0,64.5,21.5,-1.6115304999995363,0.634798745722803,0.22202865659871163
21.51,21.51,43.02,73.02000000000001,64.53,21.51,-1.611419682173082,0.6350800011850503,0.22194288363529374
21.52,21.52,43.04,73.03999999999999,64.56,21.52,-1.6113088152599766,0.6353612373016552,0.221857346611124
21.53,21.53,43.06000000000001,73.06,64.59,21.53,-1.6111978992635985,0.6356424540640493,0.221772045525678
21.54,21.54,43.08,73.08,64.62,21.54,-1.611086934187326,0.6359236514636664,0.22168698037833245
21.55,21.55,43.1,73.1,64.65,21.55,-1.6109759200345386,0.6362048294919428,0.22160215116836232
21.56,21.56,43.12,73.12,64.67999999999999,21.56,-1.6108648568086186,0.636485988140311,0.221517557894942
21.57,21.57,43.14,73.14,64.71000000000001,21.57,-1.6107537445129496,0.6367671274002068,0.22143320055714466
21.58,21.58,43.16,73.16,64.74,21.58,-1.6106425831509155,0.6370482472630673,0.22134907915394325
21.59,21.59,43.18,73.18,64.77,21.59,-1.6105313727259023,0.6373293477203292,0.22126519368420966
21.6,21.6,43.2,73.2,64.80000000000001,21.6,-1.6104201132412987,0.6376104287634278,0.2211815441467145
21.61,21.61,43.22,73.22,64.83,21.61,-1.6103088047004928,0.6378914903838033,0.22109813054012836
21.62,21.62,43.24,73.24000000000001,64.86,21.62,-1.6101974471068758,0.6381725325728922,0.22101495286302011
21.63,21.63,43.26,73.25999999999999,64.89,21.63,-1.6100860404638402,0.6384535553221341,0.22093201111385843
21.64,21.64,43.28,73.28,64.92,21.64,-1.6099745847747788,0.6387345586229679,0.2208493052910116
21.65,21.65,43.3,73.3,64.94999999999999,21.65,-1.609863080043087,0.6390155424668359,0.22076683539274589
21.66,21.66,43.32,73.32,64.98,21.66,-1.609751526272162,0.6392965068451766,0.2206846014172273
21.67,21.67,43.34,73.34,65.01,21.67,-1.609639923465401,0.639577451749432,0.22060260336252188
21.68,21.68,43.36,73.36,65.03999999999999,21.68,-1.6095282716262045,0.6398583771710444,0.22052084122659332
21.69,21.69,43.38,73.38,65.07000000000001,21.69,-1.609416570757973,0.6401392831014558,0.22043931500730596
21.7,21.7,43.4,73.4,65.1,21.7,-1.6093048208641096,0.6404201695321091,0.2203580247024224
21.71,21.71,43.42,73.42,65.13,21.71,-1.6091930219480177,0.6407010364544498,0.2202769703096049
21.72,21.72,43.43999999999999,73.44,65.16,21.72,-1.6090811740131035,0.6409818838599203,0.22019615182641486
21.73,21.73,43.46,73.46000000000001,65.19,21.73,-1.608969277062774,0.6412627117399659,0.2201155692503126
21.74,21.74,43.48,73.47999999999999,65.22,21.74,-1.6088573311004375,0.6415435200860323,0.2200352225786582
21.75,21.75,43.5,73.5,65.25,21.75,-1.608745336129504,0.6418243088895657,0.21995511180871077
21.76,21.76,43.52,73.52000000000001,65.28,21.76,-1.6086332921533857,0.6421050781420125,0.21987523693762825
21.77,21.77,43.54,73.53999999999999,65.31,21.77,-1.608521199175495,0.6423858278348202,0.21979559796246825
21.78,21.78,43.56000000000001,73.56,65.34,21.78,-1.6084090571992467,0.6426665579594367,0.2197161948801878
21.79,21.79,43.58,73.58,65.37,21.79,-1.608296866228057,0.6429472685073102,0.21963702768764226
21.8,21.8,43.6,73.6,65.4,21.8,-1.6081846262653428,0.6432279594698909,0.21955809638158755
21.81,21.81,43.62,73.62,65.42999999999999,21.81,-1.6080723373145243,0.643508630838626,0.2194794009586776
21.82,21.82,43.64,73.64,65.46000000000001,21.82,-1.6079599993790208,0.6437892826049679,0.21940094141546665
21.83,21.83,43.66,73.66,65.49,21.83,-1.607847612462255,0.6440699147603669,0.2193227177484073
21.84,21.84,43.68,73.68,65.52,21.84,-1.60773517656765,0.6443505272962744,0.21924472995385202
21.85,21.85,43.7,73.7,65.55000000000001,21.85,-1.6076226916986311,0.6446311202041424,0.21916697802805205
21.86,21.86,43.72,73.72,65.58,21.86,-1.6075101578586246,0.6449116934754243,0.2190894619671586
21.87,21.87,43.74,73.74000000000001,65.61,21.87,-1.6073975750510587,0.645192247101572,0.21901218176722145
21.88,21.88,43.76,73.75999999999999,65.64,21.88,-1.607284943279363,0.6454727810740393,0.21893513742419016
21.89,21.89,43.78,73.78,65.67,21.89,-1.607172262546968,0.645753295384282,0.21885832893391313
21.9,21.9,43.8,73.8,65.69999999999999,21.9,-1.607059532857306,0.6460337900237552,0.2187817562921384
21.91,21.91,43.82,73.82,65.73,21.91,-1.6069467542138118,0.6463142649839123,0.21870541949451341
21.92,21.92,43.84,73.84,65.76,21.92,-1.6068339266199196,0.6465947202562127,0.21862931853658454
21.93,21.93,43.86,73.86,65.78999999999999,21.93,-1.6067210500790676,0.6468751558321107,0.2185534534137973
21.94,21.94,43.88,73.88,65.82000000000001,21.94,-1.606608124594694,0.6471555717030641,0.21847782412149705
21.95,21.95,43.9,73.9,65.85,21.95,-1.606495150170238,0.6474359678605321,0.21840243065492806
21.96,21.96,43.92,73.92,65.88,21.96,-1.6063821268091412,0.6477163442959736,0.21832727300923446
21.97,21.97,43.93999999999999,73.94,65.91,21.97,-1.6062690545148466,0.6479967010008462,0.2182523511794592
21.98,21.98,43.96,73.96000000000001,65.94,21.98,-1.6061559332907993,0.6482770379666097,0.21817766516054418
21.99,21.99,43.98,73.97999999999999,65.97,21.99,-1.606042763140444,0.648557355184727,0.21810321494733168
22.0,22.0,44.0,74.0,66.0,22.0,-1.6059295440672283,0.6488376526466568,0.21802900053456273
22.01,22.01,44.02,74.02000000000001,66.03,22.01,-1.605816276074602,0.6491179303438608,0.21795502191687732
22.02,22.02,44.04,74.03999999999999,66.06,22.02,-1.6057029591660141,0.6493981882678033,0.21788127908881552
22.03,22.03,44.06000000000001,74.06,66.09,22.03,-1.6055895933449174,0.649678426409945,0.21780777204481616
22.04,22.04,44.08,74.08,66.12,22.04,-1.6054761786147653,0.6499586447617497,0.2177345007792176
22.05,22.05,44.1,74.1,66.15,22.05,-1.6053627149790115,0.6502388433146831,0.21766146528625815
22.06,22.06,44.12,74.12,66.17999999999999,22.06,-1.6052492024411131,0.6505190220602081,0.21758866556007456
22.07,22.07,44.14,74.14,66.21000000000001,22.07,-1.605135641004528,0.6507991809897905,0.21751610159470317
22.08,22.08,44.16,74.16,66.24,22.08,-1.6050220306727159,0.6510793200948954,0.21744377338408002
22.09,22.09,44.18,74.18,66.27,22.09,-1.6049083714491361,0.6513594393669917,0.21737168092204046
22.1,22.1,44.2,74.2,66.30000000000001,22.1,-1.6047946633372518,0.6516395387975441,0.2172998242023191
22.11,22.11,44.22,74.22,66.33,22.11,-1.604680906340527,0.651919618378021,0.21722820321854977
22.12,22.12,44.24,74.24000000000001,66.36,22.12,-1.6045671004624265,0.6521996780998909,0.2171568179642659
22.13,22.13,44.26,74.25999999999999,66.39,22.13,-1.6044532457064171,0.6524797179546223,0.2170856684329005
22.14,22.14,44.28,74.28,66.42,22.14,-1.6043393420759673,0.6527597379336845,0.2170147546177854
22.15,22.15,44.3,74.3,66.44999999999999,22.15,-1.604225389574546,0.6530397380285492,0.21694407651215267
22.16,22.16,44.32,74.32,66.48,22.16,-1.604111388205625,0.6533197182306855,0.21687363410913302
22.17,22.17,44.34,74.34,66.51,22.17,-1.6039973379726769,0.6535996785315656,0.2168034274017569
22.18,22.18,44.36,74.36,66.53999999999999,22.18,-1.6038832388791764,0.6538796189226598,0.2167334563829539
22.19,22.19,44.38,74.38,66.57000000000001,22.19,-1.6037690909285982,0.6541595393954424,0.21666372104555381
22.2,22.2,44.4,74.4,66.6,22.2,-1.60365489412442,0.654439439941386,0.21659422138228493
22.21,22.21,44.42,74.42,66.63,22.21,-1.6035406484701205,0.6547193205519641,0.21652495738577532
22.22,22.22,44.43999999999999,74.44,66.66,22.22,-1.603426353969179,0.6549991812186515,0.21645592904855307
22.23,22.23,44.46,74.46000000000001,66.69,22.23,-1.6033120106250784,0.6552790219329228,0.2163871363630445
22.24,22.24,44.48,74.47999999999999,66.72,22.24,-1.6031976184413008,0.6555588426862543,0.21631857932157658
22.25,22.25,44.5,74.5,66.75,22.25,-1.6030831774213314,0.6558386434701202,0.216250257916375
22.26,22.26,44.52,74.52000000000001,66.78,22.26,-1.602968687568656,0.6561184242759993,0.2161821721395652
22.27,22.27,44.54,74.53999999999999,66.81,22.27,-1.6028541488867618,0.6563981850953691,0.21611432198317193
22.28,22.28,44.56000000000001,74.56,66.84,22.28,-1.6027395613791386,0.6566779259197052,0.2160467074391196
22.29,22.29,44.58,74.58,66.87,22.29,-1.6026249250492763,0.6569576467404886,0.21597932849923232
22.3,22.3,44.6,74.6,66.9,22.3,-1.6025102399006672,0.6572373475491985,0.2159121851552327
22.31,22.31,44.62,74.62,66.92999999999999,22.31,-1.6023955059368051,0.6575170283373125,0.21584527739874373
22.32,22.32,44.64,74.64,66.96000000000001,22.32,-1.6022807231611842,0.6577966890963132,0.2157786052212884
22.33,22.33,44.66,74.66,66.99,22.33,-1.6021658915773018,0.6580763298176808,0.2157121686142874
22.34,22.34,44.68,74.68,67.02,22.34,-1.602051011188655,0.658355950492898,0.21564596756906257
22.35,22.35,44.7,74.7,67.05000000000001,22.35,-1.6019360819987447,0.6586355511134446,0.21558000207683423
22.36,22.36,44.72,74.72,67.08,22.36,-1.6018211040110701,0.6589151316708065,0.21551427212872357
22.37,22.37,44.74,74.74000000000001,67.11,22.37,-1.6017060772291347,0.659194692156465,0.21544877771574955
22.38,22.38,44.76,74.75999999999999,67.14,22.38,-1.6015910016564427,0.6594742325619042,0.2153835188288318
22.39,22.39,44.78,74.78,67.17,22.39,-1.6014758772964985,0.6597537528786103,0.21531849545878923
22.4,22.4,44.8,74.8,67.19999999999999,22.4,-1.601360704152809,0.6600332530980686,0.21525370759634052
22.41,22.41,44.82,74.82,67.23,22.41,-1.6012454822288837,0.6603127332117635,0.2151891552321031
22.42,22.42,44.84,74.84,67.26,22.42,-1.6011302115282315,0.6605921932111825,0.21512483835659488
22.43,22.43,44.86,74.86,67.28999999999999,22.43,-1.6010148920543643,0.6608716330878124,0.2150607569602326
22.44,22.44,44.88,74.88,67.32000000000001,22.44,-1.6008995238107946,0.6611510528331412,0.21499691103333313
22.45,22.45,44.9,74.9,67.35,22.45,-1.6007841068010369,0.6614304524386567,0.21493330056611282
22.46,22.46,44.92,74.92,67.38,22.46,-1.6006686410286064,0.6617098318958499,0.21486992554868736
22.47,22.47,44.93999999999999,74.94,67.41,22.47,-1.6005531264970214,0.661989191196208,0.2148067859710717
22.48,22.48,44.96,74.96000000000001,67.44,22.48,-1.6004375632098002,0.6622685303312218,0.21474388182318108
22.49,22.49,44.98,74.97999999999999,67.47,22.49,-1.6003219511704625,0.6625478492923839,0.21468121309483051
22.5,22.5,45.0,75.0,67.5,22.5,-1.600206290382531,0.6628271480711837,0.21461877977573324
22.51,22.51,45.02,75.02000000000001,67.53,22.51,-1.6000905808495283,0.663106426659114,0.21455658185550372
22.52,22.52,45.04,75.03999999999999,67.56,22.52,-1.5999748225749792,0.6633856850476675,0.2144946193236551
22.53,22.53,45.06000000000001,75.06,67.59,22.53,-1.5998590155624104,0.6636649232283375,0.21443289216960001
22.54,22.54,45.08,75.08,67.62,22.54,-1.5997431598153489,0.6639441411926178,0.21437140038265176
22.55,22.55,45.1,75.1,67.65,22.55,-1.599627255337324,0.664223338932003,0.21431014395202208
22.56,22.56,45.12,75.12,67.67999999999999,22.56,-1.599511302131867,0.6645025164379884,0.21424912286682254
22.57,22.57,45.14,75.14,67.71000000000001,22.57,-1.5993953002025092,0.6647816737020696,0.21418833711606555
22.58,22.58,45.16,75.16,67.74,22.58,-1.599279249552785,0.6650608107157424,0.21412778668866161
22.59,22.59,45.18,75.18,67.77,22.59,-1.5991631501862285,0.6653399274705057,0.21406747157342176
22.6,22.6,45.2,75.2,67.80000000000001,22.6,-1.599047002106377,0.6656190239578552,0.21400739175905653
22.61,22.61,45.22,75.22,67.83,22.61,-1.5989308053167681,0.6658981001692906,0.21394754723417614
22.62,22.62,45.24,75.24000000000001,67.86,22.62,-1.5988145598209427,0.6661771560963085,0.2138879379872897
22.63,22.63,45.26,75.25999999999999,67.89,22.63,-1.59869826562244,0.6664561917304105,0.21382856400680794
22.64,22.64,45.28,75.28,67.92,22.64,-1.5985819227248037,0.666735207063096,0.21376942528103898
22.65,22.65,45.3,75.3,67.94999999999999,22.65,-1.5984655311315772,0.6670142020858656,0.21371052179819242
22.66,22.66,45.32,75.32,67.98,22.66,-1.5983490908463065,0.6672931767902208,0.21365185354637645
22.67,22.67,45.34,75.34,68.01,22.67,-1.5982326018725381,0.6675721311676642,0.21359342051359934
22.68,22.68,45.36,75.36,68.03999999999999,22.68,-1.5981160642138206,0.667851065209697,0.2135352226877698
22.69,22.69,45.38,75.38,68.07000000000001,22.69,-1.5979994778737046,0.6681299789078222,0.21347726005669462
22.7,22.7,45.4,75.4,68.1,22.7,-1.5978828428557406,0.6684088722535452,0.21341953260808183
22.71,22.71,45.42,75.42,68.13,22.71,-1.5977661591634815,0.6686877452383704,0.21336204032953857
22.72,22.72,45.43999999999999,75.44,68.16,22.72,-1.5976494268004828,0.6689665978538005,0.2133047832085716
22.73,22.73,45.46,75.46000000000001,68.19,22.73,-1.5975326457702992,0.6692454300913436,0.21324776123258796
22.74,22.74,45.48,75.47999999999999,68.22,22.74,-1.5974158160764882,0.6695242419425058,0.21319097438889403
22.75,22.75,45.5,75.5,68.25,22.75,-1.5972989377226094,0.669803033398792,0.2131344226646956
22.76,22.76,45.52,75.52000000000001,68.28,22.76,-1.5971820107122225,0.6700818044517117,0.2130781060470991
22.77,22.77,45.54,75.53999999999999,68.31,22.77,-1.5970650350488889,0.6703605550927731,0.2130220245231106
22.78,22.78,45.56000000000001,75.56,68.34,22.78,-1.5969480107361729,0.6706392853134837,0.21296617807963472
22.79,22.79,45.58,75.58,68.37,22.79,-1.5968309377776388,0.6709179951053528,0.21291056670347766
22.8,22.8,45.6,75.6,68.4,22.8,-1.5967138161768524,0.6711966844598923,0.21285519038134423
22.81,22.81,45.62,75.62,68.42999999999999,22.81,-1.5965966459373822,0.6714753533686111,0.2128000490998392
22.82,22.82,45.64,75.64,68.46000000000001,22.82,-1.5964794270627973,0.6717540018230203,0.21274514284546733
22.83,22.83,45.66,75.66,68.49,22.83,-1.5963621595566677,0.6720326298146331,0.21269047160463386
22.84,22.84,45.68,75.68,68.52,22.84,-1.596244843422566,0.672311237334962,0.2126360353636424
22.85,22.85,45.7,75.7,68.55000000000001,22.85,-1.5961274786640662,0.6725898243755183,0.21258183410869783
22.86,22.86,45.72,75.72,68.58,22.86,-1.5960100652847427,0.6728683909278182,0.2125278678259038
22.87,22.87,45.74,75.74000000000001,68.61,22.87,-1.5958926032881726,0.6731469369833742,0.21247413650126437
22.88,22.88,45.76,75.75999999999999,68.64,22.88,-1.595775092677934,0.6734254625337021,0.21242064012068357
22.89,22.89,45.78,75.78,68.67,22.89,-1.5956575334576069,0.6737039675703165,0.21236737866996425
22.9,22.9,45.8,75.8,68.69999999999999,22.9,-1.595539925630771,0.673982452084736,0.21231435213481123
22.91,22.91,45.82,75.82,68.73,22.91,-1.5954222692010103,0.6742609160684753,0.2122615605008266
22.92,22.92,45.84,75.84,68.76,22.92,-1.5953045641719075,0.6745393595130531,0.21220900375351479
22.93,22.93,45.86,75.86,68.78999999999999,22.93,-1.5951868105470495,0.6748177824099859,0.21215668187827813
22.94,22.94,45.88,75.88,68.82000000000001,22.94,-1.5950690083300225,0.6750961847507941,0.21210459486042008
22.95,22.95,45.9,75.9,68.85,22.95,-1.5949511575244149,0.6753745665269966,0.21205274268514365
22.96,22.96,45.92,75.92,68.88,22.96,-1.594833258133817,0.6756529277301134,0.2120011253375516
22.97,22.97,45.93999999999999,75.94,68.91,22.97,-1.5947153101618197,0.6759312683516652,0.21194974280264706
22.98,22.98,45.96,75.96000000000001,68.94,22.98,-1.5945973136120164,0.676209588383173,0.21189859506533246
22.99,22.99,45.98,75.97999999999999,68.97,22.99,-1.5944792684880011,0.6764878878161589,0.21184768211041075
23.0,23.0,46.0,76.0,69.0,23.0,-1.5943611747933704,0.6767661666421454,0.2117970039225841
23.01,23.01,46.02,76.02000000000001,69.03,23.01,-1.5942430325317205,0.6770444248526555,0.21174656048645596
23.02,23.02,46.04,76.03999999999999,69.06,23.02,-1.5941248417066507,0.6773226624392139,0.21169635178652849
23.03,23.03,46.06000000000001,76.06,69.09,23.03,-1.594006602321762,0.6776008793933427,0.21164637780720388
23.04,23.04,46.08,76.08,69.12,23.04,-1.5938883143806555,0.677879075706569,0.21159663853278493
23.05,23.05,46.1,76.1,69.15,23.05,-1.593769977886934,0.6781572513704187,0.21154713394747449
23.06,23.06,46.12,76.12,69.17999999999999,23.06,-1.5936515928442037,0.6784354063764159,0.2114978640353742
23.07,23.07,46.14,76.14,69.21000000000001,23.07,-1.5935331592560693,0.6787135407160895,0.21144882878048757
23.08,23.08,46.16,76.16,69.24,23.08,-1.593414677126139,0.6789916543809663,0.2114000281667166
23.09,23.09,46.18,76.18,69.27,23.09,-1.5932961464580224,0.6792697473625746,0.2113514621778636
23.1,23.1,46.2,76.2,69.30000000000001,23.1,-1.5931775672553297,0.6795478196524433,0.21130313079763172
23.11,23.11,46.22,76.22,69.33,23.11,-1.5930589395216725,0.6798258712421023,0.21125503400962348
23.12,23.12,46.24,76.24000000000001,69.36,23.12,-1.5929402632606657,0.6801039021230804,0.21120717179734083
23.13,23.13,46.26,76.25999999999999,69.39,23.13,-1.592821538475924,0.6803819122869083,0.21115954414418706
23.14,23.14,46.28,76.28,69.42,23.14,-1.5927027651710635,0.6806599017251186,0.21111215103346437
23.15,23.15,46.3,76.3,69.44999999999999,23.15,-1.592583943349702,0.6809378704292434,0.2110649924483764
23.16,23.16,46.32,76.32,69.48,23.16,-1.5924650730154601,0.6812158183908131,0.21101806837202522
23.17,23.17,46.34,76.34,69.51,23.17,-1.5923461541719575,0.6814937456013638,0.21097137878741457
23.18,23.18,46.36,76.36,69.53999999999999,23.18,-1.5922271868228177,0.6817716520524273,0.21092492367744686
23.19,23.19,46.38,76.38,69.57000000000001,23.19,-1.5921081709716645,0.6820495377355378,0.21087870302492542
23.2,23.2,46.4,76.4,69.6,23.2,-1.5919891066221228,0.6823274026422321,0.2108327168125536
23.21,23.21,46.42,76.42,69.63,23.21,-1.5918699937778196,0.682605246764046,0.210786965022935
23.22,23.22,46.43999999999999,76.44,69.66,23.22,-1.5917508324423837,0.6828830700925143,0.21074144763857286
23.23,23.23,46.46,76.46000000000001,69.69,23.23,-1.5916316226194454,0.6831608726191739,0.2106961646418703
23.24,23.24,46.48,76.47999999999999,69.72,23.24,-1.5915123643126345,0.6834386543355648,0.2106511160151323
23.25,23.25,46.5,76.5,69.75,23.25,-1.591393057525585,0.6837164152332232,0.2106063017405619
23.26,23.26,46.52,76.52000000000001,69.78,23.26,-1.5912737022619314,0.6839941553036879,0.2105617218002633
23.27,23.27,46.54,76.53999999999999,69.81,23.27,-1.5911542985253084,0.6842718745385007,0.21051737617624128
23.28,23.28,46.56000000000001,76.56,69.84,23.28,-1.591034846319354,0.6845495729291994,0.21047326485039974
23.29,23.29,46.58,76.58,69.87,23.29,-1.590915345647707,0.684827250467325,0.21042938780454357
23.3,23.3,46.6,76.6,69.9,23.3,-1.590795796514007,0.685104907144421,0.21038574502037738
23.31,23.31,46.62,76.62,69.92999999999999,23.31,-1.590676198921896,0.6853825429520275,0.21034233647950631
23.32,23.32,46.64,76.64,69.96000000000001,23.32,-1.5905565528750174,0.6856601578816879,0.2102991621634357
23.33,23.33,46.66,76.66,69.99,23.33,-1.590436858377016,0.6859377519249449,0.21025622205357028
23.34,23.34,46.68,76.68,70.02,23.34,-1.590317115431537,0.6862153250733444,0.21021351613121686
23.35,23.35,46.7,76.7,70.05000000000001,23.35,-1.5901973240422282,0.6864928773184291,0.21017104437758113
23.36,23.36,46.72,76.72,70.08,23.36,-1.5900774842127392,0.6867704086517457,0.2101288067737687
23.37,23.37,46.74,76.74000000000001,70.11,23.37,-1.5899575959467207,0.687047919064838,0.210086803300786
23.38,23.38,46.76,76.75999999999999,70.14,23.38,-1.5898376592478238,0.6873254085492546,0.21004503393954027
23.39,23.39,46.78,76.78,70.17,23.39,-1.5897176741197028,0.6876028770965419,0.21000349867083787
23.4,23.4,46.8,76.8,70.19999999999999,23.4,-1.5895976405660122,0.6878803246982479,0.20996219747538641
23.41,23.41,46.82,76.82,70.23,23.41,-1.5894775585904084,0.6881577513459209,0.20992113033379348
23.42,23.42,46.84,76.84,70.26,23.42,-1.5893574281965492,0.688435157031111,0.20988029722656673
23.43,23.43,46.86,76.86,70.28999999999999,23.43,-1.5892372493880949,0.6887125417453656,0.20983969813411413
23.44,23.44,46.88,76.88,70.32000000000001,23.44,-1.5891170221687054,0.6889899054802371,0.2097993330367444
23.45,23.45,46.9,76.9,70.35,23.45,-1.5889967465420431,0.6892672482272759,0.2097592019146664
23.46,23.46,46.92,76.92,70.38,23.46,-1.588876422511772,0.6895445699780345,0.20971930474798922
23.47,23.47,46.93999999999999,76.94,70.41,23.47,-1.588756050081558,0.6898218707240628,0.20967964151672164
23.48,23.48,46.96,76.96000000000001,70.44,23.48,-1.5886356292550667,0.6900991504569162,0.20964021220077456
23.49,23.49,46.98,76.97999999999999,70.47,23.49,-1.588515160035967,0.690376409168148,0.20960101677995757
23.5,23.5,47.0,77.0,70.5,23.5,-1.5883946424279287,0.6906536468493104,0.2095620552339813
23.51,23.51,47.02,77.02000000000001,70.53,23.51,-1.5882740764346226,0.6909308634919604,0.2095233275424568
23.52,23.52,47.04,77.03999999999999,70.56,23.52,-1.5881534620597213,0.6912080590876535,0.20948483368489532
23.53,23.53,47.06000000000001,77.06,70.59,23.53,-1.5880327993068997,0.6914852336279437,0.2094465736407084
23.54,23.54,47.08,77.08,70.62,23.54,-1.5879120881798323,0.6917623871043899,0.20940854738920872
23.55,23.55,47.1,77.1,70.65,23.55,-1.5877913286821967,0.6920395195085494,0.20937075490960835
23.56,23.56,47.12,77.12,70.67999999999999,23.56,-1.5876705208176718,0.692316630831979,0.20933319618102042
23.57,23.57,47.14,77.14,70.71000000000001,23.57,-1.5875496645899374,0.6925937210662374,0.20929587118245835
23.58,23.58,47.16,77.16,70.74,23.58,-1.5874287600026744,0.6928707902028853,0.2092587798928366
23.59,23.59,47.18,77.18,70.77,23.59,-1.5873078070595663,0.6931478382334828,0.20922192229096848
23.6,23.6,47.2,77.2,70.80000000000001,23.6,-1.5871868057642977,0.6934248651495882,0.20918529835556973
23.61,23.61,47.22,77.22,70.83,23.61,-1.587065756120554,0.6937018709427659,0.20914890806525507
23.62,23.62,47.24,77.24000000000001,70.86,23.62,-1.586944658132023,0.6939788556045755,0.2091127513985406
23.63,23.63,47.26,77.25999999999999,70.89,23.63,-1.5868235118023937,0.6942558191265796,0.20907682833384228
23.64,23.64,47.28,77.28,70.92,23.64,-1.5867023171353558,0.6945327615003429,0.2090411388494773
23.65,23.65,47.3,77.3,70.94999999999999,23.65,-1.5865810741346014,0.694809682717429,0.20900568292366273
23.66,23.66,47.32,77.32,70.98,23.66,-1.5864597828038238,0.6950865827694014,0.2089704605345167
23.67,23.67,47.34,77.34,71.01,23.67,-1.586338443146718,0.6953634616478256,0.20893547166005694
23.68,23.68,47.36,77.36,71.03999999999999,23.68,-1.5862170551669796,0.6956403193442674,0.20890071627820328
23.69,23.69,47.38,77.38,71.07000000000001,23.69,-1.586095618868307,0.6959171558502935,0.20886619436677423
23.7,23.7,47.4,77.4,71.1,23.7,-1.5859741342543994,0.69619397115747,0.2088319059034902
23.71,23.71,47.42,77.42,71.13,23.71,-1.5858526013289562,0.6964707652573668,0.20879785086597236
23.72,23.72,47.43999999999999,77.44,71.16,23.72,-1.5857310200956807,0.6967475381415504,0.20876402923174137
23.73,23.73,47.46,77.46000000000001,71.19,23.73,-1.5856093905582767,0.6970242898015895,0.2087304409782188
23.74,23.74,47.48,77.47999999999999,71.22,23.74,-1.5854877127204479,0.697301020229056,0.2086970860827277
23.75,23.75,47.5,77.5,71.25,23.75,-1.5853659865859018,0.6975777294155181,0.20866396452249072
23.76,23.76,47.52,77.52000000000001,71.28,23.76,-1.5852442121583463,0.6978544173525475,0.20863107627463148
23.77,23.77,47.54,77.53999999999999,71.31,23.77,-1.585122389441491,0.6981310840317156,0.20859842131617432
23.78,23.78,47.56000000000001,77.56,71.34,23.78,-1.5850005184390463,0.6984077294445948,0.20856599962404432
23.79,23.79,47.58,77.58,71.37,23.79,-1.584878599154725,0.6986843535827582,0.20853381117506703
23.8,23.8,47.6,77.6,71.4,23.8,-1.5847566315922406,0.6989609564377791,0.2085018559459688
23.81,23.81,47.62,77.62,71.42999999999999,23.81,-1.5846346157553088,0.6992375380012317,0.20847013391337618
23.82,23.82,47.64,77.64,71.46000000000001,23.82,-1.5845125516476466,0.6995140982646909,0.20843864505381715
23.83,23.83,47.66,77.66,71.49,23.83,-1.5843904392729722,0.6997906372197314,0.20840738934371975
23.84,23.84,47.68,77.68,71.52,23.84,-1.5842682786350046,0.7000671548579316,0.20837636675941343
23.85,23.85,47.7,77.7,71.55000000000001,23.85,-1.5841460697374659,0.7003436511708662,0.20834557727712782
23.86,23.86,47.72,77.72,71.58,23.86,-1.584023812584078,0.7006201261501138,0.20831502087299356
23.87,23.87,47.74,77.74000000000001,71.61,23.87,-1.5839015071785663,0.7008965797872506,0.2082846975230412
23.88,23.88,47.76,77.75999999999999,71.64,23.88,-1.5837791535246553,0.7011730120738575,0.20825460720320324
23.89,23.89,47.78,77.78,71.67,23.89,-1.5836567516260724,0.7014494230015129,0.20822474988931264
23.9,23.9,47.8,77.8,71.69999999999999,23.9,-1.5835343014865464,0.7017258125617979,0.20819512555710232
23.91,23.91,47.82,77.82,71.73,23.91,-1.5834118031098074,0.7020021807462907,0.2081657341822069
23.92,23.92,47.84,77.84,71.76,23.92,-1.5832892564995864,0.7022785275465758,0.2081365757401617
23.93,23.93,47.86,77.86,71.78999999999999,23.93,-1.583166661659617,0.7025548529542329,0.20810765020640212
23.94,23.94,47.88,77.88,71.82000000000001,23.94,-1.5830440185936334,0.7028311569608449,0.2080789575562652
23.95,23.95,47.9,77.9,71.85,23.95,-1.5829213273053715,0.703107439557996,0.20805049776498827
23.96,23.96,47.92,77.92,71.88,23.96,-1.582798587798568,0.7033837007372705,0.20802227080771038
23.97,23.97,47.93999999999999,77.94,71.91,23.97,-1.5826758000769634,0.7036599404902509,0.2079942766594696
23.98,23.98,47.96,77.96000000000001,71.94,23.98,-1.5825529641442966,0.7039361588085246,0.20796651529520688
23.99,23.99,47.98,77.97999999999999,71.97,23.99,-1.5824300800043096,0.7042123556836773,0.207938986689763
24.0,24.0,48.0,78.0,72.0,24.0,-1.5823071476607462,0.7044885311072943,0.20791169081787966
24.01,24.01,48.02,78.02000000000001,72.03,24.01,-1.582184167117351,0.7047646850709629,0.20788462765419924
24.02,24.02,48.04,78.03999999999999,72.06,24.02,-1.5820611383778698,0.7050408175662728,0.20785779717326627
24.03,24.03,48.06000000000001,78.06,72.09,24.03,-1.5819380614460505,0.7053169285848107,0.20783119934952446
24.04,24.04,48.08,78.08,72.12,24.04,-1.5818149363256429,0.7055930181181655,0.2078048341573194
24.05,24.05,48.1,78.1,72.15,24.05,-1.5816917630203962,0.7058690861579294,0.20777870157089778
24.06,24.06,48.12,78.12,72.17999999999999,24.06,-1.5815685415340637,0.7061451326956908,0.20775280156440665
24.07,24.07,48.14,78.14,72.21000000000001,24.07,-1.5814452718703984,0.7064211577230405,0.20772713411189464
24.08,24.08,48.16,78.16,72.24,24.08,-1.5813219540331553,0.7066971612315721,0.20770169918731068
24.09,24.09,48.18,78.18,72.27,24.09,-1.5811985880260908,0.7069731432128779,0.20767649676450528
24.1,24.1,48.2,78.2,72.30000000000001,24.1,-1.5810751738529631,0.7072491036585494,0.20765152681722937
24.11,24.11,48.22,78.22,72.33,24.11,-1.5809517115175318,0.7075250425601813,0.20762678931913545
24.12,24.12,48.24,78.24000000000001,72.36,24.12,-1.5808282010235575,0.707800959909368,0.20760228424377627
24.13,24.13,48.26,78.25999999999999,72.39,24.13,-1.5807046423748023,0.7080768556977045,0.20757801156460692
24.14,24.14,48.28,78.28,72.42,24.14,-1.5805810355750307,0.708352729916786,0.2075539712549819
24.15,24.15,48.3,78.3,72.44999999999999,24.15,-1.580457380628007,0.7086285825582108,0.2075301632881583
24.16,24.16,48.32,78.32,72.48,24.16,-1.5803336775374988,0.7089044136135738,0.207506587637293
24.17,24.17,48.34,78.34,72.51,24.17,-1.5802099263072733,0.7091802230744744,0.2074832442754449
24.18,24.18,48.36,78.36,72.53999999999999,24.18,-1.580086126941102,0.7094560109325085,0.2074601331755727
24.19,24.19,48.38,78.38,72.57000000000001,24.19,-1.5799622794427544,0.7097317771792776,0.20743725431053792
24.2,24.2,48.4,78.4,72.6,24.2,-1.5798383838160035,0.7100075218063804,0.20741460765310213
24.21,24.21,48.42,78.42,72.63,24.21,-1.5797144400646237,0.7102832448054172,0.20739219317592802
24.22,24.22,48.43999999999999,78.44,72.66,24.22,-1.5795904481923901,0.7105589461679892,0.20737001085158
24.23,24.23,48.46,78.46000000000001,72.69,24.23,-1.5794664082030803,0.710834625885698,0.20734806065252245
24.24,24.24,48.48,78.47999999999999,72.72,24.24,-1.5793423201004724,0.711110283950146,0.20732634255112214
24.25,24.25,48.5,78.5,72.75,24.25,-1.5792181838883461,0.7113859203529359,0.20730485651964667
24.26,24.26,48.52,78.52000000000001,72.78,24.26,-1.5790939995704831,0.7116615350856716,0.20728360253026457
24.27,24.27,48.54,78.53999999999999,72.81,24.27,-1.5789697671506662,0.7119371281399579,0.20726258055504562
24.28,24.28,48.56000000000001,78.56,72.84,24.28,-1.5788454866326802,0.7122126995073979,0.20724179056596037
24.29,24.29,48.58,78.58,72.87,24.29,-1.5787211580203102,0.712488249179599,0.20722123253488184
24.3,24.3,48.6,78.6,72.9,24.3,-1.5785967813173434,0.7127637771481677,0.20720090643358313
24.31,24.31,48.62,78.62,72.92999999999999,24.31,-1.5784723565275696,0.7130392834047089,0.20718081223373838
24.32,24.32,48.64,78.64,72.96000000000001,24.32,-1.578347883654778,0.7133147679408322,0.20716094990692413
24.33,24.33,48.66,78.66,72.99,24.33,-1.5782233627027604,0.713590230748145,0.2071413194246177
24.34,24.34,48.68,78.68,73.02,24.34,-1.5780987936753101,0.7138656718182563,0.207121920758197
24.35,24.35,48.7,78.7,73.05000000000001,24.35,-1.5779741765762219,0.7141410911427759,0.20710275387894195
24.36,24.36,48.72,78.72,73.08,24.36,-1.577849511409291,0.7144164887133145,0.20708381875803403
24.37,24.37,48.74,78.74000000000001,73.11,24.37,-1.5777247981783158,0.7146918645214818,0.20706511536655486
24.38,24.38,48.76,78.75999999999999,73.14,24.38,-1.5776000368870955,0.7149672185588892,0.2070466436754882
24.39,24.39,48.78,78.78,73.17,24.39,-1.5774752275394297,0.7152425508171505,0.20702840365571917
24.4,24.4,48.8,78.8,73.19999999999999,24.4,-1.5773503701391203,0.7155178612878785,0.2070103952780345
24.41,24.41,48.82,78.82,73.23,24.41,-1.5772254646899717,0.7157931499626847,0.20699261851312095
24.42,24.42,48.84,78.84,73.26,24.42,-1.5771005111957874,0.7160684168331861,0.20697507333156853
24.43,24.43,48.86,78.86,73.28999999999999,24.43,-1.5769755096603748,0.7163436618909955,0.2069577597038667
24.44,24.44,48.88,78.88,73.32000000000001,24.44,-1.5768504600875413,0.7166188851277292,0.20694067760040796
24.45,24.45,48.9,78.9,73.35,24.45,-1.576725362481096,0.7168940865350026,0.20692382699148523
24.46,24.46,48.92,78.92,73.38,24.46,-1.5766002168448494,0.7171692661044348,0.20690720784729308
24.47,24.47,48.93999999999999,78.94,73.41,24.47,-1.576475023182614,0.7174444238276412,0.20689082013792787
24.48,24.48,48.96,78.96000000000001,73.44,24.48,-1.5763497814982037,0.71771955969624,0.20687466383338637
24.49,24.49,48.98,78.97999999999999,73.47,24.49,-1.5762244917954327,0.7179946737018523,0.20685873890356846
24.5,24.5,49.0,79.0,73.5,24.5,-1.5760991540781184,0.7182697658360955,0.20684304531827352
24.51,24.51,49.02,79.02000000000001,73.53,24.51,-1.5759737683500787,0.7185448360905896,0.2068275830472039
24.52,24.52,49.04,79.03999999999999,73.56,24.52,-1.5758483346151322,0.7188198844569579,0.2068123520599636
24.53,24.53,49.06000000000001,79.06,73.59,24.53,-1.5757228528771006,0.7190949109268197,0.20679735232605662
24.54,24.54,49.08,79.08,73.62,24.54,-1.5755973231398064,0.7193699154917979,0.20678258381488937
24.55,24.55,49.1,79.1,73.65,24.55,-1.575471745407073,0.7196448981435154,0.20676804649577035
24.56,24.56,49.12,79.12,73.67999999999999,24.56,-1.575346119682726,0.7199198588735957,0.20675374033790833
24.57,24.57,49.14,79.14,73.71000000000001,24.57,-1.575220445970592,0.7201947976736631,0.20673966531041488
24.58,24.58,49.16,79.16,73.74,24.58,-1.5750947242745,0.7204697145353418,0.20672582138230186
24.59,24.59,49.18,79.18,73.77,24.59,-1.574968954598278,0.7207446094502593,0.20671220852248462
24.6,24.6,49.2,79.2,73.80000000000001,24.6,-1.5748431369457587,0.7210194824100399,0.20669882669977746
24.61,24.61,49.22,79.22,73.83,24.61,-1.574717271320774,0.7212943334063119,0.20668567588289868
24.62,24.62,49.24,79.24000000000001,73.86,24.62,-1.5745913577271586,0.7215691624307006,0.20667275604046673
24.63,24.63,49.26,79.25999999999999,73.89,24.63,-1.5744653961687476,0.7218439694748364,0.20666006714100255
24.64,24.64,49.28,79.28,73.92,24.64,-1.5743393866493778,0.7221187545303475,0.20664760915292818
24.65,24.65,49.3,79.3,73.94999999999999,24.65,-1.5742133291728881,0.7223935175888635,0.20663538204456744
24.66,24.66,49.32,79.32,73.98,24.66,-1.5740872237431185,0.7226682586420147,0.20662338578414585
24.67,24.67,49.34,79.34,74.01,24.67,-1.5739610703639095,0.7229429776814325,0.20661162033979102
24.68,24.68,49.36,79.36,74.03999999999999,24.68,-1.5738348690391053,0.7232176746987465,0.20660008567953123
24.69,24.69,49.38,79.38,74.07000000000001,24.69,-1.5737086197725494,0.7234923496855911,0.20658878177129755
24.7,24.7,49.4,79.4,74.1,24.7,-1.5735823225680874,0.7237670026335985,0.20657770858292243
24.71,24.71,49.42,79.42,74.13,24.71,-1.5734559774295667,0.724041633534403,0.2065668660821399
24.72,24.72,49.43999999999999,79.44,74.16,24.72,-1.5733295843608366,0.7243162423796367,0.20655625423658527
24.73,24.73,49.46,79.46000000000001,74.19,24.73,-1.5732031433657467,0.7245908291609366,0.20654587301379632
24.74,24.74,49.48,79.47999999999999,74.22,24.74,-1.5730766544481483,0.7248653938699384,0.2065357223812132
24.75,24.75,49.5,79.5,74.25,24.75,-1.5729501176118954,0.7251399364982762,0.20652580230617582
24.76,24.76,49.52,79.52000000000001,74.28,24.76,-1.5728235328608418,0.7254144570375893,0.20651611275592802
24.77,24.77,49.54,79.53999999999999,74.31,24.77,-1.5726969001988431,0.7256889554795151,0.20650665369761476
24.78,24.78,49.56000000000001,79.56,74.34,24.78,-1.5725702196297582,0.7259634318156897,0.2064974250982814
24.79,24.79,49.58,79.58,74.37,24.79,-1.5724434911574448,0.7262378860377543,0.20648842692487743
24.8,24.8,49.6,79.6,74.4,24.8,-1.5723167147857633,0.7265123181373487,0.20647965914425284
24.81,24.81,49.62,79.62,74.42999999999999,24.81,-1.5721898905185763,0.7267867281061117,0.20647112172315954
24.82,24.82,49.64,79.64,74.46000000000001,24.82,-1.5720630183597468,0.7270611159356841,0.20646281462825147
24.83,24.83,49.66,79.66,74.49,24.83,-1.571936098313139,0.7273354816177093,0.2064547378260854
24.84,24.84,49.68,79.68,74.52,24.84,-1.5718091303826194,0.7276098251438294,0.20644689128311833
24.85,24.85,49.7,79.7,74.55000000000001,24.85,-1.571682114572056,0.7278841465056853,0.2064392749657102
24.86,24.86,49.72,79.72,74.58,24.86,-1.5715550508853173,0.7281584456949238,0.20643188884012292
24.87,24.87,49.74,79.74000000000001,74.61,24.87,-1.5714279393262747,0.7284327227031869,0.20642473287251956
24.88,24.88,49.76,79.75999999999999,74.64,24.88,-1.5713007798987995,0.7287069775221203,0.2064178070289664
24.89,24.89,49.78,79.78,74.67,24.89,-1.571173572606766,0.7289812101433693,0.20641111127543024
24.9,24.9,49.8,79.8,74.69999999999999,24.9,-1.5710463174540479,0.7292554205585822,0.20640464557778138
24.91,24.91,49.82,79.82,74.73,24.91,-1.5709190144445229,0.7295296087594039,0.20639840990179067
24.92,24.92,49.84,79.84,74.76,24.92,-1.5707916635820682,0.7298037747374829,0.20639240421313207
24.93,24.93,49.86,79.86,74.78999999999999,24.93,-1.570664264870563,0.7300779184844678,0.20638662847738143
24.94,24.94,49.88,79.88,74.82000000000001,24.94,-1.5705368183138888,0.7303520399920075,0.20638108266001579
24.95,24.95,49.9,79.9,74.85,24.95,-1.5704093239159274,0.7306261392517512,0.2063757667264151
24.96,24.96,49.92,79.92,74.88,24.96,-1.570281781680562,0.7309002162553514,0.20637068064186137
24.97,24.97,49.93999999999999,79.94,74.91,24.97,-1.5701541916116786,0.7311742709944572,0.20636582437153808
24.98,24.98,49.96,79.96000000000001,74.94,24.98,-1.5700265537131632,0.7314483034607211,0.20636119788053142
24.99,24.99,49.98,79.97999999999999,74.97,24.99,-1.5698988679889043,0.7317223136457955,0.20635680113382948
25.0,25.0,50.0,80.0,75.0,25.0,-1.5697711344427916,0.7319963015413337,0.2063526340963218
25.01,25.01,50.02,80.02000000000001,75.03,25.01,-1.5696433530787155,0.7322702671389894,0.20634869673280148
25.02,25.02,50.04,80.03999999999999,75.06,25.02,-1.5695155239005685,0.7325442104304173,0.2063449890079631
25.03,25.03,50.06000000000001,80.06,75.09,25.03,-1.569387646912245,0.7328181314072725,0.20634151088640254
25.04,25.04,50.08,80.08,75.12,25.04,-1.5692597221176399,0.7330920300612108,0.20633826233261937
25.05,25.05,50.1,80.1,75.15,25.05,-1.56913174952065,0.7333659063838898,0.20633524331101427
25.06,25.06,50.12,80.12,75.17999999999999,25.06,-1.5690037291251742,0.7336397603669643,0.20633245378589032
25.07,25.07,50.14,80.14,75.21000000000001,25.07,-1.5688756609351115,0.7339135920020946,0.20632989372145333
25.08,25.08,50.16,80.16,75.24,25.08,-1.5687475449543633,0.7341874012809384,0.20632756308181108
25.09,25.09,50.18,80.18,75.27,25.09,-1.5686193811868323,0.734461188195155,0.20632546183097314
25.1,25.1,50.2,80.2,75.30000000000001,25.1,-1.5684911696364225,0.7347349527364045,0.20632358993285224
25.11,25.11,50.22,80.22,75.33,25.11,-1.5683629103070393,0.7350086948963482,0.20632194735126266
25.12,25.12,50.24,80.24000000000001,75.36,25.12,-1.5682346032025907,0.7352824146666453,0.2063205340499207
25.13,25.13,50.26,80.25999999999999,75.39,25.13,-1.5681062483269839,0.7355561120389602,0.20631934999244628
25.14,25.14,50.28,80.28,75.42,25.14,-1.5679778456841291,0.7358297870049544,0.2063183951423607
25.15,25.15,50.3,80.3,75.44999999999999,25.15,-1.5678493952779378,0.7361034395562923,0.2063176694630877
25.16,25.16,50.32,80.32,75.48,25.16,-1.5677208971123235,0.7363770696846359,0.20631717291795285
25.17,25.17,50.34,80.34,75.51,25.17,-1.567592351191199,0.7366506773816526,0.20631690547018564
25.18,25.18,50.36,80.36,75.53999999999999,25.18,-1.5674637575184815,0.7369242626390058,0.20631686708291636
25.19,25.19,50.38,80.38,75.57000000000001,25.19,-1.567335116098088,0.7371978254483617,0.20631705771917816
25.2,25.2,50.4,80.4,75.6,25.2,-1.567206426933936,0.7374713658013883,0.20631747734190733
25.21,25.21,50.42,80.42,75.63,25.21,-1.5670776900299463,0.7377448836897531,0.20631812591394208
25.22,25.22,50.43999999999999,80.44,75.66,25.22,-1.566948905390041,0.7380183791051225,0.20631900339802237
25.23,25.23,50.46,80.46000000000001,75.69,25.23,-1.5668200730181423,0.738291852039167,0.20632010975679155
25.24,25.24,50.48,80.47999999999999,75.72,25.24,-1.5666911929181744,0.7385653024835565,0.20632144495279572
25.25,25.25,50.5,80.5,75.75,25.25,-1.5665622650940643,0.7388387304299596,0.20632300894848188
25.26,25.26,50.52,80.52000000000001,75.78,25.26,-1.566433289549739,0.7391121358700474,0.20632480170620074
25.27,25.27,50.54,80.53999999999999,75.81,25.27,-1.5663042662891264,0.7393855187954933,0.20632682318820644
25.28,25.28,50.56000000000001,80.56,75.84,25.28,-1.566175195316158,0.7396588791979678,0.20632907335665326
25.29,25.29,50.58,80.58,75.87,25.29,-1.5660460766347652,0.7399322170691437,0.20633155217359958
25.3,25.3,50.6,80.6,75.9,25.3,-1.5659169102488806,0.7402055324006968,0.2063342596010067
25.31,25.31,50.62,80.62,75.92999999999999,25.31,-1.5657876961624393,0.7404788251842992,0.20633719560073735
25.32,25.32,50.64,80.64,75.96000000000001,25.32,-1.5656584343793778,0.7407520954116261,0.20634036013455703
25.33,25.33,50.66,80.66,75.99,25.33,-1.565529124903633,0.7410253430743546,0.20634375316413492
25.34,25.34,50.68,80.68,76.02,25.34,-1.5653997677391436,0.7412985681641611,0.20634737465104205
25.35,25.35,50.7,80.7,76.05000000000001,25.35,-1.5652703628898506,0.7415717706727212,0.20635122455675178
25.36,25.36,50.72,80.72,76.08,25.36,-1.565140910359696,0.7418449505917134,0.2063553028426405
25.37,25.37,50.74,80.74000000000001,76.11,25.37,-1.565011410152623,0.7421181079128162,0.2063596094699874
25.38,25.38,50.76,80.75999999999999,76.14,25.38,-1.5648818622725762,0.7423912426277087,0.20636414439997408
25.39,25.39,50.78,80.78,76.17,25.39,-1.5647522667235025,0.7426643547280701,0.2063689075936847
25.4,25.4,50.8,80.8,76.19999999999999,25.4,-1.564622623509348,0.7429374442055829,0.20637389901210743
25.41,25.41,50.82,80.82,76.23,25.41,-1.564492932634064,0.7432105110519265,0.2063791186161309
25.42,25.42,50.84,80.84,76.26,25.42,-1.5643631941015994,0.7434835552587841,0.2063845663665483
25.43,25.43,50.86,80.86,76.28999999999999,25.43,-1.5642334079159075,0.7437565768178359,0.20639024222405478
25.44,25.44,50.88,80.88,76.32000000000001,25.44,-1.564103574080941,0.7440295757207677,0.20639614614924867
25.45,25.45,50.9,80.9,76.35,25.45,-1.5639736926006553,0.7443025519592624,0.2064022781026305
25.46,25.46,50.92,80.92,76.38,25.46,-1.5638437634790066,0.7445755055250051,0.20640863804460452
25.47,25.47,50.93999999999999,80.94,76.41,25.47,-1.5637137867199526,0.7448484364096808,0.20641522593547718
25.48,25.48,50.96,80.96000000000001,76.44,25.48,-1.5635837623274529,0.7451213446049757,0.20642204173545767
25.49,25.49,50.98,80.97999999999999,76.47,25.49,-1.5634536903054679,0.7453942301025771,0.2064290854046586
25.5,25.5,51.0,81.0,76.5,25.5,-1.5633235706579607,0.7456670928941705,0.2064363569030943
25.51,25.51,51.02,81.02000000000001,76.53,25.51,-1.5631934033888941,0.7459399329714462,0.20644385619068328
25.52,25.52,51.04,81.03999999999999,76.56,25.52,-1.5630631885022332,0.7462127503260928,0.2064515832272467
25.53,25.53,51.06000000000001,81.06,76.59,25.53,-1.5629329260019456,0.7464855449497979,0.2064595379725077
25.54,25.54,51.08,81.08,76.62,25.54,-1.562802615891998,0.7467583168342535,0.2064677203860936
25.55,25.55,51.1,81.1,76.65,25.55,-1.5626722581763604,0.7470310659711508,0.20647613042753402
25.56,25.56,51.12,81.12,76.67999999999999,25.56,-1.5625418528590045,0.7473037923521791,0.2064847680562608
25.57,25.57,51.14,81.14,76.71000000000001,25.57,-1.5624113999439015,0.7475764959690331,0.2064936332316105
25.58,25.58,51.16,81.16,76.74,25.58,-1.5622808994350257,0.7478491768134046,0.20650272591282157
25.59,25.59,51.18,81.18,76.77,25.59,-1.5621503513363522,0.7481218348769881,0.2065120460590355
25.6,25.6,51.2,81.2,76.80000000000001,25.6,-1.562019755651858,0.7483944701514762,0.20652159362929692
25.61,25.61,51.22,81.22,76.83,25.61,-1.561889112385521,0.7486670826285664,0.20653136858255353
25.62,25.62,51.24,81.24000000000001,76.86,25.62,-1.5617584215413214,0.7489396722999525,0.20654137087765567
25.63,25.63,51.26,81.25999999999999,76.89,25.63,-1.5616276831232399,0.7492122391573308,0.2065516004733578
25.64,25.64,51.28,81.28,76.92,25.64,-1.5614968971352587,0.7494847831924001,0.20656205732831645
25.65,25.65,51.3,81.3,76.94999999999999,25.65,-1.5613660635813618,0.749757304396858,0.20657274140109202
25.66,25.66,51.32,81.32,76.98,25.66,-1.5612351824655355,0.7500298027624009,0.20658365265014703
25.67,25.67,51.34,81.34,77.01,25.67,-1.5611042537917652,0.750302278280731,0.20659479103384848
25.68,25.68,51.36,81.36,77.03999999999999,25.68,-1.5609732775640406,0.7505747309435462,0.20660615651046504
25.69,25.69,51.38,81.38,77.07000000000001,25.69,-1.5608422537863507,0.7508471607425475,0.20661774903816993
25.7,25.7,51.4,81.4,77.1,25.7,-1.5607111824626871,0.7511195676694358,0.2066295685750384
25.71,25.71,51.42,81.42,77.13,25.71,-1.560580063597042,0.7513919517159149,0.20664161507905002
25.72,25.72,51.43999999999999,81.44,77.16,25.72,-1.56044889719341,0.7516643128736857,0.2066538885080863
25.73,25.73,51.46,81.46000000000001,77.19,25.73,-1.5603176832557868,0.7519366511344516,0.20666638881993285
25.74,25.74,51.48,81.47999999999999,77.22,25.74,-1.5601864217881685,0.7522089664899186,0.20667911597227887
25.75,25.75,51.5,81.5,77.25,25.75,-1.560055112794554,0.7524812589317895,0.2066920699227161
25.76,25.76,51.52,81.52000000000001,77.28,25.76,-1.5599237562789439,0.7527535284517699,0.20670525062873932
25.77,25.77,51.54,81.53999999999999,77.31,25.77,-1.5597923522453385,0.753025775041568,0.20671865804774747
25.78,25.78,51.56000000000001,81.56,77.34,25.78,-1.5596609006977409,0.7532979986928884,0.20673229213704256
25.79,25.79,51.58,81.58,77.37,25.79,-1.5595294016401557,0.7535701993974397,0.20674615285382927
25.8,25.8,51.6,81.6,77.4,25.8,-1.5593978550765886,0.7538423771469303,0.20676024015521619
25.81,25.81,51.62,81.62,77.42999999999999,25.81,-1.5592662610110464,0.7541145319330688,0.2067745539982154
25.82,25.82,51.64,81.64,77.46000000000001,25.82,-1.5591346194475377,0.7543866637475649,0.20678909433974235
25.83,25.83,51.66,81.66,77.49,25.83,-1.559002930390073,0.7546587725821287,0.20680386113661528
25.84,25.84,51.68,81.68,77.52,25.84,-1.5588711938426627,0.754930858428473,0.2068188543455569
25.85,25.85,51.7,81.7,77.55000000000001,25.85,-1.5587394098093208,0.7552029212783077,0.20683407392319228
25.86,25.86,51.72,81.72,77.58,25.86,-1.5586075782940612,0.7554749611233466,0.2068495198260504
25.87,25.87,51.74,81.74000000000001,77.61,25.87,-1.5584756993009001,0.7557469779553008,0.20686519201056364
25.88,25.88,51.76,81.75999999999999,77.64,25.88,-1.5583437728338545,0.7560189717658864,0.20688109043306796
25.89,25.89,51.78,81.78,77.67,25.89,-1.5582117988969428,0.7562909425468171,0.2068972150498031
25.9,25.9,51.8,81.8,77.69999999999999,25.9,-1.5580797774941855,0.7565628902898084,0.2069135658169118
25.91,25.91,51.82,81.82,77.73,25.91,-1.5579477086296043,0.7568348149865762,0.20693014269044024
25.92,25.92,51.84,81.84,77.76,25.92,-1.5578155923072219,0.7571067166288379,0.20694694562633875
25.93,25.93,51.86,81.86,77.78999999999999,25.93,-1.557683428531063,0.7573785952083094,0.2069639745804611
25.94,25.94,51.88,81.88,77.82000000000001,25.94,-1.557551217305154,0.757650450716709,0.20698122950856365
25.95,25.95,51.9,81.9,77.85,25.95,-1.5574189586335216,0.7579222831457568,0.20699871036630768
25.96,25.96,51.92,81.92,77.88,25.96,-1.5572866525201945,0.7581940924871724,0.2070164171092582
25.97,25.97,51.93999999999999,81.94,77.91,25.97,-1.5571542989692038,0.7584658787326737,0.20703434969288217
25.98,25.98,51.96,81.96000000000001,77.94,25.98,-1.5570218979845807,0.758737641873984,0.20705250807255152
25.99,25.99,51.98,81.97999999999999,77.97,25.99,-1.5568894495703578,0.7590093819028246,0.20707089220354238
26.0,26.0,52.0,82.0,78.0,26.0,-1.556756953730571,0.7592810988109161,0.20708950204103263
26.01,26.01,52.02,82.02000000000001,78.03,26.01,-1.5566244104692555,0.7595527925899833,0.2071083375401054
26.02,26.02,52.04,82.03999999999999,78.06,26.02,-1.5564918197904485,0.7598244632317502,0.20712739865574786
26.03,26.03,52.06000000000001,82.06,78.09,26.03,-1.5563591816981899,0.7600961107279397,0.20714668534284905
26.04,26.04,52.08,82.08,78.12,26.04,-1.5562264961965198,0.7603677350702769,0.2071661975562035
26.05,26.05,52.1,82.1,78.15,26.05,-1.5560937632894793,0.7606393362504897,0.20718593525050888
26.06,26.06,52.12,82.12,78.17999999999999,26.06,-1.5559609829811125,0.7609109142603029,0.20720589838036654
26.07,26.07,52.14,82.14,78.21000000000001,26.07,-1.555828155275464,0.7611824690914434,0.20722608690028188
26.08,26.08,52.16,82.16,78.24,26.08,-1.5556952801765795,0.7614540007356406,0.20724650076466408
26.09,26.09,52.18,82.18,78.27,26.09,-1.555562357688507,0.7617255091846233,0.20726713992782606
26.1,26.1,52.2,82.2,78.30000000000001,26.1,-1.5554293878152956,0.7619969944301188,0.20728800434398434
26.11,26.11,52.22,82.22,78.33,26.11,-1.555296370560995,0.7622684564638599,0.2073090939672604
26.12,26.12,52.24,82.24000000000001,78.36,26.12,-1.5551633059296583,0.7625398952775754,0.20733040875167794
26.13,26.13,52.26,82.25999999999999,78.39,26.13,-1.5550301939253384,0.7628113108629974,0.20735194865116593
26.14,26.14,52.28,82.28,78.42,26.14,-1.5548970345520903,0.7630827032118573,0.20737371361955642
26.15,26.15,52.3,82.3,78.44999999999999,26.15,-1.5547638278139695,0.7633540723158903,0.20739570361058637
26.16,26.16,52.32,82.32,78.48,26.16,-1.5546305737150343,0.7636254181668278,0.2074179185778959
26.17,26.17,52.34,82.34,78.51,26.17,-1.554497272259344,0.763896740756405,0.20744035847502898
26.18,26.18,52.36,82.36,78.53999999999999,26.18,-1.554363923450959,0.764168040076357,0.2074630232554343
26.19,26.19,52.38,82.38,78.57000000000001,26.19,-1.5542305272939414,0.7644393161184192,0.2074859128724639
26.2,26.2,52.4,82.4,78.6,26.2,-1.554097083792355,0.7647105688743275,0.2075090272793742
26.21,26.21,52.42,82.42,78.63,26.21,-1.5539635929502635,0.7649817983358214,0.20753236642932602
26.22,26.22,52.43999999999999,82.44,78.66,26.22,-1.5538300547717347,0.7652530044946364,0.20755593027538324
26.23,26.23,52.46,82.46000000000001,78.69,26.23,-1.5536964692608357,0.7655241873425118,0.2075797187705149
26.24,26.24,52.48,82.47999999999999,78.72,26.24,-1.5535628364216356,0.7657953468711871,0.20760373186759365
26.25,26.25,52.5,82.5,78.75,26.25,-1.5534291562582057,0.7660664830724021,0.20762796951939594
26.26,26.26,52.52,82.52000000000001,78.78,26.26,-1.5532954287746175,0.7663375959378977,0.2076524316786031
26.27,26.27,52.54,82.53999999999999,78.81,26.27,-1.553161653974945,0.7666086854594153,0.20767711829779978
26.28,26.28,52.56000000000001,82.56,78.84,26.28,-1.553027831863263,0.7668797516286969,0.20770202932947568
26.29,26.29,52.58,82.58,78.87,26.29,-1.5528939624436482,0.7671507944374855,0.20772716472602407
26.3,26.3,52.6,82.6,78.9,26.3,-1.5527600457201778,0.7674218138775252,0.20775252443974296
26.31,26.31,52.62,82.62,78.92999999999999,26.31,-1.5526260816969324,0.7676928099405583,0.20777810842283337
26.32,26.32,52.64,82.64,78.96000000000001,26.32,-1.5524920703779916,0.767963782618332,0.20780391662740247
26.33,26.33,52.66,82.66,78.99,26.33,-1.5523580117674383,0.768234731902591,0.20782994900546004
26.34,26.34,52.68,82.68,79.02,26.34,-1.5522239058693557,0.7685056577850818,0.20785620550892128
26.35,26.35,52.7,82.7,79.05000000000001,26.35,-1.552089752687829,0.7687765602575518,0.2078826860896049
26.36,26.36,52.72,82.72,79.08,26.36,-1.5519555522269448,0.7690474393117492,0.20790939069923448
26.37,26.37,52.74,82.74000000000001,79.11,26.37,-1.5518213044907914,0.7693182949394215,0.20793631928943715
26.38,26.38,52.76,82.75999999999999,79.14,26.38,-1.551687009483458,0.7695891271323176,0.2079634718117455
26.39,26.39,52.78,82.78,79.17,26.39,-1.5515526672090352,0.769859935882189,0.2079908482175958
26.4,26.4,52.8,82.8,79.19999999999999,26.4,-1.5514182776716152,0.7701307211807866,0.208018448458329
26.41,26.41,52.82,82.82,79.23,26.41,-1.551283840875293,0.7704014830198594,0.2080462724851895
26.42,26.42,52.84,82.84,79.26,26.42,-1.5511493568241617,0.7706722213911624,0.20807432024932843
26.43,26.43,52.86,82.86,79.28999999999999,26.43,-1.5510148255223197,0.7709429362864466,0.20810259170179848
26.44,26.44,52.88,82.88,79.32000000000001,26.44,-1.5508802469738645,0.7712136276974653,0.20813108679355877
26.45,26.45,52.9,82.9,79.35,26.45,-1.5507456211828952,0.7714842956159742,0.20815980547547255
26.46,26.46,52.92,82.92,79.38,26.46,-1.5506109481535129,0.7717549400337282,0.20818874769830736
26.47,26.47,52.93999999999999,82.94,79.41,26.47,-1.5504762278898203,0.7720255609424818,0.2082179134127349
26.48,26.48,52.96,82.96000000000001,79.44,26.48,-1.5503414603959214,0.7722961583339913,0.2082473025693317
26.49,26.49,52.98,82.97999999999999,79.47,26.49,-1.5502066456759205,0.772566732200016,0.20827691511857985
26.5,26.5,53.0,83.0,79.5,26.5,-1.5500717837339248,0.7728372825323117,0.20830675101086435
26.51,26.51,53.02,83.02000000000001,79.53,26.51,-1.5499368745740432,0.7731078093226367,0.20833681019647546
26.52,26.52,53.04,83.03999999999999,79.56,26.52,-1.5498019182003837,0.7733783125627526,0.20836709262560918
26.53,26.53,53.06000000000001,83.06,79.59,26.53,-1.5496669146170587,0.7736487922444171,0.20839759824836368
26.54,26.54,53.08,83.08,79.62,26.54,-1.5495318638281803,0.7739192483593913,0.20842832701474392
26.55,26.55,53.1,83.1,79.65,26.55,-1.5493967658378616,0.7741896808994384,0.20845927887465934
26.56,26.56,53.12,83.12,79.67999999999999,26.56,-1.5492616206502188,0.7744600898563185,0.20849045377792294
26.57,26.57,53.14,83.14,79.71000000000001,26.57,-1.5491264282693684,0.7747304752217953,0.20852185167425313
26.58,26.58,53.16,83.16,79.74,26.58,-1.548991188699429,0.7750008369876317,0.20855347251327278
26.59,26.59,53.18,83.18,79.77,26.59,-1.548855901944519,0.7752711751455938,0.2085853162445107
26.6,26.6,53.2,83.2,79.80000000000001,26.6,-1.5487205680087606,0.775541489687445,0.20861738281739842
26.61,26.61,53.22,83.22,79.83,26.61,-1.5485851868962761,0.7758117806049514,0.20864967218127364
26.62,26.62,53.24,83.24000000000001,79.86,26.62,-1.5484497586111892,0.7760820478898796,0.20868218428537877
26.63,26.63,53.26,83.25999999999999,79.89,26.63,-1.5483142831576255,0.7763522915339969,0.2087149190788605
26.64,26.64,53.28,83.28,79.92,26.64,-1.5481787605397122,0.7766225115290701,0.20874787651077045
26.65,26.65,53.3,83.3,79.94999999999999,26.65,-1.5480431907615761,0.7768927078668704,0.20878105653006648
26.66,26.66,53.32,83.32,79.98,26.66,-1.5479075738273482,0.7771628805391647,0.20881445908560925
26.67,26.67,53.34,83.34,80.01,26.67,-1.547771909741159,0.7774330295377248,0.2088480841261655
26.68,26.68,53.36,83.36,80.03999999999999,26.68,-1.5476361985071423,0.7777031548543191,0.20888193160040602
26.69,26.69,53.38,83.38,80.07000000000001,26.69,-1.5475004401294308,0.7779732564807212,0.2089160014569079
26.7,26.7,53.4,83.4,80.1,26.7,-1.5473646346121601,0.7782433344087029,0.20895029364415235
26.71,26.71,53.42,83.42,80.13,26.71,-1.5472287819594672,0.778513388630037,0.20898480811052578
26.72,26.72,53.43999999999999,83.44,80.16,26.72,-1.5470928821754908,0.7787834191364972,0.20901954480431886
26.73,26.73,53.46,83.46000000000001,80.19,26.73,-1.54695693526437,0.7790534259198578,0.2090545036737287
26.74,26.74,53.48,83.47999999999999,80.22,26.74,-1.546820941230246,0.7793234089718948,0.20908968466685643
26.75,26.75,53.5,83.5,80.25,26.75,-1.5466849000772627,0.7795933682843819,0.2091250877317076
26.76,26.76,53.52,83.52000000000001,80.28,26.76,-1.5465488118095625,0.7798633038490976,0.20916071281619464
26.77,26.77,53.54,83.53999999999999,80.31,26.77,-1.5464126764312913,0.7801332156578193,0.20919655986813418
26.78,26.78,53.56000000000001,83.56,80.34,26.78,-1.5462764939465972,0.7804031037023231,0.20923262883524668
26.79,26.79,53.58,83.58,80.37,26.79,-1.5461402643596271,0.7806729679743896,0.20926891966516023
26.8,26.8,53.6,83.6,80.4,26.8,-1.5460039876745308,0.7809428084657983,0.20930543230540685
26.81,26.81,53.62,83.62,80.42999999999999,26.81,-1.545867663895461,0.7812126251683275,0.2093421667034224
26.82,26.82,53.64,83.64,80.46000000000001,26.82,-1.545731293026569,0.7814824180737598,0.2093791228065503
26.83,26.83,53.66,83.66,80.49,26.83,-1.5455948750720094,0.7817521871738764,0.20941630056203756
26.84,26.84,53.68,83.68,80.52,26.84,-1.5454584100359372,0.7820219324604605,0.2094536999170376
26.85,26.85,53.7,83.7,80.55000000000001,26.85,-1.5453218979225103,0.7822916539252929,0.20949132081860766
26.86,26.86,53.72,83.72,80.58,26.86,-1.545185338735886,0.7825613515601602,0.20952916321371173
26.87,26.87,53.74,83.74000000000001,80.61,26.87,-1.5450487324802251,0.7828310253568448,0.2095672270492177
26.88,26.88,53.76,83.75999999999999,80.64,26.88,-1.544912079159689,0.7831006753071322,0.20960551227189939
26.89,26.89,53.78,83.78,80.67,26.89,-1.5447753787784395,0.7833703014028096,0.20964401882843667
26.9,26.9,53.8,83.8,80.69999999999999,26.9,-1.5446386313406406,0.7836399036356638,0.2096827466654142
26.91,26.91,53.82,83.82,80.73,26.91,-1.5445018368504588,0.7839094819974807,0.20972169572932137
26.92,26.92,53.84,83.84,80.76,26.92,-1.5443649953120606,0.7841790364800494,0.2097608659665536
26.93,26.93,53.86,83.86,80.78999999999999,26.93,-1.5442281067296146,0.7844485670751586,0.20980025732341165
26.94,26.94,53.88,83.88,80.82000000000001,26.94,-1.5440911711072907,0.7847180737745981,0.20983986974610164
26.95,26.95,53.9,83.9,80.85,26.95,-1.5439541884492602,0.7849875565701574,0.20987970318073496
26.96,26.96,53.92,83.92,80.88,26.96,-1.543817158759695,0.7852570154536298,0.2099197575733299
26.97,26.97,53.93999999999999,83.94,80.91,26.97,-1.5436800820427705,0.7855264504168049,0.20996003286980752
26.98,26.98,53.96,83.96000000000001,80.94,26.98,-1.5435429583026619,0.7857958614514755,0.21000052901599645
26.99,26.99,53.98,83.97999999999999,80.97,26.99,-1.5434057875435456,0.7860652485494366,0.21004124595763057
27.0,27.0,54.0,84.0,81.0,27.0,-1.5432685697696007,0.7863346117024803,0.2100821836403489
27.01,27.01,54.02,84.02000000000001,81.03,27.01,-1.543131304985007,0.7866039509024021,0.21012334200969585
27.02,27.02,54.04,84.03999999999999,81.06,27.02,-1.5429939931939458,0.7868732661409973,0.21016472101112205
27.03,27.03,54.06000000000001,84.06,81.09,27.03,-1.5428566344006,0.7871425574100621,0.21020632058998315
27.04,27.04,54.08,84.08,81.12,27.04,-1.5427192286091536,0.7874118247013936,0.210248140691541
27.05,27.05,54.1,84.1,81.15,27.05,-1.542581775823792,0.7876810680067892,0.21029018126096274
27.06,27.06,54.12,84.12,81.17999999999999,27.06,-1.5424442760487025,0.7879502873180475,0.2103324422433213
27.07,27.07,54.14,84.14,81.21000000000001,27.07,-1.5423067292880737,0.7882194826269675,0.21037492358359497
27.08,27.08,54.16,84.16,81.24,27.08,-1.5421691355460956,0.7884886539253484,0.21041762522666815
27.09,27.09,54.18,84.18,81.27,27.09,-1.5420314948269587,0.7887578012049927,0.21046054711733123
27.1,27.1,54.2,84.2,81.30000000000001,27.1,-1.5418938071348567,0.7890269244576998,0.21050368920027954
27.11,27.11,54.22,84.22,81.33,27.11,-1.5417560724739832,0.7892960236752731,0.21054705142011496
27.12,27.12,54.24,84.24000000000001,81.36,27.12,-1.541618290848535,0.7895650988495132,0.21059063372134382
27.13,27.13,54.26,84.25999999999999,81.39,27.13,-1.5414804622627079,0.7898341499722259,0.21063443604838047
27.14,27.14,54.28,84.28,81.42,27.14,-1.5413425867207005,0.7901031770352144,0.21067845834554377
27.15,27.15,54.3,84.3,81.44999999999999,27.15,-1.5412046642267132,0.7903721800302839,0.21072270055705794
27.16,27.16,54.32,84.32,81.48,27.16,-1.5410666947849474,0.79064115894924,0.21076716262705383
27.17,27.17,54.34,84.34,81.51,27.17,-1.5409286783996052,0.79091011378389,0.2108118444995685
27.18,27.18,54.36,84.36,81.53999999999999,27.18,-1.5407906150748916,0.7911790445260395,0.21085674611854419
27.19,27.19,54.38,84.38,81.57000000000001,27.19,-1.5406525048150124,0.7914479511674963,0.21090186742782893
27.2,27.2,54.4,84.4,81.6,27.2,-1.540514347624174,0.7917168337000707,0.21094720837117745
27.21,27.21,54.42,84.42,81.63,27.21,-1.5403761435065846,0.791985692115572,0.21099276889225108
27.22,27.22,54.43999999999999,84.44,81.66,27.22,-1.5402378924664555,0.7922545264058082,0.21103854893461454
27.23,27.23,54.46,84.46000000000001,81.69,27.23,-1.5400995945079967,0.7925233365625921,0.21108454844174146
27.24,27.24,54.48,84.47999999999999,81.72,27.24,-1.5399612496354214,0.7927921225777353,0.21113076735701025
27.25,27.25,54.5,84.5,81.75,27.25,-1.5398228578529447,0.7930608844430482,0.21117720562370423
27.26,27.26,54.52,84.52000000000001,81.78,27.26,-1.539684419164781,0.7933296221503457,0.21122386318501554
27.27,27.27,54.54,84.53999999999999,81.81,27.27,-1.5395459335751478,0.7935983356914419,0.21127073998404028
27.28,27.28,54.56000000000001,84.56,81.84,27.28,-1.539407401088264,0.7938670250581495,0.21131783596378095
27.29,27.29,54.58,84.58,81.87,27.29,-1.5392688217083494,0.7941356902422843,0.2113651510671467
27.3,27.3,54.6,84.6,81.9,27.3,-1.5391301954396248,0.7944043312356638,0.21141268523695322
27.31,27.31,54.62,84.62,81.92999999999999,27.31,-1.5389915222863135,0.7946729480301029,0.21146043841592127
27.32,27.32,54.64,84.64,81.96000000000001,27.32,-1.5388528022526402,0.7949415406174192,0.21150841054667818
27.33,27.33,54.66,84.66,81.99,27.33,-1.5387140353428297,0.795210108989432,0.21155660157175835
27.34,27.34,54.68,84.68,82.02,27.34,-1.5385752215611093,0.7954786531379605,0.2116050114336016
27.35,27.35,54.7,84.7,82.05000000000001,27.35,-1.5384363609117078,0.7957471730548222,0.21165364007455412
27.36,27.36,54.72,84.72,82.08,27.36,-1.5382974533988545,0.7960156687318403,0.21170248743686884
27.37,27.37,54.74,84.74000000000001,82.11,27.37,-1.5381584990267814,0.7962841401608338,0.21175155346270422
27.38,27.38,54.76,84.75999999999999,82.14,27.38,-1.5380194977997212,0.7965525873336254,0.2118008380941257
27.39,27.39,54.78,84.78,82.17,27.39,-1.5378804497219085,0.796821010242037,0.21185034127310434
27.4,27.4,54.8,84.8,82.19999999999999,27.4,-1.5377413547975776,0.7970894088778939,0.21190006294151956
27.41,27.41,54.82,84.82,82.23,27.41,-1.5376022130309668,0.7973577832330183,0.2119500030411545
27.42,27.42,54.84,84.84,82.26,27.42,-1.5374630244263139,0.7976261332992365,0.21200016151370055
27.43,27.43,54.86,84.86,82.28999999999999,27.43,-1.53732378898786,0.7978944590683719,0.21205053830075404
27.44,27.44,54.88,84.88,82.32000000000001,27.44,-1.537184506719845,0.7981627605322528,0.2121011333438198
27.45,27.45,54.9,84.9,82.35,27.45,-1.5370451776265124,0.7984310376827057,0.2121519465843077
27.46,27.46,54.92,84.92,82.38,27.46,-1.5369058017121064,0.7986992905115584,0.2122029779635342
27.47,27.47,54.93999999999999,84.94,82.41,27.47,-1.5367663789808725,0.7989675190106396,0.2122542274227228
27.48,27.48,54.96,84.96000000000001,82.44,27.48,-1.536626909437058,0.7992357231717784,0.212305694903003
27.49,27.49,54.98,84.97999999999999,82.47,27.49,-1.5364873930849108,0.7995039029868047,0.2123573803454117
27.5,27.5,55.0,85.0,82.5,27.5,-1.5363478299286815,0.7997720584475496,0.21240928369089118
27.51,27.51,55.02,85.02000000000001,82.53,27.51,-1.536208219972621,0.8000401895458445,0.2124614048802915
27.52,27.52,55.04,85.03999999999999,82.56,27.52,-1.5360685632209818,0.8003082962735224,0.21251374385436916
27.53,27.53,55.06000000000001,85.06,82.59,27.53,-1.5359288596780194,0.8005763786224139,0.21256630055378575
27.54,27.54,55.08,85.08,82.62,27.54,-1.535789109347988,0.8008444365843553,0.21261907491911203
27.55,27.55,55.1,85.1,82.65,27.55,-1.5356493122351447,0.8011124701511808,0.21267206689082443
27.56,27.56,55.12,85.12,82.67999999999999,27.56,-1.5355094683437494,0.8013804793147236,0.21272527640930453
27.57,27.57,55.14,85.14,82.71000000000001,27.57,-1.5353695776780605,0.8016484640668218,0.2127787034148432
27.58,27.58,55.16,85.16,82.74,27.58,-1.5352296402423395,0.8019164243993113,0.21283234784763702
27.59,27.59,55.18,85.18,82.77,27.59,-1.5350896560408496,0.8021843603040298,0.21288620964778887
27.6,27.6,55.2,85.2,82.80000000000001,27.6,-1.534949625077855,0.8024522717728152,0.21294028875530868
27.61,27.61,55.22,85.22,82.83,27.61,-1.5348095473576207,0.8027201587975075,0.21299458511011382
27.62,27.62,55.24,85.24000000000001,82.86,27.62,-1.5346694228844142,0.8029880213699446,0.2130490986520278
27.63,27.63,55.26,85.25999999999999,82.89,27.63,-1.5345292516625044,0.8032558594819672,0.2131038293207811
27.64,27.64,55.28,85.28,82.92,27.64,-1.53438903369616,0.8035236731254178,0.21315877705601174
27.65,27.65,55.3,85.3,82.94999999999999,27.65,-1.534248768989653,0.8037914622921385,0.21321394179726424
27.66,27.66,55.32,85.32,82.98,27.66,-1.5341084575472563,0.8040592269739697,0.21326932348398922
27.67,27.67,55.34,85.34,83.01,27.67,-1.5339680993732432,0.8043269671627576,0.21332492205554635
27.68,27.68,55.36,85.36,83.03999999999999,27.68,-1.53382769447189,0.8045946828503443,0.21338073745119998
27.69,27.69,55.38,85.38,83.07000000000001,27.69,-1.533687242847474,0.8048623740285747,0.2134367696101226
27.7,27.7,55.4,85.4,83.1,27.7,-1.5335467445042723,0.8051300406892961,0.2134930184713944
27.71,27.71,55.42,85.42,83.13,27.71,-1.5334061994465653,0.8053976828243544,0.21354948397400156
27.72,27.72,55.43999999999999,85.44,83.16,27.72,-1.533265607678635,0.8056653004255959,0.21360616605683685
27.73,27.73,55.46,85.46000000000001,83.19,27.73,-1.5331249692047637,0.8059328934848682,0.2136630646587016
27.74,27.74,55.48,85.47999999999999,83.22,27.74,-1.5329842840292347,0.8062004619940221,0.21372017971830407
27.75,27.75,55.5,85.5,83.25,27.75,-1.5328435521563342,0.8064680059449049,0.21377751117425847
27.76,27.76,55.52,85.52000000000001,83.28,27.76,-1.5327027735903496,0.8067355253293668,0.21383505896508667
27.77,27.77,55.54,85.53999999999999,83.31,27.77,-1.5325619483355677,0.8070030201392606,0.21389282302921925
27.78,27.78,55.56000000000001,85.56,83.34,27.78,-1.53242107639628,0.807270490366436,0.21395080330499125
27.79,27.79,55.58,85.58,83.37,27.79,-1.532280157776777,0.8075379360027456,0.21400899973064702
27.8,27.8,55.6,85.6,83.4,27.8,-1.532139192481351,0.8078053570400442,0.2140674122443379
27.81,27.81,55.62,85.62,83.42999999999999,27.81,-1.5319981805142964,0.8080727534701839,0.21412604078412176
27.82,27.82,55.64,85.64,83.46000000000001,27.82,-1.5318571218799089,0.80834012528502,0.21418488528796395
27.83,27.83,55.66,85.66,83.49,27.83,-1.5317160165824852,0.808607472476407,0.21424394569373756
27.84,27.84,55.68,85.68,83.52,27.84,-1.5315748646263232,0.8088747950362033,0.21430322193922335
27.85,27.85,55.7,85.7,83.55000000000001,27.85,-1.5314336660157228,0.8091420929562637,0.21436271396210865
27.86,27.86,55.72,85.72,83.58,27.86,-1.5312924207549852,0.8094093662284472,0.21442242169998857
27.87,27.87,55.74,85.74000000000001,83.61,27.87,-1.5311511288484139,0.8096766148446102,0.21448234509036448
27.88,27.88,55.76,85.75999999999999,83.64,27.88,-1.5310097903003117,0.8099438387966136,0.21454248407064758
27.89,27.89,55.78,85.78,83.67,27.89,-1.5308684051149846,0.810211038076317,0.21460283857815438
27.9,27.9,55.8,85.8,83.69999999999999,27.9,-1.530726973296739,0.8104782126755808,0.2146634085501103
27.91,27.91,55.82,85.82,83.73,27.91,-1.5305854948498836,0.8107453625862665,0.2147241939236473
27.92,27.92,55.84,85.84,83.76,27.92,-1.5304439697787275,0.8110124878002369,0.21478519463580545
27.93,27.93,55.86,85.86,83.78999999999999,27.93,-1.5303023980875827,0.8112795883093529,0.21484641062353174
27.94,27.94,55.88,85.88,83.82000000000001,27.94,-1.530160779780761,0.81154666410548,0.21490784182368153
27.95,27.95,55.9,85.9,83.85,27.95,-1.5300191148625766,0.8118137151804823,0.21496948817301725
27.96,27.96,55.92,85.92,83.88,27.96,-1.5298774033373446,0.8120807415262253,0.21503134960820933
27.97,27.97,55.93999999999999,85.94,83.91,27.97,-1.5297356452093824,0.8123477431345729,0.21509342606583493
27.98,27.98,55.96,85.96000000000001,83.94,27.98,-1.5295938404830076,0.8126147199973941,0.21515571748238033
27.99,27.99,55.98,85.97999999999999,83.97,27.99,-1.5294519891625395,0.812881672106556,0.21521822379423877
28.0,28.0,56.0,86.0,84.0,28.0,-1.5293100912523008,0.8131485994539248,0.21528094493770986
28.01,28.01,56.02,86.02000000000001,84.03,28.01,-1.529168146756612,0.8134155020313716,0.21534388084900377
28.02,28.02,56.04,86.03999999999999,84.06,28.02,-1.5290261556797977,0.813682379830766,0.21540703146423654
28.03,28.03,56.06000000000001,86.06,84.09,28.03,-1.5288841180261838,0.8139492328439764,0.2154703967194316
28.04,28.04,56.08,86.08,84.12,28.04,-1.5287420338000963,0.8142160610628758,0.2155339765505217
28.05,28.05,56.1,86.1,84.15,28.05,-1.5285999030058632,0.8144828644793367,0.21559777089334684
28.06,28.06,56.12,86.12,84.17999999999999,28.06,-1.5284577256478145,0.8147496430852299,0.21566177968365416
28.07,28.07,56.14,86.14,84.21000000000001,28.07,-1.5283155017302816,0.8150163968724291,0.21572600285709886
28.08,28.08,56.16,86.16,84.24,28.08,-1.5281732312575962,0.8152831258328099,0.2157904403492451
28.09,28.09,56.18,86.18,84.27,28.09,-1.5280309142340915,0.8155498299582473,0.21585509209556455
28.1,28.1,56.2,86.2,84.30000000000001,28.1,-1.5278885506641045,0.8158165092406149,0.2159199580314353
28.11,28.11,56.22,86.22,84.33,28.11,-1.5277461405519697,0.8160831636717918,0.21598503809214636
28.12,28.12,56.24,86.24000000000001,84.36,28.12,-1.5276036839020268,0.8163497932436534,0.21605033221289144
28.13,28.13,56.26,86.25999999999999,84.39,28.13,-1.5274611807186154,0.8166163979480776,0.21611584032877412
28.14,28.14,56.28,86.28,84.42,28.14,-1.5273186310060751,0.8168829777769445,0.21618156237480637
28.15,28.15,56.3,86.3,84.44999999999999,28.15,-1.5271760347687486,0.8171495327221338,0.21624749828590764
28.16,28.16,56.32,86.32,84.48,28.16,-1.5270333920109804,0.817416062775524,0.21631364799690472
28.17,28.17,56.34,86.34,84.51,28.17,-1.5268907027371148,0.8176825679289972,0.21638001144253383
28.18,28.18,56.36,86.36,84.53999999999999,28.18,-1.526747966951499,0.8179490481744351,0.21644658855743823
28.19,28.19,56.38,86.38,84.57000000000001,28.19,-1.5266051846584803,0.8182155035037202,0.21651337927617034
28.2,28.2,56.4,86.4,84.6,28.2,-1.5264623558624093,0.8184819339087351,0.21658038353318915
28.21,28.21,56.42,86.42,84.63,28.21,-1.526319480567635,0.8187483393813659,0.21664760126286461
28.22,28.22,56.43999999999999,86.44,84.66,28.22,-1.526176558778511,0.8190147199134955,0.21671503239947226
28.23,28.23,56.46,86.46000000000001,84.69,28.23,-1.5260335904993911,0.8192810754970093,0.2167826768771963
28.24,28.24,56.48,86.47999999999999,84.72,28.24,-1.525890575734629,0.819547406123796,0.21685053463013124
28.25,28.25,56.5,86.5,84.75,28.25,-1.5257475144885824,0.8198137117857404,0.21691860559227735
28.26,28.26,56.52,86.52000000000001,84.78,28.26,-1.5256044067656087,0.820079992474731,0.21698688969754454
28.27,28.27,56.54,86.53999999999999,84.81,28.27,-1.5254612525700675,0.8203462481826566,0.21705538687975087
28.28,28.28,56.56000000000001,86.56,84.84,28.28,-1.5253180519063192,0.8206124789014063,0.2171240970726228
28.29,28.29,56.58,86.58,84.87,28.29,-1.5251748047787261,0.8208786846228707,0.21719302020979503
28.3,28.3,56.6,86.6,84.9,28.3,-1.525031511191652,0.8211448653389405,0.2172621562248106
28.31,28.31,56.62,86.62,84.92999999999999,28.31,-1.5248881711494613,0.8214110210415072,0.21733150505112153
28.32,28.32,56.64,86.64,84.96000000000001,28.32,-1.5247447846565205,0.8216771517224635,0.21740106662208808
28.33,28.33,56.66,86.66,84.99,28.33,-1.5246013517171983,0.8219432573737018,0.21747084087097787
28.34,28.34,56.68,86.68,85.02,28.34,-1.5244578723358624,0.822209337987118,0.21754082773096947
28.35,28.35,56.7,86.7,85.05000000000001,28.35,-1.5243143465168847,0.822475393554605,0.21761102713514743
28.36,28.36,56.72,86.72,85.08,28.36,-1.5241707742646364,0.8227414240680593,0.21768143901650663
28.37,28.37,56.74,86.74000000000001,85.11,28.37,-1.524027155583492,0.8230074295193756,0.21775206330794902
28.38,28.38,56.76,86.75999999999999,85.14,28.38,-1.5238834904778256,0.8232734099004525,0.21782289994228696
28.39,28.39,56.78,86.78,85.17,28.39,-1.5237397789520135,0.8235393652031873,0.21789394885224014
28.4,28.4,56.8,86.8,85.19999999999999,28.4,-1.5235960210104331,0.8238052954194792,0.21796520997043783
28.41,28.41,56.82,86.82,85.23,28.41,-1.5234522166574647,0.8240712005412255,0.21803668322941633
28.42,28.42,56.84,86.84,85.26,28.42,-1.5233083658974873,0.824337080560329,0.21810836856162302
28.43,28.43,56.86,86.86,85.28999999999999,28.43,-1.5231644687348842,0.8246029354686883,0.2181802658994117
28.44,28.44,56.88,86.88,85.32000000000001,28.44,-1.5230205251740385,0.8248687652582052,0.21825237517504623
28.45,28.45,56.9,86.9,85.35,28.45,-1.522876535219334,0.8251345699207833,0.21832469632069987
28.46,28.46,56.92,86.92,85.38,28.46,-1.5227324988751574,0.8254003494483257,0.2183972292684534
28.47,28.47,56.93999999999999,86.94,85.41,28.47,-1.5225884161458973,0.8256661038327345,0.21846997395029583
28.48,28.48,56.96,86.96000000000001,85.44,28.48,-1.5224442870359411,0.8259318330659161,0.21854293029812777
28.49,28.49,56.98,86.97999999999999,85.47,28.49,-1.52230011154968,0.8261975371397762,0.21861609824375627
28.5,28.5,57.0,87.0,85.5,28.5,-1.522155889691506,0.8264632160462194,0.21868947771889763
28.51,28.51,57.02,87.02000000000001,85.53,28.51,-1.5220116214658124,0.8267288697771527,0.21876306865517764
28.52,28.52,57.04,87.03999999999999,85.56,28.52,-1.521867306876993,0.826994498324486,0.21883687098413163
28.53,28.53,57.06000000000001,87.06,85.59,28.53,-1.5217229459294448,0.8272601016801256,0.21891088463720224
28.54,28.54,57.08,87.08,85.62,28.54,-1.5215785386275653,0.8275256798359808,0.21898510954574216
28.55,28.55,57.1,87.1,85.65,28.55,-1.5214340849757526,0.8277912327839637,0.2190595456410137
28.56,28.56,57.12,87.12,85.67999999999999,28.56,-1.5212895849784076,0.8280567605159831,0.21913419285418687
28.57,28.57,57.14,87.14,85.71000000000001,28.57,-1.5211450386399323,0.8283222630239504,0.21920905111634129
28.58,28.58,57.16,87.16,85.74,28.58,-1.5210004459647293,0.8285877402997796,0.21928412035846626
28.59,28.59,57.18,87.18,85.77,28.59,-1.5208558069572027,0.8288531923353833,0.21935940051146002
28.6,28.6,57.2,87.2,85.80000000000001,28.6,-1.5207111216217593,0.8291186191226745,0.2194348915061291
28.61,28.61,57.22,87.22,85.83,28.61,-1.5205663899628064,0.8293840206535682,0.2195105932731898
28.62,28.62,57.24,87.24000000000001,85.86,28.62,-1.5204216119847525,0.82964939691998,0.21958650574326768
28.63,28.63,57.26,87.25999999999999,85.89,28.63,-1.5202767876920078,0.8299147479138259,0.21966262884689772
28.64,28.64,57.28,87.28,85.92,28.64,-1.5201319170889844,0.8301800736270224,0.21973896251452332
28.65,28.65,57.3,87.3,85.94999999999999,28.65,-1.5199870001800941,0.8304453740514891,0.21981550667649882
28.66,28.66,57.32,87.32,85.98,28.66,-1.519842036969753,0.8307106491791424,0.21989226126308545
28.67,28.67,57.34,87.34,86.01,28.67,-1.5196970274623751,0.830975899001903,0.2199692262044566
28.68,28.68,57.36,87.36,86.03999999999999,28.68,-1.5195519716623795,0.831241123511689,0.22004640143069182
28.69,28.69,57.38,87.38,86.07000000000001,28.69,-1.5194068695741834,0.831506322700423,0.22012378687178322
28.7,28.7,57.4,87.4,86.1,28.7,-1.5192617212022075,0.831771496560026,0.22020138245762994
28.71,28.71,57.42,87.42,86.13,28.71,-1.5191165265508733,0.8320366450824205,0.2202791881180417
28.72,28.72,57.43999999999999,87.44,86.16,28.72,-1.5189712856246034,0.8323017682595293,0.22035720378273763
28.73,28.73,57.46,87.46000000000001,86.19,28.73,-1.5188259984278223,0.8325668660832765,0.22043542938134572
28.74,28.74,57.48,87.47999999999999,86.22,28.74,-1.5186806649649556,0.8328319385455868,0.2205138648434042
28.75,28.75,57.5,87.5,86.25,28.75,-1.5185352852404304,0.8330969856383854,0.2205925100983604
28.76,28.76,57.52,87.52000000000001,86.28,28.76,-1.5183898592586755,0.8333620073535987,0.22067136507557095
28.77,28.77,57.54,87.53999999999999,86.31,28.77,-1.51824438702412,0.8336270036831542,0.22075042970430347
28.78,28.78,57.56000000000001,87.56,86.34,28.78,-1.5180988685411967,0.8338919746189779,0.22082970391373258
28.79,28.79,57.58,87.58,86.37,28.79,-1.517953303814337,0.8341569201530001,0.2209091876329453
28.8,28.8,57.6,87.6,86.4,28.8,-1.5178076928479753,0.8344218402771502,0.22098888079093676
28.81,28.81,57.62,87.62,86.42999999999999,28.81,-1.517662035646548,0.8346867349833561,0.2210687833166115
28.82,28.82,57.64,87.64,86.46000000000001,28.82,-1.5175163322144913,0.8349516042635509,0.22114889513878508
28.83,28.83,57.66,87.66,86.49,28.83,-1.5173705825562438,0.8352164481096654,0.22122921618618188
28.84,28.84,57.68,87.68,86.52,28.84,-1.5172247866762445,0.8354812665136327,0.22130974638743675
28.85,28.85,57.7,87.7,86.55000000000001,28.85,-1.5170789445789363,0.8357460594673839,0.22139048567109254
28.86,28.86,57.72,87.72,86.58,28.86,-1.5169330562687602,0.8360108269628558,0.22147143396560454
28.87,28.87,57.74,87.74000000000001,86.61,28.87,-1.5167871217501612,0.8362755689919809,0.22155259119933549
28.88,28.88,57.76,87.75999999999999,86.64,28.88,-1.5166411410275846,0.8365402855466948,0.22163395730055938
28.89,28.89,57.78,87.78,86.67,28.89,-1.5164951141054768,0.836804976618935,0.22171553219745996
28.9,28.9,57.8,87.8,86.69999999999999,28.9,-1.5163490409882858,0.8370696422006388,0.22179731581813075
28.91,28.91,57.82,87.82,86.73,28.91,-1.5162029216804624,0.8373342822837418,0.2218793080905742
28.92,28.92,57.84,87.84,86.76,28.92,-1.5160567561864562,0.8375988968601854,0.221961508942705
28.93,28.93,57.86,87.86,86.78999999999999,28.93,-1.5159105445107208,0.837863485921907,0.22204391830234538
28.94,28.94,57.88,87.88,86.82000000000001,28.94,-1.5157642866577095,0.8381280494608472,0.2221265360972293
28.95,28.95,57.9,87.9,86.85,28.95,-1.5156179826318783,0.8383925874689464,0.22220936225499907
28.96,28.96,57.92,87.92,86.88,28.96,-1.5154716324376825,0.8386570999381483,0.22229239670321
28.97,28.97,57.93999999999999,87.94,86.91,28.97,-1.5153252360795813,0.8389215868603935,0.2223756393693241
28.98,28.98,57.96,87.96000000000001,86.94,28.98,-1.5151787935620342,0.8391860482276252,0.2224590901807152
28.99,28.99,57.98,87.97999999999999,86.97,28.99,-1.5150323048895011,0.8394504840317895,0.22254274906466803
29.0,29.0,58.0,88.0,87.0,29.0,-1.5148857700664453,0.8397148942648289,0.22262661594837568
29.01,29.01,58.02,88.02000000000001,87.03,29.01,-1.5147391890973303,0.8399792789186894,0.2227106907589425
29.02,29.02,58.04,88.03999999999999,87.06,29.02,-1.5145925619866207,0.8402436379853193,0.2227949734233833
29.03,29.03,58.06000000000001,88.06,87.09,29.03,-1.5144458887387835,0.8405079714566636,0.22287946386862229
29.04,29.04,58.08,88.08,87.12,29.04,-1.5142991693582868,0.840772279324671,0.2229641620214943
29.05,29.05,58.1,88.1,87.15,29.05,-1.5141524038495993,0.8410365615812904,0.2230490678087451
29.06,29.06,58.12,88.12,87.17999999999999,29.06,-1.5140055922171922,0.8413008182184708,0.22313418115702968
29.07,29.07,58.14,88.14,87.21000000000001,29.07,-1.5138587344655376,0.8415650492281631,0.22321950199291407
29.08,29.08,58.16,88.16,87.24,29.08,-1.5137118305991093,0.8418292546023173,0.22330503024287454
29.09,29.09,58.18,88.18,87.27,29.09,-1.5135648806223811,0.8420934343328873,0.22339076583329853
29.1,29.1,58.2,88.2,87.30000000000001,29.1,-1.5134178845398305,0.842357588411824,0.22347670869048222
29.11,29.11,58.22,88.22,87.33,29.11,-1.5132708423559347,0.8426217168310817,0.22356285874063386
29.12,29.12,58.24,88.24000000000001,87.36,29.12,-1.5131237540751736,0.8428858195826128,0.22364921590987055
29.13,29.13,58.26,88.25999999999999,87.39,29.13,-1.5129766197020271,0.8431498966583744,0.22373578012422163
29.14,29.14,58.28,88.28,87.42,29.14,-1.5128294392409771,0.8434139480503214,0.22382255130962625
29.15,29.15,58.3,88.3,87.44999999999999,29.15,-1.5126822126965072,0.8436779737504104,0.22390952939193412
29.16,29.16,58.32,88.32,87.48,29.16,-1.5125349400731023,0.8439419737505988,0.22399671429690515
29.17,29.17,58.34,88.34,87.51,29.17,-1.512387621375248,0.8442059480428451,0.22408410595021083
29.18,29.18,58.36,88.36,87.53999999999999,29.18,-1.512240256607433,0.8444698966191065,0.2241717042774315
29.19,29.19,58.38,88.38,87.57000000000001,29.19,-1.5120928457741454,0.8447338194713446,0.22425950920406065
29.2,29.2,58.4,88.4,87.6,29.2,-1.5119453888798757,0.844997716591519,0.22434752065550068
29.21,29.21,58.42,88.42,87.63,29.21,-1.5117978859291155,0.8452615879715917,0.22443573855706564
29.22,29.22,58.43999999999999,88.44,87.66,29.22,-1.511650336926359,0.8455254336035228,0.2245241628339788
29.23,29.23,58.46,88.46000000000001,87.69,29.23,-1.5115027418760996,0.845789253479277,0.2246127934113766
29.24,29.24,58.48,88.47999999999999,87.72,29.24,-1.5113551007828334,0.846053047590818,0.22470163021430473
29.25,29.25,58.5,88.5,87.75,29.25,-1.5112074136510592,0.846316815930108,0.2247906731677189
29.26,29.26,58.52,88.52000000000001,87.78,29.26,-1.5110596804852743,0.8465805584891143,0.22487992219648795
29.27,29.27,58.54,88.53999999999999,87.81,29.27,-1.5109119012899788,0.8468442752598028,0.2249693772253909
29.28,29.28,58.56000000000001,88.56,87.84,29.28,-1.5107640760696759,0.8471079662341382,0.22505903817911516
29.29,29.29,58.58,88.58,87.87,29.29,-1.5106162048288674,0.8473716314040901,0.22514890498226267
29.3,29.3,58.6,88.6,87.9,29.3,-1.5104682875720574,0.8476352707616266,0.225238977559345
29.31,29.31,58.62,88.62,87.92999999999999,29.31,-1.5103203243037526,0.8478988842987156,0.2253292558347836
29.32,29.32,58.64,88.64,87.96000000000001,29.32,-1.5101723150284605,0.8481624720073272,0.22541973973291157
29.33,29.33,58.66,88.66,87.99,29.33,-1.5100242597506885,0.8484260338794329,0.22551042917797462
29.34,29.34,58.68,88.68,88.02,29.34,-1.509876158474947,0.8486895699070045,0.2256013240941278
29.35,29.35,58.7,88.7,88.05000000000001,29.35,-1.5097280112057485,0.8489530800820121,0.22569242440543655
29.36,29.36,58.72,88.72,88.08,29.36,-1.5095798179476039,0.8492165643964315,0.22578373003588048
29.37,29.37,58.74,88.74000000000001,88.11,29.37,-1.5094315787050292,0.8494800228422343,0.2258752409093468
29.38,29.38,58.76,88.75999999999999,88.14,29.38,-1.509283293482539,0.849743455411396,0.22596695694963653
29.39,29.39,58.78,88.78,88.17,29.39,-1.5091349622846515,0.8500068620958912,0.2260588780804599
29.4,29.4,58.8,88.8,88.19999999999999,29.4,-1.5089865851158832,0.850270242887698,0.22615100422544096
29.41,29.41,58.82,88.82,88.23,29.41,-1.5088381619807554,0.8505335977787916,0.2262433353081124
29.42,29.42,58.84,88.84,88.26,29.42,-1.5086896928837892,0.8507969267611502,0.22633587125191898
29.43,29.43,58.86,88.86,88.28999999999999,29.43,-1.5085411778295066,0.8510602298267523,0.22642861198021802
29.44,29.44,58.88,88.88,88.32000000000001,29.44,-1.5083926168224322,0.8513235069675774,0.22652155741627641
29.45,29.45,58.9,88.9,88.35,29.45,-1.5082440098670917,0.8515867581756049,0.22661470748327323
29.46,29.46,58.92,88.92,88.38,29.46,-1.5080953569680104,0.8518499834428177,0.22670806210430022
29.47,29.47,58.93999999999999,88.94,88.41,29.47,-1.507946658129718,0.8521131827611955,0.22680162120235794
29.48,29.48,58.96,88.96000000000001,88.44,29.48,-1.5077979133567438,0.8523763561227214,0.22689538470036
29.49,29.49,58.98,88.97999999999999,88.47,29.49,-1.5076491226536188,0.8526395035193789,0.22698935252113128
29.5,29.5,59.0,89.0,88.5,29.5,-1.5075002860248754,0.8529026249431518,0.2270835245874082
29.51,29.51,59.02,89.02000000000001,88.53,29.51,-1.507351403475047,0.8531657203860251,0.22717790082183892
29.52,29.52,59.04,89.03999999999999,88.56,29.52,-1.5072024750086697,0.8534287898399844,0.22727248114698223
29.53,29.53,59.06000000000001,89.06,88.59,29.53,-1.5070535006302794,0.8536918332970161,0.22736726548530944
29.54,29.54,59.08,89.08,88.62,29.54,-1.506904480344414,0.8539548507491077,0.22746225375920384
29.55,29.55,59.1,89.1,88.65,29.55,-1.5067554141556132,0.8542178421882477,0.2275574458909592
29.56,29.56,59.12,89.12,88.67999999999999,29.56,-1.5066063020684186,0.8544808076064226,0.22765284180278067
29.57,29.57,59.14,89.14,88.71000000000001,29.57,-1.5064571440873713,0.8547437469956247,0.22774844141678707
29.58,29.58,59.16,89.16,88.74,29.58,-1.5063079402170152,0.8550066603478432,0.22784424465500755
29.59,29.59,59.18,89.18,88.77,29.59,-1.5061586904618955,0.8552695476550697,0.22794025143938287
29.6,29.6,59.2,89.2,88.80000000000001,29.6,-1.5060093948265585,0.8555324089092957,0.22803646169176645
29.61,29.61,59.22,89.22,88.83,29.61,-1.5058600533155517,0.8557952441025152,0.22813287533392307
29.62,29.62,59.24,89.24000000000001,88.86,29.62,-1.5057106659334254,0.8560580532267194,0.22822949228752817
29.63,29.63,59.26,89.25999999999999,88.89,29.63,-1.5055612326847287,0.8563208362739048,0.22832631247417196
29.64,29.64,59.28,89.28,88.92,29.64,-1.5054117535740146,0.8565835932360658,0.2284233358153536
29.65,29.65,59.3,89.3,88.94999999999999,29.65,-1.5052622286058357,0.8568463241051992,0.2285205622324861
29.66,29.66,59.32,89.32,88.98,29.66,-1.5051126577847482,0.8571090288732998,0.22861799164689248
29.67,29.67,59.34,89.34,89.01,29.67,-1.5049630411153065,0.8573717075323676,0.22871562397981057
29.68,29.68,59.36,89.36,89.03999999999999,29.68,-1.5048133786020697,0.8576343600743991,0.22881345915238724
29.69,29.69,59.38,89.38,89.07000000000001,29.69,-1.5046636702495961,0.8578969864913935,0.22891149708568315
29.7,29.7,59.4,89.4,89.1,29.7,-1.504513916062446,0.8581595867753518,0.22900973770067076
29.71,29.71,59.42,89.42,89.13,29.71,-1.504364116045181,0.858422160918275,0.2291081809182349
29.72,29.72,59.43999999999999,89.44,89.16,29.72,-1.5042142702023653,0.8586847089121626,0.22920682665917083
29.73,29.73,59.46,89.46000000000001,89.19,29.73,-1.5040643785385621,0.8589472307490188,0.22930567484418854
29.74,29.74,59.48,89.47999999999999,89.22,29.74,-1.503914441058338,0.8592097264208469,0.22940472539390847
29.75,29.75,59.5,89.5,89.25,29.75,-1.5037644577662606,0.8594721959196494,0.2295039782288631
29.76,29.76,59.52,89.52000000000001,89.28,29.76,-1.5036144286668987,0.859734639237431,0.22960343326949786
29.77,29.77,59.54,89.53999999999999,89.31,29.77,-1.5034643537648213,0.8599970563661993,0.2297030904361713
29.78,29.78,59.56000000000001,89.56,89.34,29.78,-1.5033142330646014,0.8602594472979584,0.22980294964915185
29.79,29.79,59.58,89.58,89.37,29.79,-1.5031640665708115,0.8605218120247159,0.22990301082862236
29.8,29.8,59.6,89.6,89.4,29.8,-1.5030138542880251,0.8607841505384811,0.2300032738946775
29.81,29.81,59.62,89.62,89.42999999999999,29.81,-1.5028635962208192,0.8610464628312612,0.2301037387673235
29.82,29.82,59.64,89.64,89.46000000000001,29.82,-1.5027132923737703,0.8613087488950654,0.23020440536647999
29.83,29.83,59.66,89.66,89.49,29.83,-1.5025629427514569,0.8615710087219055,0.23030527361197853
29.84,29.84,59.68,89.68,89.52,29.84,-1.5024125473584584,0.8618332423037927,0.23040634342356375
29.85,29.85,59.7,89.7,89.55000000000001,29.85,-1.502262106199357,0.8620954496327372,0.23050761472089157
29.86,29.86,59.72,89.72,89.58,29.86,-1.5021116192787354,0.8623576307007527,0.23060908742353128
29.87,29.87,59.74,89.74000000000001,89.61,29.87,-1.5019610866011768,0.8626197854998527,0.23071076145096506
29.88,29.88,59.76,89.75999999999999,89.64,29.88,-1.5018105081712676,0.8628819140220514,0.2308126367225865
29.89,29.89,59.78,89.78,89.67,29.89,-1.5016598839935944,0.8631440162593632,0.23091471315770273
29.9,29.9,59.8,89.8,89.69999999999999,29.9,-1.5015092140727448,0.8634060922038062,0.23101699067553372
29.91,29.91,59.82,89.82,89.73,29.91,-1.5013584984133095,0.8636681418473949,0.2311194691952109
29.92,29.92,59.84,89.84,89.76,29.92,-1.5012077370198786,0.8639301651821484,0.23122214863577975
29.93,29.93,59.86,89.86,89.78999999999999,29.93,-1.501056929897046,0.8641921622000827,0.23132502891619652
29.94,29.94,59.88,89.88,89.82000000000001,29.94,-1.5009060770494045,0.8644541328932192,0.23142810995533253
29.95,29.95,59.9,89.9,89.85,29.95,-1.500755178481549,0.8647160772535769,0.23153139167197112
29.96,29.96,59.92,89.92,89.88,29.96,-1.5006042341980768,0.8649779952731766,0.23163487398480742
29.97,29.97,59.93999999999999,89.94,89.91,29.97,-1.5004532442035856,0.8652398869440399,0.23173855681245062
29.98,29.98,59.96,89.96000000000001,89.94,29.98,-1.500302208502675,0.8655017522581891,0.23184244007342195
29.99,29.99,59.98,89.97999999999999,89.97,29.99,-1.5001511270999452,0.865763591207648,0.23194652368615643
30.0,30.0,60.0,90.0,90.0,30.0,-1.5,0.8660254037844385,0.23205080756893873
30.01,30.01,60.02,90.02000000000001,90.03,30.01,-1.4998488272074413,0.8662871899805873,0.2319465236860949
30.02,30.02,60.04,90.03999999999999,90.06,30.02,-1.4996976087268745,0.86654894978812,0.2318424400733604
30.03,30.03,60.06000000000001,90.06,90.09,30.03,-1.4995463445629071,0.8668106831990608,0.2317385568123895
30.04,30.04,60.08,90.08,90.12,30.04,-1.4993950347201455,0.8670723902054391,0.23163487398474653
30.05,30.05,60.1,90.1,90.15,30.05,-1.499243679203199,0.8673340707992827,0.23153139167190973
30.06,30.06,60.12,90.12,90.17999999999999,30.06,-1.499092278016679,0.8675957249726185,0.23142810995527147
30.07,30.07,60.14,90.14,90.21000000000001,30.07,-1.4989408311651968,0.8678573527174778,0.23132502891613527
30.08,30.08,60.16,90.16,90.24,30.08,-1.498789338653366,0.8681189540258902,0.23122214863571816
30.09,30.09,60.18,90.18,90.27,30.09,-1.4986378004858005,0.8683805288898879,0.23111946919514947
30.1,30.1,60.2,90.2,90.30000000000001,30.1,-1.498486216667118,0.8686420773015009,0.23101699067547268
30.11,30.11,60.22,90.22,90.33,30.11,-1.4983345872019345,0.8689035992527642,0.23091471315764175
30.12,30.12,60.24,90.24000000000001,90.36,30.12,-1.4981829120948698,0.8691650947357098,0.2308126367225254
30.13,30.13,60.26,90.25999999999999,90.39,30.13,-1.4980311913505442,0.8694265637423718,0.23071076145090433
30.14,30.14,60.28,90.28,90.42,30.14,-1.4978794249735787,0.869688006264787,0.23060908742347086
30.15,30.15,60.3,90.3,90.44999999999999,30.15,-1.4977276129685966,0.8699494222949914,0.2305076147208305
30.16,30.16,60.32,90.32,90.48,30.16,-1.4975757553402231,0.8702108118250196,0.23040634342350305
30.17,30.17,60.34,90.34,90.51,30.17,-1.497423852093083,0.8704721748469119,0.23030527361191777
30.18,30.18,60.36,90.36,90.53999999999999,30.18,-1.497271903231804,0.8707335113527049,0.23020440536641915
30.19,30.19,60.38,90.38,90.57000000000001,30.19,-1.497119908761015,0.8709948213344384,0.2301037387672625
30.2,30.2,60.4,90.4,90.6,30.2,-1.496967868685346,0.8712561047841518,0.23000327389461683
30.21,30.21,60.42,90.42,90.63,30.21,-1.4968157830094273,0.8715173616938878,0.22990301082856157
30.22,30.22,60.43999999999999,90.44,90.66,30.22,-1.4966636517378928,0.8717785920556864,0.22980294964909107
30.23,30.23,60.46,90.46000000000001,90.69,30.23,-1.4965114748753772,0.8720397958615898,0.22970309043611084
30.24,30.24,60.48,90.47999999999999,90.72,30.24,-1.4963592524265144,0.8723009731036432,0.22960343326943755
30.25,30.25,60.5,90.5,90.75,30.25,-1.4962069843959425,0.872562123773889,0.22950397822880247
30.26,30.26,60.52,90.52000000000001,90.78,30.26,-1.4960546707883,0.8728232478643719,0.2294047253938482
30.27,30.27,60.54,90.53999999999999,90.81,30.27,-1.4959023116082257,0.8730843453671395,0.22930567484412817
30.28,30.28,60.56000000000001,90.56,90.84,30.28,-1.4957499068603615,0.8733454162742366,0.2292068266591107
30.29,30.29,60.58,90.58,90.87,30.29,-1.4955974565493497,0.8736064605777111,0.22910818091817428
30.3,30.3,60.6,90.6,90.9,30.3,-1.4954449606798341,0.873867478269611,0.2290097377006106
30.31,30.31,60.62,90.62,90.92999999999999,30.31,-1.4952924192564603,0.8741284693419851,0.228911497085623
30.32,30.32,60.64,90.64,90.96000000000001,30.32,-1.4951398322838745,0.8743894337868836,0.22881345915232687
30.33,30.33,60.66,90.66,90.99,30.33,-1.4949871997667257,0.8746503715963561,0.22871562397975054
30.34,30.34,60.68,90.68,91.02,30.34,-1.4948345217096617,0.8749112827624562,0.22861799164683244
30.35,30.35,60.7,90.7,91.05000000000001,30.35,-1.4946817981173348,0.8751721672772339,0.22852056223242567
30.36,30.36,60.72,90.72,91.08,30.36,-1.4945290289943962,0.8754330251327435,0.22842333581529323
30.37,30.37,60.74,90.74000000000001,91.11,30.37,-1.494376214345501,0.8756938563210369,0.22832631247411195
30.38,30.38,60.76,90.75999999999999,91.14,30.38,-1.494223354175303,0.8759546608341708,0.22822949228746833
30.39,30.39,60.78,90.78,91.17,30.39,-1.4940704484884584,0.8762154386641999,0.2281328753338628
30.4,30.4,60.8,90.8,91.19999999999999,30.4,-1.4939174972896256,0.8764761898031804,0.22803646169170666
30.41,30.41,60.82,90.82,91.23,30.41,-1.4937645005834639,0.8767369142431695,0.22794025143932306
30.42,30.42,60.84,90.84,91.26,30.42,-1.4936114583746327,0.8769976119762256,0.22784424465494732
30.43,30.43,60.86,90.86,91.28999999999999,30.43,-1.4934583706677953,0.8772582829944061,0.22774844141672704
30.44,30.44,60.88,90.88,91.32000000000001,30.44,-1.4933052374676148,0.8775189272897708,0.22765284180272097
30.45,30.45,60.9,90.9,91.35,30.45,-1.4931520587787552,0.8777795448543808,0.22755744589089918
30.46,30.46,60.92,90.92,91.38,30.46,-1.4929988346058827,0.8780401356802976,0.2274622537591438
30.47,30.47,60.93999999999999,90.94,91.41,30.47,-1.4928455649536658,0.878300699759581,0.22736726548525027
30.48,30.48,60.96,90.96000000000001,91.44,30.48,-1.4926922498267723,0.878561237084296,0.2272724811469228
30.49,30.49,60.98,90.97999999999999,91.47,30.49,-1.492538889229872,0.878821747646506,0.22717790082177894
30.5,30.5,61.0,91.0,91.5,30.5,-1.4923854831676384,0.8790822314382732,0.2270835245873489
30.51,30.51,61.02,91.02000000000001,91.53,30.51,-1.492232031644743,0.8793426884516653,0.2269893525210718
30.52,30.52,61.04,91.03999999999999,91.56,30.52,-1.49207853466586,0.879603118678748,0.22689538470030018
30.53,30.53,61.06000000000001,91.06,91.59,30.53,-1.4919249922356663,0.8798635221115868,0.22680162120229813
30.54,30.54,61.08,91.08,91.62,30.54,-1.4917714043588388,0.8801238987422494,0.2267080621042409
30.55,30.55,61.1,91.1,91.65,30.55,-1.4916177710400553,0.8803842485628062,0.22661470748321408
30.56,30.56,61.12,91.12,91.67999999999999,30.56,-1.4914640922839966,0.8806445715653248,0.2265215574162167
30.57,30.57,61.14,91.14,91.71000000000001,30.57,-1.4913103680953437,0.8809048677418749,0.22642861198015876
30.58,30.58,61.16,91.16,91.74,30.58,-1.4911565984787791,0.881165137084529,0.2263358712518599
30.59,30.59,61.18,91.18,91.77,30.59,-1.4910027834389867,0.8814253795853588,0.2262433353080526
30.6,30.6,61.2,91.2,91.80000000000001,30.6,-1.4908489229806532,0.8816855952364349,0.22615100422538173
30.61,30.61,61.22,91.22,91.83,30.61,-1.4906950171084636,0.881945784029833,0.22605887808040095
30.62,30.62,61.24,91.24000000000001,91.86,30.62,-1.4905410658271077,0.882205945957626,0.2259669569495769
30.63,30.63,61.26,91.25999999999999,91.89,30.63,-1.4903870691412744,0.8824660810118888,0.22587524090928765
30.64,30.64,61.28,91.28,91.92,30.64,-1.4902330270556554,0.8827261891846973,0.2257837300358215
30.65,30.65,61.3,91.3,91.94999999999999,30.65,-1.4900789395749419,0.8829862704681296,0.22569242440537762
30.66,30.66,61.32,91.32,91.98,30.66,-1.4899248067038284,0.8832463248542615,0.2256013240940683
30.67,30.67,61.34,91.34,92.01,30.67,-1.4897706284470102,0.8835063523351716,0.2255104291779157
30.68,30.68,61.36,91.36,92.03999999999999,30.68,-1.4896164048091833,0.8837663529029391,0.22541973973285306
30.69,30.69,61.38,91.38,92.07000000000001,30.69,-1.4894621357950464,0.8840263265496444,0.2253292558347244
30.7,30.7,61.4,91.4,92.1,30.7,-1.4893078214092985,0.8842862732673672,0.2252389775592862
30.71,30.71,61.42,91.42,92.13,30.71,-1.4891534616566393,0.884546193048191,0.225148904982204
30.72,30.72,61.43999999999999,91.44,92.16,30.72,-1.4889990565417721,0.8848060858841963,0.22505903817905648
30.73,30.73,61.46,91.46000000000001,92.19,30.73,-1.4888446060694,0.8850659517674669,0.2249693772253319
30.74,30.74,61.48,91.47999999999999,92.22,30.74,-1.488690110244228,0.8853257906900872,0.22487992219642944
30.75,30.75,61.5,91.5,92.25,30.75,-1.4885355690709619,0.8855856026441417,0.22479067316766038
30.76,30.76,61.52,91.52000000000001,92.28,30.76,-1.4883809825543095,0.8858453876217159,0.22470163021424575
30.77,30.77,61.54,91.53999999999999,92.31,30.77,-1.4882263506989797,0.8861051456148966,0.2246127934113181
30.78,30.78,61.56000000000001,91.56,92.34,30.78,-1.4880716735096828,0.8863648766157711,0.22452416283392057
30.79,30.79,61.58,91.58,92.37,30.79,-1.487916950991131,0.8866245806164276,0.22443573855700694
30.8,30.8,61.6,91.6,92.4,30.8,-1.4877621831480365,0.8868842576089556,0.22434752065544186
30.81,30.81,61.62,91.62,92.42999999999999,30.81,-1.4876073699851151,0.8871439075854427,0.22425950920400234
30.82,30.82,61.64,91.64,92.46000000000001,30.82,-1.4874525115070816,0.887403530537982,0.2241717042773732
30.83,30.83,61.66,91.66,92.49,30.83,-1.4872976077186535,0.8876631264586637,0.22408410595015224
30.84,30.84,61.68,91.68,92.52,30.84,-1.4871426586245495,0.8879226953395807,0.223996714296847
30.85,30.85,61.7,91.7,92.55000000000001,30.85,-1.48698766422949,0.8881822371728255,0.22390952939187597
30.86,30.86,61.72,91.72,92.58,30.86,-1.4868326245381955,0.888441751950493,0.22382255130956769
30.87,30.87,61.74,91.74000000000001,92.61,30.87,-1.4866775395553895,0.8887012396646764,0.2237357801241633
30.88,30.88,61.76,91.75999999999999,92.64,30.88,-1.4865224092857967,0.8889607003074714,0.2236492159098124
30.89,30.89,61.78,91.78,92.67,30.89,-1.4863672337341414,0.8892201338709755,0.2235628587405756
30.9,30.9,61.8,91.8,92.69999999999999,30.9,-1.4862120129051506,0.8894795403472863,0.223476708690424
30.91,30.91,61.82,91.82,92.73,30.91,-1.4860567468035542,0.8897389197284994,0.22339076583324066
30.92,30.92,61.84,91.84,92.76,30.92,-1.4859014354340796,0.8899982720067166,0.22330503024281673
30.93,30.93,61.86,91.86,92.78999999999999,30.93,-1.4857460788014594,0.8902575971740355,0.22321950199285595
30.94,30.94,61.88,91.88,92.82000000000001,30.94,-1.4855906769104261,0.8905168952225565,0.22313418115697178
30.95,30.95,61.9,91.9,92.85,30.95,-1.4854352297657125,0.8907761661443824,0.22304906780868725
30.96,30.96,61.92,91.92,92.88,30.96,-1.485279737372054,0.8910354099316152,0.22296416202143635
30.97,30.97,61.93999999999999,91.94,92.91,30.97,-1.485124199734188,0.8912946265763567,0.22287946386856425
30.98,30.98,61.96,91.96000000000001,92.94,30.98,-1.4849686168568523,0.8915538160707107,0.22279497342332574
30.99,30.99,61.98,91.97999999999999,92.97,30.99,-1.484812988744785,0.8918129784067839,0.22271069075888475
31.0,31.0,62.0,92.0,93.0,31.0,-1.484657315402728,0.8920721135766796,0.2226266159483178
31.01,31.01,62.02,92.02000000000001,93.03,31.01,-1.4845015968354234,0.8923312215725041,0.2225427490646106
31.02,31.02,62.04,92.03999999999999,93.06,31.02,-1.4843458330476138,0.8925903023863666,0.2224590901806576
31.03,31.03,62.06000000000001,92.06,93.09,31.03,-1.4841900240440447,0.892849356010373,0.22237563936926624
31.04,31.04,62.08,92.08,93.12,31.04,-1.4840341698294626,0.893108382436632,0.22229239670315248
31.05,31.05,62.1,92.1,93.15,31.05,-1.4838782704086138,0.8933673816572555,0.22220936225494164
31.06,31.06,62.12,92.12,93.17999999999999,31.06,-1.4837223257862486,0.8936263536643516,0.2221265360971713
31.07,31.07,62.14,92.14,93.21000000000001,31.07,-1.483566335967117,0.8938852984500323,0.2220439183022877
31.08,31.08,62.16,92.16,93.24,31.08,-1.4834103009559707,0.8941442160064091,0.22196150894264768
31.09,31.09,62.18,92.18,93.27,31.09,-1.483254220757562,0.894403106325597,0.22187930809051687
31.1,31.1,62.2,92.2,93.30000000000001,31.1,-1.4830980953766466,0.8946619693997075,0.22179731581807316
31.11,31.11,62.22,92.22,93.33,31.11,-1.4829419248179796,0.8949208052208562,0.22171553219740275
31.12,31.12,62.24,92.24000000000001,93.36,31.12,-1.4827857090863183,0.8951796137811583,0.2216339573005022
31.13,31.13,62.26,92.25999999999999,93.39,31.13,-1.4826294481864217,0.8954383950727299,0.2215525911992781
31.14,31.14,62.28,92.28,93.42,31.14,-1.48247314212305,0.8956971490876877,0.22147143396554736
31.15,31.15,62.3,92.3,93.44999999999999,31.15,-1.482316790900963,0.8959558758181512,0.22139048567103561
31.16,31.16,62.32,92.32,93.48,31.16,-1.482160394524925,0.8962145752562376,0.22130974638737944
31.17,31.17,62.34,92.34,93.51,31.17,-1.4820039529996991,0.8964732473940675,0.22122921618612476
31.18,31.18,62.36,92.36,93.53999999999999,31.18,-1.4818474663300523,0.8967318922237596,0.2211488951387282
31.19,31.19,62.38,92.38,93.57000000000001,31.19,-1.4816909345207498,0.8969905097374367,0.2210687833165546
31.2,31.2,62.4,92.4,93.6,31.2,-1.4815343575765607,0.8972490999272205,0.22098888079087953
31.21,31.21,62.42,92.42,93.63,31.21,-1.4813777355022544,0.8975076627852336,0.22090918763288836
31.22,31.22,62.43999999999999,92.44,93.66,31.22,-1.4812210683026017,0.8977661983036,0.22082970391367596
31.23,31.23,62.46,92.46000000000001,93.69,31.23,-1.481064355982375,0.8980247064744444,0.22075042970424655
31.24,31.24,62.48,92.47999999999999,93.72,31.24,-1.480907598546348,0.8982831872898924,0.22067136507551416
31.25,31.25,62.5,92.5,93.75,31.25,-1.4807507959992967,0.8985416407420685,0.2205925100983038
31.26,31.26,62.52,92.52000000000001,93.78,31.26,-1.4805939483459964,0.8988000668231019,0.22051386484334765
31.27,31.27,62.54,92.53999999999999,93.81,31.27,-1.480437055591225,0.8990584655251201,0.22043542938128893
31.28,31.28,62.56000000000001,92.56,93.84,31.28,-1.4802801177397629,0.8993168368402502,0.2203572037826811
31.29,31.29,62.58,92.58,93.87,31.29,-1.4801231347963895,0.8995751807606236,0.22027918811798528
31.3,31.3,62.6,92.6,93.9,31.3,-1.4799661067658867,0.8998334972783705,0.22020138245757323
31.31,31.31,62.62,92.62,93.92999999999999,31.31,-1.4798090336530394,0.9000917863856206,0.2201237868717266
31.32,31.32,62.64,92.64,93.96000000000001,31.32,-1.4796519154626306,0.9003500480745074,0.22004640143063559
31.33,31.33,62.66,92.66,93.99,31.33,-1.479494752199447,0.9006082823371634,0.21996922620440015
31.34,31.34,62.68,92.68,94.02,31.34,-1.479337543868276,0.9008664891657231,0.21989226126302916
31.35,31.35,62.7,92.7,94.05000000000001,31.35,-1.4791802904739073,0.9011246685523192,0.2198155066764423
31.36,31.36,62.72,92.72,94.08,31.36,-1.4790229920211293,0.9013828204890892,0.2197389625144671
31.37,31.37,62.74,92.74000000000001,94.11,31.37,-1.4788656485147353,0.9016409449681679,0.2196626288468412
31.38,31.38,62.76,92.75999999999999,94.14,31.38,-1.4787082599595178,0.9018990419816921,0.2195865057432117
31.39,31.39,62.78,92.78,94.17,31.39,-1.478550826360271,0.9021571115218013,0.2195105932731336
31.4,31.4,62.8,92.8,94.19999999999999,31.4,-1.4783933477217897,0.9024151535806341,0.2194348915060727
31.41,31.41,62.82,92.82,94.23,31.41,-1.4782358240488722,0.9026731681503285,0.21935940051140382
31.42,31.42,62.84,92.84,94.26,31.42,-1.4780782553463168,0.902931155223026,0.21928412035841033
31.43,31.43,62.86,92.86,94.28999999999999,31.43,-1.477920641618923,0.9031891147908675,0.2192090511162854
31.44,31.44,62.88,92.88,94.32000000000001,31.44,-1.4777629828714918,0.9034470468459955,0.2191341928541308
31.45,31.45,62.9,92.9,94.35,31.45,-1.4776052791088268,0.903704951380552,0.21905954564095798
31.46,31.46,62.92,92.92,94.38,31.46,-1.4774475303357302,0.9039628283866827,0.21898510954568637
31.47,31.47,62.93999999999999,92.94,94.41,31.47,-1.4772897365570086,0.9042206778565306,0.21891088463714609
31.48,31.48,62.96,92.96000000000001,94.44,31.48,-1.4771318977774688,0.9044784997822409,0.21883687098407584
31.49,31.49,62.98,92.97999999999999,94.47,31.49,-1.4769740140019176,0.9047362941559618,0.21876306865512188
31.5,31.5,63.0,93.0,94.5,31.5,-1.4768160852351655,0.9049940609698386,0.2186894777188418
31.51,31.51,63.02,93.02000000000001,94.53,31.51,-1.4766581114820232,0.9052518002160199,0.21861609824370032
31.52,31.52,63.04,93.03999999999999,94.56,31.52,-1.4765000927473022,0.9055095118866545,0.21854293029807217
31.53,31.53,63.06000000000001,93.06,94.59,31.53,-1.476342029035817,0.9057671959738922,0.21846997395024034
31.54,31.54,63.08,93.08,94.62,31.54,-1.4761839203523814,0.9060248524698832,0.21839722926839747
31.55,31.55,63.1,93.1,94.65,31.55,-1.4760257667018124,0.9062824813667789,0.21832469632064447
31.56,31.56,63.12,93.12,94.67999999999999,31.56,-1.4758675680889277,0.9065400826567318,0.21825237517499077
31.57,31.57,63.14,93.14,94.71000000000001,31.57,-1.475709324518546,0.9067976563318944,0.21818026589935602
31.58,31.58,63.16,93.16,94.74,31.58,-1.475551035995488,0.9070552023844203,0.2181083685615676
31.59,31.59,63.18,93.18,94.77,31.59,-1.4753927025245746,0.9073127208064661,0.21803668322936087
31.6,31.6,63.2,93.2,94.80000000000001,31.6,-1.4752343241106296,0.9075702115901852,0.21796520997038218
31.61,31.61,63.22,93.22,94.83,31.61,-1.4750759007584768,0.9078276747277357,0.21789394885218458
31.62,31.62,63.24,93.24000000000001,94.86,31.62,-1.474917432472944,0.9080851102112723,0.2178228999422318
31.63,31.63,63.26,93.25999999999999,94.89,31.63,-1.4747589192588564,0.9083425180329553,0.2177520633078938
31.64,31.64,63.28,93.28,94.92,31.64,-1.474600361121043,0.9085998981849431,0.2176814390164511
31.65,31.65,63.3,93.3,94.94999999999999,31.65,-1.4744417580643343,0.9088572506593952,0.21761102713509237
31.66,31.66,63.32,93.32,94.98,31.66,-1.4742831100935612,0.9091145754484723,0.21754082773091443
31.67,31.67,63.34,93.34,95.01,31.67,-1.4741244172135561,0.9093718725443367,0.21747084087092275
31.68,31.68,63.36,93.36,95.03999999999999,31.68,-1.473965679429154,0.909629141939149,0.21740106662203257
31.69,31.69,63.38,93.38,95.07000000000001,31.69,-1.4738068967451898,0.9098863836250725,0.21733150505106685
31.7,31.7,63.4,93.4,95.1,31.7,-1.4736480691665004,0.9101435975942724,0.21726215622475592
31.71,31.71,63.42,93.42,95.13,31.71,-1.4734891966979233,0.9104007838389138,0.21719302020973977
31.72,31.72,63.43999999999999,93.44,95.16,31.72,-1.4733302793442993,0.9106579423511602,0.21712409707256788
31.73,31.73,63.46,93.46000000000001,95.19,31.73,-1.4731713171104681,0.9109150731231797,0.21705538687969633
31.74,31.74,63.48,93.47999999999999,95.22,31.74,-1.4730123100012724,0.9111721761471404,0.21698688969748928
31.75,31.75,63.5,93.5,95.25,31.75,-1.4728532580215563,0.9114292514152078,0.21691860559222279
31.76,31.76,63.52,93.52000000000001,95.28,31.76,-1.4726941611761644,0.9116862989195534,0.21685053463007659
31.77,31.77,63.54,93.53999999999999,95.31,31.77,-1.4725350194699425,0.911943318652347,0.21678267687714164
31.78,31.78,63.56000000000001,93.56,95.34,31.78,-1.472375832907739,0.9122003106057579,0.21671503239941728
31.79,31.79,63.58,93.58,95.37,31.79,-1.4722166014944036,0.9124572747719576,0.21664760126281027
31.8,31.8,63.6,93.6,95.4,31.8,-1.4720573252347853,0.9127142111431207,0.21658038353313472
31.81,31.81,63.62,93.62,95.42999999999999,31.81,-1.471898004133737,0.9129711197114185,0.21651337927611528
31.82,31.82,63.64,93.64,95.46000000000001,31.82,-1.471738638196112,0.9132280004690251,0.2164465885573838
31.83,31.83,63.66,93.66,95.49,31.83,-1.471579227426764,0.9134848534081165,0.21638001144247937
31.84,31.84,63.68,93.68,95.52,31.84,-1.4714197718305493,0.9137416785208686,0.21631364799685016
31.85,31.85,63.7,93.7,95.55000000000001,31.85,-1.471260271412325,0.9139984757994571,0.21624749828585305
31.86,31.86,63.72,93.72,95.58,31.86,-1.4711007261769506,0.9142552452360599,0.21618156237475203
31.87,31.87,63.74,93.74000000000001,95.61,31.87,-1.4709411361292855,0.9145119868228553,0.2161158403287199
31.88,31.88,63.76,93.75999999999999,95.64,31.88,-1.4707815012741912,0.9147687005520226,0.21605033221283687
31.89,31.89,63.78,93.78,95.67,31.89,-1.4706218216165305,0.9150253864157414,0.21598503809209207
31.9,31.9,63.8,93.8,95.69999999999999,31.9,-1.470462097161167,0.9152820444061942,0.21591995803138123
31.91,31.91,63.82,93.82,95.73,31.91,-1.4703023279129668,0.9155386745155608,0.2158550920955102
31.92,31.92,63.84,93.84,95.76,31.92,-1.4701425138767963,0.9157952767360255,0.21579044034919082
31.93,31.93,63.86,93.86,95.78999999999999,31.93,-1.4699826550575246,0.9160518510597694,0.21572600285704485
31.94,31.94,63.88,93.88,95.82000000000001,31.94,-1.4698227514600204,0.916308397478979,0.2156617796835998
31.95,31.95,63.9,93.9,95.85,31.95,-1.469662803089155,0.9165649159858387,0.21559777089329252
31.96,31.96,63.92,93.92,95.88,31.96,-1.4695028099498004,0.9168214065725342,0.21553397655046794
31.97,31.97,63.93999999999999,93.94,95.91,31.97,-1.4693427720468306,0.917077869231253,0.21547039671937773
31.98,31.98,63.96,93.96000000000001,95.94,31.98,-1.4691826893851205,0.9173343039541823,0.21540703146418252
31.99,31.99,63.98,93.97999999999999,95.97,31.99,-1.4690225619695465,0.9175907107335108,0.21534388084894995
32.0,32.0,64.0,94.0,96.0,32.0,-1.4688623898049864,0.9178470895614278,0.21528094493765632
32.01,32.01,64.02,94.02,96.03,32.01,-1.4687021728963194,0.9181034404301237,0.21521822379418462
32.02,32.02,64.04,94.04,96.06,32.02,-1.4685419112484253,0.9183597633317904,0.21515571748232626
32.03,32.03,64.06,94.06,96.09,32.03,-1.4683816048661873,0.9186160582586176,0.2150934260657812
32.04,32.04,64.08,94.08,96.12,32.04,-1.4682212537544874,0.9188723252028002,0.2150313496081556
32.05,32.05,64.1,94.1,96.14999999999999,32.05,-1.4680608579182104,0.9191285641565318,0.2149694881729633
32.06,32.06,64.12,94.12,96.18,32.06,-1.4679004173622432,0.9193847751120049,0.214907841823628
32.07,32.07,64.14,94.14,96.21000000000001,32.07,-1.467739932091472,0.919640958061417,0.21484641062347834
32.08,32.08,64.16,94.16,96.24,32.08,-1.4675794021107857,0.9198971129969636,0.21478519463575182
32.09,32.09,64.18,94.18,96.27000000000001,32.09,-1.4674188274250746,0.9201532399108419,0.21472419392359385
32.1,32.1,64.2,94.2,96.30000000000001,32.1,-1.4672582080392296,0.9204093387952494,0.21466340855005703
32.11,32.11,64.22,94.22,96.33,32.11,-1.4670975439581437,0.9206654096423862,0.2146028385781006
32.12,32.12,64.24,94.24,96.35999999999999,32.12,-1.4669368351867114,0.9209214524444499,0.2145424840705937
32.13,32.13,64.26,94.26,96.39000000000001,32.13,-1.4667760817298279,0.9211774671936417,0.21448234509031106
32.14,32.14,64.28,94.28,96.42,32.14,-1.46661528359239,0.9214334538821637,0.2144224216999347
32.15,32.15,64.3,94.3,96.44999999999999,32.15,-1.4664544407792952,0.9216894125022181,0.21436271396205514
32.16,32.16,64.32,94.32,96.47999999999999,32.16,-1.4662935532954446,0.9219453430460065,0.2143032219391704
32.17,32.17,64.34,94.34,96.51,32.17,-1.4661326211457375,0.9222012455057352,0.21424394569368427
32.18,32.18,64.36,94.36,96.53999999999999,32.18,-1.4659716443350772,0.9224571198736067,0.21418488528791052
32.19,32.19,64.38,94.38,96.57,32.19,-1.4658106228683674,0.9227129661418269,0.21412604078406863
32.2,32.2,64.4,94.4,96.60000000000001,32.2,-1.4656495567505126,0.9229687843026035,0.21406741224428488
32.21,32.21,64.42,94.42,96.63,32.21,-1.4654884459864186,0.9232245743481439,0.21400899973059404
32.22,32.22,64.44,94.44,96.66,32.22,-1.4653272905809944,0.923480336270655,0.21395080330493801
32.23,32.23,64.46,94.46,96.69,32.23,-1.4651660905391486,0.9237360700623458,0.2138928230291661
32.24,32.24,64.48,94.48,96.72,32.24,-1.465004845865791,0.923991775715428,0.21383505896503383
32.25,32.25,64.5,94.5,96.75,32.25,-1.4648435565658342,0.9242474532221108,0.2137775111742051
32.26,32.26,64.52,94.52,96.78,32.26,-1.4646822226441913,0.9245031025746052,0.21372017971825139
32.27,32.27,64.54,94.54,96.81,32.27,-1.464520844105776,0.9247587237651262,0.21366306465864895
32.28,32.28,64.56,94.56,96.84,32.28,-1.4643594209555049,0.9250143167858851,0.21360616605678412
32.29,32.29,64.58,94.58,96.87,32.29,-1.4641979531982958,0.9252698816290961,0.21354948397394846
32.3,32.3,64.6,94.6,96.89999999999999,32.3,-1.4640364408390654,0.9255254182869758,0.2134930184713416
32.31,32.31,64.62,94.62,96.93,32.31,-1.4638748838827353,0.9257809267517384,0.2134367696100701
32.32,32.32,64.64,94.64,96.96000000000001,32.32,-1.4637132823342265,0.9260364070156015,0.21338073745114722
32.33,32.33,64.66,94.66,96.99,32.33,-1.4635516361984617,0.9262918590707818,0.21332492205549394
32.34,32.34,64.68,94.68,97.02000000000001,32.34,-1.4633899454803638,0.9265472829095001,0.21326932348393685
32.35,32.35,64.7,94.7,97.05000000000001,32.35,-1.46322821018486,0.9268026785239734,0.21321394179721143
32.36,32.36,64.72,94.72,97.08,32.36,-1.4630664303168752,0.9270580459064234,0.21315877705595887
32.37,32.37,64.74,94.74,97.10999999999999,32.37,-1.4629046058813393,0.927313385049069,0.21310382932072877
32.38,32.38,64.76,94.76,97.14000000000001,32.38,-1.4627427368831807,0.9275686959441344,0.2130490986519752
32.39,32.39,64.78,94.78,97.17,32.39,-1.46258082332733,0.9278239785838416,0.21299458511006142
32.4,32.4,64.8,94.8,97.19999999999999,32.4,-1.46241886521872,0.9280792329604144,0.2129402887552563
32.41,32.41,64.82,94.82,97.22999999999999,32.41,-1.4622568625622838,0.9283344590660769,0.21288620964773655
32.42,32.42,64.84,94.84,97.26,32.42,-1.4620948153629563,0.9285896568930555,0.21283234784758454
32.43,32.43,64.86,94.86,97.28999999999999,32.43,-1.4619327236256745,0.9288448264335741,0.21277870341479144
32.44,32.44,64.88,94.88,97.32,32.44,-1.4617705873553752,0.9290999676798622,0.21272527640925243
32.45,32.45,64.9,94.9,97.35000000000001,32.45,-1.4616084065569974,0.9293550806241467,0.2126720668907722
32.46,32.46,64.92,94.92,97.38,32.46,-1.461446181235481,0.9296101652586576,0.2126190749190599
32.47,32.47,64.94,94.94,97.41,32.47,-1.4612839113957694,0.9298652215756219,0.21256630055373396
32.48,32.48,64.96,94.96,97.44,32.48,-1.461121597042804,0.9301202495672727,0.21251374385431682
32.49,32.49,64.98,94.98,97.47,32.49,-1.460959238181529,0.9303752492258411,0.21246140488023937
32.5,32.5,65.0,95.0,97.5,32.5,-1.4607968348168916,0.9306302205435576,0.21240928369083936
32.51,32.51,65.02,95.02,97.53,32.51,-1.4606343869538378,0.9308851635126568,0.2123573803453598
32.52,32.52,65.04,95.04,97.56,32.52,-1.4604718945973159,0.9311400781253735,0.212305694902951
32.53,32.53,65.06,95.06,97.59,32.53,-1.4603093577522765,0.9313949643739399,0.21225422742267114
32.54,32.54,65.08,95.08,97.62,32.54,-1.4601467764236704,0.931649822250594,0.21220297796348253
32.55,32.55,65.1,95.1,97.64999999999999,32.55,-1.4599841506164495,0.9319046517475724,0.21215194658425565
32.56,32.56,65.12,95.12,97.68,32.56,-1.4598214803355687,0.9321594528571111,0.2121011333437679
32.57,32.57,65.14,95.14,97.71000000000001,32.57,-1.459658765585983,0.9324142255714485,0.21205053830070247
32.58,32.58,65.16,95.16,97.74,32.58,-1.4594960063726483,0.932668969882825,0.2120001615136487
32.59,32.59,65.18,95.18,97.77000000000001,32.59,-1.4593332027005226,0.9329236857834808,0.21195000304110267
32.6,32.6,65.2,95.2,97.80000000000001,32.6,-1.4591703545745665,0.9331783732656547,0.2119000629414683
32.61,32.61,65.22,95.22,97.83,32.61,-1.4590074619997386,0.9334330323215912,0.21185034127305308
32.62,32.62,65.24,95.24,97.85999999999999,32.62,-1.4588445249810025,0.9336876629435309,0.211800838094074
32.63,32.63,65.26,95.26,97.89000000000001,32.63,-1.4586815435233214,0.9339422651237175,0.21175155346265298
32.64,32.64,65.28,95.28,97.92,32.64,-1.4585185176316593,0.9341968388543964,0.21170248743681755
32.65,32.65,65.3,95.3,97.94999999999999,32.65,-1.4583554473109819,0.9344513841278128,0.2116536400745029
32.66,32.66,65.32,95.32,97.97999999999999,32.66,-1.458192332566258,0.9347059009362118,0.21160501143355037
32.67,32.67,65.34,95.34,98.01,32.67,-1.4580291734024553,0.9349603892718409,0.21155660157170725
32.68,32.68,65.36,95.36,98.03999999999999,32.68,-1.4578659698245444,0.9352148491269481,0.21150841054662703
32.69,32.69,65.38,95.38,98.07,32.69,-1.4577027218374965,0.9354692804937816,0.21146043841586998
32.7,32.7,65.4,95.4,98.10000000000001,32.7,-1.4575394294462851,0.935723683364591,0.21141268523690215
32.71,32.71,65.42,95.42,98.13,32.71,-1.4573760926558827,0.9359780577316281,0.2113651510670958
32.72,32.72,65.44,95.44,98.16,32.72,-1.4572127114712667,0.9362324035871428,0.21131783596372972
32.73,32.73,65.46,95.46,98.19,32.73,-1.4570492858974133,0.9364867209233867,0.21127073998398943
32.74,32.74,65.48,95.48,98.22,32.74,-1.4568858159392999,0.9367410097326154,0.21122386318496456
32.75,32.75,65.5,95.5,98.25,32.75,-1.4567223016019073,0.9369952700070805,0.21117720562365339
32.76,32.76,65.52,95.52,98.28,32.76,-1.4565587428902158,0.9372495017390374,0.211130767356959
32.77,32.77,65.54,95.54,98.31,32.77,-1.4563951398092079,0.9375037049207419,0.2110845484416907
32.78,32.78,65.56,95.56,98.34,32.78,-1.4562314923638668,0.9377578795444507,0.21103854893456397
32.79,32.79,65.58,95.58,98.37,32.79,-1.4560678005591785,0.9380120256024208,0.21099276889219995
32.8,32.8,65.6,95.6,98.39999999999999,32.8,-1.455904064400128,0.9382661430869107,0.21094720837112715
32.81,32.81,65.62,95.62,98.43,32.81,-1.4557402838917042,0.9385202319901796,0.21090186742777803
32.82,32.82,65.64,95.64,98.46000000000001,32.82,-1.455576459038895,0.9387742923044874,0.21085674611849325
32.83,32.83,65.66,95.66,98.49,32.83,-1.4554125898466923,0.9390283240220944,0.21081184449951798
32.84,32.84,65.68,95.68,98.52000000000001,32.84,-1.4552486763200858,0.939282327135264,0.21076716262700357
32.85,32.85,65.7,95.7,98.55000000000001,32.85,-1.4550847184640705,0.9395363016362576,0.21072270055700718
32.86,32.86,65.72,95.72,98.58,32.86,-1.4549207162836393,0.9397902475173392,0.21067845834549284
32.87,32.87,65.74,95.74,98.60999999999999,32.87,-1.4547566697837897,0.9400441647707715,0.21063443604833026
32.88,32.88,65.76,95.76,98.64000000000001,32.88,-1.4545925789695173,0.9402980533888218,0.21059063372129372
32.89,32.89,65.78,95.78,98.67,32.89,-1.4544284438458215,0.9405519133637557,0.21054705142006427
32.9,32.9,65.8,95.8,98.69999999999999,32.9,-1.4542642644177013,0.9408057446878404,0.21050368920022886
32.91,32.91,65.82,95.82,98.72999999999999,32.91,-1.4541000406901594,0.9410595473533421,0.21046054711728085
32.92,32.92,65.84,95.84,98.76,32.92,-1.453935772668196,0.9413133213525319,0.21041762522661794
32.93,32.93,65.86,95.86,98.78999999999999,32.93,-1.4537714603568173,0.9415670666776776,0.21037492358354468
32.94,32.94,65.88,95.88,98.82,32.94,-1.4536071037610279,0.9418207833210499,0.21033244224327116
32.95,32.95,65.9,95.9,98.85000000000001,32.95,-1.4534427028858337,0.942074471274921,0.21029018126091267
32.96,32.96,65.92,95.92,98.88,32.96,-1.4532782577362424,0.9423281305315635,0.21024814069149084
32.97,32.97,65.94,95.94,98.91,32.97,-1.4531137683172648,0.9425817610832485,0.21020632058993308
32.98,32.98,65.96,95.96,98.94,32.98,-1.4529492346339103,0.9428353629222518,0.2101647210110718
32.99,32.99,65.98,95.98,98.97,32.99,-1.4527846566911908,0.9430889360408481,0.21012334200964541
33.0,33.0,66.0,96.0,99.0,33.0,-1.4526200344941205,0.9433424804313121,0.21008218364029843
33.01,33.01,66.02,96.02,99.03,33.01,-1.4524553680477137,0.9435959960859202,0.2100412459575809
33.02,33.02,66.04,96.04,99.06,33.02,-1.4522906573569858,0.9438494829969519,0.21000052901594657
33.03,33.03,66.06,96.06,99.09,33.03,-1.4521259024269553,0.9441029411566837,0.20996003286975745
33.04,33.04,66.08,96.08,99.12,33.04,-1.4519611032626405,0.9443563705573947,0.20991975757328013
33.05,33.05,66.1,96.1,99.14999999999999,33.05,-1.4517962598690606,0.9446097711913669,0.2098797031806854
33.06,33.06,66.12,96.12,99.18,33.06,-1.4516313722512382,0.9448631430508795,0.2098398697460518
33.07,33.07,66.14,96.14,99.21000000000001,33.07,-1.451466440414196,0.9451164861282143,0.20980025732336194
33.08,33.08,66.16,96.16,99.24,33.08,-1.4513014643629571,0.9453698004156552,0.20976086596650398
33.09,33.09,66.18,96.18,99.27000000000001,33.09,-1.4511364441025474,0.9456230859054857,0.20972169572927174
33.1,33.1,66.2,96.2,99.30000000000001,33.1,-1.4509713796379944,0.9458763425899894,0.20968274666536454
33.11,33.11,66.22,96.22,99.33,33.11,-1.4508062709743255,0.9461295704614521,0.20964401882838743
33.12,33.12,66.24,96.24,99.35999999999999,33.12,-1.4506411181165704,0.9463827695121602,0.20960551227184981
33.13,33.13,66.26,96.26,99.39000000000001,33.13,-1.45047592106976,0.9466359397344002,0.20956722704916805
33.14,33.14,66.28,96.28,99.42,33.14,-1.450310679838927,0.9468890811204601,0.20952916321366236
33.15,33.15,66.3,96.3,99.44999999999999,33.15,-1.4501453944291034,0.9471421936626306,0.20949132081855826
33.16,33.16,66.32,96.32,99.47999999999999,33.16,-1.4499800648453254,0.9473952773531992,0.20945369991698828
33.17,33.17,66.34,96.34,99.51,33.17,-1.4498146910926288,0.9476483321844581,0.20941630056198812
33.18,33.18,66.36,96.36,99.53999999999999,33.18,-1.449649273176052,0.9479013581486969,0.20937912280650095
33.19,33.19,66.38,96.38,99.57,33.19,-1.4494838111006327,0.9481543552382097,0.2093421667033731
33.2,33.2,66.4,96.4,99.60000000000001,33.2,-1.4493183048714116,0.9484073234452893,0.2093054323053574
33.21,33.21,66.42,96.42,99.63,33.21,-1.4491527544934306,0.9486602627622297,0.2092689196651113
33.22,33.22,66.44,96.44,99.66,33.22,-1.448987159971732,0.9489131731813262,0.20923262883519775
33.23,33.23,66.46,96.46,99.69,33.23,-1.448821521311361,0.9491660546948744,0.20919655986808472
33.24,33.24,66.48,96.48,99.72,33.24,-1.4486558385173625,0.9494189072951712,0.20916071281614565
33.25,33.25,66.5,96.5,99.75,33.25,-1.448490111594784,0.9496717309745144,0.20912508773165855
33.26,33.26,66.52,96.52,99.78,33.26,-1.4483243405486732,0.9499245257252025,0.2090896846668071
33.27,33.27,66.54,96.54,99.81,33.27,-1.4481585253840799,0.9501772915395353,0.20905450367367956
33.28,33.28,66.56,96.56,99.84,33.28,-1.447992666106056,0.9504300284098115,0.2090195448042704
33.29,33.29,66.58,96.58,99.87,33.29,-1.447826762719653,0.9506827363283341,0.20898480811047698
33.3,33.3,66.6,96.6,99.89999999999999,33.3,-1.4476608152299244,0.9509354152874052,0.20895029364410359
33.31,33.31,66.62,96.62,99.93,33.31,-1.4474948236419267,0.951188065279326,0.20891600145685932
33.32,33.32,66.64,96.64,99.96000000000001,33.32,-1.4473287879607146,0.951440686296402,0.2088819316003573
33.33,33.33,66.66,96.66,99.99,33.33,-1.4471627081913467,0.9516932783309372,0.2088480841261166
33.34,33.34,66.68,96.68,100.02000000000001,33.34,-1.4469965843388815,0.9519458413752382,0.20881445908556034
33.35,33.35,66.7,96.7,100.05000000000001,33.35,-1.4468304164083805,0.9521983754216095,0.20878105653001797
33.36,33.36,66.72,96.72,100.08,33.36,-1.4466642044049038,0.9524508804623607,0.20874787651072219
33.37,33.37,66.74,96.74,100.10999999999999,33.37,-1.4464979483335163,0.9527033564897984,0.2087149190788117
33.38,33.38,66.76,96.76,100.14000000000001,33.38,-1.4463316481992818,0.9529558034962318,0.20868218428533028
33.39,33.39,66.78,96.78,100.17,33.39,-1.4461653040072655,0.953208221473972,0.20864967218122532
33.4,33.4,66.8,96.8,100.19999999999999,33.4,-1.4459989157625346,0.9534606104153301,0.20861738281734973
33.41,33.41,66.82,96.82,100.22999999999999,33.41,-1.4458324834701588,0.9537129703126158,0.20858531624446242
33.42,33.42,66.84,96.84,100.26,33.42,-1.445666007135206,0.9539653011581447,0.20855347251322454
33.43,33.43,66.86,96.86,100.28999999999999,33.43,-1.445499486762749,0.954217602944228,0.20852185167420462
33.44,33.44,66.88,96.88,100.32,33.44,-1.44533292235786,0.9544698756631809,0.2084904537778744
33.45,33.45,66.9,96.9,100.35000000000001,33.45,-1.4451663139256128,0.9547221193073181,0.20845927887461121
33.46,33.46,66.92,96.92,100.38,33.46,-1.4449996614710814,0.9549743338689579,0.20842832701469585
33.47,33.47,66.94,96.94,100.41,33.47,-1.4448329649993437,0.9552265193404154,0.20839759824831547
33.48,33.48,66.96,96.96,100.44,33.48,-1.4446662245154775,0.9554786757140085,0.20836709262556105
33.49,33.49,66.98,96.98,100.47,33.49,-1.4444994400245608,0.955730802982058,0.20833681019642766
33.5,33.5,67.0,97.0,100.5,33.5,-1.4443326115316755,0.955982901136882,0.2083067510108164
33.51,33.51,67.02,97.02,100.53,33.51,-1.4441657390419034,0.956234970170801,0.208276915118532
33.52,33.52,67.04,97.04,100.56,33.52,-1.4439988225603264,0.9564870100761383,0.20824730256928387
33.53,33.53,67.06,97.06,100.59,33.53,-1.4438318620920305,0.9567390208452146,0.2082179134126867
33.54,33.54,67.08,97.08,100.62,33.54,-1.443664857642101,0.9569910024703536,0.2081887476982592
33.55,33.55,67.1,97.1,100.64999999999999,33.55,-1.443497809215625,0.9572429549438799,0.20815980547542462
33.56,33.56,67.12,97.12,100.68,33.56,-1.4433307168176914,0.9574948782581182,0.20813108679351106
33.57,33.57,67.14,97.14,100.71000000000001,33.57,-1.4431635804533902,0.9577467724053946,0.20810259170175066
33.58,33.58,67.16,97.16,100.74,33.58,-1.4429964001278126,0.9579986373780356,0.20807432024928083
33.59,33.59,67.18,97.18,100.77000000000001,33.59,-1.4428291758460507,0.9582504731683705,0.20804627248514196
33.6,33.6,67.2,97.2,100.80000000000001,33.6,-1.4426619076131988,0.9585022797687263,0.20801844845828124
33.61,33.61,67.22,97.22,100.83,33.61,-1.4424945954343522,0.9587540571714335,0.20799084821754799
33.62,33.62,67.24,97.24,100.85999999999999,33.62,-1.4423272393146083,0.9590058053688209,0.20796347181169794
33.63,33.63,67.26,97.26,100.89000000000001,33.63,-1.4421598392590638,0.9592575243532215,0.20793631928938952
33.64,33.64,67.28,97.28,100.92,33.64,-1.4419923952728182,0.9595092141169672,0.20790939069918696
33.65,33.65,67.3,97.3,100.94999999999999,33.65,-1.4418249073609728,0.9597608746523907,0.2078826860895575
33.66,33.66,67.32,97.32,100.97999999999999,33.66,-1.441657375528629,0.9600125059518261,0.20785620550887393
33.67,33.67,67.34,97.34,101.01,33.67,-1.44148979978089,0.9602641080076091,0.20782994900541274
33.68,33.68,67.36,97.36,101.03999999999999,33.68,-1.4413221801228617,0.9605156808120733,0.2078039166273552
33.69,33.69,67.38,97.38,101.07,33.69,-1.4411545165596487,0.9607672243575573,0.2077781084227861
33.7,33.7,67.4,97.4,101.10000000000001,33.7,-1.4409868090963587,0.9610187386363983,0.20775252443969552
33.71,33.71,67.42,97.42,101.13,33.71,-1.4408190577381,0.9612702236409352,0.2077271647259766
33.72,33.72,67.44,97.44,101.16,33.72,-1.4406512624899839,0.9615216793635052,0.20770202932942847
33.73,33.73,67.46,97.46,101.19,33.73,-1.4404834233571204,0.9617731057964506,0.20767711829775273
33.74,33.74,67.48,97.48,101.22,33.74,-1.4403155403446224,0.9620245029321126,0.20765243167855568
33.75,33.75,67.5,97.5,101.25,33.75,-1.440147613457605,0.9622758707628313,0.20762796951934878
33.76,33.76,67.52,97.52,101.28,33.76,-1.4399796427011822,0.962527209280951,0.20760373186754666
33.77,33.77,67.54,97.54,101.31,33.77,-1.4398116280804705,0.9627785184788163,0.207579718770468
33.78,33.78,67.56,97.56,101.34,33.78,-1.4396435696005898,0.9630297983487696,0.2075559302753365
33.79,33.79,67.58,97.58,101.37,33.79,-1.4394754672666574,0.9632810488831584,0.2075323664292792
33.8,33.8,67.6,97.6,101.39999999999999,33.8,-1.4393073210837948,0.963532270074329,0.20750902727932727
33.81,33.81,67.62,97.62,101.43,33.81,-1.4391391310571244,0.9637834619146276,0.20748591287241686
33.82,33.82,67.64,97.64,101.46000000000001,33.82,-1.4389708971917696,0.9640346243964025,0.2074630232553875
33.83,33.83,67.66,97.66,101.49,33.83,-1.4388026194928545,0.9642857575120042,0.20744035847498235
33.84,33.84,67.68,97.68,101.52000000000001,33.84,-1.438634297965505,0.9645368612537827,0.207417918577849
33.85,33.85,67.7,97.7,101.55000000000001,33.85,-1.4384659326148492,0.9647879356140869,0.20739570361053994
33.86,33.86,67.72,97.72,101.58,33.86,-1.438297523446015,0.9650389805852714,0.20737371361950993
33.87,33.87,67.74,97.74,101.60999999999999,33.87,-1.4381290704641332,0.9652899961596868,0.20735194865111925
33.88,33.88,67.76,97.76,101.64000000000001,33.88,-1.4379605736743346,0.9655409823296877,0.20733040875163125
33.89,33.89,67.78,97.78,101.67,33.89,-1.4377920330817529,0.9657919390876276,0.20730909396721392
33.9,33.9,67.8,97.8,101.69999999999999,33.9,-1.4376234486915203,0.966042866425864,0.20728800434393793
33.91,33.91,67.82,97.82,101.72999999999999,33.91,-1.4374548205087736,0.9662937643367514,0.20726713992777945
33.92,33.92,67.84,97.84,101.76,33.92,-1.4372861485386492,0.9665446328126474,0.20724650076461784
33.93,33.93,67.86,97.86,101.78999999999999,33.93,-1.4371174327862852,0.9667954718459103,0.2072260869002356
33.94,33.94,67.88,97.88,101.82,33.94,-1.436948673256821,0.967046281428899,0.20720589838032016
33.95,33.95,67.9,97.9,101.85000000000001,33.95,-1.4367798699553975,0.9672970615539729,0.20718593525046283
33.96,33.96,67.92,97.92,101.88,33.96,-1.4366110228871556,0.9675478122134946,0.20716619755615728
33.97,33.97,67.94,97.94,101.91,33.97,-1.43644213205724,0.967798533399824,0.2071466853428028
33.98,33.98,67.96,97.96,101.94,33.98,-1.4362731974707947,0.9680492251053244,0.20712739865570143
33.99,33.99,67.98,97.98,101.97,33.99,-1.4361042191329663,0.9682998873223589,0.20710833754005936
34.0,34.0,68.0,98.0,102.0,34.0,-1.4359351970489014,0.9685505200432923,0.20708950204098658
34.01,34.01,68.02,98.02,102.03,34.01,-1.4357661312237495,0.9688011232604897,0.2070708922034961
34.02,34.02,68.04,98.04,102.06,34.02,-1.4355970216626601,0.9690516969663173,0.20705250807250591
34.03,34.03,68.06,98.06,102.09,34.03,-1.4354278683707848,0.9693022411531422,0.20703434969283618
34.04,34.04,68.08,98.08,102.12,34.04,-1.4352586713532764,0.9695527558133326,0.2070164171092121
34.05,34.05,68.1,98.1,102.14999999999999,34.05,-1.4350894306152882,0.9698032409392576,0.20699871036626172
34.06,34.06,68.12,98.12,102.18,34.06,-1.434920146161977,0.9700536965232854,0.20698122950851788
34.07,34.07,68.14,98.14,102.21000000000001,34.07,-1.4347508179984982,0.9703041225577885,0.20696397458041496
34.08,34.08,68.16,98.16,102.24,34.08,-1.4345814461300104,0.9705545190351378,0.2069469456262931
34.09,34.09,68.18,98.18,102.27000000000001,34.09,-1.4344120305616728,0.9708048859477059,0.20693014269039456
34.1,34.1,68.2,98.2,102.30000000000001,34.1,-1.4342425712986462,0.9710552232878662,0.20691356581686607
34.11,34.11,68.22,98.22,102.33,34.11,-1.434073068346092,0.9713055310479933,0.20689721504975747
34.12,34.12,68.24,98.24,102.35999999999999,34.12,-1.4339035217091751,0.9715558092204609,0.20688109043302258
34.13,34.13,68.26,98.26,102.39000000000001,34.13,-1.4337339313930588,0.971806057797647,0.20686519201051806
34.14,34.14,68.28,98.28,102.42,34.14,-1.4335642974029095,0.9720562767719274,0.206849519826005
34.15,34.15,68.3,98.3,102.44999999999999,34.15,-1.433394619743894,0.9723064661356814,0.2068340739231466
34.16,34.16,68.32,98.32,102.47999999999999,34.16,-1.4332248984211826,0.9725566258812852,0.2068188543455115
34.17,34.17,68.34,98.34,102.51,34.17,-1.4330551334399435,0.9728067560011215,0.20680386113656984
34.18,34.18,68.36,98.36,102.53999999999999,34.18,-1.4328853248053488,0.973056856487569,0.20678909433969694
34.19,34.19,68.37999999999998,98.37999999999998,102.56999999999998,34.19,-1.432715472522572,0.9733069273330087,0.2067745539981703
34.2,34.2,68.4,98.4,102.60000000000001,34.2,-1.4325455765967858,0.9735569685298249,0.20676024015517086
34.21,34.21,68.42,98.42,102.63,34.21,-1.4323756370331653,0.9738069800704007,0.20674615285378356
34.22,34.22,68.44,98.44,102.66,34.22,-1.4322056538368888,0.974056961947118,0.20673229213699737
34.23,34.23,68.46,98.46,102.69,34.23,-1.4320356270131331,0.9743069141523644,0.20671865804770248
34.24,34.24,68.48,98.48,102.72,34.24,-1.431865556567077,0.9745568366785256,0.2067052506286943
34.25,34.25,68.5,98.5,102.75,34.25,-1.4316954425039026,0.9748067295179873,0.20669206992267092
34.26,34.26,68.52,98.52,102.78,34.26,-1.4315252848287914,0.9750565926631376,0.20667911597223396
34.27,34.27,68.54,98.54,102.81,34.27,-1.4313550835469255,0.9753064261063666,0.20666638881988803
34.28,34.28,68.56,98.56,102.84,34.28,-1.431184838663491,0.9755562298400625,0.20665388850804114
34.29,34.29,68.58,98.58,102.87,34.29,-1.4310145501836737,0.9758060038566156,0.20664161507900522
34.3,34.3,68.6,98.6,102.89999999999999,34.3,-1.4308442181126597,0.9760557481484193,0.20662956857499373
34.31,34.31,68.62000000000002,98.62000000000002,102.93000000000002,34.31,-1.4306738424556389,0.9763054627078644,0.20661774903812505
34.32,34.32,68.64,98.64,102.96000000000001,34.32,-1.4305034232178013,0.9765551475273435,0.2066061565104205
34.33,34.33,68.66,98.66,102.99,34.33,-1.430332960404337,0.9768048025992526,0.20659479103380365
34.34,34.34,68.68,98.68,103.02000000000001,34.34,-1.430162454020439,0.9770544279159864,0.20658365265010242
34.35,34.35,68.7,98.7,103.05000000000001,34.35,-1.4299919040713018,0.9773040234699398,0.2065727414010472
34.36,34.36,68.72,98.72,103.08,34.36,-1.42982131056212,0.9775535892535102,0.20656205732827207
34.37,34.37,68.74,98.74,103.10999999999999,34.37,-1.429650673498091,0.9778031252590957,0.20655160047331309
34.38,34.38,68.76,98.76,103.14000000000001,34.38,-1.429479992884412,0.9780526314790946,0.206541370877611
34.39,34.39,68.78,98.78,103.17,34.39,-1.4293092687262825,0.978302107905906,0.2065313685825091
34.4,34.4,68.8,98.8,103.19999999999999,34.4,-1.4291385010289024,0.9785515545319324,0.20652159362925243
34.41,34.41,68.82,98.82,103.22999999999999,34.41,-1.4289676897974746,0.9788009713495732,0.20651204605899112
34.42,34.42,68.84,98.84,103.26,34.42,-1.4287968350372011,0.9790503583512322,0.20650272591277716
34.43,34.43,68.86,98.86,103.28999999999999,34.43,-1.4286259367532885,0.9792997155293106,0.20649363323156625
34.44,34.44,68.87999999999998,98.87999999999998,103.31999999999998,34.44,-1.4284549949509406,0.9795490428762145,0.20648476805621652
34.45,34.45,68.9,98.9,103.35000000000001,34.45,-1.4282840096353653,0.9797983403843482,0.20647613042748963
34.46,34.46,68.92,98.92,103.38,34.46,-1.4281129808117714,0.9800476080461177,0.20646772038604932
34.47,34.47,68.94,98.94,103.41,34.47,-1.4279419084853682,0.98029684585393,0.20645953797246372
34.48,34.48,68.96,98.96,103.44,34.48,-1.4277707926613672,0.9805460538001928,0.20645158322720247
34.49,34.49,68.98,98.98,103.47,34.49,-1.4275996333449805,0.9807952318773153,0.20644385619063899
34.5,34.5,69.0,99.0,103.5,34.5,-1.427428430541423,0.9810443800777054,0.20643635690305012
34.51,34.51,69.02,99.02,103.53,34.51,-1.4272571842559088,0.9812934983937754,0.20642908540461447
34.52,34.52,69.04,99.04,103.56,34.52,-1.4270858944936542,0.9815425868179368,0.20642204173541354
34.53,34.53,69.06,99.06,103.59,34.53,-1.426914561259878,0.9817916453425999,0.20641522593543352
34.54,34.54,69.08,99.08,103.62,34.54,-1.4267431845597984,0.98204067396018,0.2064086380445609
34.55,34.55,69.1,99.1,103.64999999999999,34.55,-1.4265717643986355,0.9822896726630913,0.2064022781025867
34.56,34.56,69.12000000000002,99.12000000000002,103.68000000000002,34.56,-1.426400300781613,0.9825386414437467,0.20639614614920485
34.57,34.57,69.14,99.14,103.71000000000001,34.57,-1.4262287937139522,0.9827875802945643,0.20639024222401098
34.58,34.58,69.16,99.16,103.74,34.58,-1.4260572432008778,0.9830364892079602,0.2063845663665045
34.59,34.59,69.18,99.18,103.77000000000001,34.59,-1.4258856492476153,0.9832853681763529,0.20637911861608704
34.6,34.6,69.2,99.2,103.80000000000001,34.6,-1.4257140118593932,0.9835342171921594,0.20637389901206363
34.61,34.61,69.22,99.22,103.83,34.61,-1.425542331041438,0.9837830362478017,0.2063689075936411
34.62,34.62,69.24,99.24,103.85999999999999,34.62,-1.4253706067989804,0.9840318253356982,0.20636414439993028
34.63,34.63,69.26,99.26,103.89000000000001,34.63,-1.4251988391372519,0.9842805844482708,0.20635960946994386
34.64,34.64,69.28,99.28,103.92,34.64,-1.4250270280614836,0.9845293135779427,0.2063553028425973
34.65,34.65,69.3,99.3,103.94999999999999,34.65,-1.4248551735769095,0.9847780127171376,0.20635122455670812
34.66,34.66,69.32,99.32,103.97999999999999,34.66,-1.4246832756887655,0.9850266818582775,0.20634737465099887
34.67,34.67,69.34,99.34,104.01,34.67,-1.4245113344022868,0.9852753209937901,0.2063437531640916
34.68,34.68,69.36,99.36,104.03999999999999,34.68,-1.4243393497227115,0.9855239301160995,0.20634036013451384
34.69,34.69,69.37999999999998,99.37999999999998,104.06999999999998,34.69,-1.4241673216552788,0.9857725092176334,0.2063371956006938
34.7,34.7,69.4,99.4,104.10000000000001,34.7,-1.423995250205229,0.9860210582908189,0.20633425960096355
34.71,34.71,69.42,99.42,104.13,34.71,-1.4238231353778028,0.9862695773280866,0.20633155217355628
34.72,34.72,69.44,99.44,104.16,34.72,-1.4236509771782442,0.9865180663218643,0.2063290733566098
34.73,34.73,69.46,99.46,104.19,34.73,-1.423478775611797,0.9867665252645829,0.20632682318816326
34.74,34.74,69.48,99.48,104.22,34.74,-1.423306530683706,0.9870149541486753,0.206324801706158
34.75,34.75,69.5,99.5,104.25,34.75,-1.4231342423992195,0.9872633529665724,0.2063230089484388
34.76,34.76,69.52,99.52,104.28,34.76,-1.4229619107635854,0.9875117217107074,0.2063214449527528
34.77,34.77,69.54,99.54,104.31,34.77,-1.422789535782052,0.9877600603735166,0.20632010975674864
34.78,34.78,69.56,99.56,104.34,34.78,-1.4226171174598712,0.9880083689474329,0.20631900339797946
34.79,34.79,69.58,99.58,104.37,34.79,-1.422444655802295,0.9882566474248934,0.20631812591389923
34.8,34.8,69.6,99.6,104.39999999999999,34.8,-1.4222721508145768,0.988504895798335,0.20631747734186473
34.81,34.81,69.62000000000002,99.62000000000002,104.43000000000002,34.81,-1.4220996025019716,0.9887531140601956,0.20631705771913555
34.82,34.82,69.64,99.64,104.46000000000001,34.82,-1.4219270108697353,0.9890013022029139,0.2063168670828734
34.83,34.83,69.66,99.66,104.49,34.83,-1.4217543759231255,0.9892494602189293,0.20631690547014306
34.84,34.84,69.68,99.68,104.52000000000001,34.84,-1.4215816976674005,0.9894975881006843,0.20631717291791013
34.85,34.85,69.7,99.7,104.55000000000001,34.85,-1.4214089761078208,0.9897456858406184,0.2063176694630448
34.86,34.86,69.72,99.72,104.58,34.86,-1.4212362112496473,0.9899937534311755,0.20631839514231798
34.87,34.87,69.74,99.74,104.60999999999999,34.87,-1.4210634030981444,0.9902417908647974,0.20631934999240356
34.88,34.88,69.76,99.76,104.64000000000001,34.88,-1.420890551658574,0.9904897981339296,0.20632053404987846
34.89,34.89,69.78,99.78,104.67,34.89,-1.4207176569362028,0.9907377752310176,0.20632194735121973
34.9,34.9,69.8,99.8,104.69999999999999,34.9,-1.4205447189362965,0.9909857221485069,0.2063235899328099
34.91,34.91,69.82,99.82,104.72999999999999,34.91,-1.420371737664124,0.9912336388788451,0.20632546183093076
34.92,34.92,69.84,99.84,104.76,34.92,-1.4201987131249536,0.9914815254144806,0.20632756308176858
34.93,34.93,69.86,99.86,104.78999999999999,34.93,-1.420025645324057,0.9917293817478613,0.20632989372141086
34.94,34.94,69.87999999999998,99.87999999999998,104.81999999999998,34.94,-1.4198525342667063,0.9919772078714367,0.20633245378584794
34.95,34.95,69.9,99.9,104.85000000000001,34.95,-1.4196793799581735,0.992225003777659,0.20633524331097208
34.96,34.96,69.92,99.92,104.88,34.96,-1.4195061824037336,0.9924727694589801,0.20633826233257696
34.97,34.97,69.94,99.94,104.91,34.97,-1.4193329416086635,0.9927205049078505,0.20634151088636055
34.98,34.98,69.96,99.96,104.94,34.98,-1.4191596575782393,0.9929682101167259,0.20634498900792098
34.99,34.99,69.98,99.98,104.97,34.99,-1.4189863303177392,0.9932158850780606,0.20634869673275946
35.0,35.0,70.0,100.0,105.0,35.0,-1.418812959832445,0.9934635297843079,0.20635263409627985
35.01,35.01,70.02,100.02,105.03,35.01,-1.4186395461276362,0.9937111442279263,0.20635680113378724
35.02,35.02,70.04,100.04,105.06,35.02,-1.418466089208595,0.9939587284013729,0.2063611978804893
35.03,35.03,70.06,100.06,105.09,35.03,-1.4182925890806064,0.9942062822971045,0.20636582437149606
35.04,35.04,70.08,100.08,105.12,35.04,-1.4181190457489554,0.9944538059075805,0.20637068064181965
35.05,35.05,70.1,100.1,105.14999999999999,35.05,-1.4179454592189271,0.9947012992252626,0.20637576672637326
35.06,35.06,70.12000000000002,100.12000000000002,105.18000000000002,35.06,-1.4177718294958108,0.9949487622426098,0.206381082659974
35.07,35.07,70.14,100.14,105.21000000000001,35.07,-1.4175981565848952,0.9951961949520839,0.2063866284773399
35.08,35.08,70.16,100.16,105.24,35.08,-1.4174244404914704,0.995443597346149,0.20639240421309055
35.09,35.09,70.18,100.18,105.27000000000001,35.09,-1.4172506812208274,0.9956909694172689,0.20639840990174887
35.1,35.1,70.2,100.2,105.30000000000001,35.1,-1.4170768787782608,0.995938311157906,0.20640464557773971
35.11,35.11,70.22,100.22,105.33,35.11,-1.4169030331690633,0.9961856225605288,0.20641111127538847
35.12,35.12,70.24,100.24,105.35999999999999,35.12,-1.4167291443985315,0.9964329036176015,0.20641780702892468
35.13,35.13,70.26,100.26,105.39000000000001,35.13,-1.4165552124719625,0.9966801543215924,0.20642473287247792
35.14,35.14,70.28,100.28,105.42,35.14,-1.4163812373946543,0.9969273746649688,0.20643188884008165
35.15,35.15,70.3,100.3,105.44999999999999,35.15,-1.4162072191719057,0.9971745646402024,0.20643927496566888
35.16,35.16,70.32,100.32,105.47999999999999,35.16,-1.4160331578090188,0.9974217242397609,0.2064468912830769
35.17,35.17,70.34,100.34,105.51,35.17,-1.4158590533112956,0.9976688534561164,0.20645473782604393
35.18,35.18,70.36,100.36,105.53999999999999,35.18,-1.4156849056840388,0.9979159522817408,0.20646281462821053
35.19,35.19,70.37999999999998,100.37999999999998,105.56999999999998,35.19,-1.415510714932554,0.998163020709107,0.2064711217231181
35.2,35.2,70.4,100.4,105.60000000000001,35.2,-1.4153364810621478,0.9984100587306882,0.2064796591442115
35.21,35.21,70.42,100.42,105.63,35.21,-1.415162204078126,0.9986570663389612,0.20648842692483604
35.22,35.22,70.44,100.44,105.66,35.22,-1.4149878839857988,0.9989040435263996,0.20649742509824032
35.23,35.23,70.46,100.46,105.69,35.23,-1.4148135207904757,0.9991509902854812,0.20650665369757337
35.24,35.24,70.48,100.48,105.72,35.24,-1.4146391144974686,0.999397906608683,0.20651611275588705
35.25,35.25,70.5,100.5,105.75,35.25,-1.4144646651120898,0.9996447924884836,0.20652580230613496
35.26,35.26,70.52,100.52,105.78,35.26,-1.4142901726396533,0.9998916479173626,0.2065357223811722
35.27,35.27,70.54,100.54,105.81,35.27,-1.4141156370854746,1.0001384728878004,0.206545873013756
35.28,35.28,70.56,100.56,105.84,35.28,-1.4139410584548706,1.0003852673922782,0.2065562542365445
35.29,35.29,70.58,100.58,105.87,35.29,-1.4137664367531588,1.000632031423278,0.20656686608209934
35.3,35.3,70.6,100.6,105.89999999999999,35.3,-1.4135917719856583,1.0008787649732838,0.20657770858288185
35.31,35.31,70.62000000000002,100.62000000000002,105.93000000000002,35.31,-1.413417064157691,1.0011254680347779,0.2065887817712573
35.32,35.32,70.64,100.64,105.96000000000001,35.32,-1.4132423132745775,1.0013721406002467,0.20660008567949095
35.33,35.33,70.66,100.66,105.99,35.33,-1.4130675193416413,1.0016187826621763,0.2066116203397503
35.34,35.34,70.68,100.68,106.02000000000001,35.34,-1.412892682364207,1.0018653942130527,0.20662338578410572
35.35,35.35,70.7,100.7,106.05000000000001,35.35,-1.4127178023476008,1.002111975245364,0.20663538204452697
35.36,35.36,70.72,100.72,106.08,35.36,-1.4125428792971488,1.0023585257515997,0.20664760915288752
35.37,35.37,70.74,100.74,106.10999999999999,35.37,-1.4123679132181808,1.002605045724248,0.20666006714096205
35.38,35.38,70.76,100.76,106.14000000000001,35.38,-1.4121929041160262,1.0028515351557996,0.20667275604042654
35.39,35.39,70.78,100.78,106.17,35.39,-1.4120178519960154,1.0030979940387472,0.2066856758828585
35.4,35.4,70.8,100.8,106.19999999999999,35.4,-1.4118427568634808,1.0033444223655832,0.20669882669973713
35.41,35.41,70.82,100.82,106.22999999999999,35.41,-1.4116676187237573,1.0035908201287993,0.20671220852244443
35.42,35.42,70.84,100.84,106.26,35.42,-1.4114924375821785,1.0038371873208918,0.20672582138226206
35.43,35.43,70.86,100.86,106.28999999999999,35.43,-1.411317213444082,1.0040835239343546,0.20673966531037444
35.44,35.44,70.87999999999998,100.87999999999998,106.31999999999998,35.44,-1.411141946314805,1.0043298299616834,0.20675374033786836
35.45,35.45,70.9,100.9,106.35000000000001,35.45,-1.4109666361996858,1.004576105395377,0.20676804649573027
35.46,35.46,70.92,100.92,106.38,35.46,-1.4107912831040645,1.004822350227933,0.20678258381484949
35.47,35.47,70.94,100.94,106.41,35.47,-1.4106158870332839,1.0050685644518493,0.20679735232601654
35.48,35.48,70.96,100.96,106.44,35.48,-1.4104404479926866,1.0053147480596258,0.20681235205992374
35.49,35.49,70.98,100.98,106.47,35.49,-1.4102649659876156,1.0055609010437654,0.206827583047164
35.5,35.5,71.0,101.0,106.5,35.5,-1.4100894410234177,1.0058070233967673,0.20684304531823364
35.51,35.51,71.02,101.02,106.53,35.51,-1.4099138731054395,1.006053115111135,0.2068587389035286
35.52,35.52,71.04,101.04,106.56,35.52,-1.4097382622390278,1.0062991761793734,0.2068746638333468
35.53,35.53,71.06,101.06,106.59,35.53,-1.4095626084295336,1.0065452065939855,0.206890820137888
35.54,35.54,71.08,101.08,106.62,35.54,-1.4093869116823075,1.0067912063474767,0.20690720784725355
35.55,35.55,71.1,101.1,106.64999999999999,35.55,-1.4092111720027,1.0070371754323553,0.20692382699144551
35.56,35.56,71.12000000000002,101.12000000000002,106.68000000000002,35.56,-1.409035389396066,1.0072831138411267,0.20694067760036822
35.57,35.57,71.14,101.14,106.71000000000001,35.57,-1.40885956386776,1.0075290215662998,0.20695775970382704
35.58,35.58,71.16,101.16,106.74,35.58,-1.4086836954231374,1.0077748986003832,0.206975073331529
35.59,35.59,71.18,101.18,106.77000000000001,35.59,-1.4085077840675553,1.0080207449358891,0.20699261851308168
35.6,35.6,71.2,101.2,106.80000000000001,35.6,-1.4083318298063727,1.0082665605653267,0.20701039527799492
35.61,35.61,71.22,101.22,106.83,35.61,-1.4081558326449497,1.0085123454812084,0.20702840365568
35.62,35.62,71.24,101.24,106.85999999999999,35.62,-1.407979792588647,1.0087580996760475,0.20704664367544892
35.63,35.63,71.26,101.26,106.89000000000001,35.63,-1.407803709642827,1.0090038231423575,0.2070651153665156
35.64,35.64,71.28,101.28,106.92,35.64,-1.4076275838128547,1.0092495158726529,0.20708381875799498
35.65,35.65,71.3,101.3,106.94999999999999,35.65,-1.407451415104093,1.0094951778594514,0.20710275387890303
35.66,35.66,71.32,101.32,106.97999999999999,35.66,-1.4072752035219103,1.0097408090952678,0.2071219207581578
35.67,35.67,71.34,101.34,107.01,35.67,-1.4070989490716728,1.0099864095726208,0.20714131942457836
35.68,35.68,71.36,101.36,107.03999999999999,35.68,-1.4069226517587514,1.010231979284027,0.20716094990688522
35.69,35.69,71.37999999999998,101.37999999999998,107.06999999999998,35.69,-1.4067463115885146,1.0104775182220083,0.20718081223369947
35.7,35.7,71.4,101.4,107.10000000000001,35.7,-1.4065699285663351,1.010723026379084,0.20720090643354394
35.71,35.71,71.42,101.42,107.13,35.71,-1.4063935026975853,1.010968503747776,0.20722123253484293
35.72,35.72,71.44,101.44,107.16,35.72,-1.4062170339876396,1.0112139503206063,0.2072417905659214
35.73,35.73,71.46,101.46,107.19,35.73,-1.4060405224418733,1.0114593660900983,0.20726258055500665
35.74,35.74,71.48,101.48,107.22,35.74,-1.4058639680656633,1.0117047510487767,0.20728360253022565
35.75,35.75,71.5,101.5,107.25,35.75,-1.4056873708643889,1.0119501051891648,0.20730485651960803
35.76,35.76,71.52,101.52,107.28,35.76,-1.405510730843428,1.0121954285037906,0.20732634255108354
35.77,35.77,71.54,101.54,107.31,35.77,-1.4053340480081618,1.0124407209851811,0.20734806065248362
35.78,35.78,71.56,101.56,107.34,35.78,-1.4051573223639733,1.0126859826258623,0.2073700108515414
35.79,35.79,71.58,101.58,107.37,35.79,-1.4049805539162445,1.0129312134183655,0.2073921931758896
35.8,35.8,71.6,101.6,107.39999999999999,35.8,-1.4048037426703606,1.01317641335522,0.2074146076530632
35.81,35.81,71.62000000000002,101.62000000000002,107.43000000000002,35.81,-1.4046268886317084,1.0134215824289545,0.20743725431049959
35.82,35.82,71.64,101.64,107.46000000000001,35.82,-1.4044499918056739,1.0136667206321033,0.20746013317553422
35.83,35.83,71.66,101.66,107.49,35.83,-1.4042730521976463,1.0139118279571977,0.20748324427540615
35.84,35.84,71.68,101.68,107.52000000000001,35.84,-1.404096069813015,1.0141569043967726,0.20750658763725457
35.85,35.85,71.7,101.7,107.55000000000001,35.85,-1.4039190446571723,1.0144019499433603,0.20753016328812013
35.86,35.86,71.72,101.72,107.58,35.86,-1.4037419767355093,1.014646964589499,0.2075539712549438
35.87,35.87,71.74,101.74,107.60999999999999,35.87,-1.403564866053421,1.014891948327723,0.20757801156456854
35.88,35.88,71.76,101.76,107.64000000000001,35.88,-1.4033877126163024,1.0151369011505698,0.2076022842437383
35.89,35.89,71.78,101.78,107.67,35.89,-1.4032105164295492,1.0153818230505791,0.20762678931909723
35.9,35.9,71.8,101.8,107.69999999999999,35.9,-1.4030332774985588,1.01562671402029,0.20765152681719107
35.91,35.91,71.82,101.82,107.72999999999999,35.91,-1.4028559958287312,1.0158715740522413,0.20767649676446678
35.92,35.92,71.84,101.84,107.76,35.92,-1.4026786714254664,1.0161164031389749,0.20770169918727255
35.93,35.93,71.86,101.86,107.78999999999999,35.93,-1.4025013042941663,1.016361201273033,0.20772713411185623
35.94,35.94,71.87999999999998,101.87999999999998,107.81999999999998,35.94,-1.402323894440233,1.0166059684469582,0.2077528015643688
35.95,35.95,71.9,101.9,107.85000000000001,35.95,-1.4021464418690717,1.0168507046532944,0.20777870157086012
35.96,35.96,71.92,101.92,107.88,35.96,-1.4019689465860865,1.0170954098845881,0.20780483415728146
35.97,35.97,71.94,101.94,107.91,35.97,-1.4017914085966858,1.0173400841333833,0.20783119934948627
35.98,35.98,71.96,101.96,107.94,35.98,-1.401613827906277,1.017584727392227,0.20785779717322814
35.99,35.99,71.98,101.98,107.97,35.99,-1.4014362045202688,1.0178293396536684,0.20788462765416146
36.0,36.0,72.0,102.0,108.0,36.0,-1.4012585384440732,1.0180739209102545,0.2079116908178418
36.01,36.01,72.02,102.02,108.03,36.01,-1.4010808296831017,1.0183184711545357,0.20793898668972507
36.02,36.02,72.04,102.04,108.06,36.02,-1.4009030782427676,1.0185629903790623,0.20796651529516935
36.03,36.03,72.06,102.06,108.09,36.03,-1.4007252841284854,1.018807478576386,0.20799427665943196
36.04,36.04,72.08,102.08,108.12,36.04,-1.4005474473456712,1.0190519357390595,0.20802227080767235
36.05,36.05,72.1,102.1,108.14999999999999,36.05,-1.4003695678997419,1.0192963618596358,0.20805049776495105
36.06,36.06,72.12000000000002,102.12000000000002,108.18000000000002,36.06,-1.4001916457961168,1.0195407569306694,0.2080789575562276
36.07,36.07,72.14,102.14,108.21000000000001,36.07,-1.4000136810402146,1.0197851209447153,0.20810765020636465
36.08,36.08,72.16,102.16,108.24,36.08,-1.3998356736374575,1.0200294538943298,0.20813657574012448
36.09,36.09,72.18,102.18,108.27000000000001,36.09,-1.3996576235932667,1.0202737557720716,0.20816573418216952
36.1,36.1,72.2,102.2,108.30000000000001,36.1,-1.399479530913067,1.020518026570497,0.20819512555706485
36.11,36.11,72.22,102.22,108.33,36.11,-1.3993013956022826,1.020762266282166,0.20822474988927492
36.12,36.12,72.24,102.24,108.35999999999999,36.12,-1.3991232176663413,1.0210064748996373,0.20825460720316588
36.13,36.13,72.26,102.26,108.39000000000001,36.13,-1.398944997110669,1.0212506524154732,0.2082846975230041
36.14,36.14,72.28,102.28,108.42,36.14,-1.3987667339406953,1.0214947988222358,0.2083150208729561
36.15,36.15,72.3,102.3,108.44999999999999,36.15,-1.3985884281618504,1.021738914112487,0.20834557727709085
36.16,36.16,72.32,102.32,108.47999999999999,36.16,-1.3984100797795658,1.0219829982787914,0.2083763667593764
36.17,36.17,72.34,102.34,108.51,36.17,-1.3982316887992736,1.0222270513137142,0.20840738934368286
36.18,36.18,72.36,102.36,108.53999999999999,36.18,-1.3980532552264093,1.0224710732098194,0.20843864505378007
36.19,36.19,72.37999999999998,102.37999999999998,108.56999999999998,36.19,-1.397874779066408,1.0227150639596743,0.20847013391333935
36.2,36.2,72.4,102.4,108.60000000000001,36.2,-1.3976962603247056,1.0229590235558474,0.2085018559459318
36.21,36.21,72.42,102.42,108.63,36.21,-1.3975176990067397,1.0232029519909076,0.20853381117503017
36.22,36.22,72.44,102.44,108.66,36.22,-1.3973390951179514,1.0234468492574218,0.20856599962400788
36.23,36.23,72.46,102.46,108.69,36.23,-1.3971604486637799,1.0236907153479633,0.20859842131613784
36.24,36.24,72.48,102.48,108.72,36.24,-1.3969817596496668,1.023934550255103,0.20863107627459487
36.25,36.25,72.5,102.5,108.75,36.25,-1.3968030280810568,1.0241783539714113,0.20866396452245414
36.26,36.26,72.52,102.52,108.78,36.26,-1.3966242539633933,1.0244221264894637,0.2086970860826911
36.27,36.27,72.54,102.54,108.81,36.27,-1.3964454373021216,1.0246658678018343,0.20873044097818197
36.28,36.28,72.56,102.56,108.84,36.28,-1.3962665781026897,1.024909577901097,0.20876402923170448
36.29,36.29,72.58,102.58,108.87,36.29,-1.3960876763705463,1.025153256779828,0.20879785086593622
36.3,36.3,72.6,102.6,108.89999999999999,36.3,-1.3959087321111394,1.0253969044306066,0.2088319059034538
36.31,36.31,72.62000000000002,102.62000000000002,108.93000000000002,36.31,-1.3957297453299218,1.0256405208460087,0.20886619436673748
36.32,36.32,72.64,102.64,108.96000000000001,36.32,-1.395550716032345,1.025884106018613,0.20890071627816661
36.33,36.33,72.66,102.66,108.99,36.33,-1.3953716442238622,1.0261276599410012,0.20893547166002052
36.34,36.34,72.68,102.68,109.02000000000001,36.34,-1.3951925299099281,1.0263711826057542,0.20897046053448012
36.35,36.35,72.7,102.7,109.05000000000001,36.35,-1.3950133730959995,1.0266146740054525,0.2090056829236266
36.36,36.36,72.72,102.72,109.08,36.36,-1.3948341737875338,1.0268581341326795,0.20904113884944098
36.37,36.37,72.74,102.74,109.10999999999999,36.37,-1.3946549319899892,1.027101562980019,0.20907682833380598
36.38,36.38,72.76,102.76,109.14000000000001,36.38,-1.3944756477088263,1.0273449605400558,0.20911275139850435
36.39,36.39,72.78,102.78,109.17,36.39,-1.3942963209495065,1.027588326805375,0.20914890806521924
36.4,36.4,72.8,102.8,109.19999999999999,36.4,-1.3941169517174912,1.0278316617685652,0.20918529835553343
36.41,36.41,72.82,102.82,109.22999999999999,36.41,-1.3939375400182454,1.0280749654222119,0.20922192229093253
36.42,36.42,72.84,102.84,109.26,36.42,-1.3937580858572338,1.0283182377589049,0.20925877989280026
36.43,36.43,72.86,102.86,109.28999999999999,36.43,-1.393578589239924,1.0285614787712318,0.2092958711824224
36.44,36.44,72.87999999999998,102.87999999999998,109.31999999999998,36.44,-1.3933990501717823,1.0288046884517852,0.20933319618098428
36.45,36.45,72.9,102.9,109.35000000000001,36.45,-1.3932194686582784,1.0290478667931555,0.20937075490957258
36.46,36.46,72.92,102.92,109.38,36.46,-1.3930398447048828,1.0292910137879354,0.20940854738917256
36.47,36.47,72.94,102.94,109.41,36.47,-1.3928601783170667,1.0295341294287181,0.20944657364067273
36.48,36.48,72.96,102.96,109.44,36.48,-1.3926804695003034,1.029777213708098,0.2094848336848594
36.49,36.49,72.98,102.98,109.47,36.49,-1.3925007182600673,1.0300202666186702,0.20952332754242098
36.5,36.5,73.0,103.0,109.5,36.5,-1.3923209246018335,1.0302632881530307,0.2095620552339456
36.51,36.51,73.02,103.02,109.53,36.51,-1.3921410885310792,1.030506278303777,0.20960101677992174
36.52,36.52,73.04,103.04,109.56,36.52,-1.3919612100532819,1.0307492370635076,0.2096402122007388
36.53,36.53,73.06,103.06,109.59,36.53,-1.3917812891739223,1.0309921644248194,0.20967964151668636
36.54,36.54,73.08,103.08,109.62,36.54,-1.39160132589848,1.0312350603803149,0.20971930474795367
36.55,36.55,73.1,103.1,109.64999999999999,36.55,-1.3914213202324368,1.031477924922595,0.20975920191463046
36.56,36.56,73.12000000000002,103.12000000000002,109.68000000000002,36.56,-1.3912412721812772,1.0317207580442593,0.20979933303670895
36.57,36.57,73.14,103.14,109.71000000000001,36.57,-1.3910611817504848,1.0319635597379127,0.20983969813407868
36.58,36.58,73.16,103.16,109.74,36.58,-1.3908810489455454,1.0322063299961584,0.20988029722653137
36.59,36.59,73.18,103.18,109.77000000000001,36.59,-1.3907008737719468,1.0324490688116015,0.20992113033375803
36.6,36.6,73.2,103.2,109.80000000000001,36.6,-1.390520656235177,1.0326917761768475,0.2099621974753511
36.61,36.61,73.22,103.22,109.83,36.61,-1.3903403963407255,1.0329344520845039,0.2100034986708025
36.62,36.62,73.24,103.24,109.85999999999999,36.62,-1.390160094094084,1.0331770965271767,0.210045033939505
36.63,36.63,73.26,103.26,109.89000000000001,36.63,-1.389979749500745,1.033419709497475,0.21008680330075072
36.64,36.64,73.28,103.28,109.92,36.64,-1.3897993625662013,1.0336622909880095,0.21012880677373336
36.65,36.65,73.3,103.3,109.94999999999999,36.65,-1.3896189332959474,1.0339048409913907,0.21017104437754588
36.66,36.66,73.32,103.32,109.97999999999999,36.66,-1.3894384616954814,1.034147359500228,0.21021351613118214
36.67,36.67,73.34,103.34,110.01,36.67,-1.3892579477702987,1.0343898465071368,0.2102562220535355
36.68,36.68,73.36,103.36,110.03999999999999,36.68,-1.389077391525899,1.0346323020047283,0.2102991621634006
36.69,36.69,73.37999999999998,103.37999999999998,110.06999999999998,36.69,-1.3888967929677831,1.0348747259856172,0.21034233647947115
36.7,36.7,73.4,103.4,110.10000000000001,36.7,-1.388716152101451,1.03511711844242,0.21038574502034268
36.71,36.71,73.42,103.42,110.13,36.71,-1.3885354689324056,1.0353594793677527,0.21042938780450854
36.72,36.72,73.44,103.44,110.16,36.72,-1.3883547434661514,1.0356018087542318,0.21047326485036486
36.73,36.73,73.46,103.46,110.19,36.73,-1.388173975708194,1.035844106594475,0.21051737617620653
36.74,36.74,73.48,103.48,110.22,36.74,-1.387993165664038,1.0360863728811036,0.21056172180022864
36.75,36.75,73.5,103.5,110.25,36.75,-1.3878123133391933,1.0363286076067362,0.2106063017405272
36.76,36.76,73.52,103.52,110.28,36.76,-1.3876314187391683,1.0365708107639933,0.21065111601509787
36.77,36.77,73.54,103.54,110.31,36.77,-1.3874504818694724,1.0368129823454995,0.21069616464183566
36.78,36.78,73.56,103.56,110.34,36.78,-1.3872695027356183,1.037055122343875,0.21074144763853803
36.79,36.79,73.58,103.58,110.37,36.79,-1.3870884813431192,1.037297230751745,0.21078696502290065
36.8,36.8,73.6,103.6,110.39999999999999,36.8,-1.3869074176974878,1.0375393075617356,0.21083271681251906
36.81,36.81,73.62000000000002,103.62000000000002,110.43000000000002,36.81,-1.3867263118042412,1.0377813527664708,0.21087870302489095
36.82,36.82,73.64,103.64,110.46000000000001,36.82,-1.3865451636688957,1.0380233663585785,0.21092492367741225
36.83,36.83,73.66,103.66,110.49,36.83,-1.3863639732969695,1.0382653483306854,0.21097137878738004
36.84,36.84,73.68,103.68,110.52000000000001,36.84,-1.3861827406939808,1.0385072986754225,0.21101806837199136
36.85,36.85,73.7,103.7,110.55000000000001,36.85,-1.3860014658654518,1.038749217385418,0.21106499244834195
36.86,36.86,73.72,103.72,110.58,36.86,-1.3858201488169035,1.0389911044533033,0.21111215103343026
36.87,36.87,73.74,103.74,110.60999999999999,36.87,-1.3856387895538602,1.0392329598717087,0.2111595441441526
36.88,36.88,73.76,103.76,110.64000000000001,36.88,-1.3854573880818455,1.0394747836332685,0.21120717179730647
36.89,36.89,73.78,103.78,110.67,36.89,-1.3852759444063854,1.0397165757306155,0.2112550340095893
36.9,36.9,73.8,103.8,110.69999999999999,36.9,-1.3850944585330067,1.0399583361563847,0.21130313079759805
36.91,36.91,73.82,103.82,110.72999999999999,36.91,-1.3849129304672385,1.0402000649032115,0.21135146217782974
36.92,36.92,73.84,103.84,110.76,36.92,-1.3847313602146094,1.0404417619637327,0.21140002816668266
36.93,36.93,73.86,103.86,110.78999999999999,36.93,-1.384549747780652,1.0406834273305847,0.21144882878045362
36.94,36.94,73.87999999999998,103.87999999999998,110.81999999999998,36.94,-1.384368093170897,1.0409250609964071,0.21149786403534046
36.95,36.95,73.9,103.9,110.85000000000001,36.95,-1.3841863963908785,1.041166662953839,0.21154713394744057
36.96,36.96,73.92,103.92,110.88,36.96,-1.3840046574461309,1.0414082331955214,0.21159663853275104
36.97,36.97,73.94,103.94,110.91,36.97,-1.3838228763421916,1.0416497717140938,0.21164637780716977
36.98,36.98,73.96,103.96,110.94,36.98,-1.3836410530845964,1.0418912785022,0.21169635178649457
36.99,36.99,73.98,103.98,110.97,36.99,-1.3834591876788838,1.042132753552484,0.2117465604864222
37.0,37.0,74.0,104.0,111.0,37.0,-1.383277280130596,1.0423741968575875,0.2117970039225507
37.01,37.01,74.02,104.02,111.03,37.01,-1.3830953304452718,1.042615608410158,0.21184768211037705
37.02,37.02,74.04,104.04,111.06,37.02,-1.3829133386284542,1.0428569882028416,0.21189859506529898
37.03,37.03,74.06,104.06,111.09,37.03,-1.3827313046856884,1.0430983362282835,0.21194974280261353
37.04,37.04,74.08,104.08,111.12,37.04,-1.382549228622518,1.0433396524791338,0.21200112533751814
37.05,37.05,74.1,104.1,111.14999999999999,37.05,-1.3823671104444897,1.0435809369480413,0.21205274268511
37.06,37.06,74.12000000000002,104.12000000000002,111.18000000000002,37.06,-1.3821849501571515,1.0438221896276554,0.2121045948603865
37.07,37.07,74.14,104.14,111.21000000000001,37.07,-1.3820027477660524,1.0440634105106263,0.2121566818782447
37.08,37.08,74.16,104.16,111.24,37.08,-1.3818205032767419,1.044304599589608,0.21220900375348123
37.09,37.09,74.18,104.18,111.27000000000001,37.09,-1.3816382166947714,1.044545756857253,0.2122615605007935
37.1,37.1,74.2,104.2,111.30000000000001,37.1,-1.381455888025695,1.0447868823062136,0.21231435213477798
37.11,37.11,74.22,104.22,111.33,37.11,-1.3812735172750652,1.045027975929147,0.21236737866993133
37.12,37.12,74.24,104.24,111.35999999999999,37.12,-1.3810911044484384,1.0452690377187073,0.21242064012065018
37.13,37.13,74.26,104.26,111.39000000000001,37.13,-1.3809086495513712,1.0455100676675515,0.21247413650123134
37.14,37.14,74.28,104.28,111.42,37.14,-1.3807261525894208,1.0457510657683382,0.2125278678258706
37.15,37.15,74.3,104.3,111.44999999999999,37.15,-1.3805436135681461,1.0459920320137266,0.21258183410866494
37.16,37.16,74.32,104.32,111.47999999999999,37.16,-1.3803610324931086,1.0462329663963752,0.21263603536360937
37.17,37.17,74.34,104.34,111.51,37.17,-1.38017840936987,1.046473868908945,0.21269047160460078
37.18,37.18,74.36,104.36,111.53999999999999,37.18,-1.3799957442039925,1.046714739544098,0.21274514284543447
37.19,37.19,74.37999999999998,104.37999999999998,111.56999999999998,37.19,-1.3798130370010409,1.0469555782944968,0.2128000490998061
37.2,37.2,74.4,104.4,111.60000000000001,37.2,-1.3796302877665811,1.0471963851528043,0.21285519038131126
37.21,37.21,74.42,104.42,111.63,37.21,-1.3794474965061785,1.047437160111687,0.21291056670344505
37.22,37.22,74.44,104.44,111.66,37.22,-1.379264663225403,1.0476779031638088,0.212966178079602
37.23,37.23,74.46,104.46,111.69,37.23,-1.3790817879298238,1.047918614301836,0.2130220245230778
37.24,37.24,74.48,104.48,111.72,37.24,-1.37889887062501,1.048159293518438,0.21307810604706665
37.25,37.25,74.5,104.5,111.75,37.25,-1.3787159113165355,1.0483999408062816,0.21313442266466298
37.26,37.26,74.52,104.52,111.78,37.26,-1.3785329100099726,1.0486405561580368,0.21319097438886123
37.27,37.27,74.54,104.54,111.81,37.27,-1.3783498667108958,1.048881139566374,0.21324776123255582
37.28,37.28,74.56,104.56,111.84,37.28,-1.3781667814248812,1.0491216910239647,0.2133047832085394
37.29,37.29,74.58,104.58,111.87,37.29,-1.377983654157506,1.0493622105234812,0.21336204032950604
37.3,37.3,74.6,104.6,111.89999999999999,37.3,-1.3778004849143477,1.0496026980575974,0.2134195326080491
37.31,37.31,74.62000000000002,104.62000000000002,111.93000000000002,37.31,-1.3776172737009877,1.0498431536189858,0.21347726005666226
37.32,37.32,74.64,104.64,111.96000000000001,37.32,-1.3774340205230051,1.050083577200324,0.21353522268773745
37.33,37.33,74.66,104.66,111.99,37.33,-1.3772507253859834,1.0503239687942871,0.21359342051356692
37.34,37.34,74.68,104.68,112.02000000000001,37.34,-1.3770673882955053,1.0505643283935526,0.21365185354634386
37.35,37.35,74.7,104.7,112.05000000000001,37.35,-1.3768840092571557,1.0508046559907984,0.21371052179816002
37.36,37.36,74.72,104.72,112.08,37.36,-1.3767005882765206,1.051044951578705,0.21376942528100654
37.37,37.37,74.74,104.74,112.10999999999999,37.37,-1.3765171253591881,1.05128521514995,0.21382856400677563
37.38,37.38,74.76,104.76,112.14000000000001,37.38,-1.376333620510746,1.0515254466972168,0.21388793798725783
37.39,37.39,74.78,104.78,112.17,37.39,-1.3761500737367842,1.051765646213187,0.21394754723414403
37.4,37.4,74.8,104.8,112.19999999999999,37.4,-1.3759664850428937,1.0520058136905441,0.21400739175902458
37.41,37.41,74.82,104.82,112.22999999999999,37.41,-1.3757828544346682,1.0522459491219704,0.21406747157338973
37.42,37.42,74.84,104.84,112.26,37.42,-1.3755991819176996,1.0524860525001534,0.21412778668862967
37.43,37.43,74.86,104.86,112.28999999999999,37.43,-1.375415467497584,1.0527261238177772,0.21418833711603374
37.44,37.44,74.87999999999998,104.87999999999998,112.31999999999998,37.44,-1.375231711179918,1.0529661630675289,0.21424912286679101
37.45,37.45,74.9,104.9,112.35000000000001,37.45,-1.3750479129702982,1.0532061702420978,0.21431014395199013
37.46,37.46,74.92,104.92,112.38,37.46,-1.3748640728743233,1.053446145334173,0.2143714003826197
37.47,37.47,74.94,104.94,112.41,37.47,-1.3746801908975945,1.053686088336442,0.2144328921695685
37.48,37.48,74.96,104.96,112.44,37.48,-1.3744962670457124,1.0539259992415981,0.21449461932362351
37.49,37.49,74.98,104.98,112.47,37.49,-1.3743123013242793,1.0541658780423333,0.21455658185547175
37.5,37.5,75.0,105.0,112.5,37.5,-1.3741282937388999,1.0544057247313388,0.21461877977570135
37.51,37.51,75.02,105.02,112.53,37.51,-1.3739442442951795,1.0546455393013083,0.2146812130947989
37.52,37.52,75.04,105.04,112.56,37.52,-1.3737601529987233,1.0548853217449392,0.21474388182314968
37.53,37.53,75.06,105.06,112.59,37.53,-1.3735760198551403,1.055125072054925,0.21480678597104028
37.54,37.54,75.08,105.08,112.62,37.54,-1.3733918448700397,1.0553647902239627,0.2148699255486557
37.55,37.55,75.1,105.1,112.64999999999999,37.55,-1.3732076280490302,1.0556044762447514,0.21493330056608156
37.56,37.56,75.12000000000002,105.12000000000002,112.68000000000002,37.56,-1.3730233693977247,1.0558441301099886,0.21499691103330193
37.57,37.57,75.14,105.14,112.71000000000001,37.57,-1.3728390689217362,1.056083751812374,0.21506075696020144
37.58,37.58,75.16,105.16,112.74,37.58,-1.372654726626678,1.0563233413446091,0.21512483835656365
37.59,37.59,75.18,105.18,112.77000000000001,37.59,-1.3724703425181652,1.0565628986993958,0.21518915523207202
37.6,37.6,75.2,105.2,112.80000000000001,37.6,-1.3722859166018155,1.0568024238694358,0.21525370759630932
37.61,37.61,75.22,105.22,112.83,37.61,-1.3721014488832466,1.057041916847433,0.21531849545875814
37.62,37.62,75.24,105.24,112.85999999999999,37.62,-1.3719169393680775,1.0572813776260919,0.2153835188288007
37.63,37.63,75.26,105.26,112.89000000000001,37.63,-1.3717323880619283,1.0575208061981185,0.21544877771571855
37.64,37.64,75.28,105.28,112.92,37.64,-1.371547794970422,1.057760202556219,0.21551427212869248
37.65,37.65,75.3,105.3,112.94999999999999,37.65,-1.3713631600991796,1.057999566693102,0.21558000207680333
37.66,37.66,75.32,105.32,112.97999999999999,37.66,-1.371178483453827,1.0582388986014748,0.21564596756903157
37.67,37.67,75.34,105.34,113.01,37.67,-1.370993765039989,1.058478198274048,0.21571216861425627
37.68,37.68,75.36,105.36,113.03999999999999,37.68,-1.3708090048632937,1.0587174657035303,0.21577860522125752
37.69,37.69,75.37999999999998,105.37999999999998,113.06999999999998,37.69,-1.3706242029293678,1.058956700882635,0.21584527739871312
37.7,37.7,75.4,105.4,113.10000000000001,37.7,-1.3704393592438413,1.0591959038040744,0.21591218515520172
37.71,37.71,75.42,105.42,113.13,37.71,-1.3702544738123446,1.059435074460561,0.21597932849920154
37.72,37.72,75.44,105.44,113.16,37.72,-1.3700695466405097,1.05967421284481,0.21604670743908916
37.73,37.73,75.46,105.46,113.19,37.73,-1.36988457773397,1.0599133189495364,0.21611432198314148
37.74,37.74,75.48,105.48,113.22,37.74,-1.36969956709836,1.0601523927674572,0.2161821721395345
37.75,37.75,75.5,105.5,113.25,37.75,-1.3695145147393153,1.0603914342912895,0.2162502579163444
37.76,37.76,75.52,105.52,113.28,37.76,-1.3693294206624727,1.0606304435137512,0.21631857932154605
37.77,37.77,75.54,105.54,113.31,37.77,-1.3691442848734703,1.0608694204275628,0.21638713636301402
37.78,37.78,75.56,105.56,113.34,37.78,-1.368959107377949,1.061108365025443,0.21645592904852268
37.79,37.79,75.58,105.58,113.37,37.79,-1.3687738881815483,1.0613472773001142,0.21652495738574506
37.8,37.8,75.6,105.6,113.39999999999999,37.8,-1.3685886272899104,1.0615861572442997,0.2165942213822543
37.81,37.81,75.62000000000002,105.62000000000002,113.43000000000002,37.81,-1.3684033247086795,1.06182500485072,0.21666372104552345
37.82,37.82,75.64,105.64,113.46000000000001,37.82,-1.3682179804434995,1.0620638201121018,0.21673345638292393
37.83,37.83,75.66,105.66,113.49,37.83,-1.3680325945000165,1.0623026030211697,0.2168034274017267
37.84,37.84,75.68,105.68,113.52000000000001,37.84,-1.3678471668838772,1.0625413535706507,0.21687363410910276
37.85,37.85,75.7,105.7,113.55000000000001,37.85,-1.3676616976007314,1.0627800717532698,0.2169440765121226
37.86,37.86,75.72,105.72,113.58,37.86,-1.367476186656227,1.0630187575617578,0.21701475461775535
37.87,37.87,75.74,105.74,113.60999999999999,37.87,-1.3672906340560165,1.0632574109888422,0.21708566843287047
37.88,37.88,75.76,105.76,113.64000000000001,37.88,-1.367105039805752,1.0634960320272533,0.21715681796423625
37.89,37.89,75.78,105.78,113.67,37.89,-1.3669194039110864,1.0637346206697231,0.21722820321852
37.9,37.9,75.8,105.8,113.69999999999999,37.9,-1.366733726377674,1.0639731769089842,0.2172998242022894
37.91,37.91,75.82,105.82,113.72999999999999,37.91,-1.3665480072111729,1.0642117007377678,0.2173716809220107
37.92,37.92,75.84,105.84,113.76,37.92,-1.3663622464172376,1.0644501921488105,0.2174437733840504
37.93,37.93,75.86,105.86,113.78999999999999,37.93,-1.366176444001529,1.0646886511348455,0.2175161015946735
37.94,37.94,75.87999999999998,105.87999999999998,113.81999999999998,37.94,-1.3659905999697062,1.0649270776886097,0.21758866556004453
37.95,37.95,75.9,105.9,113.85000000000001,37.95,-1.3658047143274306,1.0651654718028394,0.21766146528622843
37.96,37.96,75.92,105.92,113.88,37.96,-1.3656187870803635,1.0654038334702747,0.21773450077918785
37.97,37.97,75.94,105.94,113.91,37.97,-1.3654328182341697,1.0656421626836527,0.21780777204478655
37.98,37.98,75.96,105.96,113.94,37.98,-1.3652468077945143,1.0658804594357136,0.21788127908878596
37.99,37.99,75.98,105.98,113.97,37.99,-1.3650607557670622,1.0661187237192002,0.21795502191684785
38.0,38.0,76.0,106.0,114.0,38.0,-1.364874662157482,1.066356955526853,0.21802900053453295
38.01,38.01,76.02,106.02,114.03,38.01,-1.3646885269714428,1.0665951548514148,0.2181032149473021
38.02,38.02,76.04,106.04,114.06,38.02,-1.3645023502146127,1.0668333216856314,0.2181776651605148
38.03,38.03,76.06,106.06,114.09,38.03,-1.3643161318926649,1.067071456022246,0.21825235117942965
38.04,38.04,76.08,106.08,114.12,38.04,-1.3641298720112711,1.0673095578540055,0.218327273009205
38.05,38.05,76.1,106.1,114.14999999999999,38.05,-1.3639435705761054,1.0675476271736566,0.2184024306548986
38.06,38.06,76.12000000000002,106.12000000000002,114.18000000000002,38.06,-1.3637572275928422,1.0677856639739474,0.21847782412146782
38.07,38.07,76.14,106.14,114.21000000000001,38.07,-1.363570843067159,1.068023668247627,0.21855345341376797
38.08,38.08,76.16,106.16,114.24,38.08,-1.3633844170047327,1.0682616399874447,0.21862931853655534
38.09,38.09,76.18,106.18,114.27000000000001,38.09,-1.3631979494112414,1.0684995791861531,0.2187054194944843
38.1,38.1,76.2,106.2,114.30000000000001,38.1,-1.3630114402923663,1.0687374858365026,0.21878175629210952
38.11,38.11,76.22,106.22,114.33,38.11,-1.3628248896537882,1.0689753599312473,0.2188583289338842
38.12,38.12,76.24,106.24,114.35999999999999,38.12,-1.3626382975011908,1.0692132014631393,0.2189351374241612
38.13,38.13,76.26,106.26,114.39000000000001,38.13,-1.3624516638402573,1.069451010424935,0.21901218176719256
38.14,38.14,76.28,106.28,114.42,38.14,-1.3622649886766725,1.0696887868093905,0.21908946196712947
38.15,38.15,76.3,106.3,114.44999999999999,38.15,-1.362078272016123,1.069926530609262,0.21916697802802332
38.16,38.16,76.32,106.32,114.47999999999999,38.16,-1.361891513864297,1.0701642418173076,0.2192447299538229
38.17,38.17,76.34,106.34,114.51,38.17,-1.3617047142268828,1.070401920426287,0.21932271774837844
38.18,38.18,76.36,106.36,114.53999999999999,38.18,-1.3615178731095718,1.070639566428958,0.21940094141543776
38.19,38.19,76.37999999999998,106.37999999999998,114.56999999999998,38.19,-1.3613309905180544,1.0708771798180838,0.219479400958649
38.2,38.2,76.4,106.4,114.60000000000001,38.2,-1.3611440664580239,1.071114760586425,0.2195580963815589
38.21,38.21,76.42,106.42,114.63,38.21,-1.3609571009351733,1.0713523087267456,0.21963702768761384
38.22,38.22,76.44,106.44,114.66,38.22,-1.3607700939551999,1.0715898242318074,0.2197161948801593
38.23,38.23,76.46,106.46,114.69,38.23,-1.3605830455237986,1.0718273070943771,0.21979559796243978
38.24,38.24,76.48,106.48,114.72,38.24,-1.3603959556466674,1.0720647573072208,0.21987523693759972
38.25,38.25,76.5,106.5,114.75,38.25,-1.3602088243295063,1.0723021748631032,0.21995511180868238
38.26,38.26,76.52,106.52,114.78,38.26,-1.360021651578015,1.0725395597547942,0.22003522257862995
38.27,38.27,76.54,106.54,114.81,38.27,-1.3598344373978946,1.0727769119750625,0.22011556925028447
38.28,38.28,76.56,106.56,114.84,38.28,-1.3596471817948494,1.0730142315166764,0.22019615182638635
38.29,38.29,76.58,106.58,114.87,38.29,-1.3594598847745822,1.073251518372408,0.22027697030957671
38.3,38.3,76.6,106.6,114.89999999999999,38.3,-1.3592725463427984,1.0734887725350297,0.22035802470239407
38.31,38.31,76.62000000000002,106.62000000000002,114.93000000000002,38.31,-1.3590851665052057,1.0737259939973127,0.2204393150072777
38.32,38.32,76.64,106.64,114.96000000000001,38.32,-1.3588977452675117,1.073963182752031,0.22052084122656526
38.33,38.33,76.66,106.66,114.99,38.33,-1.358710282635425,1.0742003387919608,0.22060260336249363
38.34,38.34,76.68,106.68,115.02000000000001,38.34,-1.3585227786146556,1.0744374621098776,0.22068460141719937
38.35,38.35,76.7,106.7,115.05000000000001,38.35,-1.3583352332109173,1.0746745526985566,0.2207668353927176
38.36,38.36,76.72,106.72,115.08,38.36,-1.3581476464299207,1.0749116105507779,0.22084930529098326
38.37,38.37,76.74,106.74,115.10999999999999,38.37,-1.3579600182773812,1.0751486356593185,0.22093201111383068
38.38,38.38,76.76,106.76,115.14000000000001,38.38,-1.3577723487590143,1.075385628016959,0.2210149528629921
38.39,38.39,76.78,106.78,115.17,38.39,-1.3575846378805372,1.0756225876164793,0.22109813054010022
38.4,38.4,76.8,106.8,115.19999999999999,38.4,-1.3573968856476661,1.0758595144506633,0.22118154414668634
38.41,38.41,76.82,106.82,115.22999999999999,38.41,-1.3572090920661217,1.0760964085122915,0.2212651936841822
38.42,38.42,76.84,106.84,115.26,38.42,-1.3570212571416245,1.076333269794149,0.2213490791539158
38.43,38.43,76.86,106.86,115.28999999999999,38.43,-1.356833380879896,1.07657009828902,0.2214332005571172
38.44,38.44,76.87999999999998,106.87999999999998,115.31999999999998,38.44,-1.3566454632866594,1.0768068939896909,0.22151755789491415
38.45,38.45,76.9,106.9,115.35000000000001,38.45,-1.356457504367639,1.0770436568889472,0.221602151168335
38.46,38.46,76.92,106.92,115.38,38.46,-1.3562695041285593,1.077280386979579,0.2216869803783049
38.47,38.47,76.94,106.94,115.41,38.47,-1.3560814625751487,1.0775170842543729,0.22177204552565036
38.48,38.48,76.96,106.96,115.44,38.48,-1.3558933797131345,1.0777537487061195,0.2218573466110962
38.49,38.49,76.98,106.98,115.47,38.49,-1.355705255548246,1.0779903803276096,0.22194288363526687
38.5,38.5,77.0,107.0,115.5,38.5,-1.3555170900862141,1.0782269791116352,0.22202865659868418
38.51,38.51,77.02,107.02,115.53,38.51,-1.3553288833327704,1.0784635450509887,0.22211466550177136
38.52,38.52,77.04,107.04,115.56,38.52,-1.355140635293648,1.078700078138464,0.22220091034485043
38.53,38.53,77.06,107.06,115.59,38.53,-1.3549523459745811,1.0789365783668559,0.22228739112814114
38.54,38.54,77.08,107.08,115.62,38.54,-1.3547640153813059,1.0791730457289601,0.2223741078517634
38.55,38.55,77.1,107.1,115.64999999999999,38.55,-1.3545756435195584,1.0794094802175744,0.22246106051573625
38.56,38.56,77.12000000000002,107.12000000000002,115.68000000000002,38.56,-1.3543872303950781,1.0796458818254944,0.22254824911997792
38.57,38.57,77.14,107.14,115.71000000000001,38.57,-1.3541987760136032,1.0798822505455208,0.22263567366430526
38.58,38.58,77.16,107.16,115.74,38.58,-1.3540102803808747,1.0801185863704528,0.22272333414843468
38.59,38.59,77.18,107.18,115.77000000000001,38.59,-1.3538217435026343,1.080354889293091,0.2228112305719823
38.6,38.6,77.2,107.2,115.80000000000001,38.6,-1.3536331653846256,1.0805911593062378,0.2228993629344613
38.61,38.61,77.22,107.22,115.83,38.61,-1.3534445460325921,1.080827396402696,0.22298773123528656
38.62,38.62,77.24,107.24,115.85999999999999,38.62,-1.3532558854522811,1.0810636005752676,0.2230763354737707
38.63,38.63,77.26,107.26,115.89000000000001,38.63,-1.3530671836494383,1.0812997718167598,0.2231651756491251
38.64,38.64,77.28,107.28,115.92,38.64,-1.3528784406298122,1.081535910119977,0.22325425176046146
38.65,38.65,77.3,107.3,115.94999999999999,38.65,-1.3526896563991517,1.0817720154777275,0.22334356380678957
38.66,38.66,77.32,107.32,115.97999999999999,38.66,-1.352500830963209,1.0820080878828164,0.22343311178701925
38.67,38.67,77.34,107.34,116.01,38.67,-1.3523119643277342,1.0822441273280559,0.22352289569995779
38.68,38.68,77.36,107.36,116.03999999999999,38.68,-1.3521230564984816,1.0824801338062533,0.22361291554431373
38.69,38.69,77.37999999999998,107.37999999999998,116.06999999999998,38.69,-1.351934107481206,1.0827161073102196,0.2237031713186933
38.7,38.7,77.4,107.4,116.10000000000001,38.7,-1.351745117281662,1.0829520478327679,0.22379366302160242
38.71,38.71,77.42,107.42,116.13,38.71,-1.3515560859056068,1.083187955366711,0.22388439065144536
38.72,38.72,77.44,107.44,116.16,38.72,-1.3513670133587998,1.0834238299048609,0.22397535420652662
38.73,38.73,77.46,107.46,116.19,38.73,-1.351177899646999,1.0836596714400346,0.22406655368504907
38.74,38.74,77.48,107.48,116.22,38.74,-1.3509887447759654,1.0838954799650475,0.2241579890851141
38.75,38.75,77.5,107.5,116.25,38.75,-1.3507995487514621,1.0841312554727154,0.22424966040472386
38.76,38.76,77.52,107.52,116.28,38.76,-1.3506103115792516,1.0843669979558563,0.22434156764177848
38.77,38.77,77.54,107.54,116.31,38.77,-1.3504210332650979,1.0846027074072908,0.22443371079407637
38.78,38.78,77.56,107.56,116.34,38.78,-1.3502317138147675,1.0848383838198368,0.2245260898593171
38.79,38.79,77.58,107.58,116.37,38.79,-1.3500423532340275,1.0850740271863155,0.22461870483509755
38.8,38.8,77.6,107.6,116.39999999999999,38.8,-1.3498529515286448,1.0853096374995503,0.2247115557189142
38.81,38.81,77.62000000000002,107.62000000000002,116.43000000000002,38.81,-1.3496635087043904,1.0855452147523628,0.2248046425081636
38.82,38.82,77.64,107.64,116.46000000000001,38.82,-1.3494740247670347,1.0857807589375768,0.2248979652001393
38.83,38.83,77.66,107.66,116.49,38.83,-1.34928449972235,1.086016270048017,0.22499152379203557
38.84,38.84,77.68,107.68,116.52000000000001,38.84,-1.349094933576108,1.086251748076511,0.2250853182809461
38.85,38.85,77.7,107.7,116.55000000000001,38.85,-1.3489053263340849,1.0864871930158841,0.2251793486638616
38.86,38.86,77.72,107.72,116.58,38.86,-1.348715678002056,1.0867226048589649,0.22527361493767364
38.87,38.87,77.74,107.74,116.60999999999999,38.87,-1.348525988585798,1.086957983598582,0.22536811709917237
38.88,38.88,77.76,107.76,116.64000000000001,38.88,-1.3483362580910896,1.0871933292275657,0.22546285514504705
38.89,38.89,77.78,107.78,116.67,38.89,-1.3481464865237105,1.0874286417387462,0.22555782907188549
38.9,38.9,77.8,107.8,116.69999999999999,38.9,-1.3479566738894402,1.087663921124957,0.2256530388761754
38.91,38.91,77.82,107.82,116.72999999999999,38.91,-1.347766820194062,1.08789916737903,0.22574848455430224
38.92,38.92,77.84,107.84,116.76,38.92,-1.3475769254433583,1.0881343804937997,0.2258441661025526
38.93,38.93,77.86,107.86,116.78999999999999,38.93,-1.3473869896431152,1.0883695604620995,0.22594008351710976
38.94,38.94,77.87999999999998,107.87999999999998,116.81999999999998,38.94,-1.3471970127991166,1.0886047072767673,0.22603623679405835
38.95,38.95,77.9,107.9,116.85000000000001,38.95,-1.3470069949171506,1.0888398209306394,0.22613262592938038
38.96,38.96,77.92,107.92,116.88,38.96,-1.3468169360030051,1.0890749014165542,0.22622925091895643
38.97,38.97,77.94,107.94,116.91,38.97,-1.3466268360624696,1.0893099487273503,0.22632611175856882
38.98,38.98,77.96,107.96,116.94,38.98,-1.346436695101335,1.0895449628558678,0.22642320844389646
38.99,38.99,77.98,107.98,116.97,38.99,-1.346246513125393,1.0897799437949482,0.22652054097051774
39.0,39.0,78.0,108.0,117.0,39.0,-1.346056290140438,1.0900148915374324,0.22661810933391094
39.01,39.01,78.02,108.02,117.03,39.01,-1.345866026152263,1.0902498060761647,0.22671591352945275
39.02,39.02,78.04,108.04,117.06,39.02,-1.3456757211666643,1.0904846874039897,0.2268139535524188
39.03,39.03,78.06,108.06,117.09,39.03,-1.34548537518944,1.0907195355137502,0.22691222939798406
39.04,39.04,78.08,108.08,117.12,39.04,-1.3452949882263872,1.0909543503982944,0.22701074106122213
39.05,39.05,78.1,108.1,117.14999999999999,39.05,-1.345104560283305,1.0911891320504692,0.22710948853710686
39.06,39.06,78.12000000000002,108.12000000000002,117.18000000000002,39.06,-1.3449140913659958,1.0914238804631213,0.22720847182050974
39.07,39.07,78.14,108.14,117.21000000000001,39.07,-1.3447235814802603,1.0916585956291014,0.22730769090620107
39.08,39.08,78.16,108.16,117.24,39.08,-1.3445330306319019,1.0918932775412589,0.22740714578885232
39.09,39.09,78.18,108.18,117.27000000000001,39.09,-1.344342438826725,1.092127926192446,0.22750683646303133
39.1,39.1,78.2,108.2,117.30000000000001,39.1,-1.3441518060705366,1.092362541575513,0.22760676292320683
39.11,39.11,78.22,108.22,117.33,39.11,-1.343961132369142,1.092597123683315,0.22770692516374585
39.12,39.12,78.24,108.24,117.35999999999999,39.12,-1.3437704177283507,1.092831672508705,0.2278073231789147
39.13,39.13,78.26,108.26,117.39000000000001,39.13,-1.3435796621539722,1.0930661880445383,0.2279079569628782
39.14,39.14,78.28,108.28,117.42,39.14,-1.3433888656518163,1.0933006702836716,0.22800882650970092
39.15,39.15,78.3,108.3,117.44999999999999,39.15,-1.3431980282276952,1.093535119218963,0.22810993181334563
39.16,39.16,78.32,108.32,117.47999999999999,39.16,-1.3430071498874232,1.0937695348432686,0.22821127286767554
39.17,39.17,78.34,108.34,117.51,39.17,-1.342816230636813,1.0940039171494502,0.2283128496664506
39.18,39.18,78.36,108.36,117.53999999999999,39.18,-1.342625270481682,1.0942382661303662,0.2284146622033324
39.19,39.19,78.37999999999998,108.37999999999998,117.56999999999998,39.19,-1.3424342694278464,1.0944725817788785,0.2285167104718792
39.2,39.2,78.4,108.4,117.60000000000001,39.2,-1.3422432274811251,1.094706864087849,0.2286189944655506
39.21,39.21,78.42,108.42,117.63,39.21,-1.3420521446473361,1.0949411130501425,0.22872151417770245
39.22,39.22,78.44,108.44,117.66,39.22,-1.3418610209323016,1.095175328658622,0.22882426960159222
39.23,39.23,78.46,108.46,117.69,39.23,-1.3416698563418434,1.0954095109061526,0.22892726073037542
39.24,39.24,78.48,108.48,117.72,39.24,-1.3414786508817835,1.0956436597856027,0.22903048755710534
39.25,39.25,78.5,108.5,117.75,39.25,-1.3412874045579475,1.0958777752898379,0.22913395007473636
39.26,39.26,78.52,108.52,117.78,39.26,-1.3410961173761613,1.0961118574117266,0.2292376482761204
39.27,39.27,78.54,108.54,117.81,39.27,-1.3409047893422503,1.0963459061441396,0.2293415821540098
39.28,39.28,78.56,108.56,117.84,39.28,-1.3407134204620443,1.0965799214799465,0.2294457517010541
39.29,39.29,78.58,108.58,117.87,39.29,-1.340522010741372,1.0968139034120183,0.22955015690980307
39.3,39.3,78.6,108.6,117.89999999999999,39.3,-1.3403305601860642,1.0970478519332285,0.22965479777270548
39.31,39.31,78.62000000000002,108.62000000000002,117.93000000000002,39.31,-1.340139068801953,1.09728176703645,0.22975967428210856
39.32,39.32,78.64,108.64,117.96000000000001,39.32,-1.3399475365948712,1.0975156487145574,0.2298647864302587
39.33,39.33,78.66,108.66,117.99,39.33,-1.339755963570654,1.097749496960426,0.22997013420930185
39.34,39.34,78.68,108.68,118.02000000000001,39.34,-1.3395643497351353,1.097983311766934,0.23007571761128212
39.35,39.35,78.7,108.7,118.05000000000001,39.35,-1.3393726950941534,1.098217093126957,0.23018153662814383
39.36,39.36,78.72,108.72,118.08,39.36,-1.339180999653546,1.0984508410333749,0.23028759125172893
39.37,39.37,78.74,108.74,118.10999999999999,39.37,-1.3389892634191534,1.0986845554790658,0.2303938814737785
39.38,39.38,78.76,108.76,118.14000000000001,39.38,-1.338797486396815,1.0989182364569117,0.23050040728593443
39.39,39.39,78.78,108.78,118.17,39.39,-1.3386056685923735,1.099151883959794,0.23060716867973508
39.4,39.4,78.8,108.8,118.19999999999999,39.4,-1.3384138100116711,1.0993854979805955,0.23071416564661984
39.41,39.41,78.82,108.82,118.22999999999999,39.41,-1.3382219106605528,1.0996190785121993,0.2308213981779259
39.42,39.42,78.84,108.84,118.26,39.42,-1.338029970544864,1.0998526255474914,0.23092886626488987
39.43,39.43,78.86,108.86,118.28999999999999,39.43,-1.3378379896704515,1.1000861390793562,0.23103656989864774
39.44,39.44,78.87999999999998,108.87999999999998,118.31999999999998,39.44,-1.3376459680431643,1.1003196191006803,0.23114450907023415
39.45,39.45,78.9,108.9,118.35000000000001,39.45,-1.33745390566885,1.1005530656043525,0.23125268377058275
39.46,39.46,78.92,108.92,118.38,39.46,-1.3372618025533598,1.1007864785832622,0.23136109399052576
39.47,39.47,78.94,108.94,118.41,39.47,-1.3370696587025466,1.101019858030297,0.23146973972079515
39.48,39.48,78.96,108.96,118.44,39.48,-1.336877474122262,1.1012532039383496,0.23157862095202175
39.49,39.49,78.98,108.98,118.47,39.49,-1.3366852488183607,1.1014865163003118,0.23168773767473444
39.5,39.5,79.0,109.0,118.5,39.5,-1.336492982796699,1.101719795109075,0.23179708987936334
39.51,39.51,79.02,109.02,118.53,39.51,-1.3363006760631326,1.1019530403575346,0.231906677556235
39.52,39.52,79.04,109.04,118.56,39.52,-1.3361083286235194,1.102186252038586,0.23201650069557644
39.53,39.53,79.06,109.06,118.59,39.53,-1.3359159404837198,1.1024194301451236,0.23212655928751336
39.54,39.54,79.08,109.08,118.62,39.54,-1.3357235116495936,1.1026525746700442,0.23223685332207059
39.55,39.55,79.1,109.1,118.64999999999999,39.55,-1.335531042127002,1.102885685606248,0.2323473827891721
39.56,39.56,79.12000000000002,109.12000000000002,118.68000000000002,39.56,-1.3353385319218087,1.1031187629466321,0.23245814767864018
39.57,39.57,79.14,109.14,118.71000000000001,39.57,-1.3351459810398785,1.1033518066840964,0.23256914798019693
39.58,39.58,79.16,109.16,118.74,39.58,-1.3349533894870755,1.1035848168115436,0.23268038368346214
39.59,39.59,79.18,109.18,118.77000000000001,39.59,-1.3347607572692661,1.1038177933218754,0.23279185477795772
39.6,39.6,79.2,109.2,118.80000000000001,39.6,-1.3345680843923202,1.1040507362079934,0.23290356125310033
39.61,39.61,79.22,109.22,118.83,39.61,-1.334375370862105,1.1042836454628038,0.2330155030982091
39.62,39.62,79.24,109.24,118.85999999999999,39.62,-1.334182616684492,1.1045165210792103,0.23312768030250008
39.63,39.63,79.26,109.26,118.89000000000001,39.63,-1.333989821865352,1.10474936305012,0.23324009285508926
39.64,39.64,79.28,109.28,118.92,39.64,-1.3337969864105594,1.1049821713684385,0.23335274074499218
39.65,39.65,79.3,109.3,118.94999999999999,39.65,-1.3336041103259861,1.1052149460270768,0.23346562396112172
39.66,39.66,79.32,109.32,118.97999999999999,39.66,-1.3334111936175093,1.105447687018942,0.23357874249229119
39.67,39.67,79.34,109.34,119.01,39.67,-1.3332182362910046,1.1056803943369453,0.2336920963272127
39.68,39.68,79.36,109.36,119.03999999999999,39.68,-1.3330252383523502,1.1059130679739977,0.23380568545449684
39.69,39.69,79.37999999999998,109.37999999999998,119.06999999999998,39.69,-1.3328321998074248,1.1061457079230115,0.23391950986265364
39.7,39.7,79.4,109.4,119.10000000000001,39.7,-1.3326391206621098,1.1063783141768997,0.2340335695400923
39.71,39.71,79.42,109.42,119.13,39.71,-1.3324460009222847,1.1066108867285784,0.23414786447512004
39.72,39.72,79.44,109.44,119.16,39.72,-1.3322528405938339,1.1068434255709614,0.23426239465594476
39.73,39.73,79.46,109.46,119.19,39.73,-1.332059639682641,1.1070759306969655,0.2343771600706719
39.74,39.74,79.48,109.48,119.22,39.74,-1.331866398194591,1.1073084020995085,0.2344921607073064
39.75,39.75,79.5,109.5,119.25,39.75,-1.3316731161355706,1.1075408397715087,0.23460739655375296
39.76,39.76,79.52,109.52,119.28,39.76,-1.3314797935114673,1.1077732437058858,0.234722867597814
39.77,39.77,79.54,109.54,119.31,39.77,-1.3312864303281704,1.10800561389556,0.23483857382719212
39.78,39.78,79.56,109.56,119.34,39.78,-1.33109302659157,1.1082379503334532,0.23495451522948774
39.79,39.79,79.58,109.58,119.37,39.79,-1.330899582307557,1.1084702530124884,0.23507069179220155
39.8,39.8,79.6,109.6,119.39999999999999,39.8,-1.3307060974820242,1.108702521925589,0.2351871035027323
39.81,39.81,79.62000000000002,109.62000000000002,119.43000000000002,39.81,-1.3305125721208666,1.1089347570656785,0.235303750348379
39.82,39.82,79.64,109.64,119.46000000000001,39.82,-1.330319006229978,1.1091669584256842,0.23542063231633786
39.83,39.83,79.66,109.66,119.49,39.83,-1.3301253998152551,1.1093991259985323,0.23553774939370595
39.84,39.84,79.68,109.68,119.52000000000001,39.84,-1.3299317528825958,1.1096312597771505,0.23565510156747826
39.85,39.85,79.7,109.7,119.55000000000001,39.85,-1.3297380654378983,1.1098633597544678,0.2357726888245491
39.86,39.86,79.72,109.72,119.58,39.86,-1.3295443374870628,1.1100954259234144,0.23589051115171195
39.87,39.87,79.74,109.74,119.60999999999999,39.87,-1.3293505690359915,1.11032745827692,0.2360085685356587
39.88,39.88,79.76,109.76,119.64000000000001,39.88,-1.3291567600905865,1.1105594568079167,0.2361268609629814
39.89,39.89,79.78,109.78,119.67,39.89,-1.3289629106567507,1.1107914215093382,0.23624538842017054
39.9,39.9,79.8,109.8,119.69999999999999,39.9,-1.3287690207403897,1.111023352374119,0.23636415089361465
39.91,39.91,79.82,109.82,119.72999999999999,39.91,-1.3285750903474103,1.111255249395192,0.23648314836960385
39.92,39.92,79.84,109.84,119.76,39.92,-1.3283811194837187,1.1114871125654955,0.23660238083432436
39.93,39.93,79.86,109.86,119.78999999999999,39.93,-1.3281871081552246,1.1117189418779647,0.23672184827386378
39.94,39.94,79.87999999999998,109.87999999999998,119.81999999999998,39.94,-1.3279930563678382,1.111950737325538,0.23684155067420679
39.95,39.95,79.9,109.9,119.85000000000001,39.95,-1.3277989641274697,1.1121824989011553,0.23696148802123923
39.96,39.96,79.92,109.92,119.88,39.96,-1.327604831440031,1.1124142265977572,0.23708166030074415
39.97,39.97,79.94,109.94,119.91,39.97,-1.3274106583114373,1.1126459204082835,0.23720206749840445
39.98,39.98,79.96,109.96,119.94,39.98,-1.3272164447476031,1.112877580325676,0.23732270959980245
39.99,39.99,79.98,109.98,119.97,39.99,-1.3270221907544433,1.1131092063428807,0.23744358659041853
40.0,40.0,80.0,110.0,120.0,40.0,-1.3268278963378766,1.113340798452839,0.23756469845563327
40.01,40.01,80.02,110.02,120.03,40.01,-1.3266335615038212,1.1135723566484965,0.23768604518072528
40.02,40.02,80.04,110.04,120.06,40.02,-1.3264391862581957,1.1138038809228017,0.23780762675087266
40.03,40.03,80.06,110.06,120.09,40.03,-1.3262447706069227,1.1140353712687001,0.23792944315115236
40.04,40.04,80.08,110.08,120.12,40.04,-1.3260503145559244,1.1142668276791399,0.23805149436654088
40.05,40.05,80.1,110.1,120.14999999999999,40.05,-1.3258558181111224,1.1144982501470722,0.23817378038191434
40.06,40.06,80.12000000000002,110.12000000000002,120.18000000000002,40.06,-1.3256612812784432,1.114729638665446,0.23829630118204592
40.07,40.07,80.14,110.14,120.21000000000001,40.07,-1.3254667040638124,1.114960993227213,0.23841905675160915
40.08,40.08,80.16,110.16,120.24,40.08,-1.3252720864731573,1.1151923138253257,0.2385420470751771
40.09,40.09,80.18,110.18,120.27000000000001,40.09,-1.325077428512405,1.1154236004527391,0.23866527213722127
40.1,40.1,80.2,110.2,120.30000000000001,40.1,-1.3248827301874866,1.1156548531024062,0.23878873192211186
40.11,40.11,80.22,110.22,120.33,40.11,-1.3246879915043324,1.115886071767283,0.23891242641411883
40.12,40.12,80.24,110.24,120.35999999999999,40.12,-1.3244932124688746,1.116117256440326,0.23903635559741107
40.13,40.13,80.26,110.26,120.39000000000001,40.13,-1.3242983930870462,1.1163484071144936,0.239160519456057
40.14,40.14,80.28,110.28,120.42,40.14,-1.3241035333647826,1.1165795237827434,0.2392849179740221
40.15,40.15,80.3,110.3,120.44999999999999,40.15,-1.3239086333080177,1.1168106064380372,0.23940955113517373
40.16,40.16,80.32,110.32,120.47999999999999,40.16,-1.3237136929226905,1.1170416550733338,0.23953441892327645
40.17,40.17,80.34,110.34,120.51,40.17,-1.3235187122147378,1.1172726696815964,0.239659521321995
40.18,40.18,80.36,110.36,120.53999999999999,40.18,-1.3233236911901007,1.1175036502557862,0.23978485831489232
40.19,40.19,80.37999999999998,110.37999999999998,120.56999999999998,40.19,-1.3231286298547182,1.1177345967888688,0.23991042988543057
40.2,40.2,80.4,110.4,120.60000000000001,40.2,-1.3229335282145331,1.1179655092738086,0.2400362360169722
40.21,40.21,80.42,110.42,120.63,40.21,-1.3227383862754885,1.1181963877035717,0.24016227669277596
40.22,40.22,80.44,110.44,120.66,40.22,-1.322543204043528,1.118427232071125,0.24028855189600384
40.23,40.23,80.46,110.46,120.69,40.23,-1.3223479815245984,1.1186580423694366,0.24041506160971268
40.24,40.24,80.48,110.48,120.72,40.24,-1.3221527187246451,1.1188888185914763,0.2405418058168621
40.25,40.25,80.5,110.5,120.75,40.25,-1.3219574156496179,1.1191195607302122,0.2406687845003081
40.26,40.26,80.52,110.52,120.78,40.26,-1.3217620723054646,1.1193502687786177,0.24079599764280699
40.27,40.27,80.54,110.54,120.81,40.27,-1.3215666886981356,1.1195809427296646,0.24092344522701423
40.28,40.28,80.56,110.56,120.84,40.28,-1.3213712648335845,1.1198115825763248,0.24105112723548394
40.29,40.29,80.58,110.58,120.87,40.29,-1.3211758007177623,1.1200421883115739,0.24117904365066964
40.3,40.3,80.6,110.6,120.89999999999999,40.3,-1.3209802963566233,1.120272759928388,0.24130719445492388
40.31,40.31,80.62000000000002,110.62000000000002,120.93000000000002,40.31,-1.320784751756124,1.1205032974197415,0.24143557963049897
40.32,40.32,80.64,110.64,120.96000000000001,40.32,-1.320589166922221,1.1207338007786123,0.24156419915954538
40.33,40.33,80.66,110.66,120.99,40.33,-1.3203935418608712,1.1209642699979798,0.24169305302411306
40.34,40.34,80.68,110.68,121.02000000000001,40.34,-1.3201978765780336,1.1211947050708235,0.24182214120615103
40.35,40.35,80.7,110.7,121.05000000000001,40.35,-1.3200021710796699,1.1214251059901226,0.2419514636875077
40.36,40.36,80.72,110.72,121.08,40.36,-1.3198064253717399,1.1216554727488603,0.2420810204499306
40.37,40.37,80.74,110.74,121.10999999999999,40.37,-1.3196106394602076,1.1218858053400185,0.2422108114750661
40.38,40.38,80.76,110.76,121.14000000000001,40.38,-1.319414813351037,1.1221161037565799,0.24234083674445983
40.39,40.39,80.78,110.78,121.17,40.39,-1.3192189470501927,1.1223463679915309,0.2424710962395567
40.4,40.4,80.8,110.8,121.19999999999999,40.4,-1.3190230405636405,1.1225765980378568,0.24260158994170117
40.41,40.41,80.82,110.82,121.22999999999999,40.41,-1.3188270938973496,1.1228067938885438,0.24273231783213559
40.42,40.42,80.84,110.84,121.26,40.42,-1.3186311070572883,1.12303695553658,0.24286327989200263
40.43,40.43,80.86,110.86,121.28999999999999,40.43,-1.3184350800494262,1.1232670829749543,0.24299447610234395
40.44,40.44,80.87999999999998,110.87999999999998,121.31999999999998,40.44,-1.318239012879735,1.1234971761966566,0.2431259064440997
40.45,40.45,80.9,110.9,121.35000000000001,40.45,-1.3180429055541878,1.1237272351946772,0.24325757089811012
40.46,40.46,80.92,110.92,121.38,40.46,-1.317846758078757,1.1239572599620102,0.24338946944511375
40.47,40.47,80.94,110.94,121.41,40.47,-1.3176505704594188,1.1241872504916466,0.24352160206574883
40.48,40.48,80.96,110.96,121.44,40.48,-1.3174543427021492,1.1244172067765803,0.24365396874055356
40.49,40.49,80.98,110.98,121.47,40.49,-1.317258074812925,1.1246471288098088,0.2437865694499629
40.5,40.5,81.0,111.0,121.5,40.5,-1.3170617667977254,1.124877016584326,0.24391940417431357
40.51,40.51,81.02,111.02,121.53,40.51,-1.3168654186625304,1.1251068700931297,0.2440524728938399
40.52,40.52,81.04,111.04,121.56,40.52,-1.3166690304133206,1.1253366893292185,0.24418577558867646
40.53,40.53,81.06,111.06,121.59,40.53,-1.3164726020560789,1.1255664742855913,0.24431931223885603
40.54,40.54,81.08,111.08,121.62,40.54,-1.3162761335967883,1.125796224955249,0.24445308282431139
40.55,40.55,81.1,111.1,121.64999999999999,40.55,-1.3160796250414342,1.1260259413311924,0.2445870873248736
40.56,40.56,81.12000000000002,111.12000000000002,121.68000000000002,40.56,-1.3158830763960019,1.1262556234064243,0.24472132572027422
40.57,40.57,81.14,111.14,121.71000000000001,40.57,-1.315686487666479,1.1264852711739481,0.2448557979901427
40.58,40.58,81.16,111.16,121.74,40.58,-1.3154898588588548,1.1267148846267674,0.24499050411400844
40.59,40.59,81.18,111.18,121.77000000000001,40.59,-1.3152931899791167,1.1269444637578903,0.24512544407130032
40.6,40.6,81.2,111.2,121.80000000000001,40.6,-1.3150964810332575,1.127174008560321,0.24526061784134545
40.61,40.61,81.22,111.22,121.83,40.61,-1.3148997320272682,1.1274035190270688,0.24539602540337074
40.62,40.62,81.24,111.24,121.85999999999999,40.62,-1.3147029429671435,1.1276329951511401,0.24553166673650323
40.63,40.63,81.26,111.26,121.89000000000001,40.63,-1.3145061138588767,1.1278624369255468,0.24566754181976747
40.64,40.64,81.28,111.28,121.92,40.64,-1.314309244708464,1.1280918443432992,0.24580365063208756
40.65,40.65,81.3,111.3,121.94999999999999,40.65,-1.3141123355219022,1.1283212173974089,0.24593999315228846
40.66,40.66,81.32,111.32,121.97999999999999,40.66,-1.3139153863051898,1.1285505560808888,0.24607656935909258
40.67,40.67,81.34,111.34,122.01,40.67,-1.3137183970643254,1.1287798603867538,0.24621337923112227
40.68,40.68,81.36,111.36,122.03999999999999,40.68,-1.3135213678053108,1.1290091303080172,0.24635042274689933
40.69,40.69,81.37999999999998,111.37999999999998,122.06999999999998,40.69,-1.3133242985341476,1.1292383658376954,0.24648769988484415
40.7,40.7,81.4,111.4,122.10000000000001,40.7,-1.3131271892568384,1.1294675669688063,0.2466252106232772
40.71,40.71,81.42,111.42,122.13,40.71,-1.3129300399793868,1.1296967336943686,0.24676295494041803
40.72,40.72,81.44,111.44,122.16,40.72,-1.3127328507078007,1.1299258660073992,0.2469009328143843
40.73,40.73,81.46,111.46,122.19,40.73,-1.3125356214480843,1.1301549639009203,0.24703914422319476
40.74,40.74,81.48,111.48,122.22,40.74,-1.3123383522062464,1.1303840273679533,0.24717758914476623
40.75,40.75,81.5,111.5,122.25,40.75,-1.3121410429882971,1.1306130564015187,0.24731626755691466
40.76,40.76,81.52,111.52,122.28,40.76,-1.3119436938002456,1.1308420509946413,0.2474551794373568
40.77,40.77,81.54,111.54,122.31,40.77,-1.3117463046481035,1.131071011140346,0.24759432476370652
40.78,40.78,81.56,111.56,122.34,40.78,-1.3115488755378844,1.1312999368316567,0.247733703513479
40.79,40.79,81.58,111.58,122.37,40.79,-1.3113514064756027,1.1315288280616003,0.24787331566408666
40.8,40.8,81.6,111.6,122.39999999999999,40.8,-1.3111538974672716,1.1317576848232058,0.24801316119284333
40.81,40.81,81.62000000000002,111.62000000000002,122.43000000000002,40.81,-1.3109563485189095,1.1319865071095006,0.24815324007696088
40.82,40.82,81.64,111.64,122.46000000000001,40.82,-1.310758759636534,1.1322152949135136,0.24829355229355063
40.83,40.83,81.66,111.66,122.49,40.83,-1.3105611308261629,1.1324440482282772,0.24843409781962356
40.84,40.84,81.68,111.68,122.52000000000001,40.84,-1.3103634620938165,1.132672767046823,0.24857487663208958
40.85,40.85,81.7,111.7,122.55000000000001,40.85,-1.3101657534455171,1.1329014513621831,0.24871588870775765
40.86,40.86,81.72,111.72,122.58,40.86,-1.3099680048872866,1.133130101167391,0.2488571340233375
40.87,40.87,81.74,111.74,122.60999999999999,40.87,-1.3097702164251486,1.1333587164554826,0.24899861255543645
40.88,40.88,81.76,111.76,122.64000000000001,40.88,-1.3095723880651284,1.1335872972194936,0.24914032428056224
40.89,40.89,81.78,111.78,122.67,40.89,-1.3093745198132527,1.1338158434524601,0.24928226917512128
40.9,40.9,81.8,111.8,122.69999999999999,40.9,-1.3091766116755474,1.1340443551474222,0.24942444721541981
40.91,40.91,81.82,111.82,122.72999999999999,40.91,-1.3089786636580425,1.1342728322974174,0.249566858377663
40.92,40.92,81.84,111.84,122.76,40.92,-1.3087806757667668,1.1345012748954868,0.24970950263795608
40.93,40.93,81.86,111.86,122.78999999999999,40.93,-1.308582648007753,1.13472968293467,0.2498523799723027
40.94,40.94,81.87999999999998,111.87999999999998,122.81999999999998,40.94,-1.3083845803870318,1.134958056408011,0.24999549035660643
40.95,40.95,81.9,111.9,122.85000000000001,40.95,-1.3081864729106372,1.1351863953085528,0.2501388337666706
40.96,40.96,81.92,111.92,122.88,40.96,-1.307988325584604,1.1354146996293397,0.2502824101781964
40.97,40.97,81.94,111.94,122.91,40.97,-1.307790138414968,1.1356429693634167,0.2504262195667868
40.98,40.98,81.96,111.96,122.94,40.98,-1.3075919114077665,1.1358712045038308,0.2505702619079409
40.99,40.99,81.98,111.98,122.97,40.99,-1.3073936445690373,1.1360994050436297,0.25071453717706094
41.0,41.0,82.0,112.0,123.0,41.0,-1.3071953379048207,1.1363275709758616,0.25085904534944575
41.01,41.01,82.02,112.02,123.03,41.01,-1.3069969914211568,1.1365557022935764,0.25100378640029436
41.02,41.02,82.04,112.04,123.06,41.02,-1.3067986051240874,1.136783798989825,0.25114876030470606
41.03,41.03,82.06,112.06,123.09,41.03,-1.3066001790196575,1.137011861057658,0.25129396703767737
41.04,41.04,82.08,112.08,123.12,41.04,-1.3064017131139094,1.1372398884901298,0.2514394065741069
41.05,41.05,82.1,112.1,123.14999999999999,41.05,-1.306203207412889,1.1374678812802939,0.2515850788887911
41.06,41.06,82.12000000000002,112.12000000000002,123.18000000000002,41.06,-1.3060046619226446,1.137695839421204,0.2517309839564261
41.07,41.07,82.14,112.14,123.21000000000001,41.07,-1.3058060766492228,1.1379237629059178,0.2518771217516075
41.08,41.08,82.16,112.16,123.24,41.08,-1.3056074515986735,1.1381516517274914,0.2520234922488299
41.09,41.09,82.18,112.18,123.27000000000001,41.09,-1.305408786777047,1.1383795058789834,0.25217009542248825
41.1,41.1,82.2,112.2,123.30000000000001,41.1,-1.3052100821903947,1.1386073253534525,0.2523169312468767
41.11,41.11,82.22,112.22,123.33,41.11,-1.3050113378447692,1.1388351101439598,0.2524639996961884
41.12,41.12,82.24,112.24,123.35999999999999,41.12,-1.3048125537462258,1.1390628602435653,0.2526113007445155
41.13,41.13,82.26,112.26,123.39000000000001,41.13,-1.3046137299008196,1.1392905756453313,0.25275883436585117
41.14,41.14,82.28,112.28,123.42,41.14,-1.3044148663146065,1.1395182563423225,0.25290660053408665
41.15,41.15,82.3,112.3,123.44999999999999,41.15,-1.3042159629936436,1.1397459023276033,0.2530545992230131
41.16,41.16,82.32,112.32,123.47999999999999,41.16,-1.3040170199439918,1.1399735135942375,0.25320283040632147
41.17,41.17,82.34,112.34,123.51,41.17,-1.3038180371717087,1.1402010901352937,0.25335129405760215
41.18,41.18,82.36,112.36,123.53999999999999,41.18,-1.303619014682858,1.140428631943838,0.25349999015034413
41.19,41.19,82.37999999999998,112.37999999999998,123.56999999999998,41.19,-1.3034199524835017,1.1406561390129393,0.2536489186579363
41.2,41.2,82.4,112.4,123.60000000000001,41.2,-1.3032208505797027,1.140883611335668,0.25379807955366906
41.21,41.21,82.42,112.42,123.63,41.21,-1.303021708977526,1.1411110489050953,0.2539474728107285
41.22,41.22,82.44,112.44,123.66,41.22,-1.302822527683039,1.1413384517142917,0.25409709840220235
41.23,41.23,82.46,112.46,123.69,41.23,-1.3026233067023087,1.1415658197563303,0.2542469563010789
41.24,41.24,82.48,112.48,123.72,41.24,-1.3024240460414027,1.1417931530242866,0.2543970464802447
41.25,41.25,82.5,112.5,123.75,41.25,-1.3022247457063918,1.142020451511234,0.25454736891248514
41.26,41.26,82.52,112.52,123.78,41.26,-1.3020254057033473,1.1422477152102488,0.2546979235704862
41.27,41.27,82.54,112.54,123.81,41.27,-1.30182602603834,1.1424749441144095,0.25484871042683305
41.28,41.28,82.56,112.56,123.84,41.28,-1.301626606717445,1.1427021382167926,0.25499972945401095
41.29,41.29,82.58,112.58,123.87,41.29,-1.3014271477467365,1.1429292975104777,0.25515098062440383
41.3,41.3,82.6,112.6,123.89999999999999,41.3,-1.3012276491322892,1.1431564219885466,0.2553024639102953
41.31,41.31,82.62000000000002,112.62000000000002,123.93000000000002,41.31,-1.3010281108801816,1.143383511644079,0.25545417928386976
41.32,41.32,82.64,112.64,123.96000000000001,41.32,-1.3008285329964913,1.1436105664701581,0.25560612671720906
41.33,41.33,82.66,112.66,123.99,41.33,-1.3006289154872985,1.1438375864598667,0.25575830618229656
41.34,41.34,82.68,112.68,124.02000000000001,41.34,-1.3004292583586827,1.1440645716062912,0.2559107176510138
41.35,41.35,82.7,112.7,124.05000000000001,41.35,-1.3002295616167268,1.1442915219025152,0.2560633610951432
41.36,41.36,82.72,112.72,124.08,41.36,-1.3000298252675129,1.1445184373416268,0.2562162364863657
41.37,41.37,82.74,112.74,124.10999999999999,41.37,-1.2998300493171273,1.144745317916712,0.25636934379626186
41.38,41.38,82.76,112.76,124.14000000000001,41.38,-1.2996302337716534,1.1449721636208616,0.2565226829963127
41.39,41.39,82.78,112.78,124.17,41.39,-1.299430378637179,1.1451989744471645,0.25667625405789823
41.4,41.4,82.8,112.8,124.19999999999999,41.4,-1.2992304839197917,1.1454257503887117,0.25683005695229855
41.41,41.41,82.82,112.82,124.22999999999999,41.41,-1.2990305496255807,1.1456524914385955,0.25698409165069225
41.42,41.42,82.84,112.84,124.26,41.42,-1.298830575760636,1.1458791975899094,0.25713835812415875
41.43,41.43,82.86,112.86,124.28999999999999,41.43,-1.2986305623310506,1.1461058688357457,0.25729285634367605
41.44,41.44,82.87999999999998,112.87999999999998,124.31999999999998,41.44,-1.2984305093429154,1.1463325051692015,0.2574475862801233
41.45,41.45,82.9,112.9,124.35000000000001,41.45,-1.2982304168023253,1.1465591065833722,0.2576025479042783
41.46,41.46,82.92,112.92,124.38,41.46,-1.2980302847153748,1.146785673071356,0.2577577411868179
41.47,41.47,82.94,112.94,124.41,41.47,-1.2978301130881618,1.1470122046262496,0.25791316609831993
41.48,41.48,82.96,112.96,124.44,41.48,-1.297629901926782,1.1472387012411538,0.258068822609261
41.49,41.49,82.98,112.98,124.47,41.49,-1.2974296512373351,1.1474651629091694,0.25822471069001784
41.5,41.5,83.0,113.0,124.5,41.5,-1.2972293610259218,1.1476915896233963,0.25838083031086595
41.51,41.51,83.02,113.02,124.53,41.51,-1.297029031298642,1.147917981376939,0.2585371814419818
41.52,41.52,83.04,113.04,124.56,41.52,-1.296828662061598,1.1481443381629006,0.2586937640534419
41.53,41.53,83.06,113.06,124.59,41.53,-1.2966282533208953,1.1483706599743848,0.2588505781152198
41.54,41.54,83.08,113.08,124.62,41.54,-1.2964278050826368,1.1485969468044988,0.2590076235971911
41.55,41.55,83.1,113.1,124.64999999999999,41.55,-1.2962273173529286,1.1488231986463495,0.25916490046913115
41.56,41.56,83.12000000000002,113.12000000000002,124.68000000000002,41.56,-1.2960267901378788,1.1490494154930442,0.25932240870071377
41.57,41.57,83.14,113.14,124.71000000000001,41.57,-1.295826223443596,1.1492755973376914,0.25948014826151294
41.58,41.58,83.16,113.16,124.74,41.58,-1.2956256172761886,1.1495017441734026,0.259638119121003
41.59,41.59,83.18,113.18,124.77000000000001,41.59,-1.2954249716417676,1.1497278559932889,0.25979632124855734
41.6,41.6,83.2,113.2,124.80000000000001,41.6,-1.2952242865464465,1.1499539327904609,0.25995475461344936
41.61,41.61,83.22,113.22,124.83,41.61,-1.2950235619963366,1.1501799745580341,0.2601134191848514
41.62,41.62,83.24,113.24,124.85999999999999,41.62,-1.2948227979975537,1.1504059812891212,0.2602723149318375
41.63,41.63,83.26,113.26,124.89000000000001,41.63,-1.2946219945562134,1.1506319529768376,0.26043144182338007
41.64,41.64,83.28,113.28,124.92,41.64,-1.2944211516784314,1.1508578896143011,0.26059079982835087
41.65,41.65,83.3,113.3,124.94999999999999,41.65,-1.294220269370326,1.1510837911946292,0.26075038891552244
41.66,41.66,83.32,113.32,124.97999999999999,41.66,-1.294019347638017,1.1513096577109392,0.26091020905356704
41.67,41.67,83.34,113.34,125.01,41.67,-1.2938183864876251,1.1515354891563516,0.2610702602110557
41.68,41.68,83.36,113.36,125.03999999999999,41.68,-1.293617385925271,1.1517612855239874,0.26123054235646037
41.69,41.69,83.37999999999998,113.37999999999998,125.06999999999998,41.69,-1.2934163459570782,1.151987046806968,0.26139105545815233
41.7,41.7,83.4,113.4,125.10000000000001,41.7,-1.293215266589171,1.1522127729984157,0.2615517994844032
41.71,41.71,83.42,113.42,125.13,41.71,-1.293014147827673,1.1524384640914567,0.2617127744033836
41.72,41.72,83.44,113.44,125.16,41.72,-1.2928129896787124,1.152664120079214,0.2618739801831644
41.73,41.73,83.46,113.46,125.19,41.73,-1.2926117921484166,1.152889740954814,0.2620354167917157
41.74,41.74,83.48,113.48,125.22,41.74,-1.292410555242913,1.1531153267113852,0.2621970841969087
41.75,41.75,83.5,113.5,125.25,41.75,-1.2922092789683333,1.1533408773420544,0.26235898236651367
41.76,41.76,83.52,113.52,125.28,41.76,-1.292007963330808,1.1535663928399515,0.2625211112682005
41.77,41.77,83.54,113.54,125.31,41.77,-1.2918066083364694,1.1537918731982069,0.26268347086953997
41.78,41.78,83.56,113.56,125.34,41.78,-1.2916052139914513,1.154017318409952,0.26284606113800146
41.79,41.79,83.58,113.58,125.37,41.79,-1.2914037803018887,1.1542427284683194,0.26300888204095424
41.8,41.8,83.6,113.6,125.39999999999999,41.8,-1.291202307273917,1.1544681033664435,0.263171933545669
41.81,41.81,83.62000000000002,113.62000000000002,125.43000000000002,41.81,-1.2910007949136746,1.1546934430974567,0.26333521561931544
41.82,41.82,83.64,113.64,125.46000000000001,41.82,-1.290799243227299,1.154918747654497,0.26349872822896203
41.83,41.83,83.66,113.66,125.49,41.83,-1.29059765222093,1.1551440170307004,0.26366247134157894
41.84,41.84,83.68,113.68,125.52000000000001,41.84,-1.2903960219007082,1.1553692512192053,0.263826444924035
41.85,41.85,83.7,113.7,125.55000000000001,41.85,-1.290194352272776,1.1555944502131499,0.26399064894310065
41.86,41.86,83.72,113.72,125.58,41.86,-1.2899926433432758,1.1558196140056751,0.26415508336544385
41.87,41.87,83.74,113.74,125.60999999999999,41.87,-1.2897908951183537,1.1560447425899205,0.26431974815763415
41.88,41.88,83.76,113.76,125.64000000000001,41.88,-1.2895891076041537,1.1562698359590298,0.2644846432861409
41.89,41.89,83.78,113.78,125.67,41.89,-1.2893872808068232,1.1564948941061461,0.26464976871733265
41.9,41.9,83.8,113.8,125.69999999999999,41.9,-1.28918541473251,1.1567199170244138,0.26481512441747873
41.91,41.91,83.82,113.82,125.72999999999999,41.91,-1.2889835093873638,1.1569449047069766,0.2649807103527477
41.92,41.92,83.84,113.84,125.76,41.92,-1.2887815647775338,1.1571698571469837,0.2651465264892098
41.93,41.93,83.86,113.86,125.78999999999999,41.93,-1.2885795809091731,1.1573947743375808,0.2653125727928326
41.94,41.94,83.87999999999998,113.87999999999998,125.81999999999998,41.94,-1.2883775577884342,1.1576196562719163,0.26547884922948517
41.95,41.95,83.9,113.9,125.85000000000001,41.95,-1.2881754954214701,1.1578445029431412,0.26564535576493714
41.96,41.96,83.92,113.92,125.88,41.96,-1.287973393814436,1.158069314344406,0.2658120923648577
41.97,41.97,83.94,113.94,125.91,41.97,-1.28777125297349,1.1582940904688614,0.26597905899481433
41.98,41.98,83.96,113.96,125.94,41.98,-1.287569072904788,1.158518831309662,0.26614625562027744
41.99,41.99,83.98,113.98,125.97,41.99,-1.2873668536144884,1.158743536859961,0.2663136822066159
42.0,42.0,84.0,114.0,126.0,42.0,-1.287164595108753,1.158968207112913,0.266481338719098
42.01,42.01,84.02,114.02,126.03,42.01,-1.2869622973937416,1.1591928420616744,0.2666492251228937
42.02,42.02,84.04,114.04,126.06,42.02,-1.2867599604756166,1.1594174416994034,0.2668173413830717
42.03,42.03,84.06,114.06,126.09,42.03,-1.286557584360542,1.1596420060192572,0.2669856874646016
42.04,42.04,84.08,114.08,126.12,42.04,-1.2863551690546828,1.1598665350143946,0.26715426333235287
42.05,42.05,84.1,114.1,126.14999999999999,42.05,-1.2861527145642033,1.1600910286779784,0.2673230689510949
42.06,42.06,84.12000000000002,114.12000000000002,126.18000000000002,42.06,-1.2859502208952727,1.1603154870031682,0.26749210428549675
42.07,42.07,84.14,114.14,126.21000000000001,42.07,-1.2857476880540586,1.1605399099831264,0.26766136930012796
42.08,42.08,84.16,114.16,126.24,42.08,-1.2855451160467297,1.1607642976110177,0.26783086395945943
42.09,42.09,84.18,114.18,126.27000000000001,42.09,-1.2853425048794571,1.1609886498800077,0.26800058822785955
42.1,42.1,84.2,114.2,126.30000000000001,42.1,-1.285139854558413,1.16121296678326,0.2681705420695994
42.11,42.11,84.22,114.22,126.33,42.11,-1.2849371650897705,1.161437248313943,0.2683407254488487
42.12,42.12,84.24,114.24,126.35999999999999,42.12,-1.2847344364797038,1.1616614944652242,0.2685111383296776
42.13,42.13,84.26,114.26,126.39000000000001,42.13,-1.2845316687343882,1.1618857052302725,0.26868178067605686
42.14,42.14,84.28,114.28,126.42,42.14,-1.2843288618600008,1.162109880602258,0.2688526524518568
42.15,42.15,84.3,114.3,126.44999999999999,42.15,-1.2841260158627184,1.1623340205743535,0.26902375362084796
42.16,42.16,84.32,114.32,126.47999999999999,42.16,-1.2839231307487207,1.1625581251397294,0.2691950841467018
42.17,42.17,84.34,114.34,126.51,42.17,-1.283720206524188,1.1627821942915602,0.2693666439929896
42.18,42.18,84.36,114.36,126.53999999999999,42.18,-1.2835172431953026,1.163006228023019,0.2695384331231814
42.19,42.19,84.37999999999998,114.37999999999998,126.56999999999998,42.19,-1.2833142407682456,1.1632302263272827,0.26971045150065
42.2,42.2,84.4,114.4,126.60000000000001,42.2,-1.2831111992492015,1.1634541891975274,0.2698826990886668
42.21,42.21,84.42,114.42,126.63,42.21,-1.2829081186443552,1.1636781166269308,0.27005517585040356
42.22,42.22,84.44,114.44,126.66,42.22,-1.2827049989598927,1.1639020086086718,0.27022788174893303
42.23,42.23,84.46,114.46,126.69,42.23,-1.2825018402020019,1.1641258651359303,0.2704008167472265
42.24,42.24,84.48,114.48,126.72,42.24,-1.282298642376871,1.1643496862018874,0.2705739808081574
42.25,42.25,84.5,114.5,126.75,42.25,-1.2820954054906897,1.1645734717997245,0.2707473738944988
42.26,42.26,84.52,114.52,126.78,42.26,-1.281892129549649,1.1647972219226252,0.27092099596892366
42.27,42.27,84.54,114.54,126.81,42.27,-1.2816888145599408,1.1650209365637743,0.2710948469940055
42.28,42.28,84.56,114.56,126.84,42.28,-1.2814854605277597,1.165244615716355,0.2712689269322178
42.29,42.29,84.58,114.58,126.87,42.29,-1.2812820674592986,1.1654682593735555,0.2714432357459354
42.3,42.3,84.6,114.6,126.89999999999999,42.3,-1.2810786353607535,1.1656918675285632,0.271617773397432
42.31,42.31,84.62000000000002,114.62000000000002,126.93000000000002,42.31,-1.2808751642383225,1.165915440174565,0.2717925398488826
42.32,42.32,84.64,114.64,126.96000000000001,42.32,-1.2806716540982024,1.1661389773047524,0.2719675350623616
42.33,42.33,84.66,114.66,126.99,42.33,-1.280468104946593,1.1663624789123148,0.2721427589998454
42.34,42.34,84.68,114.68,127.02000000000001,42.34,-1.2802645167896942,1.1665859449904454,0.2723182116232083
42.35,42.35,84.7,114.7,127.05000000000001,42.35,-1.2800608896337091,1.1668093755323348,0.27249389289422704
42.36,42.36,84.72,114.72,127.08,42.36,-1.2798572234848382,1.1670327705311792,0.2726698027745784
42.37,42.37,84.74,114.74,127.10999999999999,42.37,-1.279653518349288,1.167256129980172,0.2728459412258379
42.38,42.38,84.76,114.76,127.14000000000001,42.38,-1.279449774233263,1.1674794538725093,0.2730223082094841
42.39,42.39,84.78,114.78,127.17,42.39,-1.279245991142968,1.1677027422013895,0.2731989036868937
42.4,42.4,84.8,114.8,127.19999999999999,42.4,-1.279042169084612,1.1679259949600103,0.27337572761934453
42.41,42.41,84.82,114.82,127.22999999999999,42.41,-1.2788383080644043,1.1681492121415702,0.2735527799680153
42.42,42.42,84.84,114.84,127.26,42.42,-1.2786344080885532,1.1683723937392712,0.2737300606939844
42.43,42.43,84.86,114.86,127.28999999999999,42.43,-1.2784304691632713,1.1685955397463132,0.27390756975823105
42.44,42.44,84.87999999999998,114.87999999999998,127.31999999999998,42.44,-1.2782264912947705,1.1688186501558997,0.2740853071216343
42.45,42.45,84.9,114.9,127.35000000000001,42.45,-1.2780224744892645,1.1690417249612337,0.27426327274497564
42.46,42.46,84.92,114.92,127.38,42.46,-1.2778184187529669,1.1692647641555214,0.2744414665889341
42.47,42.47,84.94,114.94,127.41,42.47,-1.277614324092095,1.169487767731967,0.27461988861409115
42.48,42.48,84.96,114.96,127.44,42.48,-1.2774101905128654,1.1697107356837777,0.2747985387809282
42.49,42.49,84.98,114.98,127.47,42.49,-1.2772060180214957,1.1699336680041628,0.2749774170498269
42.5,42.5,85.0,115.0,127.5,42.5,-1.2770018066242064,1.17015656468633,0.2751565233810697
42.51,42.51,85.02,115.02,127.53,42.51,-1.2767975563272178,1.1703794257234892,0.27533585773483993
42.52,42.52,85.04,115.04,127.56,42.52,-1.276593267136751,1.1706022511088539,0.27551542007122065
42.53,42.53,85.06,115.06,127.59,42.53,-1.2763889390590297,1.170825040835634,0.2756952103501957
42.54,42.54,85.08,115.08,127.62,42.54,-1.2761845721002782,1.1710477948970441,0.27587522853164964
42.55,42.55,85.1,115.1,127.64999999999999,42.55,-1.2759801662667216,1.1712705132862984,0.2760554745753672
42.56,42.56,85.12000000000002,115.12000000000002,127.68000000000002,42.56,-1.2757757215645866,1.1714931959966128,0.276235948441034
42.57,42.57,85.14,115.14,127.71000000000001,42.57,-1.2755712380001007,1.1717158430212036,0.2764166500882363
42.58,42.58,85.16,115.16,127.74,42.58,-1.2753667155794937,1.1719384543532883,0.27659757947646046
42.59,42.59,85.18,115.18,127.77000000000001,42.59,-1.2751621543089937,1.1721610299860876,0.2767787365650938
42.6,42.6,85.2,115.2,127.80000000000001,42.6,-1.274957554194834,1.1723835699128193,0.2769601213134246
42.61,42.61,85.22,115.22,127.83,42.61,-1.2747529152432457,1.1726060741267061,0.277141733680641
42.62,42.62,85.24,115.24,127.85999999999999,42.62,-1.2745482374604642,1.1728285426209681,0.27732357362583154
42.63,42.63,85.26,115.26,127.89000000000001,42.63,-1.2743435208527227,1.17305097538883,0.2775056411079869
42.64,42.64,85.28,115.28,127.92,42.64,-1.2741387654262577,1.1732733724235165,0.2776879360859965
42.65,42.65,85.3,115.3,127.94999999999999,42.65,-1.2739339711873066,1.1734957337182519,0.27787045851865183
42.66,42.66,85.32,115.32,127.97999999999999,42.66,-1.2737291381421076,1.1737180592662633,0.2780532083646439
42.67,42.67,85.34,115.34,128.01,42.67,-1.2735242662968997,1.1739403490607785,0.2782361855825656
42.68,42.68,85.36,115.36,128.04,42.68,-1.2733193556579256,1.1741626030950247,0.27841939013090927
42.69,42.69,85.37999999999998,115.37999999999998,128.07,42.69,-1.2731144062314252,1.1743848213622334,0.2786028219680685
42.7,42.7,85.4,115.4,128.10000000000002,42.7,-1.2729094180236427,1.1746070038556347,0.27878648105233844
42.71,42.71,85.42,115.42,128.13,42.71,-1.2727043910408211,1.1748291505684614,0.27897036734191283
42.72,42.72,85.44,115.44,128.16,42.72,-1.272499325289208,1.1750512614939443,0.27915448079488836
42.73,42.73,85.46,115.46,128.19,42.73,-1.2722942207750485,1.1752733366253196,0.2793388213692614
42.74,42.74,85.48,115.48,128.22,42.74,-1.2720890775045903,1.1754953759558227,0.2795233890229287
42.75,42.75,85.5,115.5,128.25,42.75,-1.2718838954840836,1.1757173794786875,0.2797081837136883
42.76,42.76,85.52,115.52,128.28,42.76,-1.271678674719778,1.1759393471871535,0.2798932053992389
42.77,42.77,85.54,115.54,128.31,42.77,-1.271473415217924,1.1761612790744596,0.28007845403717957
42.78,42.78,85.56,115.56,128.34,42.78,-1.271268116984776,1.176383175133843,0.2802639295850113
42.79,42.79,85.58,115.58,128.37,42.79,-1.2710627800265863,1.1766050353585462,0.2804496320001344
42.8,42.8,85.6,115.6,128.39999999999998,42.8,-1.2708574043496095,1.1768268597418112,0.28063556123985106
42.81,42.81,85.62000000000002,115.62000000000002,128.43,42.81,-1.2706519899601032,1.1770486482768796,0.28082171726136357
42.82,42.82,85.64,115.64,128.46,42.82,-1.2704465368643245,1.1772704009569952,0.2810081000217752
42.83,42.83,85.66,115.66,128.49,42.83,-1.2702410450685306,1.1774921177754043,0.2811947094780911
42.84,42.84,85.68,115.68,128.52,42.84,-1.2700355145789815,1.177713798725353,0.2813815455872155
42.85,42.85,85.7,115.7,128.55,42.85,-1.2698299454019393,1.1779354438000869,0.2815686083059542
42.86,42.86,85.72,115.72,128.57999999999998,42.86,-1.269624337543664,1.1781570529928562,0.28175589759101544
42.87,42.87,85.74,115.74,128.60999999999999,42.87,-1.2694186910104204,1.1783786262969091,0.2819434133990047
42.88,42.88,85.76,115.76,128.64000000000001,42.88,-1.2692130058084723,1.1786001637054964,0.28213115568643227
42.89,42.89,85.78,115.78,128.67000000000002,42.89,-1.2690072819440854,1.178821665211869,0.28231912440970713
42.9,42.9,85.8,115.8,128.7,42.9,-1.2688015194235254,1.1790431308092817,0.28250731952513936
42.91,42.91,85.82,115.82,128.73,42.91,-1.2685957182530616,1.179264560490986,0.28269574098894035
42.92,42.92,85.84,115.84,128.76,42.92,-1.2683898784389624,1.1794859542502378,0.28288438875722244
42.93,42.93,85.86,115.86,128.79,42.93,-1.268183999987498,1.1797073120802928,0.2830732627859992
42.94,42.94,85.87999999999998,115.87999999999998,128.82,42.94,-1.2679780829049399,1.1799286339744082,0.28326236303118363
42.95,42.95,85.9,115.9,128.85000000000002,42.95,-1.2677721271975613,1.1801499199258414,0.28345168944859206
42.96,42.96,85.92,115.92,128.88,42.96,-1.2675661328716343,1.1803711699278536,0.28364124199393936
42.97,42.97,85.94,115.94,128.91,42.97,-1.2673600999334356,1.1805923839737031,0.2838310206228427
42.98,42.98,85.96,115.96,128.94,42.98,-1.2671540283892404,1.1808135620566524,0.28402102529082135
42.99,42.99,85.98,115.98,128.97,42.99,-1.2669479182453265,1.1810347041699636,0.2842112559532927
43.0,43.0,86.0,116.0,129.0,43.0,-1.266741769507972,1.1812558103069004,0.284401712565578
43.01,43.01,86.02,116.02,129.03,43.01,-1.2665355821834563,1.1814768804607276,0.2845923950828977
43.02,43.02,86.04,116.04,129.06,43.02,-1.266329356278061,1.1816979146247113,0.2847833034603741
43.03,43.03,86.06,116.06,129.09,43.03,-1.2661230917980675,1.1819189127921177,0.28497443765303043
43.04,43.04,86.08,116.08,129.12,43.04,-1.2659167887497595,1.1821398749562155,0.28516579761579003
43.05,43.05,86.1,116.1,129.14999999999998,43.05,-1.26571044713942,1.182360801110274,0.2853573833034798
43.06,43.06,86.12000000000002,116.12000000000002,129.18,43.06,-1.2655040669733368,1.1825816912475617,0.2855491946708252
43.07,43.07,86.14,116.14,129.21,43.07,-1.265297648257795,1.182802545361352,0.2857412316724532
43.08,43.08,86.16,116.16,129.24,43.08,-1.2650911909990825,1.183023363444916,0.28593349426289344
43.09,43.09,86.18,116.18,129.27,43.09,-1.264884695203489,1.1832441454915281,0.2861259823965748
43.1,43.1,86.2,116.2,129.3,43.1,-1.2646781608773041,1.1834648914944623,0.2863186960278288
43.11,43.11,86.22,116.22,129.32999999999998,43.11,-1.2644715880268191,1.183685601446995,0.2865116351108871
43.12,43.12,86.24,116.24,129.35999999999999,43.12,-1.2642649766583278,1.1839062753424012,0.2867047995998827
43.13,43.13,86.26,116.26,129.39000000000001,43.13,-1.2640583267781227,1.1841269131739605,0.28689818944885037
43.14,43.14,86.28,116.28,129.42000000000002,43.14,-1.2638516383924991,1.1843475149349514,0.28709180461172473
43.15,43.15,86.3,116.3,129.45,43.15,-1.2636449115077526,1.1845680806186547,0.2872856450423437
43.16,43.16,86.32,116.32,129.48,43.16,-1.2634381461301818,1.1847886102183496,0.28747971069444406
43.17,43.17,86.34,116.34,129.51,43.17,-1.2632313422660835,1.185009103727321,0.28767400152166556
43.18,43.18,86.36,116.36,129.54,43.18,-1.2630244999217586,1.1852295611388501,0.2878685174775484
43.19,43.19,86.37999999999998,116.37999999999998,129.57,43.19,-1.2628176191035076,1.185449982446222,0.28806325851553366
43.2,43.2,86.4,116.4,129.60000000000002,43.2,-1.262610699817632,1.1856703676427227,0.28825822458896483
43.21,43.21,86.42,116.42,129.63,43.21,-1.2624037420704346,1.1858907167216395,0.2884534156510856
43.22,43.22,86.44,116.44,129.66,43.22,-1.262196745868221,1.186111029676258,0.2886488316550416
43.23,43.23,86.46,116.46,129.69,43.23,-1.2619897112172958,1.186331306499869,0.2888444725538795
43.24,43.24,86.48,116.48,129.72,43.24,-1.261782638123965,1.1865515471857626,0.28904033830054665
43.25,43.25,86.5,116.5,129.75,43.25,-1.2615755265945374,1.186771751727229,0.289236428847893
43.26,43.26,86.52,116.52,129.78,43.26,-1.2613683766353225,1.1869919201175596,0.28943274414866876
43.27,43.27,86.54,116.54,129.81,43.27,-1.2611611882526288,1.1872120523500498,0.2896292841555255
43.28,43.28,86.56,116.56,129.84,43.28,-1.2609539614527685,1.1874321484179924,0.28982604882101737
43.29,43.29,86.58,116.58,129.87,43.29,-1.260746696242055,1.1876522083146828,0.2900230380975987
43.3,43.3,86.6,116.6,129.89999999999998,43.3,-1.2605393926268,1.1878722320334194,0.2902202519376246
43.31,43.31,86.62000000000002,116.62000000000002,129.93,43.31,-1.2603320506133198,1.188092219567498,0.2904176902933536
43.32,43.32,86.64,116.64,129.96,43.32,-1.2601246702079298,1.1883121709102182,0.2906153531169436
43.33,43.33,86.66,116.66,129.99,43.33,-1.259917251416948,1.1885320860548791,0.2908132403604552
43.34,43.34,86.68,116.68,130.02,43.34,-1.259709794246691,1.1887519649947833,0.2910113519758506
43.35,43.35,86.7,116.7,130.05,43.35,-1.25950229870348,1.1889718077232316,0.29120968791499136
43.36,43.36,86.72,116.72,130.07999999999998,43.36,-1.2592947647936352,1.1891916142335275,0.291408248129643
43.37,43.37,86.74,116.74,130.10999999999999,43.37,-1.259087192523478,1.1894113845189753,0.29160703257147125
43.38,43.38,86.76,116.76,130.14000000000001,43.38,-1.2588795818993317,1.1896311185728805,0.29180604119204406
43.39,43.39,86.78,116.78,130.17000000000002,43.39,-1.258671932927521,1.1898508163885493,0.2920052739428289
43.4,43.4,86.8,116.8,130.2,43.4,-1.25846424561437,1.1900704779592906,0.2922047307751974
43.41,43.41,86.82,116.82,130.23,43.41,-1.2582565199662064,1.1902901032784114,0.29240441164042097
43.42,43.42,86.84,116.84,130.26,43.42,-1.2580487559893567,1.190509692339223,0.2926043164896732
43.43,43.43,86.86,116.86,130.29,43.43,-1.2578409536901516,1.1907292451350346,0.29280444527402916
43.44,43.44,86.87999999999998,116.87999999999998,130.32,43.44,-1.2576331130749197,1.1909487616591599,0.2928803037202341
43.45,43.45,86.9,116.9,130.35000000000002,43.45,-1.2574252341499923,1.191168241904911,0.2929450460417252
43.46,43.46,86.92,116.92,130.38,43.46,-1.257217316921702,1.191387685865603,0.2930111104670344
43.47,43.47,86.94,116.94,130.41,43.47,-1.2570093613963822,1.1916070935345506,0.2930784957203785
43.48,43.48,86.96,116.96,130.44,43.48,-1.2568013675803675,1.1918264649050703,0.29314720050894594
43.49,43.49,86.98,116.98,130.47,43.49,-1.2565933354799939,1.1920457999704805,0.29321722352296853
43.5,43.5,87.0,117.0,130.5,43.5,-1.2563852651015992,1.1922650987240984,0.2932885634358074
43.51,43.51,87.02,117.02,130.53,43.51,-1.2561771564515203,1.1924843611592448,0.29336121890402483
43.52,43.52,87.04,117.04,130.56,43.52,-1.2559690095360967,1.192703587269241,0.2934351885674724
43.53,43.53,87.06,117.06,130.59,43.53,-1.2557608243616702,1.1929227770474071,0.2935104710493648
43.54,43.54,87.08,117.08,130.62,43.54,-1.255552600934581,1.1931419304870685,0.2935870649563725
43.55,43.55,87.1,117.1,130.64999999999998,43.55,-1.255344339261172,1.1933610475815484,0.29366496887869603
43.56,43.56,87.12000000000002,117.12000000000002,130.68,43.56,-1.2551360393477888,1.1935801283241712,0.2937441813901578
43.57,43.57,87.14,117.14,130.71,43.57,-1.2549277012007753,1.1937991727082649,0.29382470104828085
43.58,43.58,87.16,117.16,130.74,43.58,-1.2547193248264776,1.194018180727156,0.29390652639437836
43.59,43.59,87.18,117.18,130.77,43.59,-1.2545109102312435,1.1942371523741742,0.2939896559536465
43.6,43.6,87.2,117.2,130.8,43.6,-1.2543024574214228,1.1944560876426473,0.29407408823523973
43.61,43.61,87.22,117.22,130.82999999999998,43.61,-1.2540939664033635,1.1946749865259083,0.29415982173236954
43.62,43.62,87.24,117.24,130.85999999999999,43.62,-1.2538854371834176,1.194893849017288,0.2942468549223925
43.63,43.63,87.26,117.26,130.89000000000001,43.63,-1.253676869767938,1.1951126751101189,0.2943351862668976
43.64,43.64,87.28,117.28,130.92000000000002,43.64,-1.2534682641632762,1.1953314647977367,0.2944248142118004
43.65,43.65,87.3,117.3,130.95,43.65,-1.2532596203757875,1.195550218073476,0.294515737187435
43.66,43.66,87.32,117.32,130.98,43.66,-1.253050938411829,1.1957689349306726,0.2946079536086446
43.67,43.67,87.34,117.34,131.01,43.67,-1.2528422182777545,1.1959876153626652,0.2947014618748779
43.68,43.68,87.36,117.36,131.04,43.68,-1.2526334599799247,1.1962062593627916,0.2947962603702819
43.69,43.69,87.37999999999998,117.37999999999998,131.07,43.69,-1.2524246635246976,1.1964248669243913,0.2948923474637963
43.7,43.7,87.4,117.4,131.10000000000002,43.7,-1.2522158289184344,1.196643438040805,0.2949897215092541
43.71,43.71,87.42,117.42,131.13,43.71,-1.2520069561674942,1.1968619727053766,0.29508838084546885
43.72,43.72,87.44,117.44,131.16,43.72,-1.2517980452782422,1.1970804709114466,0.29518832379634324
43.73,43.73,87.46,117.46,131.19,43.73,-1.2515890962570417,1.1972989326523602,0.29528954867095975
43.74,43.74,87.48,117.48,131.22,43.74,-1.2513801091102563,1.1975173579214635,0.2953920537636791
43.75,43.75,87.5,117.5,131.25,43.75,-1.2511710838442534,1.1977357467121017,0.29549583735424223
43.76,43.76,87.52,117.52,131.28,43.76,-1.2509620204654002,1.1979540990176223,0.2956008977078689
43.77,43.77,87.54,117.54,131.31,43.77,-1.250752918980064,1.1981724148313753,0.2957072330753631
43.78,43.78,87.56,117.56,131.34,43.78,-1.2505437793946155,1.1983906941467088,0.2958148416932046
43.79,43.79,87.58,117.58,131.37,43.79,-1.2503346017154253,1.1986089369569746,0.29592372178365856
43.8,43.8,87.6,117.6,131.39999999999998,43.8,-1.2501253859488652,1.198827143255524,0.29603387155487426
43.81,43.81,87.62000000000002,117.62000000000002,131.43,43.81,-1.2499161321013081,1.1990453130357104,0.29614528920099015
43.82,43.82,87.64,117.64,131.46,43.82,-1.2497068401791285,1.1992634462908882,0.2962579729022379
43.83,43.83,87.66,117.66,131.49,43.83,-1.2494975101887023,1.1994815430144117,0.2963719208250419
43.84,43.84,87.68,117.68,131.52,43.84,-1.2492881421364044,1.199699603199639,0.29648713112212804
43.85,43.85,87.7,117.7,131.55,43.85,-1.2490787360286137,1.199917626839926,0.29660360193262847
43.86,43.86,87.72,117.72,131.57999999999998,43.86,-1.2488692918717088,1.2001356139286328,0.2967213313821872
43.87,43.87,87.74,117.74,131.60999999999999,43.87,-1.248659809672071,1.200353564459117,0.29684031758306423
43.88,43.88,87.76,117.76,131.64000000000001,43.88,-1.2484502894360792,1.2005714784247414,0.2969605586342427
43.89,43.89,87.78,117.78,131.67000000000002,43.89,-1.2482407311701174,1.2007893558188674,0.2970820526215397
43.9,43.9,87.8,117.8,131.7,43.9,-1.2480311348805684,1.2010071966348579,0.29720479761770807
43.91,43.91,87.82,117.82,131.73,43.91,-1.2478215005738174,1.201225000866077,0.29732879168254844
43.92,43.92,87.84,117.84,131.76,43.92,-1.2476118282562492,1.2014427685058906,0.29745403286301714
43.93,43.93,87.86,117.86,131.79,43.93,-1.247402117934252,1.2016604995476643,0.2975805191933312
43.94,43.94,87.87999999999998,117.87999999999998,131.82,43.94,-1.247192369614214,1.2018781939847654,0.2977082486950844
43.95,43.95,87.9,117.9,131.85000000000002,43.95,-1.2469825833025234,1.2020958518105638,0.29783721937735186
43.96,43.96,87.92,117.92,131.88,43.96,-1.2467727590055706,1.202313473018429,0.2979674292367979
43.97,43.97,87.94,117.94,131.91,43.97,-1.2465628967297488,1.2025310576017307,0.29809887625779513
43.98,43.98,87.96,117.96,131.94,43.98,-1.2463529964814495,1.202748605553842,0.29823155841252585
43.99,43.99,87.98,117.98,131.97,43.99,-1.2461430582670663,1.2029661168681363,0.2983654736610985
44.0,44.0,88.0,118.0,132.0,44.0,-1.245933082092996,1.2031835915379863,0.2985006199516561
44.01,44.01,88.02,118.02,132.03,44.01,-1.2457230679656328,1.2034010295567688,0.29863699522048825
44.02,44.02,88.04,118.04,132.06,44.02,-1.2455130158913748,1.2036184309178601,0.2987745973921476
44.03,44.03,88.06,118.06,132.09,44.03,-1.2453029258766213,1.2038357956146368,0.298913424379555
44.04,44.04,88.08,118.08,132.12,44.04,-1.245092797927772,1.204053123640478,0.2990534740841149
44.05,44.05,88.1,118.1,132.14999999999998,44.05,-1.244882632051226,1.2042704149887646,0.29919474439583144
44.06,44.06,88.12000000000002,118.12000000000002,132.18,44.06,-1.2446724282533874,1.204487669652876,0.2993372331934157
44.07,44.07,88.14,118.14,132.21,44.07,-1.2444621865406589,1.2047048876261943,0.29948093834440104
44.08,44.08,88.16,118.16,132.24,44.08,-1.244251906919444,1.204922068902104,0.29962585770525935
44.09,44.09,88.18,118.18,132.27,44.09,-1.2440415893961483,1.2051392134739891,0.2997719891215099
44.1,44.1,88.2,118.2,132.3,44.1,-1.2438312339771795,1.2053563213352334,0.2999193304278359
44.11,44.11,88.22,118.22,132.32999999999998,44.11,-1.2436208406689437,1.2055733924792258,0.30006787944819713
44.12,44.12,88.24,118.24,132.35999999999999,44.12,-1.2434104094778515,1.205790426899352,0.30021763399594614
44.13,44.13,88.26,118.26,132.39000000000001,44.13,-1.2431999404103122,1.2060074245890013,0.3003685918739416
44.14,44.14,88.28,118.28,132.42000000000002,44.14,-1.2429894334727378,1.2062243855415633,0.3005207508746576
44.15,44.15,88.3,118.3,132.45,44.15,-1.242778888671539,1.2064413097504305,0.300674108780307
44.16,44.16,88.32,118.32,132.48,44.16,-1.242568306013131,1.2066581972089934,0.3008286633629505
44.17,44.17,88.34,118.34,132.51,44.17,-1.242357685503928,1.2068750479106454,0.30098441238461227
44.18,44.18,88.36,118.36,132.54,44.18,-1.2421470271503456,1.2070918618487814,0.301141353597392
44.19,44.19,88.37999999999998,118.37999999999998,132.57,44.19,-1.2419363309588014,1.2073086390167969,0.3012994847435872
44.2,44.2,88.4,118.4,132.60000000000002,44.2,-1.2417255969357137,1.2075253794080874,0.30145880355579957
44.21,44.21,88.42,118.42,132.63,44.21,-1.2415148250874999,1.2077420830160526,0.3016193077570536
44.22,44.22,88.44,118.44,132.66,44.22,-1.241304015420583,1.2079587498340896,0.3017809950609158
44.23,44.23,88.46,118.46,132.69,44.23,-1.2410931679413832,1.208175379855599,0.30194386317160005
44.24,44.24,88.48,118.48,132.72,44.24,-1.240882282656324,1.2083919730739818,0.3021079097840902
44.25,44.25,88.5,118.5,132.75,44.25,-1.2406713595718286,1.2086085294826403,0.3022731325842545
44.26,44.26,88.52,118.52,132.78,44.26,-1.2404603986943226,1.2088250490749777,0.3024395292489565
44.27,44.27,88.54,118.54,132.81,44.27,-1.240249400030232,1.209041531844398,0.30260709744617237
44.28,44.28,88.56,118.56,132.84,44.28,-1.2400383635859844,1.2092579777843078,0.3027758348351059
44.29,44.29,88.58,118.58,132.87,44.29,-1.2398272893680082,1.209474386888113,0.30294573906630434
44.3,44.3,88.6,118.6,132.89999999999998,44.3,-1.2396161773827326,1.209690759149222,0.30311680778177125
44.31,44.31,88.62000000000002,118.62000000000002,132.93,44.31,-1.23940502763659,1.2099070945610424,0.3032890386150814
44.32,44.32,88.64,118.64,132.96,44.32,-1.2391938401360107,1.2101233931169857,0.30346242919149485
44.33,44.33,88.66,118.66,132.99,44.33,-1.2389826148874286,1.2103396548104626,0.3036369771280754
44.34,44.34,88.68,118.68,133.02,44.34,-1.2387713518972778,1.210555879634885,0.30381268003379935
44.35,44.35,88.7,118.7,133.05,44.35,-1.2385600511719939,1.2107720675836668,0.3039895355096735
44.36,44.36,88.72,118.72,133.07999999999998,44.36,-1.2383487127180128,1.210988218650223,0.3041675411488492
44.37,44.37,88.74,118.74,133.10999999999999,44.37,-1.2381373365417734,1.211204332827968,0.3043466945367339
44.38,44.38,88.76,118.76,133.14000000000001,44.38,-1.2379259226497143,1.2114204101103188,0.3045269932511066
44.39,44.39,88.78,118.78,133.17000000000002,44.39,-1.2377144710482753,1.211636450490694,0.3047084348622324
44.4,44.4,88.8,118.8,133.2,44.4,-1.2375029817438963,1.2118524539625133,0.3048910169329758
44.41,44.41,88.82,118.82,133.23,44.41,-1.2372914547430223,1.2120684205191945,0.3050747370189126
44.42,44.42,88.84,118.84,133.26,44.42,-1.2370798900520943,1.2122843501541616,0.30525959266844166
44.43,44.43,88.86,118.86,133.29,44.43,-1.2368682876775585,1.2125002428608351,0.3054455814229039
44.44,44.44,88.87999999999998,118.87999999999998,133.32,44.44,-1.2366566476258607,1.2127160986326386,0.3056327008166893
44.45,44.45,88.9,118.9,133.35000000000002,44.45,-1.2364449699034465,1.2129319174629978,0.3058209483773509
44.46,44.46,88.92,118.92,133.38,44.46,-1.2362332545167645,1.2131476993453387,0.30601032162571856
44.47,44.47,88.94,118.94,133.41,44.47,-1.2360215014722646,1.2133634442730867,0.3062008180760079
44.48,44.48,88.96,118.96,133.44,44.48,-1.2358097107763972,1.2135791522396704,0.306392435235939
44.49,44.49,88.98,118.98,133.47,44.49,-1.2355978824356124,1.21379482323852,0.3065851706068358
44.5,44.5,89.0,119.0,133.5,44.5,-1.2353860164563644,1.2140104572630646,0.3067790216837516
44.51,44.51,89.02,119.02,133.53,44.51,-1.2351741128451068,1.2142260543067354,0.30697398595556885
44.52,44.52,89.04,119.04,133.56,44.52,-1.2349621716082932,1.2144416143629666,0.30717006090511517
44.53,44.53,89.06,119.06,133.59,44.53,-1.2347501927523812,1.2146571374251902,0.3073672440092732
44.54,44.54,89.08,119.08,133.62,44.54,-1.2345381762838281,1.214872623486841,0.3075655327390894
44.55,44.55,89.1,119.1,133.64999999999998,44.55,-1.2343261222090902,1.2150880725413566,0.30776492455988586
44.56,44.56,89.12000000000002,119.12000000000002,133.68,44.56,-1.2341140305346296,1.2153034845821724,0.307965416931368
44.57,44.57,89.14,119.14,133.71,44.57,-1.233901901266906,1.2155188596027273,0.3081670073077323
44.58,44.58,89.16,119.16,133.74,44.58,-1.2336897344123812,1.2157341975964597,0.3083696931377791
44.59,44.59,89.18,119.18,133.77,44.59,-1.2334775299775174,1.215949498556812,0.30857347186501904
44.6,44.6,89.2,119.2,133.8,44.6,-1.2332652879687798,1.2161647624772238,0.3087783409277806
44.61,44.61,89.22,119.22,133.82999999999998,44.61,-1.2330530083926334,1.2163799893511384,0.30898429775931663
44.62,44.62,89.24,119.24,133.85999999999999,44.62,-1.2328406912555445,1.216595179172,0.3091913397879164
44.63,44.63,89.26,119.26,133.89000000000001,44.63,-1.2326283365639807,1.2168103319332533,0.3093994644370075
44.64,44.64,89.28,119.28,133.92000000000002,44.64,-1.2324159443244112,1.2170254476283433,0.30960866912526425
44.65,44.65,89.3,119.3,133.95,44.65,-1.2322035145433041,1.2172405262507198,0.3098189512667169
44.66,44.66,89.32,119.32,133.98,44.66,-1.231991047227132,1.2174555677938288,0.31003030827085004
44.67,44.67,89.34,119.34,134.01,44.67,-1.2317785423823664,1.217670572251121,0.31024273754271553
44.68,44.68,89.36,119.36,134.04,44.68,-1.2315660000154816,1.2178855396160457,0.31045623648303405
44.69,44.69,89.37999999999998,119.37999999999998,134.07,44.69,-1.2313534201329508,1.2181004698820557,0.3106708024883
44.7,44.7,89.4,119.4,134.10000000000002,44.7,-1.2311408027412496,1.2183153630426036,0.31088643295088625
44.71,44.71,89.42,119.42,134.13,44.71,-1.2309281478468552,1.2185302190911436,0.3111031252591449
44.72,44.72,89.44,119.44,134.16,44.72,-1.2307154554562454,1.2187450380211302,0.31132087679751763
44.73,44.73,89.46,119.46,134.19,44.73,-1.230502725575899,1.21895981982602,0.3115396849466286
44.74,44.74,89.48,119.48,134.22,44.74,-1.2302899582122955,1.2191745644992713,0.3117595470833929
44.75,44.75,89.5,119.5,134.25,44.75,-1.230077153371918,1.2193892720343404,0.3119804605811223
44.76,44.76,89.52,119.52,134.28,44.76,-1.2298643110612473,1.2196039424246887,0.31220242280961585
44.77,44.77,89.54,119.54,134.31,44.77,-1.2296514312867666,1.2198185756637774,0.3124254311352701
44.78,44.78,89.56,119.56,134.34,44.78,-1.2294385140549624,1.2200331717450659,0.31264948292117406
44.79,44.79,89.58,119.58,134.37,44.79,-1.2292255593723194,1.2202477306620194,0.3128745755272137
44.8,44.8,89.6,119.6,134.39999999999998,44.8,-1.2290125672453236,1.2204622524081024,0.31310070631016684
44.81,44.81,89.62000000000002,119.62000000000002,134.43,44.81,-1.228799537680465,1.2206767369767784,0.31332787262380557
44.82,44.82,89.64,119.64,134.46,44.82,-1.2285864706842327,1.2208911843615142,0.3135560718189961
44.83,44.83,89.66,119.66,134.49,44.83,-1.2283733662631156,1.2211055945557783,0.31378530124378706
44.84,44.84,89.68,119.68,134.52,44.84,-1.2281602244236056,1.22131996755304,0.31401555824352156
44.85,44.85,89.7,119.7,134.55,44.85,-1.227947045172197,1.2215343033467663,0.3142468401609235
44.86,44.86,89.72,119.72,134.57999999999998,44.86,-1.2277338285153814,1.2217486019304313,0.31447914433619373
44.87,44.87,89.74,119.74,134.60999999999999,44.87,-1.2275205744596553,1.2219628632975055,0.3147124681071173
44.88,44.88,89.76,119.76,134.64000000000001,44.88,-1.2273072830115148,1.2221770874414613,0.31494680880914266
44.89,44.89,89.78,119.78,134.67000000000002,44.89,-1.227093954177456,1.2223912743557748,0.31518216377549213
44.9,44.9,89.8,119.8,134.7,44.9,-1.2268805879639773,1.2226054240339215,0.31541853033724226
44.91,44.91,89.82,119.82,134.73,44.91,-1.2266671843775796,1.2228195364693766,0.3156559058234269
44.92,44.92,89.84,119.84,134.76,44.92,-1.2264537434247624,1.2230336116556186,0.31589428756113014
44.93,44.93,89.86,119.86,134.79,44.93,-1.226240265112028,1.2232476495861264,0.3161336728755718
44.94,44.94,89.87999999999998,119.87999999999998,134.82,44.94,-1.2260267494458792,1.22346165025438,0.3163740590902072
44.95,44.95,89.9,119.9,134.85000000000002,44.95,-1.2258131964328203,1.2236756136538602,0.31661544352681437
44.96,44.96,89.92,119.92,134.88,44.96,-1.2255996060793553,1.2238895397780507,0.3168578235055874
44.97,44.97,89.94,119.94,134.91,44.97,-1.2253859783919918,1.2241034286204333,0.3171011963452258
44.98,44.98,89.96,119.96,134.94,44.98,-1.2251723133772376,1.2243172801744928,0.3173455593630225
44.99,44.99,89.98,119.98,134.97,44.99,-1.2249586110415993,1.2245310944337162,0.3175909098749579
45.0,45.0,90.0,120.0,135.0,45.0,-1.224744871391589,1.2247448713915892,0.3178372451957822
45.01,45.01,90.02,120.02,135.03,45.01,-1.224531094433716,1.2249586110415995,0.3180845626391097
45.02,45.02,90.04,120.04,135.06,45.02,-1.224317280174493,1.2251723133772372,0.3183328595175027
45.03,45.03,90.06,120.06,135.09,45.03,-1.224103428620433,1.225385978391992,0.3185821331425588
45.04,45.04,90.08,120.08,135.12,45.04,-1.2238895397780505,1.2255996060793557,0.31883238082499954
45.05,45.05,90.1,120.1,135.14999999999998,45.05,-1.2236756136538605,1.22581319643282,0.3190835998747503
45.06,45.06,90.12000000000002,120.12000000000002,135.18,45.06,-1.2234616502543798,1.2260267494458794,0.3193357876010358
45.07,45.07,90.14,120.14,135.21,45.07,-1.2232476495861264,1.2262402651120283,0.3195889413124527
45.08,45.08,90.16,120.16,135.24,45.08,-1.2230336116556189,1.226453743424762,0.3198430583170619
45.09,45.09,90.18,120.18,135.27,45.09,-1.2228195364693764,1.2266671843775796,0.32009813592247083
45.1,45.1,90.2,120.2,135.3,45.1,-1.2226054240339213,1.2268805879639775,0.3203541714359117
45.11,45.11,90.22,120.22,135.32999999999998,45.11,-1.2223912743557745,1.2270939541774561,0.32061116216432933
45.12,45.12,90.24,120.24,135.35999999999999,45.12,-1.2221770874414617,1.2273072830115144,0.32086910541445934
45.13,45.13,90.26,120.26,135.39000000000001,45.13,-1.221962863297505,1.2275205744596556,0.3211279984929076
45.14,45.14,90.28,120.28,135.42000000000002,45.14,-1.221748601930431,1.2277338285153816,0.32138783870623805
45.15,45.15,90.3,120.3,135.45,45.15,-1.2215343033467667,1.2279470451721968,0.3216486233610426
45.16,45.16,90.32,120.32,135.48,45.16,-1.2213199675530395,1.2281602244236058,0.32191034976402705
45.17,45.17,90.34,120.34,135.51,45.17,-1.2211055945557783,1.2283733662631158,0.3221730152220875
45.18,45.18,90.36,120.36,135.54,45.18,-1.220891184361514,1.2285864706842329,0.32243661704238863
45.19,45.19,90.37999999999998,120.37999999999998,135.57,45.19,-1.2206767369767781,1.2287995376804652,0.32270115253243964
45.2,45.2,90.4,120.4,135.60000000000002,45.2,-1.220462252408102,1.2290125672453238,0.3229666190001727
45.21,45.21,90.42,120.42,135.63,45.21,-1.2202477306620192,1.2292255593723196,0.32323301375401775
45.22,45.22,90.44,120.44,135.66,45.22,-1.2200331717450663,1.2294385140549622,0.32350033410297896
45.23,45.23,90.46,120.46,135.69,45.23,-1.219818575663777,1.2296514312867666,0.32376857735671
45.24,45.24,90.48,120.48,135.72,45.24,-1.2196039424246885,1.2298643110612473,0.32403774082558506
45.25,45.25,90.5,120.5,135.75,45.25,-1.2193892720343407,1.2300771533719177,0.3243078218207747
45.26,45.26,90.52,120.52,135.78,45.26,-1.219174564499271,1.2302899582122957,0.32457881765432284
45.27,45.27,90.54,120.54,135.81,45.27,-1.21895981982602,1.2305027255758991,0.3248507256392094
45.28,45.28,90.56,120.56,135.84,45.28,-1.21874503802113,1.2307154554562456,0.3251235430894309
45.29,45.29,90.58,120.58,135.87,45.29,-1.2185302190911436,1.230928147846855,0.325397267320067
45.3,45.3,90.6,120.6,135.89999999999998,45.3,-1.2183153630426033,1.2311408027412498,0.32567189564735466
45.31,45.31,90.62000000000002,120.62000000000002,135.93,45.31,-1.2181004698820554,1.2313534201329508,0.3259474253887518
45.32,45.32,90.64,120.64,135.96,45.32,-1.217885539616046,1.231566000015481,0.3262238538630119
45.33,45.33,90.66,120.66,135.99,45.33,-1.2176705722511207,1.2317785423823666,0.3265011783902517
45.34,45.34,90.68,120.68,136.02,45.34,-1.2174555677938286,1.2319910472271323,0.3267793962920197
45.35,45.35,90.7,120.7,136.05,45.35,-1.2172405262507195,1.2322035145433041,0.3270585048913559
45.36,45.36,90.72,120.72,136.07999999999998,45.36,-1.2170254476283437,1.2324159443244107,0.3273385015128726
45.37,45.37,90.74,120.74,136.10999999999999,45.37,-1.2168103319332528,1.2326283365639807,0.3276193834828077
45.38,45.38,90.76,120.76,136.14000000000001,45.38,-1.2165951791719998,1.2328406912555447,0.3279011481290979
45.39,45.39,90.78,120.78,136.17000000000002,45.39,-1.216379989351139,1.2330530083926332,0.32818379278143806
45.4,45.4,90.8,120.8,136.2,45.4,-1.2161647624772234,1.23326528796878,0.3284673147713495
45.41,45.41,90.82,120.82,136.23,45.41,-1.2159494985568118,1.2334775299775176,0.3287517114322461
45.42,45.42,90.84,120.84,136.26,45.42,-1.2157341975964595,1.2336897344123814,0.32903698009948673
45.43,45.43,90.86,120.86,136.29,45.43,-1.215518859602727,1.2339019012669061,0.3293231181104483
45.44,45.44,90.87999999999998,120.87999999999998,136.32,45.44,-1.2153034845821722,1.2341140305346299,0.32961012280458124
45.45,45.45,90.9,120.9,136.35000000000002,45.45,-1.2150880725413564,1.2343261222090907,0.32989799152347987
45.46,45.46,90.92,120.92,136.38,45.46,-1.2148726234868414,1.2345381762838277,0.3301867216109246
45.47,45.47,90.94,120.94,136.41,45.47,-1.2146571374251898,1.2347501927523814,0.33047631041296344
45.48,45.48,90.96,120.96,136.44,45.48,-1.2144416143629664,1.2349621716082935,0.33076675527795607
45.49,45.49,90.98,120.98,136.47,45.49,-1.2142260543067358,1.2351741128451064,0.33105805355663936
45.5,45.5,91.0,121.0,136.5,45.5,-1.2140104572630643,1.2353860164563646,0.3313502026021817
45.51,45.51,91.02,121.02,136.53,45.51,-1.2137948232385198,1.2355978824356129,0.33164319977024453
45.52,45.52,91.04,121.04,136.56,45.52,-1.2135791522396702,1.2358097107763975,0.3319370424190356
45.53,45.53,91.06,121.06,136.59,45.53,-1.2133634442730865,1.2360215014722649,0.3322317279093672
45.54,45.54,91.08,121.08,136.62,45.54,-1.2131476993453383,1.2362332545167647,0.3325272536047122
45.55,45.55,91.1,121.1,136.64999999999998,45.55,-1.2129319174629976,1.2364449699034468,0.33282361687125617
45.56,45.56,91.12000000000002,121.12000000000002,136.68,45.56,-1.2127160986326389,1.2366566476258603,0.3331208150779553
45.57,45.57,91.14,121.14,136.71,45.57,-1.212500242860835,1.2368682876775587,0.33341884559658647
45.58,45.58,91.16,121.16,136.74,45.58,-1.2122843501541614,1.2370798900520945,0.3337177058018058
45.59,45.59,91.18,121.18,136.77,45.59,-1.212068420519195,1.237291454743022,0.3340173930711958
45.6,45.6,91.2,121.2,136.8,45.6,-1.2118524539625128,1.2375029817438965,0.33431790478532
45.61,45.61,91.22,121.22,136.82999999999998,45.61,-1.211636450490694,1.2377144710482755,0.3346192383277752
45.62,45.62,91.24,121.24,136.85999999999999,45.62,-1.2114204101103185,1.2379259226497146,0.3349213910852394
45.63,45.63,91.26,121.26,136.89000000000001,45.63,-1.2112043328279678,1.2381373365417736,0.33522436044752685
45.64,45.64,91.28,121.28,136.92000000000002,45.64,-1.2109882186502228,1.238348712718013,0.33552814380763024
45.65,45.65,91.3,121.3,136.95,45.65,-1.2107720675836666,1.238560051171994,0.3358327385617773
45.66,45.66,91.32,121.32,136.98,45.66,-1.2105558796348854,1.2387713518972776,0.33613814210947474
45.67,45.67,91.34,121.34,137.01,45.67,-1.2103396548104621,1.2389826148874288,0.33644435185355953
45.68,45.68,91.36,121.36,137.04,45.68,-1.2101233931169852,1.239193840136011,0.33675136520024346
45.69,45.69,91.37999999999998,121.37999999999998,137.07,45.69,-1.2099070945610428,1.2394050276365898,0.3370591795591583
45.7,45.7,91.4,121.4,137.10000000000002,45.7,-1.2096907591492219,1.239616177382733,0.3373677923434074
45.71,45.71,91.42,121.42,137.13,45.71,-1.2094743868881128,1.2398272893680082,0.3376772009696074
45.72,45.72,91.44,121.44,137.16,45.72,-1.2092579777843075,1.2400383635859846,0.33798740285793283
45.73,45.73,91.46,121.46,137.19,45.73,-1.2090415318443986,1.2402494000302318,0.3382983954321629
45.74,45.74,91.48,121.48,137.22,45.74,-1.2088250490749775,1.2404603986943228,0.33861017611972527
45.75,45.75,91.5,121.5,137.25,45.75,-1.20860852948264,1.2406713595718288,0.33892274235173525
45.76,45.76,91.52,121.52,137.28,45.76,-1.2083919730739823,1.2408822826563235,0.3392360915630452
45.77,45.77,91.54,121.54,137.31,45.77,-1.2081753798555988,1.2410931679413835,0.3395502211922823
45.78,45.78,91.56,121.56,137.34,45.78,-1.2079587498340894,1.241304015420583,0.33986512868188773
45.79,45.79,91.58,121.58,137.37,45.79,-1.2077420830160523,1.2415148250875003,0.340180811478166
45.8,45.8,91.6,121.6,137.39999999999998,45.8,-1.2075253794080878,1.2417255969357133,0.3404972670313175
45.81,45.81,91.62000000000002,121.62000000000002,137.43,45.81,-1.2073086390167966,1.2419363309588016,0.340814492795485
45.82,45.82,91.64,121.64,137.46,45.82,-1.2070918618487811,1.242147027150346,0.34113248622878173
45.83,45.83,91.66,121.66,137.49,45.83,-1.2068750479106458,1.2423576855039276,0.34145124479334976
45.84,45.84,91.68,121.68,137.52,45.84,-1.2066581972089931,1.2425683060131312,0.34177076595537664
45.85,45.85,91.7,121.7,137.55,45.85,-1.20644130975043,1.2427788886715392,0.34209104718514893
45.86,45.86,91.72,121.72,137.57999999999998,45.86,-1.206224385541563,1.2429894334727383,0.3424120859570826
45.87,45.87,91.74,121.74,137.60999999999999,45.87,-1.2060074245890011,1.2431999404103125,0.34273387974975966
45.88,45.88,91.76,121.76,137.64000000000001,45.88,-1.2057904268993518,1.2434104094778518,0.3430564260459697
45.89,45.89,91.78,121.78,137.67000000000002,45.89,-1.2055733924792256,1.243620840668944,0.34337972233273534
45.9,45.9,91.8,121.8,137.7,45.9,-1.2053563213352338,1.243831233977179,0.34370376610136116
45.91,45.91,91.82,121.82,137.73,45.91,-1.205139213473989,1.2440415893961485,0.34402855484745526
45.92,45.92,91.84,121.84,137.76,45.92,-1.2049220689021038,1.2442519069194442,0.344354086070972
45.93,45.93,91.86,121.86,137.79,45.93,-1.2047048876261948,1.2444621865406587,0.34468035727624147
45.94,45.94,91.87999999999998,121.87999999999998,137.82,45.94,-1.204487669652876,1.2446724282533876,0.3450073659720038
45.95,45.95,91.9,121.9,137.85000000000002,45.95,-1.2042704149887644,1.2448826320512265,0.3453351096714429
45.96,45.96,91.92,121.92,137.88,45.96,-1.2040531236404777,1.2450927979277722,0.3456635858922164
45.97,45.97,91.94,121.94,137.91,45.97,-1.2038357956146366,1.2453029258766215,0.34599279215648726
45.98,45.98,91.96,121.96,137.94,45.98,-1.2036184309178597,1.245513015891375,0.34632272599095787
45.99,45.99,91.98,121.98,137.97,45.99,-1.2034010295567685,1.245723067965633,0.3466533849268978
46.0,46.0,92.0,122.0,138.0,46.0,-1.2031835915379867,1.2459330820929955,0.34698476650017523
46.01,46.01,92.02,122.02,138.03,46.01,-1.2029661168681363,1.2461430582670663,0.34731686825128316
46.02,46.02,92.04,122.04,138.06,46.02,-1.2027486055538419,1.2463529964814497,0.347649687725376
46.03,46.03,92.06,122.06,138.09,46.03,-1.202531057601731,1.2465628967297484,0.34798322247228863
46.04,46.04,92.08,122.08,138.12,46.04,-1.2023134730184288,1.2467727590055706,0.34831747004657376
46.05,46.05,92.1,122.1,138.14999999999998,46.05,-1.2020958518105636,1.2469825833025234,0.34865242800752266
46.06,46.06,92.12000000000002,122.12000000000002,138.18,46.06,-1.2018781939847654,1.247192369614214,0.34898809391919666
46.07,46.07,92.14,122.14,138.21,46.07,-1.201660499547664,1.247402117934252,0.3493244653504503
46.08,46.08,92.16,122.16,138.24,46.08,-1.2014427685058904,1.2476118282562494,0.34966153987496124
46.09,46.09,92.18,122.18,138.27,46.09,-1.2012250008660768,1.2478215005738176,0.3499993150712525
46.1,46.1,92.2,122.2,138.3,46.1,-1.2010071966348579,1.2480311348805682,0.3503377885227204
46.11,46.11,92.22,122.22,138.32999999999998,46.11,-1.2007893558188671,1.2482407311701178,0.35067695781766056
46.12,46.12,92.24,122.24,138.35999999999999,46.12,-1.2005714784247412,1.2484502894360796,0.3510168205492884
46.13,46.13,92.26,122.26,138.39000000000001,46.13,-1.2003535644591175,1.2486598096720705,0.35135737431576397
46.14,46.14,92.28,122.28,138.42000000000002,46.14,-1.2001356139286325,1.248869291871709,0.35169861672022007
46.15,46.15,92.3,122.3,138.45,46.15,-1.1999176268399259,1.249078736028614,0.3520405453707769
46.16,46.16,92.32,122.32,138.48,46.16,-1.1996996031996388,1.2492881421364044,0.35238315788057456
46.17,46.17,92.34,122.34,138.51,46.17,-1.199481543014412,1.249497510188702,0.35272645186778745
46.18,46.18,92.36,122.36,138.54,46.18,-1.1992634462908878,1.2497068401791287,0.3530704249556475
46.19,46.19,92.37999999999998,122.37999999999998,138.57,46.19,-1.1990453130357102,1.2499161321013084,0.3534150747724706
46.2,46.2,92.4,122.4,138.60000000000002,46.2,-1.1988271432555242,1.2501253859488648,0.3537603989516725
46.21,46.21,92.42,122.42,138.63,46.21,-1.1986089369569743,1.2503346017154255,0.35410639513178677
46.22,46.22,92.44,122.44,138.66,46.22,-1.1983906941467086,1.2505437793946157,0.35445306095649315
46.23,46.23,92.46,122.46,138.69,46.23,-1.1981724148313757,1.2507529189800635,0.35480039407462993
46.24,46.24,92.48,122.48,138.72,46.24,-1.1979540990176225,1.2509620204654,0.3551483921402163
46.25,46.25,92.5,122.5,138.75,46.25,-1.1977357467121015,1.2511710838442536,0.35549705281247146
46.26,46.26,92.52,122.52,138.78,46.26,-1.1975173579214633,1.2513801091102565,0.35584637375583056
46.27,46.27,92.54,122.54,138.81,46.27,-1.1972989326523606,1.2515890962570413,0.35619635263996474
46.28,46.28,92.56,122.56,138.84,46.28,-1.1970804709114464,1.2517980452782425,0.35654698713979904
46.29,46.29,92.58,122.58,138.87,46.29,-1.1968619727053762,1.2520069561674945,0.3568982749355258
46.3,46.3,92.6,122.6,138.89999999999998,46.3,-1.1966434380408049,1.2522158289184344,0.35725021371262916
46.31,46.31,92.62000000000002,122.62000000000002,138.93,46.31,-1.196424866924391,1.2524246635246978,0.3576028011618915
46.32,46.32,92.64,122.64,138.96,46.32,-1.1962062593627913,1.252633459979925,0.3579560349794169
46.33,46.33,92.66,122.66,138.99,46.33,-1.195987615362665,1.2528422182777548,0.3583099128666457
46.34,46.34,92.68,122.68,139.02,46.34,-1.1957689349306728,1.2530509384118285,0.3586644325303653
46.35,46.35,92.7,122.7,139.05,46.35,-1.195550218073476,1.2532596203757878,0.3590195916827281
46.36,46.36,92.72,122.72,139.07999999999998,46.36,-1.1953314647977364,1.2534682641632764,0.3593753880412695
46.37,46.37,92.74,122.74,139.10999999999999,46.37,-1.195112675110119,1.2536768697679375,0.3597318193289143
46.38,46.38,92.76,122.76,139.14000000000001,46.38,-1.1948938490172878,1.2538854371834178,0.36008888327399646
46.39,46.39,92.78,122.78,139.17000000000002,46.39,-1.194674986525908,1.2540939664033637,0.36044657761026955
46.4,46.4,92.8,122.8,139.2,46.4,-1.1944560876426469,1.254302457421423,0.36080490007692034
46.41,46.41,92.82,122.82,139.23,46.41,-1.194237152374174,1.2545109102312437,0.36116384841858346
46.42,46.42,92.84,122.84,139.26,46.42,-1.1940181807271557,1.254719324826478,0.3615234203853509
46.43,46.43,92.86,122.86,139.29,46.43,-1.1937991727082646,1.2549277012007756,0.3618836137327816
46.44,46.44,92.87999999999998,122.87999999999998,139.32,46.44,-1.1935801283241716,1.2551360393477888,0.3622444262219216
46.45,46.45,92.9,122.9,139.35000000000002,46.45,-1.1933610475815482,1.2553443392611723,0.3626058556193082
46.46,46.46,92.92,122.92,139.38,46.46,-1.193141930487068,1.2555526009345812,0.3629678996969793
46.47,46.47,92.94,122.94,139.41,46.47,-1.1929227770474076,1.2557608243616698,0.3633305562324904
46.48,46.48,92.96,122.96,139.44,46.48,-1.1927035872692409,1.255969009536097,0.36369382300892
46.49,46.49,92.98,122.98,139.47,46.49,-1.1924843611592446,1.2561771564515205,0.36405769781488395
46.5,46.5,93.0,123.0,139.5,46.5,-1.1922650987240981,1.2563852651015994,0.3644221784445371
46.51,46.51,93.02,123.02,139.53,46.51,-1.1920457999704803,1.256593335479994,0.3647872626975907
46.52,46.52,93.04,123.04,139.56,46.52,-1.19182646490507,1.256801367580368,0.3650889059087471
46.53,46.53,93.06,123.06,139.59,46.53,-1.1916070935345502,1.2570093613963824,0.3653556082412176
46.54,46.54,93.08,123.08,139.62,46.54,-1.1913876858656032,1.2572173169217016,0.3656225145924566
46.55,46.55,93.1,123.1,139.64999999999998,46.55,-1.1911682419049108,1.2574252341499925,0.3658896248835953
46.56,46.56,93.12000000000002,123.12000000000002,139.68,46.56,-1.1909487616591594,1.2576331130749199,0.3661569390356729
46.57,46.57,93.14,123.14,139.71,46.57,-1.1907292451350349,1.2578409536901511,0.36642445696963366
46.58,46.58,93.16,123.16,139.74,46.58,-1.1905096923392229,1.258048755989357,0.36669217860633024
46.59,46.59,93.18,123.18,139.77,46.59,-1.1902901032784112,1.2582565199662066,0.3669601038665236
46.6,46.6,93.2,123.2,139.8,46.6,-1.1900704779592903,1.2584642456143702,0.3672282326708795
46.61,46.61,93.22,123.22,139.82999999999998,46.61,-1.1898508163885497,1.2586719329275209,0.36749656493997185
46.62,46.62,93.24,123.24,139.85999999999999,46.62,-1.1896311185728805,1.258879581899332,0.3677651005942818
46.63,46.63,93.26,123.26,139.89000000000001,46.63,-1.189411384518975,1.2590871925234781,0.3680338395541982
46.64,46.64,93.28,123.28,139.92000000000002,46.64,-1.189191614233528,1.2592947647936348,0.3683027817400153
46.65,46.65,93.3,123.3,139.95,46.65,-1.1889718077232314,1.2595022987034805,0.3685719270719368
46.66,46.66,93.32,123.32,139.98,46.66,-1.188751964994783,1.2597097942466915,0.3688412754700724
46.67,46.67,93.34,123.34,140.01,46.67,-1.1885320860548787,1.2599172514169483,0.3691108268544397
46.68,46.68,93.36,123.36,140.04,46.68,-1.188312170910218,1.26012467020793,0.36938058114496214
46.69,46.69,93.37999999999998,123.37999999999998,140.07,46.69,-1.1880922195674979,1.26033205061332,0.36965053826147154
46.7,46.7,93.4,123.4,140.10000000000002,46.7,-1.1878722320334192,1.2605393926268003,0.3699206981237089
46.71,46.71,93.42,123.42,140.13,46.71,-1.1876522083146832,1.2607466962420546,0.3701910606513192
46.72,46.72,93.44,123.44,140.16,46.72,-1.1874321484179922,1.2609539614527687,0.3704616257638567
46.73,46.73,93.46,123.46,140.19,46.73,-1.1872120523500496,1.261161188252629,0.37073239338078207
46.74,46.74,93.48,123.48,140.22,46.74,-1.1869919201175596,1.2613683766353223,0.37100336342146517
46.75,46.75,93.5,123.5,140.25,46.75,-1.1867717517272285,1.2615755265945376,0.3712745358051816
46.76,46.76,93.52,123.52,140.28,46.76,-1.1865515471857624,1.2617826381239652,0.3715459104511155
46.77,46.77,93.54,123.54,140.31,46.77,-1.1863313064998688,1.2619897112172958,0.371817487278358
46.78,46.78,93.56,123.56,140.34,46.78,-1.1861110296762585,1.2621967458682206,0.3720892662059067
46.79,46.79,93.58,123.58,140.37,46.79,-1.185890716721639,1.2624037420704348,0.37236124715266916
46.8,46.8,93.6,123.6,140.39999999999998,46.8,-1.1856703676427225,1.2626106998176323,0.37263343003745913
46.81,46.81,93.62000000000002,123.62000000000002,140.43,46.81,-1.1854499824462224,1.2628176191035074,0.37290581477899715
46.82,46.82,93.64,123.64,140.46,46.82,-1.18522956113885,1.2630244999217588,0.3731784012959132
46.83,46.83,93.66,123.66,140.49,46.83,-1.1850091037273207,1.2632313422660837,0.3734511895067431
46.84,46.84,93.68,123.68,140.52,46.84,-1.1847886102183496,1.263438146130182,0.3737241793299324
46.85,46.85,93.7,123.7,140.55,46.85,-1.1845680806186545,1.2636449115077528,0.3739973706838318
46.86,46.86,93.72,123.72,140.57999999999998,46.86,-1.1843475149349514,1.2638516383924994,0.37427076348670174
46.87,46.87,93.74,123.74,140.60999999999999,46.87,-1.1841269131739602,1.264058326778123,0.37454435765671035
46.88,46.88,93.76,123.76,140.64000000000001,46.88,-1.1839062753424014,1.2642649766583274,0.3748181531119311
46.89,46.89,93.78,123.78,140.67000000000002,46.89,-1.1836856014469948,1.2644715880268191,0.37509214977034877
46.9,46.9,93.8,123.8,140.7,46.9,-1.183464891494462,1.2646781608773043,0.37536634754985293
46.91,46.91,93.82,123.82,140.73,46.91,-1.1832441454915286,1.2648846952034887,0.3756407463682429
46.92,46.92,93.84,123.84,140.76,46.92,-1.1830233634449159,1.2650911909990827,0.3759153461432256
46.93,46.93,93.86,123.86,140.79,46.93,-1.1828025453613518,1.2652976482577951,0.3761901467924138
46.94,46.94,93.87999999999998,123.87999999999998,140.82,46.94,-1.1825816912475615,1.265504066973337,0.37646514823333077
46.95,46.95,93.9,123.9,140.85000000000002,46.95,-1.1823608011102738,1.2657104471394203,0.3767403503834068
46.96,46.96,93.92,123.92,140.88,46.96,-1.1821398749562153,1.2659167887497595,0.37701575315998004
46.97,46.97,93.94,123.94,140.91,46.97,-1.1819189127921175,1.266123091798068,0.37729135648029616
46.98,46.98,93.96,123.96,140.94,46.98,-1.1816979146247115,1.2663293562780606,0.3775671602615094
46.99,46.99,93.98,123.98,140.97,46.99,-1.1814768804607274,1.2665355821834567,0.3778431644206822
47.0,47.0,94.0,124.0,141.0,47.0,-1.1812558103069002,1.2667417695079721,0.37811936887478403
47.01,47.01,94.02,124.02,141.03,47.01,-1.181034704169964,1.266947918245326,0.3783957735406932
47.02,47.02,94.04,124.04,141.06,47.02,-1.1808135620566522,1.2671540283892406,0.37867237833519696
47.03,47.03,94.06,124.06,141.09,47.03,-1.180592383973703,1.2673600999334358,0.37894918317498805
47.04,47.04,94.08,124.08,141.12,47.04,-1.1803711699278534,1.2675661328716346,0.37922618797667035
47.05,47.05,94.1,124.1,141.14999999999998,47.05,-1.1801499199258416,1.267772127197561,0.3795033926567538
47.06,47.06,94.12000000000002,124.12000000000002,141.18,47.06,-1.1799286339744077,1.2679780829049403,0.37978079713165735
47.07,47.07,94.14,124.14,141.21,47.07,-1.1797073120802926,1.2681839999874982,0.3800584013177082
47.08,47.08,94.16,124.16,141.24,47.08,-1.179485954250238,1.268389878438962,0.38033620513114114
47.09,47.09,94.18,124.18,141.27,47.09,-1.1792645604909857,1.2685957182530618,0.3806142084881015
47.1,47.1,94.2,124.2,141.3,47.1,-1.1790431308092815,1.2688015194235256,0.38089241130463825
47.11,47.11,94.22,124.22,141.32999999999998,47.11,-1.1788216652118688,1.2690072819440856,0.3811708134967139
47.12,47.12,94.24,124.24,141.35999999999999,47.12,-1.1786001637054961,1.2692130058084723,0.38144941498019513
47.13,47.13,94.26,124.26,141.39000000000001,47.13,-1.178378626296909,1.2694186910104206,0.3817282156708601
47.14,47.14,94.28,124.28,141.42000000000002,47.14,-1.178157052992856,1.2696243375436642,0.3820072154843928
47.15,47.15,94.3,124.3,141.45,47.15,-1.177935443800087,1.269829945401939,0.38228641433638766
47.16,47.16,94.32,124.32,141.48,47.16,-1.1777137987253528,1.2700355145789817,0.3825658121423459
47.17,47.17,94.34,124.34,141.51,47.17,-1.177492117775404,1.2702410450685309,0.3828454088176789
47.18,47.18,94.36,124.36,141.54,47.18,-1.1772704009569954,1.270446536864324,0.38312520427770463
47.19,47.19,94.37999999999998,124.37999999999998,141.57,47.19,-1.1770486482768792,1.2706519899601034,0.3834051984376508
47.2,47.2,94.4,124.4,141.60000000000002,47.2,-1.176826859741811,1.27085740434961,0.3836853912126528
47.21,47.21,94.42,124.42,141.63,47.21,-1.176605035358546,1.2710627800265863,0.3839657825177561
47.22,47.22,94.44,124.44,141.66,47.22,-1.1763831751338434,1.2712681169847757,0.3842463722679124
47.23,47.23,94.46,124.46,141.69,47.23,-1.1761612790744593,1.2714734152179241,0.3845271603779842
47.24,47.24,94.48,124.48,141.72,47.24,-1.1759393471871533,1.2716786747197781,0.3848081467627419
47.25,47.25,94.5,124.5,141.75,47.25,-1.175717379478688,1.2718838954840834,0.38508933133686274
47.26,47.26,94.52,124.52,141.78,47.26,-1.1754953759558222,1.2720890775045905,0.38537071401493606
47.27,47.27,94.54,124.54,141.81,47.27,-1.1752733366253194,1.2722942207750487,0.3856522947114571
47.28,47.28,94.56,124.56,141.84,47.28,-1.1750512614939441,1.2724993252892085,0.385934073340831
47.29,47.29,94.58,124.58,141.87,47.29,-1.1748291505684612,1.2727043910408213,0.38621604981737057
47.3,47.3,94.6,124.6,141.89999999999998,47.3,-1.1746070038556344,1.2729094180236427,0.38649822405529966
47.31,47.31,94.62000000000002,124.62000000000002,141.93,47.31,-1.1743848213622332,1.2731144062314255,0.3867805959687482
47.32,47.32,94.64,124.64,141.96,47.32,-1.174162603095025,1.2733193556579252,0.38706316547175645
47.33,47.33,94.66,124.66,141.99,47.33,-1.1739403490607783,1.2735242662969002,0.38734593247827304
47.34,47.34,94.68,124.68,142.02,47.34,-1.173718059266263,1.2737291381421079,0.3876288969021567
47.35,47.35,94.7,124.7,142.05,47.35,-1.1734957337182523,1.2739339711873063,0.38791205865717265
47.36,47.36,94.72,124.72,142.07999999999998,47.36,-1.1732733724235163,1.274138765426258,0.38819541765699755
47.37,47.37,94.74,124.74,142.10999999999999,47.37,-1.17305097538883,1.274343520852723,0.3884789738152145
47.38,47.38,94.76,124.76,142.14000000000001,47.38,-1.172828542620968,1.2745482374604644,0.3887627270453176
47.39,47.39,94.78,124.78,142.17000000000002,47.39,-1.172606074126706,1.2747529152432457,0.38904667726070896
47.4,47.4,94.8,124.8,142.2,47.4,-1.1723835699128191,1.2749575541948341,0.38933082437470007
47.41,47.41,94.82,124.82,142.23,47.41,-1.1721610299860872,1.275162154308994,0.38961516830051146
47.42,47.42,94.84,124.84,142.26,47.42,-1.1719384543532887,1.2753667155794934,0.3898997089512716
47.43,47.43,94.86,124.86,142.29,47.43,-1.1717158430212034,1.275571238000101,0.3901844462400201
47.44,47.44,94.87999999999998,124.87999999999998,142.32,47.44,-1.1714931959966124,1.2757757215645869,0.3904693800797034
47.45,47.45,94.9,124.9,142.35000000000002,47.45,-1.1712705132862988,1.2759801662667214,0.3907545103831798
47.46,47.46,94.92,124.92,142.38,47.46,-1.1710477948970437,1.2761845721002785,0.3910398370632139
47.47,47.47,94.94,124.94,142.41,47.47,-1.1708250408356338,1.27638893905903,0.3913253600324813
47.48,47.48,94.96,124.96,142.44,47.48,-1.1706022511088534,1.276593267136751,0.39161107920356625
47.49,47.49,94.98,124.98,142.47,47.49,-1.1703794257234896,1.2767975563272176,0.3918969944889618
47.5,47.5,95.0,125.0,142.5,47.5,-1.1701565646863297,1.2770018066242066,0.39218310580107174
47.51,47.51,95.02,125.02,142.53,47.51,-1.1699336680041625,1.277206018021496,0.39246941305220734
47.52,47.52,95.04,125.04,142.56,47.52,-1.169710735683778,1.2774101905128652,0.3927559161545896
47.53,47.53,95.06,125.06,142.59,47.53,-1.1694877677319668,1.2776143240920952,0.3930426150203497
47.54,47.54,95.08,125.08,142.62,47.54,-1.1692647641555212,1.277818418752967,0.39332950956152835
47.55,47.55,95.1,125.1,142.64999999999998,47.55,-1.1690417249612335,1.2780224744892648,0.393616599690074
47.56,47.56,95.12000000000002,125.12000000000002,142.68,47.56,-1.1688186501558997,1.2782264912947705,0.393903885317845
47.57,47.57,95.14,125.14,142.71,47.57,-1.1685955397463132,1.2784304691632715,0.3941913663566108
47.58,47.58,95.16,125.16,142.74,47.58,-1.1683723937392712,1.2786344080885534,0.3944790427180491
47.59,47.59,95.18,125.18,142.77,47.59,-1.1681492121415706,1.2788383080644041,0.39476691431374616
47.6,47.6,95.2,125.2,142.8,47.6,-1.1679259949600103,1.2790421690846123,0.39505498105519965
47.61,47.61,95.22,125.22,142.82999999999998,47.61,-1.167702742201389,1.2792459911429683,0.3953432428538157
47.62,47.62,95.24,125.24,142.85999999999999,47.62,-1.1674794538725097,1.2794497742332624,0.39563169962090877
47.63,47.63,95.26,125.26,142.89000000000001,47.63,-1.1672561299801718,1.279653518349288,0.39592035126770675
47.64,47.64,95.28,125.28,142.92000000000002,47.64,-1.167032770531179,1.2798572234848387,0.396209197705342
47.65,47.65,95.3,125.3,142.95,47.65,-1.1668093755323345,1.2800608896337093,0.3964982388448613
47.66,47.66,95.32,125.32,142.98,47.66,-1.1665859449904452,1.2802645167896944,0.39678747459721714
47.67,47.67,95.34,125.34,143.01,47.67,-1.1663624789123148,1.2804681049465931,0.3970769048732754
47.68,47.68,95.36,125.36,143.04,47.68,-1.1661389773047521,1.2806716540982026,0.39736652958380814
47.69,47.69,95.37999999999998,125.37999999999998,143.07,47.69,-1.1659154401745655,1.2808751642383223,0.397656348639499
47.7,47.7,95.4,125.4,143.10000000000002,47.7,-1.165691867528563,1.2810786353607537,0.3979463619509424
47.71,47.71,95.42,125.42,143.13,47.71,-1.165468259373555,1.2812820674592986,0.3982365694286411
47.72,47.72,95.44,125.44,143.16,47.72,-1.1652446157163552,1.2814854605277592,0.398526970983006
47.73,47.73,95.46,125.46,143.19,47.73,-1.1650209365637738,1.281688814559941,0.3988175665243619
47.74,47.74,95.48,125.48,143.22,47.74,-1.1647972219226248,1.2818921295496493,0.39910835596294103
47.75,47.75,95.5,125.5,143.25,47.75,-1.1645734717997243,1.28209540549069,0.39939933920888465
47.76,47.76,95.52,125.52,143.28,47.76,-1.1643496862018876,1.2822986423768705,0.39969051617224566
47.77,47.77,95.54,125.54,143.31,47.77,-1.16412586513593,1.282501840202002,0.3999818867629873
47.78,47.78,95.56,125.56,143.34,47.78,-1.1639020086086718,1.2827049989598929,0.40027345089098015
47.79,47.79,95.58,125.58,143.37,47.79,-1.1636781166269312,1.2829081186443547,0.4005652084660078
47.8,47.8,95.6,125.6,143.39999999999998,47.8,-1.163454189197527,1.2831111992492015,0.40085715939776273
47.81,47.81,95.62000000000002,125.62000000000002,143.43,47.81,-1.1632302263272825,1.2833142407682459,0.40114930359584566
47.82,47.82,95.64,125.64,143.46,47.82,-1.1630062280230187,1.2835172431953028,0.40144164096977025
47.83,47.83,95.66,125.66,143.49,47.83,-1.16278219429156,1.2837202065241882,0.40173417142895873
47.84,47.84,95.68,125.68,143.52,47.84,-1.162558125139729,1.283923130748721,0.40202689488274373
47.85,47.85,95.7,125.7,143.55,47.85,-1.162334020574353,1.2841260158627184,0.40231981124036775
47.86,47.86,95.72,125.72,143.57999999999998,47.86,-1.1621098806022583,1.2843288618600006,0.4026129204109846
47.87,47.87,95.74,125.74,143.60999999999999,47.87,-1.1618857052302722,1.2845316687343882,0.40290622230365597
47.88,47.88,95.76,125.76,143.64000000000001,47.88,-1.161661494465224,1.284734436479704,0.40319971682735695
47.89,47.89,95.78,125.78,143.67000000000002,47.89,-1.1614372483139432,1.2849371650897703,0.40349340389096944
47.9,47.9,95.8,125.8,143.7,47.9,-1.1612129667832598,1.2851398545584132,0.40378728340328957
47.91,47.91,95.82,125.82,143.73,47.91,-1.1609886498800073,1.2853425048794573,0.4040813552730193
47.92,47.92,95.84,125.84,143.76,47.92,-1.1607642976110175,1.28554511604673,0.40437561940877587
47.93,47.93,95.86,125.86,143.79,47.93,-1.1605399099831266,1.2857476880540581,0.4046700757190808
47.94,47.94,95.87999999999998,125.87999999999998,143.82,47.94,-1.160315487003168,1.2859502208952729,0.4049647241123722
47.95,47.95,95.9,125.9,143.85000000000002,47.95,-1.1600910286779782,1.2861527145642035,0.4052595644969948
47.96,47.96,95.92,125.92,143.88,47.96,-1.159866535014395,1.2863551690546824,0.4055545967812048
47.97,47.97,95.94,125.94,143.91,47.97,-1.159642006019257,1.2865575843605421,0.40584982087316923
47.98,47.98,95.96,125.96,143.94,47.98,-1.159417441699403,1.2867599604756168,0.4061452366809657
47.99,47.99,95.98,125.98,143.97,47.99,-1.1591928420616742,1.286962297393742,0.40644084411258075
48.0,48.0,96.0,126.0,144.0,48.0,-1.1589682071129128,1.287164595108753,0.40673664307591284
48.01,48.01,96.02,126.02,144.03,48.01,-1.1587435368599608,1.2873668536144887,0.4070326334787709
48.02,48.02,96.04,126.04,144.06,48.02,-1.1585188313096615,1.2875690729047882,0.4073288152288758
48.03,48.03,96.06,126.06,144.09,48.03,-1.158294090468862,1.2877712529734897,0.4076251882338547
48.04,48.04,96.08,126.08,144.12,48.04,-1.1580693143444059,1.2879733938144364,0.4079217524012507
48.05,48.05,96.1,126.1,144.14999999999998,48.05,-1.157844502943141,1.2881754954214704,0.4082185076385147
48.06,48.06,96.12000000000002,126.12000000000002,144.18,48.06,-1.1576196562719165,1.288377557788434,0.40851545385300825
48.07,48.07,96.14,126.14,144.21,48.07,-1.1573947743375805,1.2885795809091733,0.40881259095200434
48.08,48.08,96.16,126.16,144.24,48.08,-1.1571698571469835,1.288781564777534,0.40910991884268705
48.09,48.09,96.18,126.18,144.27,48.09,-1.1569449047069764,1.2889835093873638,0.409407437432151
48.1,48.1,96.2,126.2,144.3,48.1,-1.1567199170244133,1.28918541473251,0.4097051466273997
48.11,48.11,96.22,126.22,144.32999999999998,48.11,-1.156494894106146,1.2893872808068234,0.4100030463353509
48.12,48.12,96.24,126.24,144.35999999999999,48.12,-1.1562698359590295,1.2895891076041541,0.41030113646283056
48.13,48.13,96.26,126.26,144.39000000000001,48.13,-1.1560447425899207,1.2897908951183534,0.41059941691657725
48.14,48.14,96.28,126.28,144.42000000000002,48.14,-1.155819614005675,1.289992643343276,0.41089788760323886
48.15,48.15,96.3,126.3,144.45,48.15,-1.1555944502131497,1.2901943522727761,0.41119654842937625
48.16,48.16,96.32,126.32,144.48,48.16,-1.1553692512192053,1.290396021900708,0.41149539930145895
48.17,48.17,96.34,126.34,144.51,48.17,-1.1551440170307004,1.2905976522209301,0.411794440125869
48.18,48.18,96.36,126.36,144.54,48.18,-1.1549187476544969,1.2907992432272992,0.41209367080889947
48.19,48.19,96.37999999999998,126.37999999999998,144.57,48.19,-1.1546934430974565,1.291000794913675,0.41239309125675333
48.2,48.2,96.4,126.4,144.60000000000002,48.2,-1.1544681033664432,1.2912023072739172,0.4126927013755466
48.21,48.21,96.42,126.42,144.63,48.21,-1.1542427284683192,1.291403780301889,0.41299250107130475
48.22,48.22,96.44,126.44,144.66,48.22,-1.1540173184099518,1.2916052139914516,0.4132924902499642
48.23,48.23,96.46,126.46,144.69,48.23,-1.1537918731982073,1.291806608336469,0.4135926688173734
48.24,48.24,96.48,126.48,144.72,48.24,-1.1535663928399513,1.2920079633308081,0.4138930366792928
48.25,48.25,96.5,126.5,144.75,48.25,-1.1533408773420541,1.2922092789683335,0.4141935937413925
48.26,48.26,96.52,126.52,144.78,48.26,-1.1531153267113856,1.2924105552429128,0.41449433990925416
48.27,48.27,96.54,126.54,144.81,48.27,-1.1528897409548144,1.2926117921484164,0.41479527508837166
48.28,48.28,96.56,126.56,144.84,48.28,-1.1526641200792138,1.2928129896787126,0.41509639918414926
48.29,48.29,96.58,126.58,144.87,48.29,-1.1524384640914567,1.2930141478276733,0.4153977121019014
48.3,48.3,96.6,126.6,144.89999999999998,48.3,-1.1522127729984162,1.2932152665891707,0.41569921374685753
48.31,48.31,96.62000000000002,126.62000000000002,144.93,48.31,-1.1519870468069677,1.2934163459570784,0.41600090402415557
48.32,48.32,96.64,126.64,144.96,48.32,-1.1517612855239872,1.2936173859252713,0.41630278283884475
48.33,48.33,96.66,126.66,144.99,48.33,-1.151535489156352,1.2938183864876247,0.4166048500958871
48.34,48.34,96.68,126.68,145.02,48.34,-1.1513096577109392,1.2940193476380173,0.4169071057001561
48.35,48.35,96.7,126.7,145.05,48.35,-1.151083791194629,1.2942202693703262,0.41720954955643497
48.36,48.36,96.72,126.72,145.07999999999998,48.36,-1.150857889614301,1.2944211516784316,0.41751218156942116
48.37,48.37,96.74,126.74,145.10999999999999,48.37,-1.150631952976838,1.294621994556213,0.41781500164372004
48.38,48.38,96.76,126.76,145.14000000000001,48.38,-1.150405981289121,1.294822797997554,0.4181180096838527
48.39,48.39,96.78,126.78,145.17000000000002,48.39,-1.150179974558034,1.2950235619963368,0.41842120559424867
48.4,48.4,96.8,126.8,145.2,48.4,-1.149953932790461,1.2952242865464465,0.4187245892792508
48.41,48.41,96.82,126.82,145.23,48.41,-1.1497278559932886,1.295424971641768,0.4190281606431135
48.42,48.42,96.84,126.84,145.26,48.42,-1.1495017441734023,1.2956256172761889,0.4193319195900021
48.43,48.43,96.86,126.86,145.29,48.43,-1.1492755973376911,1.2958262234435962,0.41963586602399344
48.44,48.44,96.87999999999998,126.87999999999998,145.32,48.44,-1.149049415493044,1.296026790137879,0.41993999984907676
48.45,48.45,96.9,126.9,145.35000000000002,48.45,-1.1488231986463495,1.2962273173529286,0.42024432096915354
48.46,48.46,96.92,126.92,145.38,48.46,-1.1485969468044985,1.2964278050826368,0.4205488292880369
48.47,48.47,96.94,126.94,145.41,48.47,-1.1483706599743848,1.296628253320895,0.4208535247094496
48.48,48.48,96.96,126.96,145.44,48.48,-1.1481443381629002,1.2968286620615983,0.4211584071370298
48.49,48.49,96.98,126.98,145.47,48.49,-1.1479179813769385,1.297029031298642,0.4214634764743263
48.5,48.5,97.0,127.0,145.5,48.5,-1.1476915896233966,1.2972293610259216,0.42176873262479664
48.51,48.51,97.02,127.02,145.53,48.51,-1.1474651629091692,1.2974296512373353,0.42207417549181464
48.52,48.52,97.04,127.04,145.56,48.52,-1.1472387012411536,1.2976299019267823,0.42237980497866584
48.53,48.53,97.06,127.06,145.59,48.53,-1.1470122046262492,1.2978301130881618,0.422685620988544
48.54,48.54,97.08,127.08,145.62,48.54,-1.1467856730713557,1.2980302847153748,0.42299162342455815
48.55,48.55,97.1,127.1,145.64999999999998,48.55,-1.1465591065833718,1.2982304168023255,0.42329781218972934
48.56,48.56,97.12000000000002,127.12000000000002,145.68,48.56,-1.146332505169201,1.2984305093429156,0.4236041871869885
48.57,48.57,97.14,127.14,145.71,48.57,-1.1461058688357462,1.2986305623310501,0.42391074831917985
48.58,48.58,97.16,127.16,145.74,48.58,-1.1458791975899092,1.2988305757606362,0.4242174954890617
48.59,48.59,97.18,127.18,145.77,48.59,-1.1456524914385953,1.299030549625581,0.4245244285993018
48.6,48.6,97.2,127.2,145.8,48.6,-1.1454257503887122,1.2992304839197915,0.42483154755248026
48.61,48.61,97.22,127.22,145.82999999999998,48.61,-1.1451989744471642,1.2994303786371793,0.42513885225109194
48.62,48.62,97.24,127.24,145.85999999999999,48.62,-1.1449721636208614,1.2996302337716537,0.4254463425975404
48.63,48.63,97.26,127.26,145.89000000000001,48.63,-1.144745317916712,1.2998300493171275,0.4257540184941449
48.64,48.64,97.28,127.28,145.92000000000002,48.64,-1.1445184373416266,1.300029825267513,0.42606187984313404
48.65,48.65,97.3,127.3,145.95,48.65,-1.144291521902515,1.300229561616727,0.42636992654665123
48.66,48.66,97.32,127.32,145.98,48.66,-1.1440645716062907,1.3004292583586827,0.42667815850675084
48.67,48.67,97.34,127.34,146.01,48.67,-1.1438375864598669,1.3006289154872983,0.4269865756253997
48.68,48.68,97.36,127.36,146.04,48.68,-1.143610566470158,1.3008285329964915,0.42729517780447723
48.69,48.69,97.37999999999998,127.37999999999998,146.07,48.69,-1.1433835116440787,1.3010281108801818,0.42760396494577546
48.7,48.7,97.4,127.4,146.10000000000002,48.7,-1.143156421988547,1.3012276491322887,0.4279129369509984
48.71,48.71,97.42,127.42,146.13,48.71,-1.142929297510478,1.301427147746736,0.4282220937217652
48.72,48.72,97.44,127.44,146.16,48.72,-1.1427021382167923,1.3016266067174451,0.4285314351596029
48.73,48.73,97.46,127.46,146.19,48.73,-1.1424749441144093,1.30182602603834,0.4288409611659539
48.74,48.74,97.48,127.48,146.22,48.74,-1.142247715210249,1.302025405703347,0.4291506716421739
48.75,48.75,97.5,127.5,146.25,48.75,-1.1420204515112338,1.302224745706392,0.4294605664895289
48.76,48.76,97.52,127.52,146.28,48.76,-1.1417931530242864,1.302424046041403,0.42977064560919936
48.77,48.77,97.54,127.54,146.31,48.77,-1.14156581975633,1.3026233067023092,0.4300809089022788
48.78,48.78,97.56,127.56,146.34,48.78,-1.1413384517142915,1.3028225276830392,0.4303913562697715
48.79,48.79,97.58,127.58,146.37,48.79,-1.141111048905095,1.3030217089775262,0.4307019876125953
48.8,48.8,97.6,127.6,146.39999999999998,48.8,-1.1408836113356677,1.303220850579703,0.4310128028315821
48.81,48.81,97.62000000000002,127.62000000000002,146.43,48.81,-1.1406561390129395,1.3034199524835015,0.4313238018274741
48.82,48.82,97.64,127.64,146.46,48.82,-1.1404286319438377,1.3036190146828581,0.43163498450092896
48.83,48.83,97.66,127.66,146.49,48.83,-1.1402010901352935,1.3038180371717092,0.43194635075251514
48.84,48.84,97.68,127.68,146.52,48.84,-1.1399735135942377,1.3040170199439913,0.4322579004827153
48.85,48.85,97.7,127.7,146.55,48.85,-1.1397459023276029,1.3042159629936438,0.43256963359192446
48.86,48.86,97.72,127.72,146.57999999999998,48.86,-1.1395182563423223,1.3044148663146067,0.4328815499804508
48.87,48.87,97.74,127.74,146.60999999999999,48.87,-1.139290575645331,1.30461372990082,0.43319364954851525
48.88,48.88,97.76,127.76,146.64000000000001,48.88,-1.139062860243565,1.304812553746226,0.43350593219625155
48.89,48.89,97.78,127.78,146.67000000000002,48.89,-1.1388351101439596,1.3050113378447694,0.4338183978237072
48.9,48.9,97.8,127.8,146.7,48.9,-1.1386073253534523,1.3052100821903947,0.43413104633084126
48.91,48.91,97.82,127.82,146.73,48.91,-1.1383795058789838,1.3054087867770465,0.43444387761752773
48.92,48.92,97.84,127.84,146.76,48.92,-1.1381516517274914,1.3056074515986735,0.4347568915835537
48.93,48.93,97.86,127.86,146.79,48.93,-1.1379237629059176,1.3058060766492232,0.43507008812861653
48.94,48.94,97.87999999999998,127.87999999999998,146.82,48.94,-1.1376958394212044,1.3060046619226444,0.43538346715233023
48.95,48.95,97.9,127.9,146.85000000000002,48.95,-1.1374678812802939,1.306203207412889,0.4356970285542215
48.96,48.96,97.92,127.92,146.88,48.96,-1.1372398884901296,1.3064017131139096,0.436010772233728
48.97,48.97,97.94,127.94,146.91,48.97,-1.1370118610576576,1.3066001790196575,0.4363246980902021
48.98,48.98,97.96,127.96,146.94,48.98,-1.1367837989898248,1.3067986051240876,0.436638806022909
48.99,48.99,97.98,127.98,146.97,48.99,-1.136555702293576,1.306996991421157,0.4369530959310291
49.0,49.0,98.0,128.0,147.0,49.0,-1.1363275709758613,1.3071953379048207,0.43726756771365405
49.01,49.01,98.02,128.01999999999998,147.03,49.01,-1.13609940504363,1.307393644569037,0.4375822212697885
49.02,49.02,98.04,128.04000000000002,147.06,49.02,-1.1358712045038308,1.3075919114077665,0.4378970564983534
49.03,49.03,98.06,128.06,147.09,49.03,-1.1356429693634167,1.3077901384149682,0.43821207329817985
49.04,49.04,98.08,128.07999999999998,147.12,49.04,-1.13541469962934,1.3079883255846039,0.4385272715680137
49.05,49.05,98.1,128.1,147.14999999999998,49.05,-1.1351863953085526,1.3081864729106374,0.43884265120651644
49.06,49.06,98.12000000000002,128.12,147.18,49.06,-1.134958056408011,1.308384580387032,0.4391582121122581
49.07,49.07,98.14,128.14,147.21,49.07,-1.1347296829346698,1.3085826480077531,0.43947395418372726
49.08,49.08,98.16,128.16,147.24,49.08,-1.1345012748954866,1.308780675766767,0.43978987731932345
49.09,49.09,98.18,128.18,147.27,49.09,-1.1342728322974172,1.3089786636580427,0.4401059814173616
49.1,49.1,98.2,128.2,147.3,49.1,-1.134044355147422,1.3091766116755477,0.4404222663760674
49.11,49.11,98.22,128.22,147.32999999999998,49.11,-1.1338158434524603,1.3093745198132525,0.4407387320935822
49.12,49.12,98.24,128.24,147.35999999999999,49.12,-1.1335872972194934,1.3095723880651287,0.4410553784679618
49.13,49.13,98.26,128.26,147.39000000000001,49.13,-1.1333587164554824,1.3097702164251488,0.4413722053971746
49.14,49.14,98.28,128.28,147.42000000000002,49.14,-1.1331301011673913,1.3099680048872862,0.4416892127791017
49.15,49.15,98.3,128.3,147.45,49.15,-1.1329014513621827,1.3101657534455173,0.44200640051154044
49.16,49.16,98.32,128.32,147.48,49.16,-1.1326727670468228,1.3103634620938165,0.4423237684922005
49.17,49.17,98.34,128.34,147.51,49.17,-1.132444048228277,1.310561130826163,0.4426413166187054
49.18,49.18,98.36,128.36,147.54,49.18,-1.1322152949135138,1.3107587596365338,0.4429590447885932
49.19,49.19,98.37999999999998,128.38,147.57,49.19,-1.1319865071095003,1.3109563485189097,0.4432769528993146
49.2,49.2,98.4,128.4,147.60000000000002,49.2,-1.1317576848232056,1.3111538974672718,0.4435950408482362
49.21,49.21,98.42,128.42000000000002,147.63,49.21,-1.1315288280616005,1.3113514064756022,0.4439133085326373
49.22,49.22,98.44,128.44,147.66,49.22,-1.1312999368316565,1.3115488755378848,0.44423175584971036
49.23,49.23,98.46,128.45999999999998,147.69,49.23,-1.1310710111403457,1.3117463046481037,0.4445503826965639
49.24,49.24,98.48,128.48000000000002,147.72,49.24,-1.130842050994641,1.3119436938002458,0.44486918897022093
49.25,49.25,98.5,128.5,147.75,49.25,-1.1306130564015189,1.3121410429882967,0.4451881745676135
49.26,49.26,98.52,128.51999999999998,147.78,49.26,-1.130384027367953,1.3123383522062464,0.44550733938559456
49.27,49.27,98.54,128.54000000000002,147.81,49.27,-1.13015496390092,1.3125356214480846,0.44582668332092806
49.28,49.28,98.56,128.56,147.84,49.28,-1.1299258660073996,1.3127328507078002,0.4461462062702897
49.29,49.29,98.58,128.57999999999998,147.87,49.29,-1.1296967336943682,1.3129300399793873,0.4464659081302741
49.3,49.3,98.6,128.6,147.89999999999998,49.3,-1.1294675669688061,1.3131271892568384,0.4467857887973878
49.31,49.31,98.62000000000002,128.62,147.93,49.31,-1.129238365837695,1.313324298534148,0.4471058481680506
49.32,49.32,98.64,128.64,147.96,49.32,-1.129009130308017,1.313521367805311,0.4474260861385977
49.33,49.33,98.66,128.66,147.99,49.33,-1.1287798603867536,1.3137183970643256,0.44774650260527943
49.34,49.34,98.68,128.68,148.02,49.34,-1.1285505560808888,1.31391538630519,0.44806709746426115
49.35,49.35,98.7,128.7,148.05,49.35,-1.1283212173974093,1.314112335521902,0.4483878706116179
49.36,49.36,98.72,128.72,148.07999999999998,49.36,-1.128091844343299,1.3143092447084643,0.4487088219433457
49.37,49.37,98.74,128.74,148.10999999999999,49.37,-1.1278624369255466,1.314506113858877,0.44902995135534945
49.38,49.38,98.76,128.76,148.14000000000001,49.38,-1.1276329951511403,1.3147029429671433,0.4493512587434511
49.39,49.39,98.78,128.78,148.17000000000002,49.39,-1.1274035190270684,1.3148997320272684,0.4496727440033884
49.4,49.4,98.8,128.8,148.2,49.4,-1.1271740085603208,1.3150964810332577,0.4499944070308114
49.41,49.41,98.82,128.82,148.23,49.41,-1.12694446375789,1.315293189979117,0.45031624772128515
49.42,49.42,98.84,128.84,148.26,49.42,-1.1267148846267678,1.3154898588588544,0.4506382659702895
49.43,49.43,98.86,128.86,148.29,49.43,-1.1264852711739477,1.3156864876664793,0.4509604616732197
49.44,49.44,98.87999999999998,128.88,148.32,49.44,-1.126255623406424,1.315883076396002,0.4512828347253845
49.45,49.45,98.9,128.9,148.35000000000002,49.45,-1.1260259413311926,1.3160796250414337,0.4516053850220077
49.46,49.46,98.92,128.92000000000002,148.38,49.46,-1.1257962249552487,1.3162761335967887,0.4519281124582297
49.47,49.47,98.94,128.94,148.41,49.47,-1.125566474285591,1.316472602056079,0.4522510169291022
49.48,49.48,98.96,128.95999999999998,148.44,49.48,-1.125336689329219,1.3166690304133204,0.45257409832959367
49.49,49.49,98.98,128.98000000000002,148.47,49.49,-1.1251068700931295,1.3168654186625306,0.45289735655458924
49.5,49.5,99.0,129.0,148.5,49.5,-1.1248770165843256,1.3170617667977254,0.4532207914988843
49.51,49.51,99.02,129.01999999999998,148.53,49.51,-1.1246471288098085,1.317258074812925,0.45354440305719274
49.52,49.52,99.04,129.04000000000002,148.56,49.52,-1.1244172067765807,1.317454342702149,0.45386819112414284
49.53,49.53,99.06,129.06,148.59,49.53,-1.1241872504916464,1.317650570459419,0.45419215559427706
49.54,49.54,99.08,129.07999999999998,148.62,49.54,-1.12395725996201,1.3178467580787572,0.4545162963620531
49.55,49.55,99.1,129.1,148.64999999999998,49.55,-1.1237272351946777,1.3180429055541878,0.4548406133218435
49.56,49.56,99.12000000000002,129.12,148.68,49.56,-1.1234971761966563,1.3182390128797352,0.45516510636793617
49.57,49.57,99.14,129.14,148.71,49.57,-1.123267082974954,1.3184350800494264,0.4554897753945341
49.58,49.58,99.16,129.16,148.74,49.58,-1.1230369555365805,1.3186311070572878,0.45581462029575504
49.59,49.59,99.18,129.18,148.77,49.59,-1.1228067938885435,1.3188270938973499,0.45613964096563314
49.6,49.6,99.2,129.2,148.8,49.6,-1.1225765980378566,1.3190230405636407,0.4564648372981148
49.61,49.61,99.22,129.22,148.82999999999998,49.61,-1.1223463679915306,1.319218947050193,0.4567902091870658
49.62,49.62,99.24,129.24,148.85999999999999,49.62,-1.12211610375658,1.3194148133510368,0.4571157565262627
49.63,49.63,99.26,129.26,148.89000000000001,49.63,-1.1218858053400182,1.3196106394602078,0.45744147920940076
49.64,49.64,99.28,129.28,148.92000000000002,49.64,-1.1216554727488603,1.3198064253717399,0.45776737713008864
49.65,49.65,99.3,129.3,148.95,49.65,-1.121425105990123,1.3200021710796697,0.4580934501818512
49.66,49.66,99.32,129.32,148.98,49.66,-1.1211947050708233,1.3201978765780338,0.4584196982581287
49.67,49.67,99.34,129.34,149.01,49.67,-1.1209642699979794,1.3203935418608714,0.45874612125227676
49.68,49.68,99.36,129.36,149.04,49.68,-1.1207338007786118,1.3205891669222212,0.4590727190575652
49.69,49.69,99.37999999999998,129.38,149.07,49.69,-1.1205032974197413,1.3207847517561242,0.4593994915671792
49.7,49.7,99.4,129.4,149.10000000000002,49.7,-1.1202727599283877,1.3209802963566235,0.45972643867422336
49.71,49.71,99.42,129.42000000000002,149.13,49.71,-1.1200421883115739,1.3211758007177623,0.46005356027171307
49.72,49.72,99.44,129.44,149.16,49.72,-1.1198115825763253,1.321371264833584,0.4603808562525807
49.73,49.73,99.46,129.45999999999998,149.19,49.73,-1.1195809427296644,1.3215666886981359,0.46070832650967664
49.74,49.74,99.48,129.48000000000002,149.22,49.74,-1.1193502687786174,1.3217620723054648,0.46103597093576276
49.75,49.75,99.5,129.5,149.25,49.75,-1.1191195607302125,1.3219574156496177,0.46136378942351886
49.76,49.76,99.52,129.51999999999998,149.28,49.76,-1.1188888185914758,1.3221527187246453,0.4616917818655409
49.77,49.77,99.54,129.54000000000002,149.31,49.77,-1.1186580423694363,1.3223479815245986,0.4620199481543406
49.78,49.78,99.56,129.56,149.34,49.78,-1.1184272320711246,1.3225432040435283,0.46234828818234275
49.79,49.79,99.58,129.57999999999998,149.37,49.79,-1.118196387703572,1.3227383862754882,0.46267680184188964
49.8,49.8,99.6,129.6,149.39999999999998,49.8,-1.1179655092738086,1.3229335282145336,0.46300548902524175
49.81,49.81,99.62000000000002,129.62,149.43,49.81,-1.1177345967888686,1.3231286298547187,0.4633343496245722
49.82,49.82,99.64,129.64,149.46,49.82,-1.1175036502557865,1.3233236911901003,0.46366338353196945
49.83,49.83,99.66,129.66,149.49,49.83,-1.117272669681596,1.323518712214738,0.4639925906394413
49.84,49.84,99.68,129.68,149.52,49.84,-1.1170416550733333,1.3237136929226907,0.46432197083890886
49.85,49.85,99.7,129.7,149.55,49.85,-1.1168106064380368,1.323908633308018,0.46465152402220883
49.86,49.86,99.72,129.72,149.57999999999998,49.86,-1.1165795237827436,1.3241035333647821,0.46498125008109614
49.87,49.87,99.74,129.74,149.60999999999999,49.87,-1.1163484071144933,1.3242983930870464,0.4653111489072402
49.88,49.88,99.76,129.76,149.64000000000001,49.88,-1.1161172564403259,1.3244932124688746,0.46564122039222633
49.89,49.89,99.78,129.78,149.67000000000002,49.89,-1.1158860717672832,1.3246879915043321,0.4659714644275569
49.9,49.9,99.8,129.8,149.7,49.9,-1.115654853102406,1.3248827301874868,0.46630188090464986
49.91,49.91,99.82,129.82,149.73,49.91,-1.115423600452739,1.3250774285124052,0.4666324697148387
49.92,49.92,99.84,129.84,149.76,49.92,-1.1151923138253255,1.3252720864731575,0.4669632307493745
49.93,49.93,99.86,129.86,149.79,49.93,-1.114960993227213,1.3254667040638126,0.4672941638994225
49.94,49.94,99.87999999999998,129.88,149.82,49.94,-1.1147296386654457,1.3256612812784434,0.4676252690560672
49.95,49.95,99.9,129.9,149.85000000000002,49.95,-1.114498250147072,1.3258558181111224,0.4679565461103066
49.96,49.96,99.92,129.92000000000002,149.88,49.96,-1.11426682767914,1.326050314555924,0.4682879949530554
49.97,49.97,99.94,129.94,149.91,49.97,-1.1140353712687,1.326244770606923,0.46861961547514647
49.98,49.98,99.96,129.95999999999998,149.94,49.98,-1.1138038809228017,1.326439186258196,0.4689514075673264
49.99,49.99,99.98,129.98000000000002,149.97,49.99,-1.113572356648497,1.326633561503821,0.46928337112026214
50.0,50.0,100.0,130.0,150.0,50.0,-1.1133407984528387,1.3268278963378768,0.46961550602453145
50.01,50.01,100.02,130.01999999999998,150.03,50.01,-1.1131092063428805,1.3270221907544435,0.46994781217063364
50.02,50.02,100.04,130.04000000000002,150.06,50.02,-1.1128775803256759,1.3272164447476034,0.4702802894489835
50.03,50.03,100.06,130.06,150.09,50.03,-1.1126459204082833,1.3274106583114376,0.47061293774990787
50.04,50.04,100.08,130.07999999999998,150.12,50.04,-1.112414226597757,1.3276048314400313,0.47094575696365587
50.05,50.05,100.1,130.1,150.14999999999998,50.05,-1.1121824989011553,1.3277989641274697,0.4712787469803923
50.06,50.06,100.12000000000002,130.12,150.18,50.06,-1.1119507373255382,1.327993056367838,0.4716119076901954
50.07,50.07,100.14,130.14,150.21,50.07,-1.1117189418779645,1.3281871081552248,0.4719452389830616
50.08,50.08,100.16,130.16,150.24,50.08,-1.111487112565495,1.328381119483719,0.472278740748906
50.09,50.09,100.18,130.18,150.27,50.09,-1.1112552493951922,1.32857509034741,0.47261241287755834
50.1,50.1,100.2,130.2,150.3,50.1,-1.1110233523741186,1.32876902074039,0.4729462552587654
50.11,50.11,100.22,130.22,150.32999999999998,50.11,-1.1107914215093382,1.3289629106567509,0.473280267782191
50.12,50.12,100.24,130.24,150.35999999999999,50.12,-1.1105594568079165,1.3291567600905867,0.4736144503374158
50.13,50.13,100.26,130.26,150.39000000000001,50.13,-1.1103274582769198,1.3293505690359915,0.4739488028139366
50.14,50.14,100.28,130.28,150.42000000000002,50.14,-1.1100954259234141,1.329544337487063,0.4742833251011691
50.15,50.15,100.3,130.3,150.45,50.15,-1.1098633597544674,1.3297380654378985,0.4746180170884441
50.16,50.16,100.32,130.32,150.48,50.16,-1.109631259777151,1.3299317528825954,0.4749528786650085
50.17,50.17,100.34,130.34,150.51,50.17,-1.109399125998532,1.3301253998152553,0.47528790972003027
50.18,50.18,100.36,130.36,150.54,50.18,-1.1091669584256838,1.3303190062299781,0.47562311014258934
50.19,50.19,100.37999999999998,130.38,150.57,50.19,-1.1089347570656787,1.3305125721208664,0.4759584798216847
50.2,50.2,100.4,130.4,150.60000000000002,50.2,-1.1087025219255888,1.3307060974820244,0.47629401864623483
50.21,50.21,100.42,130.42000000000002,150.63,50.21,-1.108470253012488,1.3308995823075573,0.47662972650507257
50.22,50.22,100.44,130.44,150.66,50.22,-1.108237950333453,1.3310930265915701,0.4769656032869473
50.23,50.23,100.46,130.45999999999998,150.69,50.23,-1.1080056138955603,1.3312864303281702,0.4773016488805271
50.24,50.24,100.48,130.48000000000002,150.72,50.24,-1.1077732437058856,1.3314797935114677,0.4776378631743992
50.25,50.25,100.5,130.5,150.75,50.25,-1.1075408397715085,1.3316731161355708,0.47797424605706357
50.26,50.26,100.52,130.51999999999998,150.78,50.26,-1.107308402099509,1.3318663981945906,0.4783107974169397
50.27,50.27,100.54,130.54000000000002,150.81,50.27,-1.1070759306969653,1.3320596396826412,0.4786475171423675
50.28,50.28,100.56,130.56,150.84,50.28,-1.1068434255709612,1.332252840593834,0.47898440512159746
50.29,50.29,100.58,130.57999999999998,150.87,50.29,-1.1066108867285782,1.332446000922285,0.47932146124280317
50.3,50.3,100.6,130.6,150.89999999999998,50.3,-1.1063783141769001,1.3326391206621093,0.4796586853940736
50.31,50.31,100.62000000000002,130.62,150.93,50.31,-1.1061457079230113,1.332832199807425,0.4799960774634149
50.32,50.32,100.64,130.64,150.96,50.32,-1.1059130679739972,1.3330252383523504,0.48033363733875106
50.33,50.33,100.66,130.66,150.99,50.33,-1.1056803943369455,1.3332182362910043,0.4806713649079238
50.34,50.34,100.68,130.68,151.02,50.34,-1.1054476870189418,1.3334111936175093,0.4810092600586922
50.35,50.35,100.7,130.7,151.05,50.35,-1.1052149460270766,1.3336041103259864,0.48134732267873276
50.36,50.36,100.72,130.72,151.07999999999998,50.36,-1.1049821713684385,1.3337969864105597,0.48168555265563984
50.37,50.37,100.74,130.74,151.10999999999999,50.37,-1.1047493630501195,1.3339898218653525,0.48202394987692465
50.38,50.38,100.76,130.76,151.14000000000001,50.38,-1.1045165210792103,1.334182616684492,0.48236251423001686
50.39,50.39,100.78,130.78,151.17000000000002,50.39,-1.1042836454628036,1.3343753708621053,0.48270124560226507
50.4,50.4,100.8,130.8,151.2,50.4,-1.1040507362079939,1.33456808439232,0.4830401438809327
50.41,50.41,100.82,130.82,151.23,50.41,-1.1038177933218754,1.3347607572692664,0.48337920895320363
50.42,50.42,100.84,130.84,151.26,50.42,-1.1035848168115432,1.3349533894870755,0.48371844070617864
50.43,50.43,100.86,130.86,151.29,50.43,-1.1033518066840968,1.3351459810398782,0.4840578390268749
50.44,50.44,100.87999999999998,130.88,151.32,50.44,-1.103118762946632,1.335338531921809,0.4843974038022293
50.45,50.45,100.9,130.9,151.35000000000002,50.45,-1.102885685606248,1.3355310421270021,0.48473713491909626
50.46,50.46,100.92,130.92000000000002,151.38,50.46,-1.102652574670044,1.3357235116495938,0.4850770322642491
50.47,50.47,100.94,130.94,151.41,50.47,-1.1024194301451231,1.3359159404837198,0.4854170957243754
50.48,50.48,100.96,130.95999999999998,151.44,50.48,-1.1021862520385857,1.3361083286235196,0.48575732518608505
50.49,50.49,100.98,130.98000000000002,151.47,50.49,-1.1019530403575344,1.3363006760631329,0.4860977205359057
50.5,50.5,101.0,131.0,151.5,50.5,-1.1017197951090754,1.3364929827966987,0.48643828166027864
50.51,50.51,101.02,131.01999999999998,151.53,50.51,-1.1014865163003116,1.3366852488183607,0.4867790084455676
50.52,50.52,101.04,131.04000000000002,151.56,50.52,-1.1012532039383494,1.3368774741222622,0.48711990077805467
50.53,50.53,101.06,131.06,151.59,50.53,-1.1010198580302972,1.3370696587025463,0.4874609585439364
50.54,50.54,101.08,131.07999999999998,151.62,50.54,-1.100786478583262,1.33726180255336,0.48780218162933003
50.55,50.55,101.1,131.1,151.64999999999998,50.55,-1.1005530656043523,1.3374539056688501,0.4881435699202725
50.56,50.56,101.12000000000002,131.12,151.68,50.56,-1.1003196191006799,1.3376459680431643,0.48848512330271626
50.57,50.57,101.14,131.14,151.71,50.57,-1.100086139079356,1.3378379896704518,0.4888268416625318
50.58,50.58,101.16,131.16,151.74,50.58,-1.0998526255474912,1.3380299705448642,0.48916872488551166
50.59,50.59,101.18,131.18,151.77,50.59,-1.099619078512199,1.338221910660553,0.48951077285736416
50.6,50.6,101.2,131.2,151.8,50.6,-1.099385497980596,1.338413810011671,0.48985298546371336
50.61,50.61,101.22,131.22,151.82999999999998,50.61,-1.0991518839597938,1.3386056685923737,0.4901953625901088
50.62,50.62,101.24,131.24,151.85999999999999,50.62,-1.0989182364569117,1.3387974863968153,0.4905379041220122
50.63,50.63,101.26,131.26,151.89000000000001,50.63,-1.098684555479066,1.3389892634191531,0.4908806099448056
50.64,50.64,101.28,131.28,151.92000000000002,50.64,-1.0984508410333746,1.3391809996535462,0.4912234799437909
50.65,50.65,101.3,131.3,151.95,50.65,-1.0982170931269566,1.3393726950941536,0.49156651400418816
50.66,50.66,101.32,131.32,151.98,50.66,-1.0979833117669338,1.3395643497351355,0.49190971201113376
50.67,50.67,101.34,131.34,152.01,50.67,-1.0977494969604265,1.3397559635706535,0.49225307384968636
50.68,50.68,101.36,131.36,152.04,50.68,-1.0975156487145572,1.3399475365948714,0.4925965994048205
50.69,50.69,101.37999999999998,131.38,152.07,50.69,-1.0972817670364499,1.3401390688019532,0.4929402885614311
50.7,50.7,101.4,131.4,152.10000000000002,50.7,-1.0970478519332287,1.340330560186064,0.493284141204331
50.71,50.71,101.42,131.42000000000002,152.13,50.71,-1.0968139034120181,1.3405220107413722,0.49362815721825193
50.72,50.72,101.44,131.44,152.16,50.72,-1.096579921479946,1.3407134204620446,0.4939723364878441
50.73,50.73,101.46,131.45999999999998,152.19,50.73,-1.09634590614414,1.34090478934225,0.4943166788976777
50.74,50.74,101.48,131.48000000000002,152.22,50.74,-1.0961118574117268,1.341096117376161,0.49466118433224154
50.75,50.75,101.5,131.5,152.25,50.75,-1.0958777752898377,1.3412874045579477,0.49500585267594194
50.76,50.76,101.52,131.51999999999998,152.28,50.76,-1.0956436597856025,1.3414786508817835,0.49535068381310565
50.77,50.77,101.54,131.54000000000002,152.31,50.77,-1.095409510906153,1.3416698563418432,0.4956956776279777
50.78,50.78,101.56,131.56,152.34,50.78,-1.0951753286586217,1.3418610209323019,0.49604083400472343
50.79,50.79,101.58,131.57999999999998,152.37,50.79,-1.0949411130501423,1.3420521446473364,0.49638615282742443
50.8,50.8,101.6,131.6,152.39999999999998,50.8,-1.0947068640878486,1.3422432274811253,0.49673163398008563
50.81,50.81,101.62000000000002,131.62,152.43,50.81,-1.0944725817788783,1.3424342694278466,0.4970772773466261
50.82,50.82,101.64,131.64,152.46,50.82,-1.094238266130366,1.3426252704816821,0.49742308281088743
50.83,50.83,101.66,131.66,152.49,50.83,-1.09400391714945,1.3428162306368132,0.4977690502566314
50.84,50.84,101.68,131.68,152.52,50.84,-1.093769534843269,1.3430071498874228,0.4981151795675355
50.85,50.85,101.7,131.7,152.55,50.85,-1.0935351192189628,1.3431980282276952,0.4984614706271984
50.86,50.86,101.72,131.72,152.57999999999998,50.86,-1.0933006702836714,1.3433888656518165,0.4988079233191392
50.87,50.87,101.74,131.74,152.60999999999999,50.87,-1.0930661880445385,1.343579662153972,0.49915453752679323
50.88,50.88,101.76,131.76,152.64000000000001,50.88,-1.0928316725087046,1.343770417728351,0.4995013131335176
50.89,50.89,101.78,131.78,152.67000000000002,50.89,-1.0925971236833147,1.3439611323691423,0.4998482500225882
50.9,50.9,101.8,131.8,152.7,50.9,-1.0923625415755125,1.3441518060705369,0.5001953480772026
50.91,50.91,101.82,131.82,152.73,50.91,-1.0921279261924457,1.344342438826725,0.500542607180472
50.92,50.92,101.84,131.84,152.76,50.92,-1.0918932775412586,1.344533030631902,0.5008900272154341
50.93,50.93,101.86,131.86,152.79,50.93,-1.091658595629101,1.3447235814802605,0.501237608065041
50.94,50.94,101.87999999999998,131.88,152.82,50.94,-1.0914238804631216,1.3449140913659954,0.501585349612166
50.95,50.95,101.9,131.9,152.85000000000002,50.95,-1.0911891320504692,1.3451045602833052,0.5019332517396033
50.96,50.96,101.92,131.92000000000002,152.88,50.96,-1.0909543503982941,1.3452949882263874,0.502281314330066
50.97,50.97,101.94,131.94,152.91,50.97,-1.0907195355137507,1.3454853751894398,0.502629537266185
50.98,50.98,101.96,131.95999999999998,152.94,50.98,-1.0904846874039893,1.3456757211666646,0.5029779204305136
50.99,50.99,101.98,131.98000000000002,152.97,50.99,-1.0902498060761647,1.3458660261522635,0.5033264637055246
51.0,51.0,102.0,132.0,153.0,51.0,-1.0900148915374324,1.3460562901404383,0.5036751669736079
51.01,51.01,102.02,132.01999999999998,153.03,51.01,-1.0897799437949482,1.3462465131253931,0.5040240301170755
51.02,51.02,102.04,132.04000000000002,153.06,51.02,-1.0895449628558675,1.3464366951013353,0.5043730530181614
51.03,51.03,102.06,132.06,153.09,51.03,-1.0893099487273499,1.3466268360624698,0.5047222355590135
51.04,51.04,102.08,132.07999999999998,153.12,51.04,-1.0890749014165544,1.3468169360030047,0.5050715776217043
51.05,51.05,102.1,132.1,153.14999999999998,51.05,-1.0888398209306394,1.3470069949171508,0.5054210790882262
51.06,51.06,102.12000000000002,132.12,153.18,51.06,-1.088604707276767,1.3471970127991169,0.5057707398404893
51.07,51.07,102.14,132.14,153.21,51.07,-1.0883695604620998,1.3473869896431148,0.5061205597603248
51.08,51.08,102.16,132.16,153.24,51.08,-1.0881343804937993,1.3475769254433587,0.5064705387294849
51.09,51.09,102.18,132.18,153.27,51.09,-1.0878991673790297,1.3477668201940622,0.5068206766296411
51.1,51.1,102.2,132.2,153.3,51.1,-1.087663921124957,1.3479566738894404,0.507170973342384
51.11,51.11,102.22,132.22,153.32999999999998,51.11,-1.0874286417387466,1.3481464865237103,0.5075214287492261
51.12,51.12,102.24,132.24,153.35999999999999,51.12,-1.0871933292275655,1.3483362580910898,0.5078720427315999
51.13,51.13,102.26,132.26,153.39000000000001,51.13,-1.0869579835985819,1.3485259885857983,0.5082228151708569
51.14,51.14,102.28,132.28,153.42000000000002,51.14,-1.0867226048589653,1.3487156780020557,0.50857374594827
51.15,51.15,102.3,132.3,153.45,51.15,-1.086487193015884,1.3489053263340853,0.5089248349450319
51.16,51.16,102.32,132.32,153.48,51.16,-1.0862517480765108,1.3490949335761082,0.5092760820422565
51.17,51.17,102.34,132.34,153.51,51.17,-1.0860162700480167,1.3492844997223503,0.5096274871209769
51.18,51.18,102.36,132.36,153.54,51.18,-1.0857807589375765,1.349474024767035,0.5099790500621463
51.19,51.19,102.37999999999998,132.38,153.57,51.19,-1.0855452147523625,1.3496635087043907,0.5103307707466402
51.2,51.2,102.4,132.4,153.60000000000002,51.2,-1.0853096374995503,1.349852951528645,0.5106826490552541
51.21,51.21,102.42,132.42000000000002,153.63,51.21,-1.085074027186316,1.3500423532340273,0.5110346848687031
51.22,51.22,102.44,132.44,153.66,51.22,-1.0848383838198365,1.3502317138147675,0.511386878067623
51.23,51.23,102.46,132.45999999999998,153.69,51.23,-1.0846027074072906,1.350421033265098,0.5117392285325698
51.24,51.24,102.48,132.48000000000002,153.72,51.24,-1.0843669979558566,1.3506103115792516,0.5120917361440238
51.25,51.25,102.5,132.5,153.75,51.25,-1.0841312554727152,1.3507995487514621,0.5124444007823793
51.26,51.26,102.52,132.51999999999998,153.78,51.26,-1.0838954799650473,1.3509887447759656,0.5127972223279572
51.27,51.27,102.54,132.54000000000002,153.81,51.27,-1.0836596714400342,1.3511778996469994,0.5131502006609978
51.28,51.28,102.56,132.56,153.84,51.28,-1.0834238299048613,1.3513670133587994,0.5135033356616587
51.29,51.29,102.58,132.57999999999998,153.87,51.29,-1.0831879553667108,1.351556085905607,0.5138566272100227
51.3,51.3,102.6,132.6,153.89999999999998,51.3,-1.0829520478327677,1.3517451172816621,0.5142100751860921
51.31,51.31,102.62000000000002,132.62,153.93,51.31,-1.08271610731022,1.3519341074812057,0.5145636794697883
51.32,51.32,102.64,132.64,153.96,51.32,-1.0824801338062529,1.3521230564984819,0.514917439940957
51.33,51.33,102.66,132.66,153.99,51.33,-1.0822441273280556,1.3523119643277342,0.5152713564793612
51.34,51.34,102.68,132.68,154.02,51.34,-1.0820080878828162,1.3525008309632092,0.5156254289646878
51.35,51.35,102.7,132.7,154.05,51.35,-1.081772015477727,1.352689656399152,0.5159796572765419
51.36,51.36,102.72,132.72,154.07999999999998,51.36,-1.0815359101199769,1.3528784406298124,0.5163340412944534
51.37,51.37,102.74,132.74,154.10999999999999,51.37,-1.0812997718167594,1.3530671836494386,0.5166885808978701
51.38,51.38,102.76,132.76,154.14000000000001,51.38,-1.081063600575268,1.353255885452281,0.5170432759661616
51.39,51.39,102.78,132.78,154.17000000000002,51.39,-1.0808273964026955,1.3534445460325923,0.5173981263786207
51.4,51.4,102.8,132.8,154.2,51.4,-1.0805911593062374,1.3536331653846259,0.5177531320144585
51.41,51.41,102.82,132.82,154.23,51.41,-1.0803548892930914,1.353821743502634,0.5181082927528091
51.42,51.42,102.84,132.84,154.26,51.42,-1.0801185863704525,1.3540102803808747,0.5184636084727278
51.43,51.43,102.86,132.86,154.29,51.43,-1.0798822505455203,1.3541987760136034,0.5188190790531902
51.44,51.44,102.87999999999998,132.88,154.32,51.44,-1.0796458818254941,1.3543872303950784,0.5191747043730948
51.45,51.45,102.9,132.9,154.35000000000002,51.45,-1.0794094802175742,1.3545756435195586,0.519530484311259
51.46,51.46,102.92,132.92000000000002,154.38,51.46,-1.07917304572896,1.354764015381306,0.519886418746426
51.47,51.47,102.94,132.94,154.41,51.47,-1.0789365783668556,1.3549523459745814,0.5202425075572554
51.48,51.48,102.96,132.95999999999998,154.44,51.48,-1.0787000781384641,1.3551406352936475,0.5205987506223309
51.49,51.49,102.98,132.98000000000002,154.47,51.49,-1.0784635450509883,1.3553288833327706,0.5209551478201597
51.5,51.5,103.0,133.0,154.5,51.5,-1.0782269791116348,1.3555170900862141,0.5213116990291654
51.51,51.51,103.02,133.01999999999998,154.53,51.51,-1.07799038032761,1.3557052555482458,0.5216684041276971
51.52,51.52,103.04,133.04000000000002,154.56,51.52,-1.0777537487061193,1.3558933797131347,0.5220252629940259
51.53,51.53,103.06,133.06,154.59,51.53,-1.0775170842543726,1.3560814625751487,0.5223822755063415
51.54,51.54,103.08,133.07999999999998,154.62,51.54,-1.0772803869795788,1.3562695041285595,0.5227394415427586
51.55,51.55,103.1,133.1,154.64999999999998,51.55,-1.0770436568889477,1.3564575043676388,0.5230967609813111
51.56,51.56,103.12000000000002,133.12,154.68,51.56,-1.0768068939896906,1.3566454632866596,0.5234542336999567
51.57,51.57,103.14,133.14,154.71,51.57,-1.0765700982890198,1.3568333808798962,0.5238118595765727
51.58,51.58,103.16,133.16,154.74,51.58,-1.0763332697941494,1.3570212571416245,0.5241696384889594
51.59,51.59,103.18,133.18,154.77,51.59,-1.0760964085122913,1.357209092066122,0.524527570314842
51.6,51.6,103.2,133.2,154.8,51.6,-1.0758595144506629,1.3573968856476664,0.5248856549318611
51.61,51.61,103.22,133.22,154.82999999999998,51.61,-1.0756225876164789,1.3575846378805374,0.525243892217586
51.62,51.62,103.24,133.24,154.85999999999999,51.62,-1.0753856280169585,1.3577723487590145,0.5256022820495019
51.63,51.63,103.26,133.26,154.89000000000001,51.63,-1.075148635659318,1.3579600182773814,0.5259608243050214
51.64,51.64,103.28,133.28,154.92000000000002,51.64,-1.0749116105507774,1.3581476464299207,0.5263195188614767
51.65,51.65,103.3,133.3,154.95,51.65,-1.074674552698557,1.3583352332109169,0.5266783655961207
51.66,51.66,103.32,133.32,154.98,51.66,-1.0744374621098773,1.3585227786146559,0.5270373643861317
51.67,51.67,103.34,133.34,155.01,51.67,-1.0742003387919605,1.3587102826354251,0.5273965151086085
51.68,51.68,103.36,133.36,155.04,51.68,-1.0739631827520315,1.3588977452675115,0.5277558176405704
51.69,51.69,103.37999999999998,133.38,155.07,51.69,-1.0737259939973125,1.359085166505206,0.5281152718589628
51.7,51.7,103.4,133.4,155.10000000000002,51.7,-1.0734887725350293,1.3592725463427986,0.5284748776406504
51.71,51.71,103.42,133.42000000000002,155.13,51.71,-1.0732515183724078,1.3594598847745825,0.5288346348624218
51.72,51.72,103.44,133.44,155.16,51.72,-1.0730142315166766,1.3596471817948492,0.5291945434009855
51.73,51.73,103.46,133.45999999999998,155.19,51.73,-1.0727769119750623,1.3598344373978946,0.529554603132977
51.74,51.74,103.48,133.48000000000002,155.22,51.74,-1.072539559754794,1.3600216515780152,0.5299148139349503
51.75,51.75,103.5,133.5,155.25,51.75,-1.0723021748631036,1.3602088243295063,0.5302751756833812
51.76,51.76,103.52,133.51999999999998,155.28,51.76,-1.0720647573072206,1.3603959556466676,0.5306356882546726
51.77,51.77,103.54,133.54000000000002,155.31,51.77,-1.071827307094377,1.3605830455237988,0.5309963515251473
51.78,51.78,103.56,133.56,155.34,51.78,-1.0715898242318074,1.3607700939552,0.5313571653710486
51.79,51.79,103.58,133.57999999999998,155.37,51.79,-1.0713523087267454,1.3609571009351735,0.5317181296685456
51.8,51.8,103.6,133.6,155.39999999999998,51.8,-1.0711147605864249,1.361144066458024,0.5320792442937294
51.81,51.81,103.62000000000002,133.62,155.43,51.81,-1.0708771798180834,1.3613309905180546,0.5324405091226134
51.82,51.82,103.64,133.64,155.46,51.82,-1.0706395664289585,1.3615178731095716,0.5328019240311318
51.83,51.83,103.66,133.66,155.49,51.83,-1.0704019204262867,1.361704714226883,0.5331634888951468
51.84,51.84,103.68,133.68,155.52,51.84,-1.0701642418173074,1.3618915138642973,0.5335252035904379
51.85,51.85,103.7,133.7,155.55,51.85,-1.0699265306092622,1.3620782720161226,0.5338870679927095
51.86,51.86,103.72,133.72,155.57999999999998,51.86,-1.06968878680939,1.3622649886766727,0.5342490819775914
51.87,51.87,103.74,133.74,155.60999999999999,51.87,-1.0694510104249348,1.3624516638402573,0.5346112454206317
51.88,51.88,103.76,133.76,155.64000000000001,51.88,-1.069213201463139,1.362638297501191,0.534973558197304
51.89,51.89,103.78,133.78,155.67000000000002,51.89,-1.068975359931247,1.3628248896537885,0.5353360201830052
51.9,51.9,103.8,133.8,155.7,51.9,-1.0687374858365024,1.3630114402923665,0.5356986312530556
51.91,51.91,103.82,133.82,155.73,51.91,-1.068499579186153,1.3631979494112416,0.5360613912826963
51.92,51.92,103.84,133.84,155.76,51.92,-1.068261639987445,1.3633844170047325,0.5364243001470932
51.93,51.93,103.86,133.86,155.79,51.93,-1.068023668247627,1.3635708430671591,0.5367873577213357
51.94,51.94,103.87999999999998,133.88,155.82,51.94,-1.0677856639739474,1.3637572275928427,0.5371505638804351
51.95,51.95,103.9,133.9,155.85000000000002,51.95,-1.067547627173657,1.363943570576105,0.5375139184993274
51.96,51.96,103.92,133.92000000000002,155.88,51.96,-1.0673095578540053,1.3641298720112713,0.5378774214528709
51.97,51.97,103.94,133.94,155.91,51.97,-1.0670714560222456,1.364316131892665,0.5382410726158462
51.98,51.98,103.96,133.95999999999998,155.94,51.98,-1.0668333216856312,1.364502350214613,0.5386048718629596
51.99,51.99,103.98,133.98000000000002,155.97,51.99,-1.066595154851415,1.3646885269714424,0.5389688190688399
52.0,52.0,104.0,134.0,156.0,52.0,-1.0663569555268528,1.3648746621574823,0.5393329141080381
52.01,52.01,104.02,134.01999999999998,156.03,52.01,-1.0661187237192,1.3650607557670624,0.5396971568550294
52.02,52.02,104.04,134.04000000000002,156.06,52.02,-1.065880459435714,1.3652468077945141,0.5400615471842137
52.03,52.03,104.06,134.06,156.09,52.03,-1.0656421626836525,1.36543281823417,0.5404260849699125
52.04,52.04,104.08,134.07999999999998,156.12,52.04,-1.0654038334702742,1.3656187870803638,0.5407907700863714
52.05,52.05,104.1,134.1,156.14999999999998,52.05,-1.0651654718028398,1.3658047143274303,0.5411556024077615
52.06,52.06,104.12000000000002,134.12,156.18,52.06,-1.0649270776886095,1.3659905999697064,0.5415205818081748
52.07,52.07,104.14,134.14,156.21,52.07,-1.0646886511348452,1.3661764440015292,0.5418857081616282
52.08,52.08,104.16,134.16,156.24,52.08,-1.06445019214881,1.3663622464172378,0.5422509813420634
52.09,52.09,104.18,134.18,156.27,52.09,-1.0642117007377683,1.3665480072111724,0.5426164012233426
52.1,52.1,104.2,134.2,156.3,52.1,-1.063973176908984,1.3667337263776742,0.5429819676792565
52.11,52.11,104.22,134.22,156.32999999999998,52.11,-1.0637346206697236,1.3669194039110861,0.543347680583515
52.12,52.12,104.24,134.24,156.35999999999999,52.12,-1.0634960320272535,1.3671050398057518,0.5437135398097555
52.13,52.13,104.26,134.26,156.39000000000001,52.13,-1.063257410988842,1.3672906340560167,0.5440795452315359
52.14,52.14,104.28,134.28,156.42000000000002,52.14,-1.0630187575617573,1.3674761866562273,0.5444456967223414
52.15,52.15,104.3,134.3,156.45,52.15,-1.0627800717532696,1.3676616976007316,0.5448119941555793
52.16,52.16,104.32,134.32,156.48,52.16,-1.0625413535706503,1.3678471668838774,0.5451784374045806
52.17,52.17,104.34,134.34,156.51,52.17,-1.0623026030211702,1.3680325945000162,0.5455450263426022
52.18,52.18,104.36,134.36,156.54,52.18,-1.0620638201121015,1.3682179804434997,0.5459117608428241
52.19,52.19,104.37999999999998,134.38,156.57,52.19,-1.0618250048507205,1.368403324708679,0.5462786407783472
52.2,52.2,104.4,134.4,156.60000000000002,52.2,-1.0615861572442986,1.3685886272899108,0.5466456660222043
52.21,52.21,104.42,134.42000000000002,156.63,52.21,-1.061347277300114,1.3687738881815485,0.5470128364473444
52.22,52.22,104.44,134.44,156.66,52.22,-1.0611083650254434,1.3689591073779488,0.5473801519266445
52.23,52.23,104.46,134.45999999999998,156.69,52.23,-1.0608694204275626,1.3691442848734705,0.5477476123329067
52.24,52.24,104.48,134.48000000000002,156.72,52.24,-1.0606304435137508,1.3693294206624729,0.5481152175388562
52.25,52.25,104.5,134.5,156.75,52.25,-1.060391434291289,1.3695145147393155,0.5484829674171409
52.26,52.26,104.52,134.51999999999998,156.78,52.26,-1.0601523927674577,1.3696995670983598,0.5488508618403355
52.27,52.27,104.54,134.54000000000002,156.81,52.27,-1.0599133189495362,1.3698845777339703,0.5492189006809405
52.28,52.28,104.56,134.56,156.84,52.28,-1.0596742128448098,1.3700695466405102,0.5495870838113751
52.29,52.29,104.58,134.57999999999998,156.87,52.29,-1.0594350744605612,1.3702544738123443,0.5499554111039883
52.3,52.3,104.6,134.6,156.89999999999998,52.3,-1.059195903804074,1.3704393592438415,0.5503238824310543
52.31,52.31,104.62000000000002,134.62,156.93,52.31,-1.058956700882635,1.370624202929368,0.5506924976647664
52.32,52.32,104.64,134.64,156.96,52.32,-1.05871746570353,1.370809004863294,0.5510612566772475
52.33,52.33,104.66,134.66,156.99,52.33,-1.0584781982740472,1.3709937650399897,0.5514301593405428
52.34,52.34,104.68,134.68,157.02,52.34,-1.0582388986014746,1.3711784834538272,0.5517992055266225
52.35,52.35,104.7,134.7,157.05,52.35,-1.0579995666931017,1.3713631600991798,0.5521683951073828
52.36,52.36,104.72,134.72,157.07999999999998,52.36,-1.0577602025562192,1.3715477949704216,0.5525377279546426
52.37,52.37,104.74,134.74,157.10999999999999,52.37,-1.0575208061981183,1.3717323880619285,0.5529072039401485
52.38,52.38,104.76,134.76,157.14000000000001,52.38,-1.0572813776260916,1.3719169393680775,0.5532768229355681
52.39,52.39,104.78,134.78,157.17000000000002,52.39,-1.0570419168474325,1.3721014488832466,0.5536465848124981
52.4,52.4,104.8,134.8,157.2,52.4,-1.0568024238694356,1.3722859166018158,0.554016489442457
52.41,52.41,104.82,134.82,157.23,52.41,-1.0565628986993956,1.3724703425181655,0.5543865366968892
52.42,52.42,104.84,134.84,157.26,52.42,-1.0563233413446094,1.3726547266266778,0.5547567264471646
52.43,52.43,104.86,134.86,157.29,52.43,-1.0560837518123742,1.372839068921736,0.5551270585645783
52.44,52.44,104.87999999999998,134.88,157.32,52.44,-1.0558441301099883,1.373023369397725,0.5554975329203488
52.45,52.45,104.9,134.9,157.35000000000002,52.45,-1.0556044762447512,1.3732076280490302,0.5558681493856222
52.46,52.46,104.92,134.92000000000002,157.38,52.46,-1.055364790223963,1.3733918448700395,0.5562389078314677
52.47,52.47,104.94,134.94,157.41,52.47,-1.0551250720549248,1.3735760198551406,0.5566098081288802
52.48,52.48,104.96,134.95999999999998,157.44,52.48,-1.054885321744939,1.3737601529987236,0.5569808501487806
52.49,52.49,104.98,134.98000000000002,157.47,52.49,-1.054645539301308,1.3739442442951797,0.5573520337620164
52.5,52.5,105.0,135.0,157.5,52.5,-1.0544057247313383,1.3741282937389,0.5577233588393551
52.51,52.51,105.02,135.01999999999998,157.53,52.51,-1.0541658780423329,1.3743123013242795,0.5580948252514958
52.52,52.52,105.04,135.04000000000002,157.56,52.52,-1.053925999241598,1.3744962670457126,0.5584664328690602
52.53,52.53,105.06,135.06,157.59,52.53,-1.0536860883364423,1.3746801908975943,0.558838181562594
52.54,52.54,105.08,135.07999999999998,157.62,52.54,-1.0534461453341726,1.3748640728743236,0.5592100712025705
52.55,52.55,105.1,135.1,157.64999999999998,52.55,-1.0532061702420983,1.375047912970298,0.5595821016593894
52.56,52.56,105.12000000000002,135.12,157.68,52.56,-1.0529661630675293,1.3752317111799177,0.559954272803373
52.57,52.57,105.14,135.14,157.71,52.57,-1.052726123817777,1.3754154674975843,0.5603265845047707
52.58,52.58,105.16,135.16,157.74,52.58,-1.0524860525001531,1.3755991819176998,0.5606990366337584
52.59,52.59,105.18,135.18,157.77,52.59,-1.05224594912197,1.3757828544346684,0.5610716290604367
52.6,52.6,105.2,135.2,157.8,52.6,-1.052005813690544,1.3759664850428939,0.5614443616548311
52.61,52.61,105.22,135.22,157.82999999999998,52.61,-1.0517656462131875,1.376150073736784,0.5618172342868947
52.62,52.62,105.24,135.24,157.85999999999999,52.62,-1.0515254466972166,1.3763336205107461,0.562190246826506
52.63,52.63,105.26,135.26,157.89000000000001,52.63,-1.0512852151499505,1.376517125359188,0.5625633991434659
52.64,52.64,105.28,135.28,157.92000000000002,52.64,-1.0510449515787041,1.376700588276521,0.5629366911075082
52.65,52.65,105.3,135.3,157.95,52.65,-1.0508046559907982,1.376884009257156,0.563310122588285
52.66,52.66,105.32,135.32,157.98,52.66,-1.0505643283935528,1.377067388295505,0.563683693455379
52.67,52.67,105.34,135.34,158.01,52.67,-1.0503239687942867,1.3772507253859836,0.5640574035782994
52.68,52.68,105.36,135.36,158.04,52.68,-1.0500835772003236,1.3774340205230053,0.5644312528264781
52.69,52.69,105.37999999999998,135.38,158.07,52.69,-1.0498431536189858,1.377617273700988,0.564805241069273
52.7,52.7,105.4,135.4,158.10000000000002,52.7,-1.0496026980575965,1.3778004849143484,0.5651793681759733
52.71,52.71,105.42,135.42000000000002,158.13,52.71,-1.049362210523481,1.3779836541575061,0.5655536340157883
52.72,52.72,105.44,135.44,158.16,52.72,-1.0491216910239645,1.3781667814248812,0.5659280384578573
52.73,52.73,105.46,135.45999999999998,158.19,52.73,-1.0488811395663744,1.3783498667108955,0.5663025813712431
52.74,52.74,105.48,135.48000000000002,158.22,52.74,-1.0486405561580365,1.3785329100099728,0.5666772626249392
52.75,52.75,105.5,135.5,158.25,52.75,-1.0483999408062812,1.3787159113165357,0.5670520820878591
52.76,52.76,105.52,135.51999999999998,158.28,52.76,-1.0481592935184378,1.3788988706250103,0.5674270396288467
52.77,52.77,105.54,135.54000000000002,158.31,52.77,-1.0479186143018364,1.3790817879298236,0.5678021351166734
52.78,52.78,105.56,135.56,158.34,52.78,-1.0476779031638084,1.3792646632254033,0.5681773684200331
52.79,52.79,105.58,135.57999999999998,158.37,52.79,-1.047437160111687,1.3794474965061787,0.5685527394075484
52.8,52.8,105.6,135.6,158.39999999999998,52.8,-1.0471963851528048,1.379630287766581,0.5689282479477691
52.81,52.81,105.62000000000002,135.62,158.43,52.81,-1.0469555782944966,1.379813037001041,0.5693038939091705
52.82,52.82,105.64,135.64,158.46,52.82,-1.0467147395440979,1.3799957442039927,0.5696796771601536
52.83,52.83,105.66,135.66,158.49,52.83,-1.0464738689089448,1.3801784093698701,0.5700555975690482
52.84,52.84,105.68,135.68,158.52,52.84,-1.046232966396375,1.3803610324931088,0.5704316550041089
52.85,52.85,105.7,135.7,158.55,52.85,-1.0459920320137264,1.3805436135681464,0.5708078493335179
52.86,52.86,105.72,135.72,158.57999999999998,52.86,-1.0457510657683384,1.3807261525894203,0.5711841804253842
52.87,52.87,105.74,135.74,158.60999999999999,52.87,-1.0455100676675517,1.380908649551371,0.571560648147742
52.88,52.88,105.76,135.76,158.64000000000001,52.88,-1.045269037718707,1.3810911044484386,0.5719372523685551
52.89,52.89,105.78,135.78,158.67000000000002,52.89,-1.0450279759291468,1.3812735172750654,0.5723139929557115
52.9,52.9,105.8,135.8,158.7,52.9,-1.0447868823062139,1.3814558880256949,0.5726908697770282
52.91,52.91,105.82,135.82,158.73,52.91,-1.0445457568572527,1.3816382166947716,0.5730678827002478
52.92,52.92,105.84,135.84,158.76,52.92,-1.0443045995896083,1.3818205032767417,0.5734450315930394
52.93,52.93,105.86,135.86,158.79,52.93,-1.0440634105106261,1.3820027477660526,0.5738223163230021
52.94,52.94,105.87999999999998,135.88,158.82,52.94,-1.043822189627655,1.3821849501571517,0.5741997367576567
52.95,52.95,105.9,135.9,158.85000000000002,52.95,-1.043580936948041,1.38236711044449,0.5745772927644569
52.96,52.96,105.92,135.92000000000002,158.88,52.96,-1.0433396524791336,1.3825492286225183,0.5749549842107805
52.97,52.97,105.94,135.94,158.91,52.97,-1.043098336228284,1.3827313046856882,0.5753328109639314
52.98,52.98,105.96,135.95999999999998,158.94,52.98,-1.0428569882028413,1.3829133386284544,0.5757107728911443
52.99,52.99,105.98,135.98000000000002,158.97,52.99,-1.0426156084101579,1.383095330445272,0.5760888698595785
53.0,53.0,106.0,136.0,159.0,53.0,-1.042374196857588,1.3832772801305955,0.576467101736319
53.01,53.01,106.02,136.01999999999998,159.03,53.01,-1.0421327535524838,1.383459187678884,0.5768454683883828
53.02,53.02,106.04,136.04000000000002,159.06,53.02,-1.0418912785021999,1.3836410530845966,0.5772239696827114
53.03,53.03,106.06,136.06,159.09,53.03,-1.0416497717140933,1.3838228763421918,0.5776026054861737
53.04,53.04,106.08,136.07999999999998,159.12,53.04,-1.041408233195521,1.384004657446131,0.5779813756655651
53.05,53.05,106.1,136.1,159.14999999999998,53.05,-1.0411666629538394,1.3841863963908783,0.5783602800876125
53.06,53.06,106.12000000000002,136.12,159.18,53.06,-1.040925060996407,1.3843680931708973,0.5787393186189662
53.07,53.07,106.14,136.14,159.21,53.07,-1.040683427330585,1.3845497477806517,0.5791184911262037
53.08,53.08,106.16,136.16,159.24,53.08,-1.040441761963732,1.38473136021461,0.5794977974758359
53.09,53.09,106.18,136.18,159.27,53.09,-1.040200064903211,1.3849129304672387,0.5798772375342939
53.1,53.1,106.2,136.2,159.3,53.1,-1.039958336156385,1.3850944585330067,0.5802568111679411
53.11,53.11,106.22,136.22,159.32999999999998,53.11,-1.0397165757306153,1.3852759444063856,0.5806365182430686
53.12,53.12,106.24,136.24,159.35999999999999,53.12,-1.0394747836332683,1.3854573880818457,0.5810163586258926
53.13,53.13,106.26,136.26,159.39000000000001,53.13,-1.0392329598717083,1.3856387895538604,0.5813963321825597
53.14,53.14,106.28,136.28,159.42000000000002,53.14,-1.0389911044533024,1.385820148816904,0.5817764387791429
53.15,53.15,106.3,136.3,159.45,53.15,-1.0387492173854178,1.386001465865452,0.5821566782816439
53.16,53.16,106.32,136.32,159.48,53.16,-1.0385072986754225,1.386182740693981,0.5825370505559906
53.17,53.17,106.34,136.34,159.51,53.17,-1.0382653483306858,1.3863639732969693,0.582917555468043
53.18,53.18,106.36,136.36,159.54,53.18,-1.038023366358578,1.3865451636688957,0.5832981928835834
53.19,53.19,106.37999999999998,136.38,159.57,53.19,-1.0377813527664705,1.3867263118042414,0.5836789626683268
53.2,53.2,106.4,136.4,159.60000000000002,53.2,-1.0375393075617354,1.3869074176974883,0.5840598646879143
53.21,53.21,106.42,136.42000000000002,159.63,53.21,-1.0372972307517454,1.387088481343119,0.5844408988079159
53.22,53.22,106.44,136.44,159.66,53.22,-1.0370551223438749,1.3872695027356186,0.5848220648938286
53.23,53.23,106.46,136.45999999999998,159.69,53.23,-1.036812982345499,1.3874504818694726,0.5852033628110782
53.24,53.24,106.48,136.48000000000002,159.72,53.24,-1.0365708107639937,1.387631418739168,0.58558479242502
53.25,53.25,106.5,136.5,159.75,53.25,-1.036328607606736,1.3878123133391935,0.5859663536009351
53.26,53.26,106.52,136.51999999999998,159.78,53.26,-1.0360863728811034,1.3879931656640383,0.5863480462040352
53.27,53.27,106.54,136.54000000000002,159.81,53.27,-1.0358441065944748,1.3881739757081941,0.5867298700994606
53.28,53.28,106.56,136.56,159.84,53.28,-1.0356018087542316,1.3883547434661516,0.5871118251522757
53.29,53.29,106.58,136.57999999999998,159.87,53.29,-1.0353594793677525,1.3885354689324059,0.5874939112274798
53.3,53.3,106.6,136.6,159.89999999999998,53.3,-1.0351171184424204,1.3887161521014508,0.5878761281899958
53.31,53.31,106.62000000000002,136.62,159.93,53.31,-1.0348747259856177,1.388896792967783,0.5882584759046784
53.32,53.32,106.64,136.64,159.96,53.32,-1.0346323020047283,1.3890773915258994,0.588640954236307
53.33,53.33,106.66,136.66,159.99,53.33,-1.0343898465071366,1.3892579477702989,0.5890235630495949
53.34,53.34,106.68,136.68,160.02,53.34,-1.0341473595002284,1.389438461695481,0.5894063022091782
53.35,53.35,106.7,136.7,160.05,53.35,-1.0339048409913905,1.3896189332959477,0.5897891715796267
53.36,53.36,106.72,136.72,160.07999999999998,53.36,-1.0336622909880098,1.389799362566201,0.5901721710254358
53.37,53.37,106.74,136.74,160.10999999999999,53.37,-1.0334197094974746,1.3899797495007453,0.5905553004110322
53.38,53.38,106.76,136.76,160.14000000000001,53.38,-1.0331770965271765,1.3901600940940841,0.5909385596007671
53.39,53.39,106.78,136.78,160.17000000000002,53.39,-1.0329344520845034,1.3903403963407257,0.5913219484589269
53.4,53.4,106.8,136.8,160.2,53.4,-1.0326917761768473,1.3905206562351773,0.5917054668497217
53.41,53.41,106.82,136.82,160.23,53.41,-1.032449068811602,1.3907008737719466,0.5920891146372911
53.42,53.42,106.84,136.84,160.26,53.42,-1.0322063299961584,1.3908810489455457,0.592472891685708
53.43,53.43,106.86,136.86,160.29,53.43,-1.0319635597379124,1.391061181750485,0.5928567978589684
53.44,53.44,106.87999999999998,136.88,160.32,53.44,-1.0317207580442596,1.391241272181277,0.5932408330210015
53.45,53.45,106.9,136.9,160.35000000000002,53.45,-1.031477924922594,1.3914213202324375,0.5936249970356652
53.46,53.46,106.92,136.92000000000002,160.38,53.46,-1.0312350603803146,1.3916013258984803,0.5940092897667442
53.47,53.47,106.94,136.94,160.41,53.47,-1.0309921644248194,1.3917812891739225,0.5943937110779546
53.48,53.48,106.96,136.95999999999998,160.44,53.48,-1.0307492370635072,1.391961210053282,0.5947782608329398
53.49,53.49,106.98,136.98000000000002,160.47,53.49,-1.0305062783037766,1.3921410885310794,0.5951629388952772
53.5,53.5,107.0,137.0,160.5,53.5,-1.0302632881530305,1.3923209246018338,0.5955477451284656
53.51,53.51,107.02,137.01999999999998,160.53,53.51,-1.0300202666186704,1.392500718260067,0.5959326793959397
53.52,53.52,107.04,137.04000000000002,160.56,53.52,-1.0297772137080978,1.3926804695003037,0.5963177415610625
53.53,53.53,107.06,137.06,160.59,53.53,-1.0295341294287181,1.3928601783170669,0.5967029314871242
53.54,53.54,107.08,137.07999999999998,160.62,53.54,-1.0292910137879359,1.3930398447048824,0.5970882490373454
53.55,53.55,107.1,137.1,160.64999999999998,53.55,-1.0290478667931553,1.3932194686582786,0.5974736940748779
53.56,53.56,107.12000000000002,137.12,160.68,53.56,-1.0288046884517847,1.3933990501717826,0.5978592664628012
53.57,53.57,107.14,137.14,160.71,53.57,-1.0285614787712316,1.393578589239924,0.5982449660641238
53.58,53.58,107.16,137.16,160.74,53.58,-1.028318237758904,1.3937580858572343,0.5986307927417859
53.59,53.59,107.18,137.18,160.77,53.59,-1.0280749654222114,1.3939375400182457,0.5990167463586578
53.6,53.6,107.2,137.2,160.8,53.6,-1.0278316617685648,1.3941169517174914,0.5994028267775354
53.61,53.61,107.22,137.22,160.82999999999998,53.61,-1.0275883268053754,1.3942963209495063,0.5997890338611496
53.62,53.62,107.24,137.24,160.85999999999999,53.62,-1.0273449605400558,1.3944756477088265,0.6001753674721576
53.63,53.63,107.26,137.26,160.89000000000001,53.63,-1.0271015629800189,1.3946549319899895,0.6005618274731479
53.64,53.64,107.28,137.28,160.92000000000002,53.64,-1.0268581341326792,1.3948341737875338,0.6009484137266384
53.65,53.65,107.3,137.3,160.95,53.65,-1.0266146740054523,1.3950133730959997,0.6013351260950774
53.66,53.66,107.32,137.32,160.98,53.66,-1.026371182605754,1.3951925299099281,0.6017219644408429
53.67,53.67,107.34,137.34,161.01,53.67,-1.0261276599410016,1.3953716442238617,0.6021089286262423
53.68,53.68,107.36,137.36,161.04,53.68,-1.0258841060186135,1.3955507160323448,0.6024960185135149
53.69,53.69,107.37999999999998,137.38,161.07,53.69,-1.0256405208460082,1.3957297453299218,0.6028832339648272
53.7,53.7,107.4,137.4,161.10000000000002,53.7,-1.0253969044306064,1.3959087321111396,0.6032705748422794
53.71,53.71,107.42,137.42000000000002,161.13,53.71,-1.0251532567798285,1.396087676370546,0.603658041007899
53.72,53.72,107.44,137.44,161.16,53.72,-1.0249095779010968,1.39626657810269,0.604045632323644
53.73,53.73,107.46,137.45999999999998,161.19,53.73,-1.024665867801834,1.3964454373021218,0.6044333486514054
53.74,53.74,107.48,137.48000000000002,161.22,53.74,-1.0244221264894635,1.3966242539633935,0.6048211898530022
53.75,53.75,107.5,137.5,161.25,53.75,-1.0241783539714118,1.3968030280810568,0.6052091557901816
53.76,53.76,107.52,137.51999999999998,161.28,53.76,-1.0239345502551027,1.396981759649667,0.6055972463246271
53.77,53.77,107.54,137.54000000000002,161.31,53.77,-1.023690715347963,1.39716044866378,0.6059854613179476
53.78,53.78,107.56,137.56,161.34,53.78,-1.0234468492574222,1.3973390951179512,0.6063738006316834
53.79,53.79,107.58,137.57999999999998,161.37,53.79,-1.0232029519909072,1.39751769900674,0.606762264127308
53.8,53.8,107.6,137.6,161.39999999999998,53.8,-1.022959023555848,1.3976962603247052,0.6071508516662222
53.81,53.81,107.62000000000002,137.62,161.43,53.81,-1.022715063959674,1.3978747790664081,0.6075395631097597
53.82,53.82,107.64,137.64,161.46,53.82,-1.022471073209819,1.3980532552264096,0.6079283983191824
53.83,53.83,107.66,137.66,161.49,53.83,-1.0222270513137137,1.3982316887992738,0.6083173571556862
53.84,53.84,107.68,137.68,161.52,53.84,-1.0219829982787911,1.398410079779566,0.6087064394803952
53.85,53.85,107.7,137.7,161.55,53.85,-1.0217389141124875,1.3985884281618501,0.6090956451543631
53.86,53.86,107.72,137.72,161.57999999999998,53.86,-1.0214947988222354,1.3987667339406955,0.6094849740385803
53.87,53.87,107.74,137.74,161.60999999999999,53.87,-1.0212506524154732,1.3989449971106693,0.6098744259939612
53.88,53.88,107.76,137.76,161.64000000000001,53.88,-1.0210064748996375,1.3991232176663408,0.6102640008813548
53.89,53.89,107.78,137.78,161.67000000000002,53.89,-1.0207622662821652,1.3993013956022833,0.6106536985615403
53.9,53.9,107.8,137.8,161.7,53.9,-1.0205180265704965,1.3994795309130672,0.6110435188952271
53.91,53.91,107.82,137.82,161.73,53.91,-1.0202737557720714,1.399657623593267,0.6114334617430572
53.92,53.92,107.84,137.84,161.76,53.92,-1.0200294538943302,1.3998356736374575,0.6118235269656032
53.93,53.93,107.86,137.86,161.79,53.93,-1.0197851209447153,1.4000136810402148,0.6122137144233671
53.94,53.94,107.87999999999998,137.88,161.82,53.94,-1.0195407569306691,1.4001916457961168,0.6126040239767846
53.95,53.95,107.9,137.9,161.85000000000002,53.95,-1.0192963618596356,1.400369567899742,0.6129944554862209
53.96,53.96,107.92,137.92000000000002,161.88,53.96,-1.019051935739059,1.4005474473456714,0.6133850088119731
53.97,53.97,107.94,137.94,161.91,53.97,-1.0188074785763859,1.4007252841284856,0.6137756838142694
53.98,53.98,107.96,137.95999999999998,161.94,53.98,-1.0185629903790627,1.4009030782427674,0.6141664803532686
53.99,53.99,107.98,137.98000000000002,161.97,53.99,-1.0183184711545354,1.4010808296831019,0.6145573982890636
54.0,54.0,108.0,138.0,162.0,54.0,-1.018073920910254,1.4012585384440734,0.6149484374816749
54.01,54.01,108.02,138.01999999999998,162.03,54.01,-1.0178293396536682,1.401436204520269,0.6153395977910565
54.02,54.02,108.04,138.04000000000002,162.06,54.02,-1.0175847273922272,1.4016138279062766,0.6157308790770945
54.03,54.03,108.06,138.06,162.09,54.03,-1.017340084133383,1.4017914085966858,0.616122281199605
54.04,54.04,108.08,138.07999999999998,162.12,54.04,-1.017095409884588,1.4019689465860867,0.6165138040183367
54.05,54.05,108.1,138.1,162.14999999999998,54.05,-1.0168507046532949,1.4021464418690714,0.6169054473929695
54.06,54.06,108.12000000000002,138.12,162.18,54.06,-1.016605968446958,1.4023238944402332,0.6172972111831153
54.07,54.07,108.14,138.14,162.21,54.07,-1.0163612012730325,1.4025013042941665,0.617689095248317
54.08,54.08,108.16,138.16,162.24,54.08,-1.0161164031389747,1.4026786714254666,0.6180810994480505
54.09,54.09,108.18,138.18,162.27,54.09,-1.015871574052241,1.4028559958287314,0.6184732236417224
54.1,54.1,108.2,138.2,162.3,54.1,-1.0156267140202895,1.403033277498559,0.6188654676886713
54.11,54.11,108.22,138.22,162.32999999999998,54.11,-1.0153818230505793,1.4032105164295487,0.6192578314481687
54.12,54.12,108.24,138.24,162.35999999999999,54.12,-1.0151369011505702,1.4033877126163024,0.6196503147794155
54.13,54.13,108.26,138.26,162.39000000000001,54.13,-1.0148919483277228,1.4035648660534212,0.6200429175415476
54.14,54.14,108.28,138.28,162.42000000000002,54.14,-1.0146469645894989,1.4037419767355095,0.6204356395936301
54.15,54.15,108.3,138.3,162.45,54.15,-1.0144019499433607,1.403919044657172,0.6208284807946642
54.16,54.16,108.32,138.32,162.48,54.16,-1.0141569043967724,1.4040960698130152,0.6212214410035781
54.17,54.17,108.34,138.34,162.51,54.17,-1.0139118279571981,1.404273052197646,0.6216145200792355
54.18,54.18,108.36,138.36,162.54,54.18,-1.0136667206321028,1.404449991805674,0.6220077178804322
54.19,54.19,108.37999999999998,138.38,162.57,54.19,-1.0134215824289547,1.404626888631708,0.6224010342658928
54.2,54.2,108.4,138.4,162.60000000000002,54.2,-1.0131764133552195,1.4048037426703608,0.6227944690942799
54.21,54.21,108.42,138.42000000000002,162.63,54.21,-1.012931213418365,1.4049805539162448,0.6231880222241841
54.22,54.22,108.44,138.44,162.66,54.22,-1.0126859826258627,1.405157322363973,0.6235816935141281
54.23,54.23,108.46,138.45999999999998,162.69,54.23,-1.012440720985181,1.405334048008162,0.62397548282257
54.24,54.24,108.48,138.48000000000002,162.72,54.24,-1.0121954285037902,1.4055107308434283,0.6243693900078995
54.25,54.25,108.5,138.5,162.75,54.25,-1.0119501051891644,1.405687370864389,0.6247634149284362
54.26,54.26,108.52,138.51999999999998,162.78,54.26,-1.0117047510487764,1.4058639680656635,0.6251575574424336
54.27,54.27,108.54,138.54000000000002,162.81,54.27,-1.011459366090098,1.4060405224418735,0.6255518174080819
54.28,54.28,108.56,138.56,162.84,54.28,-1.0112139503206061,1.4062170339876396,0.6259461946834957
54.29,54.29,108.58,138.57999999999998,162.87,54.29,-1.0109685037477765,1.406393502697585,0.6263406891267285
54.3,54.3,108.6,138.6,162.89999999999998,54.3,-1.0107230263790838,1.4065699285663351,0.6267353005957665
54.31,54.31,108.62000000000002,138.62,162.93,54.31,-1.010477518222008,1.4067463115885148,0.6271300289485247
54.32,54.32,108.64,138.64,162.96,54.32,-1.0102319792840275,1.4069226517587512,0.6275248740428528
54.33,54.33,108.66,138.66,162.99,54.33,-1.0099864095726196,1.4070989490716734,0.6279198357365366
54.34,54.34,108.68,138.68,163.02,54.34,-1.0097408090952675,1.4072752035219105,0.628314913887288
54.35,54.35,108.7,138.7,163.05,54.35,-1.0094951778594512,1.407451415104093,0.6287101083527578
54.36,54.36,108.72,138.72,163.07999999999998,54.36,-1.0092495158726533,1.4076275838128545,0.6291054189905273
54.37,54.37,108.74,138.74,163.10999999999999,54.37,-1.0090038231423573,1.4078037096428273,0.6295008456581098
54.38,54.38,108.76,138.76,163.14000000000001,54.38,-1.0087580996760472,1.4079797925886472,0.6298963882129537
54.39,54.39,108.78,138.78,163.17000000000002,54.39,-1.0085123454812082,1.40815583264495,0.6302920465124396
54.4,54.4,108.8,138.8,163.2,54.4,-1.0082665605653263,1.408331829806373,0.630687820413882
54.41,54.41,108.82,138.82,163.23,54.41,-1.008020744935889,1.4085077840675555,0.6310837097745261
54.42,54.42,108.84,138.84,163.26,54.42,-1.0077748986003836,1.4086836954231374,0.6314797144515533
54.43,54.43,108.86,138.86,163.29,54.43,-1.0075290215662993,1.4088595638677601,0.6318758343020769
54.44,54.44,108.87999999999998,138.88,163.32,54.44,-1.0072831138411262,1.4090353893960663,0.6322720691831424
54.45,54.45,108.9,138.9,163.35000000000002,54.45,-1.007037175432355,1.4092111720027003,0.6326684189517313
54.46,54.46,108.92,138.92000000000002,163.38,54.46,-1.006791206347477,1.4093869116823072,0.6330648834647559
54.47,54.47,108.94,138.94,163.41,54.47,-1.0065452065939853,1.4095626084295338,0.6334614625790639
54.48,54.48,108.96,138.95999999999998,163.44,54.48,-1.0062991761793731,1.409738262239028,0.6338581561514348
54.49,54.49,108.98,138.98000000000002,163.47,54.49,-1.0060531151111354,1.409913873105439,0.6342549640385831
54.5,54.5,109.0,139.0,163.5,54.5,-1.005807023396767,1.4100894410234177,0.6346518860971552
54.51,54.51,109.02,139.01999999999998,163.53,54.51,-1.005560901043765,1.4102649659876159,0.6350489221837324
54.52,54.52,109.04,139.04000000000002,163.56,54.52,-1.0053147480596256,1.4104404479926866,0.6354460721548315
54.53,54.53,109.06,139.06,163.59,54.53,-1.0050685644518491,1.410615887033284,0.6358433358668969
54.54,54.54,109.08,139.07999999999998,163.62,54.54,-1.0048223502279328,1.4107912831040648,0.6362407131763121
54.55,54.55,109.1,139.1,163.64999999999998,54.55,-1.0045761053953774,1.4109666361996853,0.6366382039393942
54.56,54.56,109.12000000000002,139.12,163.68,54.56,-1.0043298299616839,1.4111419463148047,0.6370358080123919
54.57,54.57,109.14,139.14,163.71,54.57,-1.0040835239343542,1.4113172134440821,0.6374335252514891
54.58,54.58,109.16,139.16,163.74,54.58,-1.0038371873208916,1.4114924375821787,0.6378313555128027
54.59,54.59,109.18,139.18,163.77,54.59,-1.0035908201287995,1.4116676187237571,0.6382292986523834
54.6,54.6,109.2,139.2,163.8,54.6,-1.003344422365583,1.411842756863481,0.6386273545262174
54.61,54.61,109.22,139.22,163.82999999999998,54.61,-1.0030979940387477,1.412017851996015,0.6390255229902241
54.62,54.62,109.24,139.24,163.85999999999999,54.62,-1.0028515351557994,1.4121929041160264,0.6394238039002574
54.63,54.63,109.26,139.26,163.89000000000001,54.63,-1.0026050457242477,1.4123679132181808,0.6398221971121029
54.64,54.64,109.28,139.28,163.92000000000002,54.64,-1.0023585257515994,1.412542879297149,0.6402207024814842
54.65,54.65,109.3,139.3,163.95,54.65,-1.0021119752453638,1.4127178023476008,0.6406193198640566
54.66,54.66,109.32,139.32,163.98,54.66,-1.001865394213053,1.412892682364207,0.6410180491154097
54.67,54.67,109.34,139.34,164.01,54.67,-1.0016187826621759,1.4130675193416415,0.6414168900910703
54.68,54.68,109.36,139.36,164.04,54.68,-1.0013721406002465,1.4132423132745775,0.6418158426464943
54.69,54.69,109.37999999999998,139.38,164.07,54.69,-1.0011254680347783,1.4134170641576906,0.6422149066370758
54.7,54.7,109.4,139.4,164.10000000000002,54.7,-1.000878764973283,1.413591771985659,0.6426140819181437
54.71,54.71,109.42,139.42000000000002,164.13,54.71,-1.000632031423278,1.413766436753159,0.6430133683449596
54.72,54.72,109.44,139.44,164.16,54.72,-1.000385267392278,1.4139410584548708,0.6434127657727189
54.73,54.73,109.46,139.45999999999998,164.19,54.73,-1.0001384728878009,1.4141156370854744,0.6438122740565534
54.74,54.74,109.48,139.48000000000002,164.22,54.74,-0.9998916479173624,1.4142901726396535,0.6442118930515307
54.75,54.75,109.5,139.5,164.25,54.75,-0.9996447924884834,1.41446466511209,0.6446116226126496
54.76,54.76,109.52,139.51999999999998,164.28,54.76,-0.9993979066086834,1.4146391144974682,0.645011462594844
54.77,54.77,109.54,139.54000000000002,164.31,54.77,-0.9991509902854809,1.414813520790476,0.6454114128529875
54.78,54.78,109.56,139.56,164.34,54.78,-0.9989040435263995,1.4149878839857988,0.6458114732418818
54.79,54.79,109.58,139.57999999999998,164.37,54.79,-0.998657066338961,1.4151622040781262,0.646211643616267
54.8,54.8,109.6,139.6,164.39999999999998,54.8,-0.9984100587306887,1.4153364810621476,0.6466119238308179
54.81,54.81,109.62000000000002,139.62,164.43,54.81,-0.9981630207091067,1.4155107149325543,0.6470123137401441
54.82,54.82,109.64,139.64,164.46,54.82,-0.9979159522817406,1.415684905684039,0.6474128131987884
54.83,54.83,109.66,139.66,164.49,54.83,-0.9976688534561161,1.4158590533112956,0.647813422061232
54.84,54.84,109.68,139.68,164.52,54.84,-0.9974217242397607,1.416033157809019,0.6482141401818884
54.85,54.85,109.7,139.7,164.55,54.85,-0.997174564640202,1.416207219171906,0.6486149674151062
54.86,54.86,109.72,139.72,164.57999999999998,54.86,-0.9969273746649692,1.4163812373946543,0.6490159036151715
54.87,54.87,109.74,139.74,164.60999999999999,54.87,-0.996680154321592,1.4165552124719625,0.6494169486363027
54.88,54.88,109.76,139.76,164.64000000000001,54.88,-0.9964329036176013,1.4167291443985317,0.6498181023326557
54.89,54.89,109.78,139.78,164.67000000000002,54.89,-0.9961856225605286,1.4169030331690635,0.6502193645583204
54.9,54.9,109.8,139.8,164.7,54.9,-0.9959383111579064,1.4170768787782604,0.6506207351673224
54.91,54.91,109.82,139.82,164.73,54.91,-0.9956909694172685,1.4172506812208276,0.6510222140136223
54.92,54.92,109.84,139.84,164.76,54.92,-0.9954435973461493,1.41742444049147,0.6514238009511171
54.93,54.93,109.86,139.86,164.79,54.93,-0.9951961949520842,1.4175981565848952,0.6518254958336378
54.94,54.94,109.87999999999998,139.88,164.82,54.94,-0.9949487622426095,1.4177718294958108,0.652227298514952
54.95,54.95,109.9,139.9,164.85000000000002,54.95,-0.9947012992252624,1.4179454592189273,0.6526292088487622
54.96,54.96,109.92,139.92000000000002,164.88,54.96,-0.9944538059075803,1.4181190457489556,0.6530312266887076
54.97,54.97,109.94,139.94,164.91,54.97,-0.9942062822971043,1.4182925890806066,0.6534333518883609
54.98,54.98,109.96,139.95999999999998,164.94,54.98,-0.9939587284013726,1.4184660892085952,0.6538355843012321
54.99,54.99,109.98,139.98000000000002,164.97,54.99,-0.993711144227926,1.4186395461276362,0.654237923780769
55.0,55.0,110.0,140.0,165.0,55.0,-0.9934635297843082,1.4188129598324448,0.654640370180349
55.01,55.01,110.02,140.01999999999998,165.03,55.01,-0.9932158850780601,1.4189863303177395,0.655042923353291
55.02,55.02,110.04,140.04000000000002,165.06,55.02,-0.9929682101167256,1.4191596575782395,0.6554455831528486
55.03,55.03,110.06,140.06,165.09,55.03,-0.9927205049078509,1.4193329416086633,0.6558483494322082
55.04,55.04,110.08,140.07999999999998,165.12,55.04,-0.9924727694589799,1.4195061824037336,0.6562512220444959
55.05,55.05,110.1,140.1,165.14999999999998,55.05,-0.9922250037776594,1.4196793799581733,0.6566542008427722
55.06,55.06,110.12000000000002,140.12,165.18,55.06,-0.9919772078714363,1.4198525342667065,0.6570572856800351
55.07,55.07,110.14,140.14,165.21,55.07,-0.9917293817478608,1.4200256453240572,0.6574604764092137
55.08,55.08,110.16,140.16,165.24,55.08,-0.9914815254144803,1.4201987131249536,0.6578637728831801
55.09,55.09,110.18,140.18,165.27,55.09,-0.9912336388788449,1.4203717376641243,0.6582671749547387
55.1,55.1,110.2,140.2,165.3,55.1,-0.9909857221485072,1.4205447189362963,0.6586706824766287
55.11,55.11,110.22,140.22,165.32999999999998,55.11,-0.9907377752310171,1.4207176569362028,0.6590742953015313
55.12,55.12,110.24,140.24,165.35999999999999,55.12,-0.9904897981339293,1.4208905516585741,0.6594780132820564
55.13,55.13,110.26,140.26,165.39000000000001,55.13,-0.9902417908647975,1.4210634030981442,0.6598818362707557
55.14,55.14,110.28,140.28,165.42000000000002,55.14,-0.9899937534311747,1.4212362112496482,0.6602857641201165
55.15,55.15,110.3,140.3,165.45,55.15,-0.9897456858406182,1.421408976107821,0.6606897966825606
55.16,55.16,110.32,140.32,165.48,55.16,-0.9894975881006839,1.4215816976674007,0.6610939338104473
55.17,55.17,110.34,140.34,165.51,55.17,-0.9892494602189297,1.4217543759231255,0.661498175356073
55.18,55.18,110.36,140.36,165.54,55.18,-0.9890013022029138,1.4219270108697353,0.6619025211716705
55.19,55.19,110.37999999999998,140.38,165.57,55.19,-0.9887531140601954,1.4220996025019716,0.6623069711094073
55.2,55.2,110.4,140.4,165.60000000000002,55.2,-0.9885048957983348,1.422272150814577,0.6627115250213919
55.21,55.21,110.42,140.42000000000002,165.63,55.21,-0.9882566474248932,1.4224446558022952,0.6631161827596641
55.22,55.22,110.44,140.44,165.66,55.22,-0.9880083689474327,1.4226171174598714,0.6635209441762041
55.23,55.23,110.46,140.45999999999998,165.69,55.23,-0.9877600603735168,1.4227895357820515,0.6639258091229281
55.24,55.24,110.48,140.48000000000002,165.72,55.24,-0.9875117217107079,1.4229619107635851,0.6643307774516892
55.25,55.25,110.5,140.5,165.75,55.25,-0.9872633529665723,1.4231342423992197,0.6647358490142764
55.26,55.26,110.52,140.51999999999998,165.78,55.26,-0.9870149541486752,1.4233065306837063,0.6651410236624165
55.27,55.27,110.54,140.54000000000002,165.81,55.27,-0.9867665252645833,1.4234787756117968,0.6655463012477734
55.28,55.28,110.56,140.56,165.84,55.28,-0.9865180663218641,1.4236509771782444,0.6659516816219473
55.29,55.29,110.58,140.57999999999998,165.87,55.29,-0.9862695773280864,1.423823135377803,0.6663571646364752
55.3,55.3,110.6,140.6,165.89999999999998,55.3,-0.9860210582908192,1.4239952502052289,0.6667627501428345
55.31,55.31,110.62000000000002,140.62,165.93,55.31,-0.9857725092176332,1.424167321655279,0.6671684379924341
55.32,55.32,110.64,140.64,165.96,55.32,-0.9855239301160994,1.4243393497227117,0.6675742280366245
55.33,55.33,110.66,140.66,165.99,55.33,-0.9852753209937898,1.424511334402287,0.6679801201266928
55.34,55.34,110.68,140.68,166.02,55.34,-0.9850266818582778,1.4246832756887653,0.6683861141138616
55.35,55.35,110.7,140.7,166.05,55.35,-0.9847780127171374,1.4248551735769097,0.6687922098492916
55.36,55.36,110.72,140.72,166.07999999999998,55.36,-0.9845293135779432,1.4250270280614834,0.669198407184083
55.37,55.37,110.74,140.74,166.10999999999999,55.37,-0.9842805844482713,1.4251988391372514,0.6696047059692698
55.38,55.38,110.76,140.76,166.14000000000001,55.38,-0.984031825335698,1.4253706067989804,0.6700111060558256
55.39,55.39,110.78,140.78,166.17000000000002,55.39,-0.9837830362478014,1.425542331041438,0.6704176072946618
55.4,55.4,110.8,140.8,166.2,55.4,-0.9835342171921592,1.4257140118593932,0.6708242095366271
55.41,55.41,110.82,140.82,166.23,55.41,-0.9832853681763528,1.4258856492476155,0.6712309126325054
55.42,55.42,110.84,140.84,166.26,55.42,-0.9830364892079606,1.4260572432008773,0.6716377164330228
55.43,55.43,110.86,140.86,166.29,55.43,-0.982787580294564,1.4262287937139524,0.6720446207888398
55.44,55.44,110.87999999999998,140.88,166.32,55.44,-0.9825386414437471,1.4264003007816128,0.672451625550554
55.45,55.45,110.9,140.9,166.35000000000002,55.45,-0.9822896726630904,1.4265717643986362,0.6728587305687052
55.46,55.46,110.92,140.92000000000002,166.38,55.46,-0.9820406739601798,1.4267431845597984,0.6732659356937654
55.47,55.47,110.94,140.94,166.41,55.47,-0.9817916453426003,1.4269145612598777,0.6736732407761479
55.48,55.48,110.96,140.95999999999998,166.44,55.48,-0.9815425868179365,1.4270858944936542,0.6740806456662034
55.49,55.49,110.98,140.98000000000002,166.47,55.49,-0.9812934983937752,1.427257184255909,0.6744881502142217
55.5,55.5,111.0,141.0,166.5,55.5,-0.9810443800777051,1.4274284305414233,0.6748957542704269
55.51,55.51,111.02,141.01999999999998,166.53,55.51,-0.9807952318773151,1.4275996333449807,0.675303457684984
55.52,55.52,111.04,141.04000000000002,166.56,55.52,-0.9805460538001926,1.4277707926613674,0.6757112603079987
55.53,55.53,111.06,141.06,166.59,55.53,-0.9802968458539297,1.4279419084853684,0.6761191619895076
55.54,55.54,111.08,141.07999999999998,166.62,55.54,-0.9800476080461181,1.4281129808117712,0.6765271625794911
55.55,55.55,111.1,141.1,166.64999999999998,55.55,-0.979798340384348,1.4282840096353655,0.6769352619278686
55.56,55.56,111.12000000000002,141.12,166.68,55.56,-0.9795490428762142,1.4284549949509409,0.6773434598844928
55.57,55.57,111.14,141.14,166.71,55.57,-0.9792997155293109,1.428625936753288,0.6777517562991586
55.58,55.58,111.16,141.16,166.74,55.58,-0.9790503583512314,1.4287968350372018,0.6781601510215997
55.59,55.59,111.18,141.18,166.77,55.59,-0.9788009713495731,1.4289676897974748,0.678568643901484
55.6,55.6,111.2,141.2,166.8,55.6,-0.9785515545319323,1.4291385010289026,0.678977234788423
55.61,55.61,111.22,141.22,166.82999999999998,55.61,-0.9783021079059063,1.4293092687262825,0.6793859235319637
55.62,55.62,111.24,141.24,166.85999999999999,55.62,-0.9780526314790943,1.4294799928844122,0.6797947099815922
55.63,55.63,111.26,141.26,166.89000000000001,55.63,-0.9778031252590953,1.4296506734980912,0.6802035939867334
55.64,55.64,111.28,141.28,166.92000000000002,55.64,-0.9775535892535101,1.4298213105621203,0.6806125753967502
55.65,55.65,111.3,141.3,166.95,55.65,-0.9773040234699396,1.4299919040713018,0.6810216540609464
55.66,55.66,111.32,141.32,166.98,55.66,-0.9770544279159862,1.4301624540204392,0.681430829828561
55.67,55.67,111.34,141.34,167.01,55.67,-0.976804802599253,1.4303329604043369,0.6818401025487763
55.68,55.68,111.36,141.36,167.04,55.68,-0.976555147527344,1.4305034232178009,0.6822494720707087
55.69,55.69,111.37999999999998,141.38,167.07,55.69,-0.976305462707864,1.430673842455639,0.6826589382434171
55.7,55.7,111.4,141.4,167.10000000000002,55.7,-0.9760557481484192,1.43084421811266,0.683068500915897
55.71,55.71,111.42,141.42000000000002,167.13,55.71,-0.975806003856616,1.4310145501836735,0.6834781599370843
55.72,55.72,111.44,141.44,167.16,55.72,-0.9755562298400623,1.431184838663491,0.6838879151558535
55.73,55.73,111.46,141.45999999999998,167.19,55.73,-0.9753064261063663,1.4313550835469258,0.6842977664210179
55.74,55.74,111.48,141.48000000000002,167.22,55.74,-0.9750565926631372,1.4315252848287916,0.6847077135813318
55.75,55.75,111.5,141.5,167.25,55.75,-0.9748067295179872,1.4316954425039026,0.6851177564854825
55.76,55.76,111.52,141.51999999999998,167.28,55.76,-0.9745568366785254,1.4318655565670773,0.6855278949821059
55.77,55.77,111.54,141.54000000000002,167.31,55.77,-0.9743069141523641,1.4320356270131331,0.6859381289197718
55.78,55.78,111.56,141.56,167.34,55.78,-0.9740569619471183,1.4322056538368886,0.6863484581469865
55.79,55.79,111.58,141.57999999999998,167.37,55.79,-0.9738069800704002,1.4323756370331655,0.6867588825122017
55.8,55.8,111.6,141.6,167.39999999999998,55.8,-0.9735569685298253,1.4325455765967854,0.6871694018638049
55.81,55.81,111.62000000000002,141.62,167.43,55.81,-0.973306927333009,1.4327154725225717,0.6875800160501246
55.82,55.82,111.64,141.64,167.46,55.82,-0.9730568564875686,1.432885324805349,0.6879907249194268
55.83,55.83,111.66,141.66,167.49,55.83,-0.9728067560011213,1.4330551334399437,0.6884015283199195
55.84,55.84,111.68,141.68,167.52,55.84,-0.972556625881285,1.4332248984211828,0.6888124260997488
55.85,55.85,111.7,141.7,167.55,55.85,-0.9723064661356812,1.4333946197438943,0.6892234181069995
55.86,55.86,111.72,141.72,167.57999999999998,55.86,-0.9720562767719277,1.433564297402909,0.6896345041896998
55.87,55.87,111.74,141.74,167.60999999999999,55.87,-0.9718060577976466,1.4337339313930588,0.6900456841958134
55.88,55.88,111.76,141.76,167.64000000000001,55.88,-0.9715558092204613,1.433903521709175,0.6904569579732448
55.89,55.89,111.78,141.78,167.67000000000002,55.89,-0.9713055310479923,1.4340730683460925,0.6908683253698417
55.9,55.9,111.8,141.8,167.7,55.9,-0.9710552232878658,1.4342425712986462,0.6912797862333864
55.91,55.91,111.82,141.82,167.73,55.91,-0.9708048859477063,1.4344120305616725,0.6916913404116038
55.92,55.92,111.84,141.84,167.76,55.92,-0.9705545190351377,1.4345814461300106,0.6921029877521612
55.93,55.93,111.86,141.86,167.79,55.93,-0.9703041225577882,1.4347508179984985,0.692514728102661
55.94,55.94,111.87999999999998,141.88,167.82,55.94,-0.9700536965232852,1.4349201461619772,0.6929265613106486
55.95,55.95,111.9,141.9,167.85000000000002,55.95,-0.9698032409392567,1.4350894306152886,0.6933384872236087
55.96,55.96,111.92,141.92000000000002,167.88,55.96,-0.9695527558133322,1.4352586713532767,0.6937505056889669
55.97,55.97,111.94,141.94,167.91,55.97,-0.9693022411531421,1.435427868370785,0.6941626165540874
55.98,55.98,111.96,141.95999999999998,167.94,55.98,-0.9690516969663178,1.43559702166266,0.6945748196662764
55.99,55.99,111.98,141.98000000000002,167.97,55.99,-0.9688011232604893,1.4357661312237497,0.6949871148727804
56.0,56.0,112.0,142.0,168.0,56.0,-0.968550520043292,1.4359351970489016,0.6953995020207839
56.01,56.01,112.02,142.01999999999998,168.03,56.01,-0.9682998873223593,1.436104219132966,0.6958119809574138
56.02,56.02,112.04,142.04000000000002,168.06,56.02,-0.968049225105324,1.436273197470795,0.6962245515297388
56.03,56.03,112.06,142.06,168.09,56.03,-0.9677985333998238,1.4364421320572403,0.6966372135847628
56.04,56.04,112.08,142.07999999999998,168.12,56.04,-0.9675478122134945,1.4366110228871558,0.697049966969436
56.05,56.05,112.1,142.1,168.14999999999998,56.05,-0.9672970615539732,1.4367798699553973,0.6974628115306467
56.06,56.06,112.12000000000002,142.12,168.18,56.06,-0.9670462814288987,1.436948673256821,0.6978757471152236
56.07,56.07,112.14,142.14,168.21,56.07,-0.9667954718459101,1.4371174327862855,0.6982887735699356
56.08,56.08,112.16,142.16,168.24,56.08,-0.9665446328126471,1.4372861485386494,0.6987018907414939
56.09,56.09,112.18,142.18,168.27,56.09,-0.966293764336751,1.4374548205087738,0.6991150984765504
56.1,56.1,112.2,142.2,168.3,56.1,-0.9660428664258637,1.4376234486915205,0.6995283966216952
56.11,56.11,112.22,142.22,168.32999999999998,56.11,-0.965791939087628,1.4377920330817524,0.6999417850234625
56.12,56.12,112.24,142.24,168.35999999999999,56.12,-0.9655409823296873,1.4379605736743348,0.7003552635283247
56.13,56.13,112.26,142.26,168.39000000000001,56.13,-0.9652899961596866,1.4381290704641334,0.7007688319826972
56.14,56.14,112.28,142.28,168.42000000000002,56.14,-0.9650389805852712,1.4382975234460151,0.7011824902329363
56.15,56.15,112.3,142.3,168.45,56.15,-0.9647879356140874,1.438465932614849,0.7015962381253369
56.16,56.16,112.32,142.32,168.48,56.16,-0.9645368612537825,1.4386342979655051,0.7020100755061374
56.17,56.17,112.34,142.34,168.51,56.17,-0.9642857575120046,1.4388026194928543,0.7024240022215178
56.18,56.18,112.36,142.36,168.54,56.18,-0.9640346243964029,1.4389708971917696,0.7028380181175969
56.19,56.19,112.37999999999998,142.38,168.57,56.19,-0.9637834619146273,1.4391391310571247,0.7032521230404348
56.2,56.2,112.4,142.4,168.60000000000002,56.2,-0.9635322700743285,1.439307321083795,0.7036663168360362
56.21,56.21,112.42,142.42000000000002,168.63,56.21,-0.9632810488831579,1.4394754672666576,0.7040805993503447
56.22,56.22,112.44,142.44,168.66,56.22,-0.9630297983487699,1.4396435696005894,0.7044949704292426
56.23,56.23,112.46,142.45999999999998,168.69,56.23,-0.962778518478816,1.4398116280804707,0.7049094299185599
56.24,56.24,112.48,142.48000000000002,168.72,56.24,-0.9625272092809509,1.4399796427011822,0.7053239776640636
56.25,56.25,112.5,142.5,168.75,56.25,-0.9622758707628314,1.4401476134576046,0.7057386135114613
56.26,56.26,112.52,142.51999999999998,168.78,56.26,-0.9620245029321124,1.4403155403446226,0.7061533373064063
56.27,56.27,112.54,142.54000000000002,168.81,56.27,-0.9617731057964504,1.4404834233571207,0.7065681488944914
56.28,56.28,112.56,142.56,168.84,56.28,-0.9615216793635047,1.440651262489984,0.7069830481212495
56.29,56.29,112.58,142.57999999999998,168.87,56.29,-0.9612702236409347,1.4408190577381002,0.707398034832156
56.3,56.3,112.6,142.6,168.89999999999998,56.3,-0.9610187386363988,1.4409868090963585,0.7078131088726305
56.31,56.31,112.62000000000002,142.62,168.93,56.31,-0.9607672243575571,1.4411545165596489,0.7082282700880328
56.32,56.32,112.64,142.64,168.96,56.32,-0.9605156808120736,1.4413221801228615,0.7086435183236618
56.33,56.33,112.66,142.66,168.99,56.33,-0.9602641080076081,1.4414897997808906,0.7090588534247635
56.34,56.34,112.68,142.68,169.02,56.34,-0.9600125059518259,1.4416573755286293,0.7094742752365212
56.35,56.35,112.7,142.7,169.05,56.35,-0.9597608746523911,1.4418249073609726,0.7098897836040613
56.36,56.36,112.72,142.72,169.07999999999998,56.36,-0.9595092141169668,1.4419923952728184,0.7103053783724568
56.37,56.37,112.74,142.74,169.10999999999999,56.37,-0.9592575243532213,1.4421598392590638,0.7107210593867141
56.38,56.38,112.76,142.76,169.14000000000001,56.38,-0.9590058053688206,1.4423272393146083,0.7111368264917898
56.39,56.39,112.78,142.78,169.17000000000002,56.39,-0.9587540571714327,1.4424945954343527,0.7115526795325787
56.4,56.4,112.8,142.8,169.2,56.4,-0.958502279768726,1.442661907613199,0.7119686183539177
56.41,56.41,112.82,142.82,169.23,56.41,-0.9582504731683703,1.4428291758460507,0.7123846428005876
56.42,56.42,112.84,142.84,169.26,56.42,-0.9579986373780359,1.4429964001278124,0.7128007527173107
56.43,56.43,112.86,142.86,169.29,56.43,-0.9577467724053944,1.4431635804533902,0.7132169479487509
56.44,56.44,112.87999999999998,142.88,169.32,56.44,-0.957494878258118,1.4433307168176917,0.7136332283395164
56.45,56.45,112.9,142.9,169.35000000000002,56.45,-0.9572429549438795,1.4434978092156252,0.7140495937341558
56.46,56.46,112.92,142.92000000000002,169.38,56.46,-0.9569910024703534,1.443664857642101,0.7144660439771615
56.47,56.47,112.94,142.94,169.41,56.47,-0.9567390208452141,1.4438318620920305,0.7148825789129679
56.48,56.48,112.96,142.95999999999998,169.44,56.48,-0.956487010076138,1.4439988225603266,0.7152991983859519
56.49,56.49,112.98,142.98000000000002,169.47,56.49,-0.9562349701708013,1.444165739041903,0.7157159022404346
56.5,56.5,113.0,143.0,169.5,56.5,-0.9559829011368818,1.4443326115316757,0.7161326903206774
56.51,56.51,113.02,143.01999999999998,169.53,56.51,-0.9557308029820579,1.444499440024561,0.716549562470885
56.52,56.52,113.04,143.04000000000002,169.56,56.52,-0.9554786757140088,1.444666224515477,0.7169665185352069
56.53,56.53,113.06,143.06,169.59,56.53,-0.9552265193404152,1.4448329649993439,0.7173835583577324
56.54,56.54,113.08,143.07999999999998,169.62,56.54,-0.9549743338689577,1.4449996614710814,0.7178006817824958
56.55,56.55,113.1,143.1,169.64999999999998,56.55,-0.9547221193073185,1.4451663139256123,0.7182178886534745
56.56,56.56,113.12000000000002,143.12,169.68,56.56,-0.9544698756631806,1.4453329223578602,0.7186351788145873
56.57,56.57,113.14,143.14,169.71,56.57,-0.9542176029442275,1.4454994867627493,0.7190525521096972
56.58,56.58,113.16,143.16,169.74,56.58,-0.9539653011581443,1.4456660071352063,0.7194700083826101
56.59,56.59,113.18,143.18,169.77,56.59,-0.9537129703126163,1.4458324834701586,0.7198875474770743
56.6,56.6,113.2,143.2,169.8,56.6,-0.9534606104153298,1.4459989157625348,0.7203051692367822
56.61,56.61,113.22,143.22,169.82999999999998,56.61,-0.9532082214739724,1.4461653040072653,0.720722873505369
56.62,56.62,113.24,143.24,169.85999999999999,56.62,-0.9529558034962321,1.4463316481992816,0.721140660126413
56.63,56.63,113.26,143.26,169.89000000000001,56.63,-0.9527033564897982,1.4464979483335165,0.7215585289434361
56.64,56.64,113.28,143.28,169.92000000000002,56.64,-0.9524508804623603,1.446664204404904,0.7219764797999042
56.65,56.65,113.3,143.3,169.95,56.65,-0.952198375421609,1.4468304164083805,0.7223945125392249
56.66,56.66,113.32,143.32,169.98,56.66,-0.951945841375238,1.4469965843388817,0.7228126270047494
56.67,56.67,113.34,143.34,170.01,56.67,-0.9516932783309375,1.4471627081913463,0.7232308230397763
56.68,56.68,113.36,143.36,170.04,56.68,-0.9514406862964015,1.4473287879607148,0.7236491004875419
56.69,56.69,113.37999999999998,143.38,170.07,56.69,-0.9511880652793262,1.4474948236419263,0.7240674591912292
56.7,56.7,113.4,143.4,170.10000000000002,56.7,-0.9509354152874044,1.447660815229925,0.7244858989939662
56.71,56.71,113.42,143.42000000000002,170.13,56.71,-0.950682736328334,1.4478267627196533,0.7249044197388218
56.72,56.72,113.44,143.44,170.16,56.72,-0.9504300284098119,1.4479926661060558,0.7253230212688088
56.73,56.73,113.46,143.45999999999998,170.19,56.73,-0.9501772915395351,1.44815852538408,0.7257417034268859
56.74,56.74,113.48,143.48000000000002,170.22,56.74,-0.949924525725202,1.4483243405486732,0.7261604660559565
56.75,56.75,113.5,143.5,170.25,56.75,-0.9496717309745142,1.4484901115947841,0.7265793089988621
56.76,56.76,113.52,143.51999999999998,170.28,56.76,-0.9494189072951715,1.4486558385173622,0.7269982320983934
56.77,56.77,113.54,143.54000000000002,170.31,56.77,-0.9491660546948741,1.4488215213113613,0.7274172351972852
56.78,56.78,113.56,143.56,170.34,56.78,-0.948913173181326,1.4489871599717323,0.7278363181382127
56.79,56.79,113.58,143.57999999999998,170.37,56.79,-0.9486602627622301,1.4491527544934304,0.728255480763798
56.8,56.8,113.6,143.6,170.39999999999998,56.8,-0.9484073234452891,1.4493183048714118,0.7286747229166075
56.81,56.81,113.62000000000002,143.62,170.43,56.81,-0.9481543552382095,1.449483811100633,0.7290940444391503
56.82,56.82,113.64,143.64,170.46,56.82,-0.9479013581486965,1.4496492731760522,0.7295134451738794
56.83,56.83,113.66,143.66,170.49,56.83,-0.9476483321844571,1.4498146910926293,0.7299329249631932
56.84,56.84,113.68,143.68,170.52,56.84,-0.947395277353199,1.4499800648453256,0.7303524836494356
56.85,56.85,113.7,143.7,170.55,56.85,-0.9471421936626302,1.4501453944291034,0.7307721210748916
56.86,56.86,113.72,143.72,170.57999999999998,56.86,-0.9468890811204604,1.4503106798389267,0.7311918370817938
56.87,56.87,113.74,143.74,170.60999999999999,56.87,-0.9466359397344,1.4504759210697602,0.7316116315123178
56.88,56.88,113.76,143.76,170.64000000000001,56.88,-0.9463827695121597,1.4506411181165706,0.7320315042085833
56.89,56.89,113.78,143.78,170.67000000000002,56.89,-0.9461295704614519,1.4508062709743257,0.7324514550126553
56.9,56.9,113.8,143.8,170.7,56.9,-0.9458763425899892,1.4509713796379944,0.7328714837665437
56.91,56.91,113.82,143.82,170.73,56.91,-0.9456230859054855,1.4511364441025476,0.7332915903122019
56.92,56.92,113.84,143.84,170.76,56.92,-0.9453698004156557,1.4513014643629571,0.7337117744915298
56.93,56.93,113.86,143.86,170.79,56.93,-0.9451164861282145,1.4514664404141957,0.73413203614637
56.94,56.94,113.87999999999998,143.88,170.82,56.94,-0.9448631430508792,1.4516313722512384,0.7345523751185119
56.95,56.95,113.9,143.9,170.85000000000002,56.95,-0.9446097711913667,1.4517962598690608,0.7349727912496872
56.96,56.96,113.92,143.92000000000002,170.88,56.96,-0.9443563705573952,1.4519611032626403,0.7353932843815753
56.97,56.97,113.94,143.94,170.91,56.97,-0.9441029411566835,1.4521259024269555,0.7358138543557993
56.98,56.98,113.96,143.95999999999998,170.94,56.98,-0.9438494829969517,1.452290657356986,0.7362345010139266
56.99,56.99,113.98,143.98000000000002,170.97,56.99,-0.9435959960859198,1.452455368047714,0.7366552241974724
57.0,57.0,114.0,144.0,171.0,57.0,-0.9433424804313116,1.4526200344941207,0.7370760237478914
57.01,57.01,114.02,144.01999999999998,171.03,57.01,-0.9430889360408476,1.452784656691191,0.7374968995065904
57.02,57.02,114.04,144.04000000000002,171.06,57.02,-0.9428353629222513,1.4529492346339106,0.7379178513149168
57.03,57.03,114.06,144.06,171.09,57.03,-0.9425817610832489,1.4531137683172646,0.7383388790141631
57.04,57.04,114.08,144.07999999999998,171.12,57.04,-0.9423281305315633,1.4532782577362426,0.7387599824455715
57.05,57.05,114.1,144.1,171.14999999999998,57.05,-0.9420744712749214,1.4534427028858332,0.7391811614503241
57.06,57.06,114.12000000000002,144.12,171.18,57.06,-0.9418207833210503,1.4536071037610276,0.7396024158695512
57.07,57.07,114.14,144.14,171.21,57.07,-0.9415670666776774,1.4537714603568175,0.7400237455443287
57.08,57.08,114.16,144.16,171.24,57.08,-0.9413133213525317,1.4539357726681963,0.7404451503156776
57.09,57.09,114.18,144.18,171.27,57.09,-0.9410595473533416,1.4541000406901594,0.7408666300245649
57.1,57.1,114.2,144.2,171.3,57.1,-0.94080574468784,1.4542642644177015,0.7412881845118998
57.11,57.11,114.22,144.22,171.32999999999998,57.11,-0.940551913363756,1.4544284438458213,0.741709813618543
57.12,57.12,114.24,144.24,171.35999999999999,57.12,-0.9402980533888216,1.4545925789695175,0.7421315171852972
57.13,57.13,114.26,144.26,171.39000000000001,57.13,-0.9400441647707718,1.4547566697837895,0.7425532950529093
57.14,57.14,114.28,144.28,171.42000000000002,57.14,-0.9397902475173382,1.45492071628364,0.7429751470620771
57.15,57.15,114.3,144.3,171.45,57.15,-0.9395363016362572,1.4550847184640705,0.7433970730534395
57.16,57.16,114.32,144.32,171.48,57.16,-0.9392823271352645,1.4552486763200856,0.7438190728675832
57.17,57.17,114.34,144.34,171.51,57.17,-0.9390283240220948,1.455412589846692,0.744241146345041
57.18,57.18,114.36,144.36,171.54,57.18,-0.9387742923044873,1.4555764590388953,0.7446632933262914
57.19,57.19,114.37999999999998,144.38,171.57,57.19,-0.9385202319901793,1.4557402838917042,0.7450855136517592
57.2,57.2,114.4,144.4,171.60000000000002,57.2,-0.9382661430869105,1.4559040644001282,0.7455078071618142
57.21,57.21,114.42,144.42000000000002,171.63,57.21,-0.9380120256024206,1.4560678005591785,0.7459301736967735
57.22,57.22,114.44,144.44,171.66,57.22,-0.9377578795444504,1.456231492363867,0.7463526130968997
57.23,57.23,114.46,144.45999999999998,171.69,57.23,-0.9375037049207423,1.4563951398092077,0.746775125202402
57.24,57.24,114.48,144.48000000000002,171.72,57.24,-0.9372495017390372,1.456558742890216,0.7471977098534377
57.25,57.25,114.5,144.5,171.75,57.25,-0.9369952700070802,1.4567223016019075,0.7476203668901057
57.26,57.26,114.52,144.51999999999998,171.78,57.26,-0.9367410097326152,1.4568858159393,0.7480430961524548
57.27,57.27,114.54,144.54000000000002,171.81,57.27,-0.9364867209233871,1.4570492858974131,0.748465897480481
57.28,57.28,114.56,144.56,171.84,57.28,-0.9362324035871424,1.4572127114712667,0.7488887707141239
57.29,57.29,114.58,144.57999999999998,171.87,57.29,-0.9359780577316279,1.457376092655883,0.7493117156932715
57.3,57.3,114.6,144.6,171.89999999999998,57.3,-0.9357236833645914,1.457539429446285,0.7497347322577568
57.31,57.31,114.62000000000002,144.62,171.93,57.31,-0.9354692804937815,1.4577027218374967,0.7501578202473628
57.32,57.32,114.64,144.64,171.96,57.32,-0.9352148491269476,1.4578659698245446,0.7505809795018145
57.33,57.33,114.66,144.66,171.99,57.33,-0.9349603892718407,1.4580291734024555,0.7510042098607876
57.34,57.34,114.68,144.68,172.02,57.34,-0.9347059009362116,1.458192332566258,0.7514275111639023
57.35,57.35,114.7,144.7,172.05,57.35,-0.9344513841278126,1.458355447310982,0.751850883250726
57.36,57.36,114.72,144.72,172.07999999999998,57.36,-0.9341968388543967,1.458518517631659,0.7522743259607747
57.37,57.37,114.74,144.74,172.10999999999999,57.37,-0.9339422651237178,1.4586815435233211,0.7526978391335082
57.38,57.38,114.76,144.76,172.14000000000001,57.38,-0.9336876629435307,1.4588445249810027,0.7531214226083356
57.39,57.39,114.78,144.78,172.17000000000002,57.39,-0.9334330323215909,1.4590074619997389,0.753545076224612
57.4,57.4,114.8,144.8,172.2,57.4,-0.933178373265655,1.459170354574566,0.753968799821641
57.41,57.41,114.82,144.82,172.23,57.41,-0.9329236857834806,1.4593332027005228,0.7543925932386708
57.42,57.42,114.84,144.84,172.26,57.42,-0.9326689698828253,1.459496006372648,0.7548164563148991
57.43,57.43,114.86,144.86,172.29,57.43,-0.9324142255714482,1.4596587655859832,0.7552403888894706
57.44,57.44,114.87999999999998,144.88,172.32,57.44,-0.9321594528571109,1.459821480335569,0.7556643908014737
57.45,57.45,114.9,144.9,172.35000000000002,57.45,-0.9319046517475721,1.4599841506164495,0.7560884618899505
57.46,57.46,114.92,144.92000000000002,172.38,57.46,-0.9316498222505939,1.4601467764236706,0.7565126019938859
57.47,57.47,114.94,144.94,172.41,57.47,-0.9313949643739402,1.4603093577522765,0.7569368109522112
57.48,57.48,114.96,144.95999999999998,172.44,57.48,-0.9311400781253732,1.4604718945973159,0.757361088603809
57.49,57.49,114.98,144.98000000000002,172.47,57.49,-0.9308851635126567,1.460634386953838,0.757785434787509
57.5,57.5,115.0,145.0,172.5,57.5,-0.9306302205435579,1.4607968348168914,0.7582098493420838
57.51,57.51,115.02,145.01999999999998,172.53,57.51,-0.9303752492258408,1.460959238181529,0.7586343321062597
57.52,57.52,115.04,145.04000000000002,172.56,57.52,-0.9301202495672725,1.4611215970428042,0.7590588829187073
57.53,57.53,115.06,145.06,172.59,57.53,-0.9298652215756217,1.4612839113957696,0.7594835016180445
57.54,57.54,115.08,145.07999999999998,172.62,57.54,-0.9296101652586571,1.4614461812354813,0.7599081880428376
57.55,57.55,115.1,145.1,172.64999999999998,57.55,-0.9293550806241472,1.4616084065569972,0.760332942031603
57.56,57.56,115.12000000000002,145.12,172.68,57.56,-0.929099967679862,1.4617705873553755,0.7607577634228023
57.57,57.57,115.14,145.14,172.71,57.57,-0.9288448264335746,1.4619327236256743,0.7611826520548438
57.58,57.58,115.16,145.16,172.74,57.58,-0.9285896568930545,1.462094815362957,0.761607607766089
57.59,57.59,115.18,145.18,172.77,57.59,-0.9283344590660766,1.462256862562284,0.7620326303948424
57.6,57.6,115.2,145.2,172.8,57.6,-0.9280792329604147,1.4624188652187198,0.7624577197793565
57.61,57.61,115.22,145.22,172.82999999999998,57.61,-0.9278239785838415,1.46258082332733,0.7628828757578371
57.62,57.62,115.24,145.24,172.85999999999999,57.62,-0.9275686959441343,1.4627427368831807,0.7633080981684326
57.63,57.63,115.26,145.26,172.89000000000001,57.63,-0.9273133850490689,1.4629046058813395,0.7637333868492416
57.64,57.64,115.28,145.28,172.92000000000002,57.64,-0.9270580459064224,1.4630664303168757,0.7641587416383122
57.65,57.65,115.3,145.3,172.95,57.65,-0.9268026785239731,1.46322821018486,0.7645841623736387
57.66,57.66,115.32,145.32,172.98,57.66,-0.9265472829094997,1.463389945480364,0.7650096488931651
57.67,57.67,115.34,145.34,173.01,57.67,-0.9262918590707822,1.4635516361984613,0.7654352010347842
57.68,57.68,115.36,145.36,173.04,57.68,-0.9260364070156012,1.4637132823342265,0.765860818636335
57.69,57.69,115.37999999999998,145.38,173.07,57.69,-0.9257809267517382,1.4638748838827356,0.7662865015356074
57.7,57.7,115.4,145.4,173.10000000000002,57.7,-0.9255254182869755,1.4640364408390656,0.7667122495703396
57.71,57.71,115.42,145.42000000000002,173.13,57.71,-0.9252698816290964,1.4641979531982954,0.7671380625782169
57.72,57.72,115.44,145.44,173.16,57.72,-0.925014316785885,1.464359420955505,0.7675639403968746
57.73,57.73,115.46,145.45999999999998,173.19,57.73,-0.924758723765126,1.4645208441057762,0.7679898828638956
57.74,57.74,115.48,145.48000000000002,173.22,57.74,-0.9245031025746057,1.4646822226441911,0.7684158898168131
57.75,57.75,115.5,145.5,173.25,57.75,-0.9242474532221103,1.4648435565658342,0.7688419610931081
57.76,57.76,115.52,145.51999999999998,173.28,57.76,-0.9239917757154278,1.465004845865791,0.7692680965302098
57.77,57.77,115.54,145.54000000000002,173.31,57.77,-0.9237360700623454,1.4651660905391488,0.7696942959654991
57.78,57.78,115.56,145.56,173.34,57.78,-0.9234803362706546,1.4653272905809944,0.7701205592363
57.79,57.79,115.58,145.57999999999998,173.37,57.79,-0.9232245743481436,1.4654884459864188,0.7705468861798922
57.8,57.8,115.6,145.6,173.39999999999998,57.8,-0.922968784302604,1.4656495567505123,0.7709732766335021
57.81,57.81,115.62000000000002,145.62,173.43,57.81,-0.9227129661418272,1.4658106228683672,0.7713997304343041
57.82,57.82,115.64,145.64,173.46,57.82,-0.9224571198736063,1.4659716443350772,0.7718262474194217
57.83,57.83,115.66,145.66,173.49,57.83,-0.9222012455057348,1.4661326211457377,0.7722528274259283
57.84,57.84,115.68,145.68,173.52,57.84,-0.921945343046007,1.4662935532954444,0.7726794702908476
57.85,57.85,115.7,145.7,173.55,57.85,-0.9216894125022179,1.4664544407792954,0.77310617585115
57.86,57.86,115.72,145.72,173.57999999999998,57.86,-0.921433453882164,1.4666152835923898,0.7735329439437582
57.87,57.87,115.74,145.74,173.60999999999999,57.87,-0.9211774671936412,1.466776081729828,0.773959774405544
57.88,57.88,115.76,145.76,173.64000000000001,57.88,-0.9209214524444497,1.4669368351867114,0.7743866670733242
57.89,57.89,115.78,145.78,173.67000000000002,57.89,-0.9206654096423857,1.4670975439581437,0.7748136217838714
57.9,57.9,115.8,145.8,173.7,57.9,-0.9204093387952493,1.4672582080392298,0.7752406383739041
57.91,57.91,115.82,145.82,173.73,57.91,-0.9201532399108422,1.4674188274250743,0.77566771668009
57.92,57.92,115.84,145.84,173.76,57.92,-0.9198971129969634,1.467579402110786,0.77609485653905
57.93,57.93,115.86,145.86,173.79,57.93,-0.9196409580614168,1.4677399320914721,0.7765220577873503
57.94,57.94,115.87999999999998,145.88,173.82,57.94,-0.9193847751120052,1.467900417362243,0.7769493202615094
57.95,57.95,115.9,145.9,173.85000000000002,57.95,-0.9191285641565308,1.468060857918211,0.7773766437979966
57.96,57.96,115.92,145.92000000000002,173.88,57.96,-0.9188723252027998,1.4682212537544876,0.7778040282332281
57.97,57.97,115.94,145.94,173.91,57.97,-0.9186160582586174,1.4683816048661875,0.7782314734035716
57.98,57.98,115.96,145.95999999999998,173.94,57.98,-0.9183597633317901,1.4685419112484253,0.778658979145344
57.99,57.99,115.98,145.98000000000002,173.97,57.99,-0.9181034404301236,1.4687021728963194,0.7790865452948167
58.0,58.0,116.0,146.0,174.0,58.0,-0.9178470895614276,1.4688623898049866,0.7795141716882025
58.01,58.01,116.02,146.01999999999998,174.03,58.01,-0.9175907107335112,1.4690225619695463,0.7799418581616709
58.02,58.02,116.04,146.04000000000002,174.06,58.02,-0.9173343039541819,1.4691826893851208,0.7803696045513431
58.03,58.03,116.06,146.06,174.09,58.03,-0.9170778692312526,1.4693427720468308,0.7807974106932822
58.04,58.04,116.08,146.07999999999998,174.12,58.04,-0.9168214065725346,1.4695028099498002,0.781225276423509
58.05,58.05,116.1,146.1,174.14999999999998,58.05,-0.9165649159858382,1.469662803089155,0.7816532015779935
58.06,58.06,116.12000000000002,146.12,174.18,58.06,-0.9163083974789787,1.4698227514600206,0.7820811859926525
58.07,58.07,116.14,146.14,174.21,58.07,-0.9160518510597692,1.4699826550575248,0.7825092295033572
58.08,58.08,116.16,146.16,174.24,58.08,-0.9157952767360245,1.470142513876797,0.7829373319459272
58.09,58.09,116.18,146.18,174.27,58.09,-0.9155386745155607,1.470302327912967,0.783365493156133
58.1,58.1,116.2,146.2,174.3,58.1,-0.9152820444061938,1.4704620971611673,0.7837937129696957
58.11,58.11,116.22,146.22,174.32999999999998,58.11,-0.9150253864157417,1.4706218216165303,0.7842219912222873
58.12,58.12,116.24,146.24,174.35999999999999,58.12,-0.9147687005520224,1.4707815012741912,0.7846503277495294
58.13,58.13,116.26,146.26,174.39000000000001,58.13,-0.9145119868228551,1.4709411361292857,0.7850787223869954
58.14,58.14,116.28,146.28,174.42000000000002,58.14,-0.9142552452360596,1.4711007261769509,0.7855071749702109
58.15,58.15,116.3,146.3,174.45,58.15,-0.9139984757994568,1.4712602714123253,0.785935685334649
58.16,58.16,116.32,146.32,174.48,58.16,-0.9137416785208684,1.4714197718305493,0.7863642533157358
58.17,58.17,116.34,146.34,174.51,58.17,-0.9134848534081168,1.4715792274267638,0.7867928787488476
58.18,58.18,116.36,146.36,174.54,58.18,-0.9132280004690254,1.4717386381961117,0.7872215614693124
58.19,58.19,116.37999999999998,146.38,174.57,58.19,-0.9129711197114182,1.4718980041337373,0.7876503013124084
58.2,58.2,116.4,146.4,174.60000000000002,58.2,-0.9127142111431206,1.4720573252347853,0.7880790981133654
58.21,58.21,116.42,146.42000000000002,174.63,58.21,-0.912457274771958,1.4722166014944034,0.7885079517073649
58.22,58.22,116.44,146.44,174.66,58.22,-0.9122003106057576,1.4723758329077392,0.7889368619295379
58.23,58.23,116.46,146.45999999999998,174.69,58.23,-0.9119433186523468,1.4725350194699425,0.789365828614968
58.24,58.24,116.48,146.48000000000002,174.72,58.24,-0.9116862989195532,1.4726941611761644,0.7897948515986911
58.25,58.25,116.5,146.5,174.75,58.25,-0.9114292514152083,1.472853258021556,0.7902239307156893
58.26,58.26,116.52,146.51999999999998,174.78,58.26,-0.91117217614714,1.4730123100012724,0.7906530658009033
58.27,58.27,116.54,146.54000000000002,174.81,58.27,-0.9109150731231795,1.4731713171104683,0.7910822566892214
58.28,58.28,116.56,146.56,174.84,58.28,-0.9106579423511605,1.473330279344299,0.7915115032154815
58.29,58.29,116.58,146.57999999999998,174.87,58.29,-0.9104007838389135,1.4734891966979233,0.7919408052144776
58.3,58.3,116.6,146.6,174.89999999999998,58.3,-0.9101435975942729,1.4736480691665002,0.7923701625209525
58.31,58.31,116.62000000000002,146.62,174.93,58.31,-0.9098863836250723,1.47380689674519,0.7927995749696014
58.32,58.32,116.64,146.64,174.96,58.32,-0.9096291419391487,1.473965679429154,0.7932290423950692
58.33,58.33,116.66,146.66,174.99,58.33,-0.9093718725443364,1.4741244172135561,0.7936585646319565
58.34,58.34,116.68,146.68,175.02,58.34,-0.9091145754484722,1.4742831100935614,0.7940881415148124
58.35,58.35,116.7,146.7,175.05,58.35,-0.9088572506593956,1.474441758064334,0.7945177728781384
58.36,58.36,116.72,146.72,175.07999999999998,58.36,-0.9085998981849428,1.4746003611210432,0.7949474585563902
58.37,58.37,116.74,146.74,175.10999999999999,58.37,-0.9083425180329552,1.4747589192588566,0.7953771983839717
58.38,58.38,116.76,146.76,175.14000000000001,58.38,-0.9080851102112726,1.4749174324729437,0.7958069921952415
58.39,58.39,116.78,146.78,175.17000000000002,58.39,-0.9078276747277347,1.4750759007584777,0.7962368398245103
58.4,58.4,116.8,146.8,175.2,58.4,-0.907570211590185,1.4752343241106296,0.7966667411060393
58.41,58.41,116.82,146.82,175.23,58.41,-0.9073127208064659,1.4753927025245746,0.7970966958740427
58.42,58.42,116.84,146.84,175.26,58.42,-0.9070552023844206,1.4755510359954878,0.7975267039626868
58.43,58.43,116.86,146.86,175.29,58.43,-0.9067976563318941,1.475709324518546,0.7979567652060908
58.44,58.44,116.87999999999998,146.88,175.32,58.44,-0.9065400826567314,1.475867568088928,0.7983868794383254
58.45,58.45,116.9,146.9,175.35000000000002,58.45,-0.9062824813667787,1.4760257667018126,0.7988170464934141
58.46,58.46,116.92,146.92000000000002,175.38,58.46,-0.9060248524698827,1.4761839203523817,0.7992472662053323
58.47,58.47,116.94,146.94,175.41,58.47,-0.9057671959738918,1.4763420290358171,0.799677538408008
58.48,58.48,116.96,146.95999999999998,175.44,58.48,-0.905509511886655,1.476500092747302,0.8001078629353217
58.49,58.49,116.98,146.98000000000002,175.47,58.49,-0.9052518002160196,1.4766581114820232,0.8005382396211094
58.5,58.5,117.0,147.0,175.5,58.5,-0.9049940609698384,1.4768160852351657,0.8009686682991533
58.51,58.51,117.02,147.01999999999998,175.53,58.51,-0.9047362941559616,1.4769740140019179,0.8013991488031935
58.52,58.52,117.04,147.04000000000002,175.56,58.52,-0.9044784997822413,1.4771318977774686,0.8018296809669218
58.53,58.53,117.06,147.06,175.59,58.53,-0.9042206778565304,1.4772897365570088,0.8022602646239814
58.54,58.54,117.08,147.07999999999998,175.62,58.54,-0.9039628283866826,1.4774475303357304,0.8026908996079695
58.55,58.55,117.1,147.1,175.64999999999998,58.55,-0.9037049513805524,1.4776052791088266,0.8031215857524364
58.56,58.56,117.12000000000002,147.12,175.68,58.56,-0.9034470468459952,1.477762982871492,0.8035523228908836
58.57,58.57,117.14,147.14,175.71,58.57,-0.9031891147908673,1.477920641618923,0.803983110856768
58.58,58.58,117.16,147.16,175.74,58.58,-0.9029311552230256,1.478078255346317,0.8044139494834976
58.59,58.59,117.18,147.18,175.77,58.59,-0.9026731681503283,1.4782358240488724,0.8048448386044345
58.6,58.6,117.2,147.2,175.8,58.6,-0.9024151535806336,1.4783933477217899,0.8052757780528931
58.61,58.61,117.22,147.22,175.82999999999998,58.61,-0.9021571115218018,1.4785508263602707,0.8057067676621416
58.62,58.62,117.24,147.24,175.85999999999999,58.62,-0.9018990419816926,1.4787082599595178,0.8061378072654016
58.63,58.63,117.26,147.26,175.89000000000001,58.63,-0.9016409449681677,1.4788656485147356,0.8065688966958474
58.64,58.64,117.28,147.28,175.92000000000002,58.64,-0.901382820489089,1.4790229920211295,0.8070000357866081
58.65,58.65,117.3,147.3,175.95,58.65,-0.9011246685523195,1.479180290473907,0.8074312243707639
58.66,58.66,117.32,147.32,175.98,58.66,-0.9008664891657229,1.4793375438682763,0.8078624622813491
58.67,58.67,117.34,147.34,176.01,58.67,-0.9006082823371638,1.4794947521994468,0.808293749351353
58.68,58.68,117.36,147.36,176.04,58.68,-0.9003500480745071,1.4796519154626309,0.8087250854137177
58.69,58.69,117.37999999999998,147.38,176.07,58.69,-0.9000917863856209,1.4798090336530392,0.8091564703013366
58.7,58.7,117.4,147.4,176.10000000000002,58.7,-0.8998334972783703,1.479966106765887,0.8095879038470619
58.71,58.71,117.42,147.42000000000002,176.13,58.71,-0.8995751807606231,1.4801231347963897,0.8100193858836947
58.72,58.72,117.44,147.44,176.16,58.72,-0.8993168368402505,1.4802801177397629,0.8104509162439898
58.73,58.73,117.46,147.45999999999998,176.19,58.73,-0.8990584655251199,1.4804370555912252,0.8108824947606597
58.74,58.74,117.48,147.48000000000002,176.22,58.74,-0.8988000668231017,1.4805939483459967,0.8113141212663695
58.75,58.75,117.5,147.5,176.25,58.75,-0.8985416407420684,1.480750795999297,0.811745795593735
58.76,58.76,117.52,147.51999999999998,176.28,58.76,-0.8982831872898923,1.4809075985463482,0.812177517575329
58.77,58.77,117.54,147.54000000000002,176.31,58.77,-0.8980247064744442,1.4810643559823753,0.812609287043679
58.78,58.78,117.56,147.56,176.34,58.78,-0.8977661983035999,1.481221068302602,0.8130411038312625
58.79,58.79,117.58,147.57999999999998,176.37,58.79,-0.8975076627852341,1.481377735502254,0.8134729677705148
58.8,58.8,117.6,147.6,176.39999999999998,58.8,-0.8972490999272202,1.4815343575765607,0.8139048786938266
58.81,58.81,117.62000000000002,147.62,176.43,58.81,-0.8969905097374364,1.48169093452075,0.8143368364335375
58.82,58.82,117.64,147.64,176.46,58.82,-0.8967318922237599,1.481847466330052,0.8147688408219442
58.83,58.83,117.66,147.66,176.49,58.83,-0.8964732473940668,1.4820039529996996,0.8152008916913017
58.84,58.84,117.68,147.68,176.52,58.84,-0.8962145752562374,1.482160394524925,0.8156329888738122
58.85,58.85,117.7,147.7,176.55,58.85,-0.8959558758181511,1.4823167909009631,0.8160651322016365
58.86,58.86,117.72,147.72,176.57999999999998,58.86,-0.895697149087688,1.4824731421230497,0.8164973215068893
58.87,58.87,117.74,147.74,176.60999999999999,58.87,-0.8954383950727297,1.482629448186422,0.8169295566216398
58.88,58.88,117.76,147.76,176.64000000000001,58.88,-0.8951796137811578,1.4827857090863186,0.8173618373779116
58.89,58.89,117.78,147.78,176.67000000000002,58.89,-0.8949208052208559,1.4829419248179798,0.8177941636076826
58.9,58.9,117.8,147.8,176.7,58.9,-0.8946619693997074,1.4830980953766466,0.8182265351428861
58.91,58.91,117.82,147.82,176.73,58.91,-0.8944031063255967,1.483254220757562,0.8186589518154097
58.92,58.92,117.84,147.84,176.76,58.92,-0.8941442160064095,1.4834103009559705,0.8190914134570964
58.93,58.93,117.86,147.86,176.79,58.93,-0.893885298450032,1.483566335967117,0.8195239198997433
58.94,58.94,117.87999999999998,147.88,176.82,58.94,-0.8936263536643512,1.4837223257862489,0.8199564709751012
58.95,58.95,117.9,147.9,176.85000000000002,58.95,-0.893367381657255,1.483878270408614,0.8203890665148796
58.96,58.96,117.92,147.92000000000002,176.88,58.96,-0.8931083824366324,1.4840341698294623,0.8208217063507394
58.97,58.97,117.94,147.94,176.91,58.97,-0.8928493560103726,1.4841900240440449,0.8212543903142976
58.98,58.98,117.96,147.95999999999998,176.94,58.98,-0.8925903023863663,1.4843458330476138,0.8216871182371271
58.99,58.99,117.98,147.98000000000002,176.97,58.99,-0.8923312215725046,1.4845015968354232,0.8221198899507558
59.0,59.0,118.0,148.0,177.0,59.0,-0.8920721135766794,1.4846573154027283,0.8225527052866651
59.01,59.01,118.02,148.01999999999998,177.03,59.01,-0.8918129784067838,1.4848129887447852,0.8229855640762938
59.02,59.02,118.04,148.04000000000002,177.06,59.02,-0.8915538160707105,1.4849686168568523,0.8234184661510366
59.03,59.03,118.06,148.06,177.09,59.03,-0.8912946265763565,1.4851241997341882,0.8238514113422392
59.04,59.04,118.08,148.07999999999998,177.12,59.04,-0.8910354099316151,1.485279737372054,0.8242843994812074
59.05,59.05,118.1,148.1,177.14999999999998,59.05,-0.8907761661443828,1.4854352297657123,0.8247174303992009
59.06,59.06,118.12000000000002,148.12,177.18,59.06,-0.8905168952225568,1.485590676910426,0.8251505039274345
59.07,59.07,118.14,148.14,177.21,59.07,-0.8902575971740352,1.4857460788014596,0.8255836198970783
59.08,59.08,118.16,148.16,177.24,59.08,-0.8899982720067164,1.4859014354340796,0.8260167781392592
59.09,59.09,118.18,148.18,177.27,59.09,-0.8897389197284997,1.486056746803554,0.8264499784850599
59.1,59.1,118.2,148.2,177.3,59.1,-0.889479540347286,1.4862120129051508,0.8268832207655155
59.11,59.11,118.22,148.22,177.32999999999998,59.11,-0.8892201338709759,1.4863672337341411,0.8273165048116226
59.12,59.12,118.24,148.24,177.35999999999999,59.12,-0.888960700307471,1.4865224092857967,0.8277498304543291
59.13,59.13,118.26,148.26,177.39000000000001,59.13,-0.8887012396646762,1.4866775395553897,0.8281831975245385
59.14,59.14,118.28,148.28,177.42000000000002,59.14,-0.8884417519504927,1.4868326245381955,0.8286166058531158
59.15,59.15,118.3,148.3,177.45,59.15,-0.8881822371728253,1.4869876642294901,0.8290500552708755
59.16,59.16,118.32,148.32,177.48,59.16,-0.887922695339581,1.4871426586245495,0.8294835456085901
59.17,59.17,118.34,148.34,177.51,59.17,-0.8876631264586635,1.4872976077186537,0.8299170766969916
59.18,59.18,118.36,148.36,177.54,59.18,-0.8874035305379817,1.4874525115070818,0.830350648366763
59.19,59.19,118.37999999999998,148.38,177.57,59.19,-0.8871439075854431,1.487607369985115,0.8307842604485469
59.2,59.2,118.4,148.4,177.60000000000002,59.2,-0.8868842576089546,1.487762183148037,0.8312179127729415
59.21,59.21,118.42,148.42000000000002,177.63,59.21,-0.8866245806164273,1.4879169509911312,0.8316516051705014
59.22,59.22,118.44,148.44,177.66,59.22,-0.8863648766157709,1.488071673509683,0.832085337471736
59.23,59.23,118.46,148.45999999999998,177.69,59.23,-0.886105145614897,1.4882263506989795,0.8325191095071119
59.24,59.24,118.48,148.48000000000002,177.72,59.24,-0.8858453876217156,1.4883809825543097,0.8329529211070554
59.25,59.25,118.5,148.5,177.75,59.25,-0.8855856026441412,1.488535569070962,0.8333867721019439
59.26,59.26,118.52,148.51999999999998,177.78,59.26,-0.8853257906900875,1.4886901102442276,0.8338206623221134
59.27,59.27,118.54,148.54000000000002,177.81,59.27,-0.8850659517674668,1.4888446060694003,0.8342545915978601
59.28,59.28,118.56,148.56,177.84,59.28,-0.8848060858841961,1.4889990565417723,0.834688559759432
59.29,59.29,118.58,148.57999999999998,177.87,59.29,-0.8845461930481908,1.4891534616566395,0.8351225666370353
59.3,59.3,118.6,148.6,177.89999999999998,59.3,-0.8842862732673675,1.4893078214092983,0.8355566120608344
59.31,59.31,118.62000000000002,148.62,177.93,59.31,-0.8840263265496442,1.4894621357950466,0.8359906958609498
59.32,59.32,118.64,148.64,177.96,59.32,-0.883766352902939,1.4896164048091836,0.8364248178674567
59.33,59.33,118.66,148.66,177.99,59.33,-0.8835063523351712,1.4897706284470102,0.8368589779103909
59.34,59.34,118.68,148.68,178.02,59.34,-0.883246324854261,1.4899248067038284,0.8372931758197436
59.35,59.35,118.7,148.7,178.05,59.35,-0.8829862704681293,1.4900789395749419,0.837727411425462
59.36,59.36,118.72,148.72,178.07999999999998,59.36,-0.8827261891846977,1.490233027055655,0.8381616845574519
59.37,59.37,118.74,148.74,178.10999999999999,59.37,-0.8824660810118886,1.4903870691412746,0.8385959950455752
59.38,59.38,118.76,148.76,178.14000000000001,59.38,-0.8822059459576256,1.4905410658271079,0.839030342719652
59.39,59.39,118.78,148.78,178.17000000000002,59.39,-0.8819457840298329,1.4906950171084636,0.8394647274094583
59.4,59.4,118.8,148.8,178.2,59.4,-0.8816855952364352,1.490848922980653,0.8398991489447298
59.41,59.41,118.82,148.82,178.23,59.41,-0.8814253795853584,1.4910027834389867,0.8403336071551569
59.42,59.42,118.84,148.84,178.26,59.42,-0.8811651370845294,1.491156598478779,0.840768101870388
59.43,59.43,118.86,148.86,178.29,59.43,-0.8809048677418753,1.4913103680953435,0.8412026329200311
59.44,59.44,118.87999999999998,148.88,178.32,59.44,-0.8806445715653244,1.4914640922839966,0.8416372001336491
59.45,59.45,118.9,148.9,178.35000000000002,59.45,-0.880384248562806,1.4916177710400553,0.842071803340763
59.46,59.46,118.92,148.92000000000002,178.38,59.46,-0.8801238987422492,1.491771404358839,0.8425064423708545
59.47,59.47,118.94,148.94,178.41,59.47,-0.8798635221115864,1.4919249922356665,0.8429411170533563
59.48,59.48,118.96,148.95999999999998,178.44,59.48,-0.8796031186787476,1.49207853466586,0.8433758272176666
59.49,59.49,118.98,148.98000000000002,178.47,59.49,-0.879342688451665,1.492232031644743,0.8438105726931374
59.5,59.5,119.0,149.0,178.5,59.5,-0.8790822314382738,1.4923854831676382,0.8442453533090757
59.51,59.51,119.02,149.01999999999998,178.53,59.51,-0.8788217476465058,1.4925388892298723,0.8446801688947533
59.52,59.52,119.04,149.04000000000002,178.56,59.52,-0.8785612370842958,1.4926922498267725,0.8451150192793955
59.53,59.53,119.06,149.06,178.59,59.53,-0.8783006997595815,1.4928455649536656,0.8455499042921845
59.54,59.54,119.08,149.07999999999998,178.62,59.54,-0.8780401356802973,1.492998834605883,0.8459848237622637
59.55,59.55,119.1,149.1,178.64999999999998,59.55,-0.8777795448543813,1.493152058778755,0.8464197775187338
59.56,59.56,119.12000000000002,149.12,178.68,59.56,-0.8775189272897703,1.493305237467615,0.8468547653906536
59.57,59.57,119.14,149.14,178.71,59.57,-0.877258282994406,1.4934583706677955,0.8472897872070366
59.58,59.58,119.16,149.16,178.74,59.58,-0.8769976119762254,1.493611458374633,0.8477248427968607
59.59,59.59,119.18,149.18,178.77,59.59,-0.8767369142431692,1.4937645005834639,0.8481599319890596
59.6,59.6,119.2,149.2,178.8,59.6,-0.8764761898031808,1.4939174972896254,0.8485950546125213
59.61,59.61,119.22,149.22,178.82999999999998,59.61,-0.8762154386641995,1.4940704484884586,0.8490302104961005
59.62,59.62,119.24,149.24,178.85999999999999,59.62,-0.8759546608341705,1.494223354175303,0.8494653994686013
59.63,59.63,119.26,149.26,178.89000000000001,59.63,-0.8756938563210374,1.4943762143455006,0.8499006213587925
59.64,59.64,119.28,149.28,178.92000000000002,59.64,-0.8754330251327426,1.4945290289943969,0.8503358759954011
59.65,59.65,119.3,149.3,178.95,59.65,-0.8751721672772335,1.4946817981173348,0.8507711632071095
59.66,59.66,119.32,149.32,178.98,59.66,-0.8749112827624559,1.4948345217096617,0.8512064828225612
59.67,59.67,119.34,149.34,179.01,59.67,-0.8746503715963565,1.4949871997667254,0.8516418346703573
59.68,59.68,119.36,149.36,179.04,59.68,-0.8743894337868834,1.4951398322838747,0.8520772185790597
59.69,59.69,119.37999999999998,149.38,179.07,59.69,-0.874128469341985,1.4952924192564605,0.8525126343771858
59.7,59.7,119.4,149.4,179.10000000000002,59.7,-0.8738674782696105,1.4954449606798343,0.8529480818932161
59.71,59.71,119.42,149.42000000000002,179.13,59.71,-0.8736064605777107,1.49559745654935,0.8533835609555863
59.72,59.72,119.44,149.44,179.16,59.72,-0.8733454162742363,1.4957499068603617,0.853819071392693
59.73,59.73,119.46,149.45999999999998,179.19,59.73,-0.8730843453671394,1.4959023116082257,0.8542546130328916
59.74,59.74,119.48,149.48000000000002,179.22,59.74,-0.8728232478643724,1.4960546707882998,0.8546901857044963
59.75,59.75,119.5,149.5,179.25,59.75,-0.8725621237738886,1.4962069843959425,0.8551257892357811
59.76,59.76,119.52,149.51999999999998,179.28,59.76,-0.872300973103643,1.4963592524265146,0.855561423454978
59.77,59.77,119.54,149.54000000000002,179.31,59.77,-0.8720397958615901,1.496511474875377,0.8559970881902802
59.78,59.78,119.56,149.56,179.34,59.78,-0.8717785920556861,1.496663651737893,0.856432783269838
59.79,59.79,119.58,149.57999999999998,179.37,59.79,-0.8715173616938875,1.4968157830094273,0.8568685085217632
59.8,59.8,119.6,149.6,179.39999999999998,59.8,-0.8712561047841522,1.4969678686853456,0.8573042637741256
59.81,59.81,119.62000000000002,149.62,179.43,59.81,-0.8709948213344382,1.497119908761015,0.8577400488549554
59.82,59.82,119.64,149.64,179.46,59.82,-0.8707335113527045,1.4972719032318043,0.8581758635922411
59.83,59.83,119.66,149.66,179.49,59.83,-0.8704721748469116,1.4974238520930832,0.8586117078139323
59.84,59.84,119.68,149.68,179.52,59.84,-0.8702108118250199,1.497575755340223,0.8590475813479371
59.85,59.85,119.7,149.7,179.55,59.85,-0.8699494222949911,1.4977276129685968,0.8594834840221245
59.86,59.86,119.72,149.72,179.57999999999998,59.86,-0.8696880062647874,1.4978794249735787,0.8599194156643216
59.87,59.87,119.74,149.74,179.60999999999999,59.87,-0.8694265637423721,1.4980311913505442,0.8603553761023177
59.88,59.88,119.76,149.76,179.64000000000001,59.88,-0.8691650947357096,1.4981829120948698,0.8607913651638586
59.89,59.89,119.78,149.78,179.67000000000002,59.89,-0.8689035992527641,1.4983345872019347,0.8612273826766531
59.9,59.9,119.8,149.8,179.7,59.9,-0.8686420773015004,1.4984862166671182,0.8616634284683697
59.91,59.91,119.82,149.82,179.73,59.91,-0.8683805288898877,1.4986378004858008,0.862099502366633
59.92,59.92,119.84,149.84,179.76,59.92,-0.8681189540258907,1.4987893386533657,0.8625356041990347
59.93,59.93,119.86,149.86,179.79,59.93,-0.8678573527174774,1.498940831165197,0.8629717337931212
59.94,59.94,119.87999999999998,149.88,179.82,59.94,-0.8675957249726189,1.4990922780166789,0.8634078909763984
59.95,59.95,119.9,149.9,179.85000000000002,59.95,-0.8673340707992818,1.4992436792031993,0.8638440755763381
59.96,59.96,119.92,149.92000000000002,179.88,59.96,-0.867072390205439,1.4993950347201457,0.8642802874203664
59.97,59.97,119.94,149.94,179.91,59.97,-0.8668106831990613,1.4995463445629067,0.864716526335873
59.98,59.98,119.96,149.95999999999998,179.94,59.98,-0.8665489497881198,1.4996976087268747,0.8651527921502075
59.99,59.99,119.98,149.98000000000002,179.97,59.99,-0.8662871899805871,1.4998488272074415,0.865589084690681
60.0,60.0,120.0,150.0,180.0,60.0,-0.8660254037844383,1.5,0.8660254037842194
